Clean InchiKey,Clean Smiles,Molecule ChEMBL ID,Acrylamide,median,std,count
XGALLCVXEZPNRQ-UHFFFAOYSA-N,COc1cc2ncnc(Nc3ccc(F)c(Cl)c3)c2cc1OCCCN1CCOCC1,CHEMBL939,False,7.81,0.9840142491616629,141
WHZWIUHEEWZECR-UHFFFAOYSA-N,CCOc1cc2ncnc(Nc3ccc(F)c(Cl)c3)c2c2c1OCCO2,CHEMBL3806248,False,8.7,,1
ZKBLPJNOVMNTPS-VWLOTQADSA-N,CCC(=O)N1CC[C@H](N2C(=O)N(c3cc(OC)ccc3F)Cc3cnc(Nc4ccc(N5CCN(C)CC5)c(CC)c4)nc32)C1,CHEMBL4096014,False,6.29,,1
MUXKEVHCFMXAJB-ZEVJAHDQSA-N,CCC(=O)N1CC[C@H](N2C(=O)N(c3cc(OC)ccc3F)Cc3cnc(Nc4ccc(N5C[C@@H](C)N(C)[C@@H](C)C5)c(C)c4)nc32)C1,CHEMBL4103893,False,6.05,,1
AGYWWJAKSWKVBH-UHFFFAOYSA-N,Nc1nc(Nc2cccc(Cl)c2)c2c(n1)-c1ccccc1C2,CHEMBL3970063,False,4.35,,1
XHCCJRYYZDPKQJ-UHFFFAOYSA-N,COc1ccc(Nc2ncnc3cc4oc(=O)n(CCCN5CCOCC5)c4cc23)cc1,CHEMBL2064376,False,6.42,,1
NOCZBAPODZWEKE-UHFFFAOYSA-N,COc1ccc(OC)c(Nc2cc(Nc3ccc(N4CCN(C)CC4)cc3)ncn2)c1,CHEMBL4293690,False,6.54,,1
GOWVVIDXCJWUFJ-UHFFFAOYSA-N,Clc1cc(Nc2ncnc3[nH]nc(OCCN4CCOCC4)c23)ccc1OCc1ccccn1,CHEMBL271705,False,9.0,,1
BOUNJMRFWGSGKI-IRHHMBFTSA-N,CC1(C)[C@H]2CC3OB(COc4ccc5ncnc(Nc6cccc(Cl)c6)c5c4)O[C@@]3(C)[C@@H]1C2,CHEMBL3347487,False,6.7,,1
LNOXNUZPOWYGPM-LPKQAODOSA-N,COc1cc2c(Nc3ccc(OCc4cccc(F)c4)c(Cl)c3)ncnc2cc1OCCCN1C[C@H](O)[C@@H](O)[C@H](O)[C@H]1CO,CHEMBL4073595,False,8.34,,1
IIBZPBNMVWOFEQ-UHFFFAOYSA-N,CCOc1cc(O)c2c(=O)cc(-c3ccccc3)oc2c1,CHEMBL172517,False,4.5,,1
AAKJLRGGTJKAMG-UHFFFAOYSA-N,C#Cc1cccc(Nc2ncnc3cc(OCCOC)c(OCCOC)cc23)c1,CHEMBL553,False,7.69,1.0207195792105455,120
FUGZYLOFWXVFQU-OKDJAKQTSA-N,Nc1nccn2c1c(-c1ccc3ccc(-c4ccccc4)nc3c1)nc2[C@H]1C[C@@H](CN2CCC2)C1,CHEMBL410659,False,5.02,,1
ZBJCQISQYNHOME-ZDGMYTEDSA-N,CC[C@H](C)C(NC(=O)OC(C)(C)C)C(=O)Nc1ccc2ncnc(Nc3cccc(Br)c3)c2c1,CHEMBL4061283,False,7.26,,1
UMKKKGITXSYWJE-UHFFFAOYSA-N,CCc1ccc(Nc2ncnc3[nH]c(C)c(C)c23)cc1,CHEMBL309937,False,4.11,,1
FBDNRKNDDONSOP-UHFFFAOYSA-N,Clc1ccccc1-c1nnc(Cc2nc3ccccc3[nH]2)o1,CHEMBL4094471,False,5.35,0.0,2
DKNLZLLDBFTQIQ-UHFFFAOYSA-N,c1csc(-c2nnc(Cc3nc4ccccc4[nH]3)o2)c1,CHEMBL4075892,False,4.0,,1
QTCFUIHSDZEVMP-UHFFFAOYSA-N,COc1ccc(-c2nnc(Cc3nc4ccccc4[nH]3)o2)cc1,CHEMBL4084249,False,7.01,0.0,2
BDHWHEWTJQPQMX-UHFFFAOYSA-N,Fc1ccc(-c2nnc(Cc3nc4ccccc4[nH]3)o2)cc1,CHEMBL4090323,False,4.0,,1
QTILXTTYIGTLDB-UHFFFAOYSA-N,c1ccc2c(Cc3nnc(Cc4nc5ccccc5[nH]4)o3)cccc2c1,CHEMBL4066118,False,5.24,0.0,2
QODIOKLYPVTMKD-UHFFFAOYSA-N,C1=CC2=C(Cc3nnc(Cc4nc5ccccc5[nH]4)o3)CNC2C=C1,CHEMBL4087489,False,4.06,0.0,2
ZZQHNBGRWRQWFI-UHFFFAOYSA-N,N#CC(=Cc1ccc(O)c(O)c1)C(=O)NCCc1ccccc1,CHEMBL293749,True,6.12,0.12727922061357835,2
WXJDWBDGDSXEFA-UHFFFAOYSA-N,Cc1[nH]c2ncnc(Nc3cccc(Cl)c3)c2c1C,CHEMBL306081,False,7.57,1.7320508075688772,3
GEPKFPGFWUHVLZ-UHFFFAOYSA-N,COc1cc2nc(Nc3cc(C)[nH]n3)nc(Nc3cccc(-c4nc5ccccc5s4)c3)c2cc1OC,CHEMBL522785,False,5.48,,1
JBMGNUFDDDRKSW-UHFFFAOYSA-N,Clc1ccc2c(Nc3ccc(-c4nc5ccccc5s4)c(Cl)c3)ncnc2c1,CHEMBL514016,False,6.1,,1
IFTCXKUSJMWVRD-UHFFFAOYSA-N,Clc1ccc2c(Nc3ccc(-c4nc5ccccc5s4)cc3)ccnc2c1,CHEMBL474543,False,5.28,,1
GLMJMIXSODYCLK-UHFFFAOYSA-N,O=C(Cc1c(S)[nH]c2ccccc12)NCc1ccccc1,CHEMBL155389,False,4.0,,1
NKOJMDRKLJSOJR-FYYLOGMGSA-N,O=C(O[C@H]1CN[C@H](C#Cc2cc3ncnc(Nc4ccc(OCc5cccc(F)c5)c(Cl)c4)c3s2)C1)N1CCOCC1,CHEMBL507329,False,7.19,0.05196152422706675,3
ADJACMYOQMAGTE-SNAWJCMRSA-N,CCOc1cc2ncc(C#N)c(Nc3ccc(F)c(Cl)c3)c2cc1NC(=O)/C=C/CN(C)CCF,CHEMBL1243345,True,9.1,,1
BKVGIHTVFOZUEA-NSCUHMNNSA-N,CNC/C=C/C(=O)Nc1cc2c(Nc3ccc(F)c(Cl)c3)c(C#N)cnc2cc1OCCF,CHEMBL1243284,True,9.54,,1
PFTGHLRKXLYNKA-CYBMUJFWSA-N,OC[C@@H](Nc1ncnc2sc3c(c12)CCC3)c1ccccc1,CHEMBL1272006,False,5.96,,1
LXWKVQVKYRGEKE-UHFFFAOYSA-N,Nc1ncnc2c1c(-c1cccc3[nH]ccc13)nn2C1CCCC1,CHEMBL1242758,False,5.85,,1
CYKWMIZUFXPHFW-UHFFFAOYSA-N,CC(C)n1nc(-c2ccc3nonc3c2)c2c(N)ncnc21,CHEMBL1241492,False,5.08,,1
XOXCLNHQLHSKHP-UHFFFAOYSA-N,Fc1cccc(COc2ccc(Nc3cc(Oc4ccccc4)ncn3)cc2Cl)c1,CHEMBL1683954,False,5.0,,1
DDUXEFVABXYEDJ-UHFFFAOYSA-N,CCN1CCN(C(=O)C(F)=Cc2c(C)ncnc2Nc2ccc(OCc3cccc(F)c3)c(Cl)c2)CC1,CHEMBL1683969,True,6.81,,1
XRGMUYHNNJZTJU-UHFFFAOYSA-N,Cc1ncnc(Nc2ccc(OCc3cccc(F)c3)c(Cl)c2)c1C#CCCCN1CCCC1,CHEMBL1683973,False,7.96,,1
RASMRPARPWDHRL-DEOSSOPVSA-N,CCC(=O)N1CC[C@H](N2C(=O)N(c3cccc(OC)c3F)Cc3cnc(Nc4ccc(N5CCN(C)CC5)c(C)c4)nc32)C1,CHEMBL4078801,False,6.38,,1
RXCJZPBISMXQDN-UHFFFAOYSA-N,C=CC(=O)Nc1cc2c(Nc3ccc(OCc4cccc(F)c4)c(Cl)c3)ncnc2cc1OCc1cn(CCCC(O)=NO)nn1,CHEMBL4794670,True,8.74,,1
HHSJLHLCRVVXSC-UHFFFAOYSA-N,COc1cc(C=C(C#N)C(N)=O)cc(CSc2ccccc2C(=O)O)c1O,CHEMBL119987,True,6.15,0.9930424630061566,3
XYFPWWZEPKGCCK-GOSISDBHSA-N,C=CC(=O)N1CCC[C@@H](n2nc(-c3ccc(Oc4ccccc4)cc3)c3c(N)ncnc32)C1,CHEMBL1873475,True,8.25,0.7561363328435917,26
OSAWFUCUZJNEID-CQSZACIVSA-N,C=CS(=O)(=O)N1CCC[C@@H]1Cn1cc(-c2ccc3c(c2)OCO3)c2c(N)ncnc21,CHEMBL4095253,False,6.19,,1
HWTNQKRGLLXUKG-UHFFFAOYSA-N,NC1CCN(Cc2ccn3ncnc(Nc4cccc(F)c4)c23)CC1,CHEMBL1645472,False,7.5,,1
QAFYIAMZMFFEAQ-UHFFFAOYSA-N,Clc1ccc(SCc2n[nH]c(-c3ccc(Cl)cc3)n2)cc1,CHEMBL4238771,False,4.34,,1
FVIPOAKQXPTAPE-VWLOTQADSA-N,CCC(=O)N1CC[C@H](N2C(=O)N(c3cc(OC)ccc3F)Cc3cnc(Nc4ccc(N5CCCN(C)CC5)c(C)c4)nc32)C1,CHEMBL4083224,False,6.68,,1
PURVVUSHSYEWLJ-UHFFFAOYSA-N,COc1cc2ncnc(Nc3ccc(F)c(Cl)c3)c2cc1OCCCN1CCNCCNCC1,CHEMBL4586581,False,8.08,,1
XLEPYGXNYYOTII-UHFFFAOYSA-N,O=C(Nc1ccc2ncnc(Nc3cccc(Cl)c3)c2c1)C1CCCCC1,CHEMBL4063301,False,8.21,,1
RZEMPBRXCDBLDH-UHFFFAOYSA-N,CS(=O)(=O)CCNCc1ccc(-c2ccc3ncnc(Nc4ccc(OCc5cccc(F)c5)cc4)c3c2)o1,CHEMBL213818,False,7.62,,1
MADROAFGGPUYNI-DXSBJVNVSA-N,Nc1ncnc2c1c(-c1ccc(Oc3ccccc3)cc1)nn2[C@@H]1CCCN(C(=O)/C=C/CN2CCOCC2)C1,CHEMBL4110614,True,6.42,0.0,2
PHFLKOZUXLCTPT-UXBLZVDNSA-N,CN(C/C=C/C(=O)N1CCCC(n2nc(-c3ccc(Oc4ccccc4)cc3)c3c(N)ncnc32)C1)CCO,CHEMBL3931858,True,7.13,0.0,2
MWNASUNUUFWMNK-SFHVURJKSA-N,C=CC(=O)N1CCC[C@H]1Cn1nc(-c2ccc(Oc3ccccc3)cc2)c2c(N)ncnc21,CHEMBL3910496,True,8.64,0.0,2
WVWYBUKDEAJOCJ-UHFFFAOYSA-N,Fc1cccc(COc2ccc(Nc3cc(-c4ccccc4)ncn3)cc2Cl)c1,CHEMBL1683950,False,5.92,,1
JFOADMWQXWRMGB-UHFFFAOYSA-N,Nc1ncnc(Nc2ccc3c(cnn3Cc3cccc(F)c3)c2)c1C=NO,CHEMBL256295,False,7.92,,1
FWQHTPQAWDKGBW-JXMROGBWSA-N,CCOc1cc2ncnc(NC3=CC(=O)C(OCc4cccc(C)c4)=CC3=O)c2cc1NC(=O)/C=C/CN(C)C,CHEMBL241919,True,7.18,0.5939696961966998,2
XOTGKYTUNDYTBS-UHFFFAOYSA-N,C#Cc1cccc(Nc2ncnc3cc(OC)c(OC)cc23)c1,CHEMBL304929,False,7.54,,1
VFRFZAHRSWUZQO-UHFFFAOYSA-N,COc1cc2ncnc(Nc3ccc(F)c(Cl)c3)c2cc1CN1CCCC1C(N)=O,CHEMBL382638,False,7.960000000000001,0.36769552621700474,2
SBYLTLVZZWSDEP-IEBWSBKVSA-N,Cc1cc(Oc2ccc(Nc3ncnc4cc(C#C[C@@H]5C[C@@H](OC(=O)N6CCOCC6)CN5)sc34)cc2Cl)no1,CHEMBL461811,False,6.4,,1
VMQQVIVRWSLWHO-UHFFFAOYSA-N,Cc1ccc2c(Nc3ccc(F)c(Cl)c3)ncnn12,CHEMBL184311,False,5.49,,1
LFWUGCULXWIAOP-UHFFFAOYSA-N,O=C(O)c1cc(CCc2cc(O)ccc2O)ccc1O,CHEMBL103860,False,5.48,,1
XUAWYHMIPSETPV-UHFFFAOYSA-N,CS(=O)(=O)CCN(CCCCOc1ccc2ncnc(Nc3ccc(OCc4ccccc4)cc3)c2c1)C(=O)C(F)(F)F,CHEMBL273789,False,6.605,0.03535533905932756,2
HOZIBEMSWFGKQX-UHFFFAOYSA-N,O=C(Nc1ccc(C(F)(F)F)cc1)Nc1ncnc2nn3ccccc3c12,CHEMBL179224,False,5.0,,1
QBWMZVFWLZJROU-UHFFFAOYSA-N,COc1cccc(Nc2ncnc3[nH]c4c(c23)CCCC4)c1,CHEMBL431191,False,6.07,,1
MFXURWGDBDQWBQ-UHFFFAOYSA-N,C=C(C)C(=O)Cc1ccc2ncnc(Nc3cccc(Br)c3)c2c1,CHEMBL524132,False,8.92,,1
AMSUIZRBLJBCCX-XVNBXDOJSA-N,C=C/C=C/C(=O)Cc1cc2c(Nc3cccc(Br)c3)ncnc2cn1,CHEMBL454370,False,8.96,,1
GAKXNKLFSIXQKN-UHFFFAOYSA-N,CN(C)CCCOC(=O)C=CC(=O)Cc1ccc2ncnc(Nc3cccc(Br)c3)c2c1,CHEMBL461796,False,8.62,,1
JLQRADYFPOJVLJ-UHFFFAOYSA-N,C=CC(=O)Nc1cc2ncnc(Nc3cccc(Cl)c3)c2cn1,CHEMBL446019,True,9.27,,1
LSPANGZZENHZNJ-UHFFFAOYSA-N,COc1cc2ncnc(Nc3cccc(Br)c3)c2cc1OC,CHEMBL29197,False,7.2,1.6891271907901626,25
MPXBINGDRCKJQG-UHFFFAOYSA-N,Nc1nc(Nc2cccc(Br)c2)c2cc(CCc3ccc4ccccc4c3)[nH]c2n1,CHEMBL484109,False,5.33,,1
VJHOKRNEWHSJNT-UHFFFAOYSA-N,COc1cc(N2CCN(C)CC2)ccc1Nc1ncc(Cl)c(Oc2ccc(CCOc3no[n+]([O-])c3S(=O)(=O)c3ccccc3)cc2)n1,CHEMBL2408824,False,5.53,,1
GBCUHZTZJFNBIW-UHFFFAOYSA-N,CC(=O)C(Nc1cc(O)c(NC(C(=O)O)C(C)O)cc1O)C(=O)O,CHEMBL327725,False,4.36,,1
FKHFNUOLPRKNAT-SOFGYWHQSA-N,COc1ccc(NC(=O)/C=C/CN(C)C)cc1Nc1ncc(F)c(-c2cnn3ccccc23)n1,CHEMBL2426290,True,4.72,,1
FVWVAEZYXLGVIV-UHFFFAOYSA-N,COc1cc2ncnc(NCc3ccccc3)c2cc1OC,CHEMBL545541,False,8.4,,1
XBPATCWTKVXDPF-XLNRJJMWSA-N,Cc1ncc([N+](=O)[O-])n1C/C(=N/NC(=O)c1ccc(O)cc1)c1ccc(Br)cc1,CHEMBL3088220,False,6.68,,1
IJIPMONKZNYTTI-AWEZNQCLSA-N,C#CCNC(=O)Nc1cc2c(Nc3ccc(F)c(Cl)c3)ncnc2cc1O[C@H]1CCOC1,CHEMBL3092304,False,6.63,,1
DRIKMVZVAZKQBE-KRWDZBQOSA-N,O=C(Nc1cc2c(Nc3ccc(F)c(Cl)c3)ncnc2cc1O[C@H]1CCOC1)N1CCN(CCO)CC1,CHEMBL3092303,False,6.48,,1
ZWVMSTKIWUSDSK-AWEZNQCLSA-N,O=C(Nc1cc2c(Nc3ccc(F)c(Cl)c3)ncnc2cc1O[C@H]1CCOC1)N1CC(F)C1,CHEMBL3092319,False,6.01,,1
VOAPURHNWAYKRM-UHFFFAOYSA-N,O=c1oc2cc3ncnc(Nc4ccc5[nH]ncc5c4)c3cc2n1CCCN1CCOCC1,CHEMBL2064403,False,6.92,,1
NUJUYKXECYPXAW-UHFFFAOYSA-N,Cc1cncc(COc2ccc(Nc3ncnn4ccc(CN5CCC(N)CC5)c34)cc2Cl)c1,CHEMBL248115,False,7.07,,1
AXXNPLIUJGQSAQ-NRFANRHFSA-N,Fc1cccc(COc2ccc(Nc3ncnn4ccc(COC[C@@H]5CNCCO5)c34)cc2Cl)c1,CHEMBL246493,False,6.245,0.007071067811865324,2
PHYKCHVITBAQIF-UHFFFAOYSA-N,NCC1CCN(Cc2ccn3ncnc(Nc4ccc5c(cnn5Cc5cccc(F)c5)c4)c23)CC1,CHEMBL391778,False,7.46,,1
YSBALMSOJQNWOI-UHFFFAOYSA-N,OCC(O)Cn1ncc2cc3c(Nc4cccc(Br)c4)ncnc3cc21,CHEMBL37543,False,7.21,1.0040916292848974,2
NPVUUFCFLLPVCM-UHFFFAOYSA-N,COc1cc2ncc(C#N)c(Nc3cccc(C(F)(F)F)c3)c2cc1OC,CHEMBL109503,False,5.84,,1
BLRPVPKLIFBVIC-UHFFFAOYSA-N,Cc1ccn2ncnc(Nc3ccc4c(cnn4Cc4cccc(F)c4)c3)c12,CHEMBL427671,False,7.09,0.0,2
DJURWFMQIHTKEM-UHFFFAOYSA-N,NC1CCN(Cc2ccn3ncnc(Nc4cccc(Br)c4)c23)CC1,CHEMBL1645474,False,8.22,,1
UKUKMYNQIZPWGJ-UHFFFAOYSA-N,Cc1ccc(C(=O)Nc2ccc(CN3CCN(C)CC3)c(C(F)(F)F)c2)cc1NC(=O)c1cnc(N)nc1,CHEMBL3234742,False,7.37,,1
GFQVWAVVNKSCBU-UHFFFAOYSA-N,ON=C(O)CCCCn1cc(-c2ccc3ncnc(Nc4ccccc4F)c3c2)nn1,CHEMBL5201054,False,7.99,,1
LUJZZYWHBDHDQX-QFIPXVFZSA-N,Cc1c(NC(=O)OC[C@@H]2COCCN2)cn2ncnc(Nc3ccc4c(cnn4Cc4cccc(F)c4)c3)c12,CHEMBL1645462,False,7.5,0.11547005383792494,3
HRRMXIICSWVXIS-UHFFFAOYSA-N,Nc1ncnc2c1c(-c1ccc(Br)c(O)c1)nn2C1CCC1,CHEMBL1242287,False,6.49,,1
VNCGEODESYNCIN-UHFFFAOYSA-N,CC(C)c1ccc(C2N=C(C(N)=O)c3ncn(-c4ccc(F)cc4)c3N2)cc1,CHEMBL4795888,False,6.15,,1
JVRJGQNWQLITMA-UHFFFAOYSA-N,N#CC(=Cc1ccc(O)c(O)c1)C(=O)c1ccccc1Cl,CHEMBL59145,False,5.18,0.36373066958946393,3
OPNOKMCPQWTTTB-MOSHPQCFSA-N,O=C1NN(c2ccc(F)cc2)C(=O)/C1=C\c1cccc(OCc2ccccc2F)c1,CHEMBL2029696,True,5.25,,1
PFSGCKBIPHVBCC-UHFFFAOYSA-N,Cc1nn(C)cc1C(=O)Nc1ccn(Cc2c(F)cccc2Cl)n1,CHEMBL2029697,False,4.14,,1
FIMIUNBFNALXKF-BKUYFWCQSA-N,Cc1ccc(N2NC(=O)/C(=C/c3ccc(OCc4ccccc4)cc3)C2=O)cc1Cl,CHEMBL2029699,True,5.07,,1
IYINYGZMZPUBOK-TZIWHRDSSA-N,CCNC(=O)O[C@H]1CN[C@H](C#Cc2cc3ncnc(Nc4ccc(OCc5cccc(F)c5)c(Cl)c4)c3s2)C1,CHEMBL512076,False,7.5,0.0,2
KKHTVOVHPASEPI-CJLVFECKSA-N,COc1cc(N2CCN(C)CC2)ccc1Nc1ncc(Cl)c(Oc2cccc(NC(=O)/C(C#N)=C/c3ccncc3)c2)n1,CHEMBL3425661,True,5.06,,1
VRJQXKKOPVMHKL-DHMZDEOHSA-N,C/C=C(\C)C(O[C@@H]1O[C@H](CO)[C@@H](O)[C@H](O)[C@H]1O)C(C)/C=C(C)/C=C/CC(C)=CCc1oc(OC)c(C)c(=O)c1C,CHEMBL1817964,False,6.8,0.2515949125081823,3
VBOBOVYYRHVGSJ-NJDSBKIZSA-N,N#C/C(=C\c1cc(O)c(O)c(Br)c1)S(=O)(=O)/C(C#N)=C/c1cc(O)c(O)c(Br)c1,CHEMBL144791,False,5.96,0.1555634918610409,2
GMDJBNDWRYPPBA-UHFFFAOYSA-N,N#CC(=Cc1ccc(O)c(O)c1)C(=O)NCc1cccc(CNC(=O)C(C#N)=Cc2ccc(O)c(O)c2)c1,CHEMBL144159,True,5.395,0.572756492761103,2
JYRQQTDGMXEQRW-UHFFFAOYSA-N,CC(C)c1nsc(C(=O)Nc2ccc3ncnc(Nc4cccc(Br)c4)c3c2)n1,CHEMBL606403,False,6.89,,1
KLWRCYQROACQNJ-UHFFFAOYSA-N,C=C=CCCCCCOc1cc2c(Nc3ccc(F)c(Cl)c3)ncnc2cc1O,CHEMBL590559,False,8.35,,1
XWNHQWMHDORVBC-UHFFFAOYSA-N,C=C=CCCCOc1cc2c(Nc3cccc(Cl)c3)ncnc2cc1O,CHEMBL592215,False,7.54,,1
TUCIOBMMDDOEMM-UHFFFAOYSA-N,N#CC(=Cc1ccc(O)c(O)c1)C(=O)NCc1ccccc1,CHEMBL56543,True,7.0,0.5873670062235367,5
FSGPEDYXNUKDAG-CMDGGOBGSA-N,CN(C)/C=C/C(=O)Nc1ccc2ncnc(Nc3cccc(Br)c3)c2c1,CHEMBL91748,True,6.6,,1
CSHGVUBBAZPQSJ-UHFFFAOYSA-N,COc1ccc(NC(=O)C(C#N)=Cc2ccc(O)c(O)c2)c(OC)c1,CHEMBL57251,True,5.185,0.8273149339882605,2
BLAFVGLBBOPRLP-UHFFFAOYSA-N,O=C(Nc1cccc(C(F)(F)F)c1)c1ccccc1NCc1ccncc1,CHEMBL153843,False,4.98,,1
MYKCTDWWIWGLHW-UHFFFAOYSA-N,N#CC(=Cc1ccc(O)c(O)c1)C(=O)N1CCc2ccccc21,CHEMBL56542,True,4.92,0.4387862045841154,3
UXFJZTSGDOCCSL-UHFFFAOYSA-N,Cc1ccn2ncnc(Nc3ccc(OCc4cccc(F)c4)c(Cl)c3)c12,CHEMBL247101,False,6.6,,1
QGTJGYUQPVBUGS-QFIPXVFZSA-N,c1cncc(Cn2ncc3cc(Nc4ncnn5ccc(COC[C@@H]6CNCCO6)c45)ccc32)c1,CHEMBL247127,False,6.09,,1
ZGYIOLOGUKKRQX-UHFFFAOYSA-N,COc1cc2ncnc(Nc3cccc(C#CCCO)c3)c2cc1OC,CHEMBL248674,False,6.4,,1
ATSKCEZXZQLMAV-UHFFFAOYSA-N,O=C(Cc1c(SSc2[nH]c3ccccc3c2CC(=O)NCc2ccccc2)[nH]c2ccccc12)NCc1ccccc1,CHEMBL435831,False,4.42,,1
CJMWBHLWSMKFSM-UHFFFAOYSA-N,N#CC(=Cc1ccc(O)c(O)c1)C(=O)O,CHEMBL73820,False,4.6,,1
WNVTVRRFAUAZBO-UHFFFAOYSA-N,COC(=O)c1ccc(CNC(=O)CCc2c(SSc3[nH]c4ccccc4c3CCC(=O)NCc3ccc(C(=O)OC)c(O)c3)[nH]c3ccccc23)cc1O,CHEMBL154822,False,4.0,,1
RHVQGNOZEPBSSD-BQYQJAHWSA-N,Cc1ncc([N+](=O)[O-])n1CCOC(=O)/C=C/c1ccccc1,CHEMBL1173652,False,5.11,,1
HKSZLNNOFSGOKW-FYTWVXJKSA-N,CN[C@@H]1C[C@H]2O[C@@](C)([C@@H]1OC)n1c3ccccc3c3c4c(c5c6ccccc6n2c5c31)C(=O)NC4,CHEMBL388978,False,7.07,0.3165610044923688,24
GTJIBRAODDVZRM-UHFFFAOYSA-N,COc1ccc2c(c1)CNc1c(NCc3ccccc3)ncnc1O2,CHEMBL204335,False,5.385,0.4454772721475252,2
BCFGMOOMADDAQU-UHFFFAOYSA-N,CS(=O)(=O)CCNCc1ccc(-c2ccc3ncnc(Nc4ccc(OCc5cccc(F)c5)c(Cl)c4)c3c2)o1,CHEMBL554,False,7.97,0.6963564348681531,66
SPEQBPSZWOMRLO-UHFFFAOYSA-N,CS(=O)(=O)CCNCCCCOc1ccc2ncnc(Nc3ccc(F)c(Cl)c3)c2c1,CHEMBL460731,False,7.7,0.0,2
ILOAUSWXRCKWFH-UHFFFAOYSA-N,COc1cc2ncnc(Nc3ccc(-c4nc5ccccc5s4)cc3C)c2cc1OC,CHEMBL514942,False,6.62,0.0,2
IZHDXWHHMHQBQI-SOFGYWHQSA-N,COc1ccc(NC(=O)/C=C/CN(C)C)cc1Nc1ncc(Cl)c(-c2cnn3ccccc23)n1,CHEMBL2426288,True,4.64,,1
QKLKMSSJIUYOIB-UHFFFAOYSA-N,Nc1ncnc2nn3ccccc3c12,CHEMBL368891,False,5.0,,1
ZHSQXZZMKDUQLK-UHFFFAOYSA-N,COc1cccc(-c2cc(-c3c(O)c4ccccc4oc3=O)nc(N)c2C#N)c1,CHEMBL4868909,False,7.48,,1
PIEHGIDXVHAXHW-UHFFFAOYSA-N,COc1cc(C=C(C#N)C(N)=O)cc(CSc2ccc(C)cc2)c1O,CHEMBL333454,True,5.76,0.4041451884327379,3
HCZZACRTGWSLPL-UHFFFAOYSA-N,FC(F)C(F)(F)Oc1cccc(Nc2nccc(-c3c[nH]c4ccccc34)n2)c1,CHEMBL55379,False,5.75,,1
GZHCSTJUZKGLGS-UHFFFAOYSA-N,C#Cc1cccc(Nc2ncnc3cc(OC)c(OCCCCCCN=C(NC#N)Nc4cccnc4)cc23)c1,CHEMBL4873506,False,9.49,,1
XHHRYYIEFNUMAA-UHFFFAOYSA-N,C#Cc1cccc(Nc2ncnc3cc(OC)c(OCCCCCN=C(N=c4cc[nH]cc4)NC#N)cc23)c1,CHEMBL4851176,False,9.64,,1
ILRRHJDAHXPCDT-UHFFFAOYSA-N,COc1cc2ncnc(Nc3ccccc3N)c2cn1,CHEMBL408105,False,5.43,,1
FKWNVSYZIFWUNJ-UHFFFAOYSA-N,CC(=O)Nc1c(Br)cccc1Nc1ncnc2ccncc12,CHEMBL270921,False,7.53,,1
KEOXYNOFRLIAAM-LJQANCHMSA-N,CC#CC(=O)N1CCC[C@@H](n2nc(-c3ccc(Oc4ccccc4)cc3)c3c(N)ncnc32)C1,CHEMBL4106607,False,6.36,0.0,2
ZAZQUFKQXMNBTJ-UHFFFAOYSA-N,C=CC(=O)NCCn1nc(-c2ccc(Oc3ccccc3)cc2)c2c(N)ncnc21,CHEMBL3894938,True,7.15,0.0,2
YXHJKERWOOIPRU-UHFFFAOYSA-N,NC(=S)N1N=C(c2ccc(Br)c(Br)c2)CC1c1ccc(O)cc1,CHEMBL1173192,False,4.95,,1
SQWROUHFTLYQQG-UHFFFAOYSA-N,NC(=S)N1N=C(c2ccc(Cl)c(Cl)c2)CC1c1ccc(Br)cc1,CHEMBL1172917,False,5.16,,1
IDCFPJHKTOPZHU-UHFFFAOYSA-N,COc1cccc(Nc2ncc3cc(-c4c(Cl)cccc4Cl)c(=O)n(C)c3n2)c1,CHEMBL111197,False,7.52,,1
NFTFIXNDMNAYOT-UHFFFAOYSA-N,C=c1cc(C(=O)N2CC(C)NC(C)C2)[nH]c1=Cc1c(O)[nH]c2ncnc(Nc3ccc(F)c(Cl)c3)c12,CHEMBL69071,True,8.23,,1
CSLQALGLKKWBBK-UHFFFAOYSA-N,O=C(Nc1cc2c(Nc3ccc(F)c(Cl)c3)ncnc2cc1OCCCN1CCOCC1)c1cc([N+](=O)[O-])ccc1F,CHEMBL4750196,False,8.3,,1
NWEIPABWNQPRCZ-UHFFFAOYSA-N,O=C(Nc1cccc(-c2cn3ccnc3c(NCc3ccncc3)n2)c1)Nc1cccc(C(F)(F)F)c1,CHEMBL1081198,False,4.3,,1
VTLGISZPEUFMGV-UHFFFAOYSA-N,CCc1c(NC(=O)OCCn2ccnc2)cn2ncnc(Nc3ccc4c(cnn4Cc4ccccc4)c3)c12,CHEMBL412367,False,7.4,,1
XSFGXVBMHUSTNL-UHFFFAOYSA-N,CCOC(=O)c1cn2ncnc(Nc3ccc4[nH]ncc4c3)c2c1CC,CHEMBL372112,False,7.3,,1
XSWRBSAYEHXHNA-UHFFFAOYSA-N,Nc1scc2c1c(Nc1ccc(S(N)(=O)=O)cc1)nc1ncnc(N)c12,CHEMBL1910273,False,4.53,,1
MZMAYWNWHCZWNL-UHFFFAOYSA-N,Nc1scc2c1c(NCCO)nc1nc(NCCO)nc(N)c12,CHEMBL1910278,False,4.18,,1
IDNNHUIRPPFJBA-UHFFFAOYSA-N,OCCCCNc1cncc(-c2cncc(Nc3cccc(Cl)c3)n2)c1,CHEMBL188386,False,5.13,,1
KOICAHGTHMWKIZ-UHFFFAOYSA-N,COc1cccc(-c2nn(C(C)C)c3ncnc(N)c23)c1,CHEMBL1242029,False,5.85,,1
NKDPIBPNSMKOPN-UHFFFAOYSA-N,O=c1c(-c2cccc(Cl)c2)coc2cc(O)cc(O)c12,CHEMBL7827,False,5.97,1.4849242404917495,2
KYAXDNMYCYBVHP-UHFFFAOYSA-N,C=CC(=O)Nc1cccc(Oc2nc(Nc3ccc(N4CCN(CC(=O)N5CCN(CCOc6no[n+]([O-])c6S(=O)(=O)c6ccccc6)CC5)CC4)cc3OC)ncc2Cl)c1,CHEMBL2381516,True,7.41,,1
ZQTRXPRIWRFHRY-UHFFFAOYSA-N,Nc1cccc(Nc2nccc(-c3cccnc3)n2)c1,CHEMBL57553,False,4.3,,1
LGSHHKIOBFPSEK-HYABQPPKSA-N,CO[C@H]1[C@@H](N(C)CCC#N)C[C@@H]2O[C@@]1(C)n1c3ccccc3c3c4c(c5c6ccccc6n2c5c31)C(=O)NC4,CHEMBL131426,False,5.96,,1
IFPPYSWJNWHOLQ-UHFFFAOYSA-N,CCN(CC)CCOc1ccc(Nc2ncc3cc(-c4c(Cl)cccc4Cl)c(=O)n(C)c3n2)cc1,CHEMBL49120,False,5.41,1.4849242404917495,2
GGFWNDJYHSAUAY-UHFFFAOYSA-N,COc1cc(C=C(C#N)C(N)=O)cc(CSc2nc3cc(Cl)ccc3s2)c1O,CHEMBL115519,True,4.720000000000001,0.9050966799187806,2
MKNGJNHUZSCTJU-UHFFFAOYSA-N,CN1CCC(Oc2cccc3ncnc(Nc4ccc(OCc5ccccn5)c(Cl)c4)c23)CC1,CHEMBL193544,False,6.85,,1
DYVPNYHYZSMFSR-UHFFFAOYSA-N,COc1cccc(-c2cn(-c3ccc(CCN(C)CCO)cc3)c3ncnc(N)c23)c1,CHEMBL105436,False,5.76,1.074802307403552,2
HJVYBTQSZTWFII-UHFFFAOYSA-N,Cc1ncnc(Nc2ccc(OCc3cccc(F)c3)c(Cl)c2)c1C=C(F)C(=O)NCCN1CCOCC1,CHEMBL1683965,True,7.75,,1
UVYILPAEBXSCTR-UHFFFAOYSA-N,Cc1cc(Nc2ccc(OCc3cccc(F)c3)c(Cl)c2)ncn1,CHEMBL1683949,False,5.96,,1
ZTCDSBCIETVDQK-UHFFFAOYSA-N,CC(=Cc1c(C)ncnc1Nc1ccc(OCc2cccc(F)c2)c(Cl)c1)C(=O)NCCN1CCOCC1,CHEMBL1683963,True,7.55,,1
RHVQWSMLJGXEQH-BTZGUFSASA-N,COC[C@H]1CCCN1C/C=C/C(=O)Nc1ccc2ncnc(Nc3cccc(Br)c3)c2c1,CHEMBL419501,True,7.07,,1
CQKFTSMPIIYOBX-UHFFFAOYSA-N,COc1cc2ncc(C#N)c(Nc3cccc(Br)c3)c2cc1OC,CHEMBL111038,False,6.72,0.6999999999999998,4
OXGRVGJNLBMVAH-UHFFFAOYSA-N,CC(C)N(CC#CC(=O)Nc1ccc2ncc(C#N)c(Nc3cccc(Br)c3)c2c1)C(C)C,CHEMBL113900,False,6.6,0.0,2
DYYZXRCFCVDSKD-UHFFFAOYSA-N,CN(C)c1cc2c(Nc3ccc4c(cnn4Cc4ccccc4)c3)ncnc2cn1,CHEMBL30432,False,8.575,0.6010407640085645,2
HMHMZJJRNBZGQN-UHFFFAOYSA-N,NC(=O)CCc1c(SSc2[nH]c3ccccc3c2CCC(N)=O)[nH]c2ccccc12,CHEMBL157021,False,4.8,,1
WUPUQIUJIDRWAX-UHFFFAOYSA-N,Cc1cncc(Cn2ncc3cc(Nc4ncnn5ccc(CN6CCC(N)CC6)c45)ccc32)c1,CHEMBL248114,False,7.72,,1
SRIYNYFAYVOGRJ-UHFFFAOYSA-N,NC1CCN(Cc2ccn3ncnc(Nc4ccc5c(cnn5Cc5cccnc5)c4)c23)CC1,CHEMBL247915,False,6.72,,1
LGNJLNMJHWXSGQ-UHFFFAOYSA-N,N#CC(=Cc1ccc(O)c(O)c1)C(=O)N1CCN(C(=O)C(C#N)=Cc2ccc(O)c(O)c2)CC1,CHEMBL358494,True,5.0,0.5656854249492386,2
QIHGEXNGPGTFID-UHFFFAOYSA-N,Fc1cccc(Cn2ncc3cc(Nc4ncnn5ccc(COCC6CNCCOC6)c45)ccc32)c1,CHEMBL395591,False,6.68,,1
VLYYUZFBTALINK-QHCPKHFHSA-N,Fc1cccc(Cn2ncc3cc(Nc4ncnn5ccc(COC[C@@H]6COCCN6)c45)ccc32)c1,CHEMBL246492,False,6.19,,1
BLQGAUTUIVRLHZ-UHFFFAOYSA-N,COc1cc2ncnc(Nc3cccc(NC(=O)c4ccccc4)c3)c2cc1OC,CHEMBL186802,False,5.25,,1
KKYWVNPRFIJNKB-UHFFFAOYSA-N,Nc1ncnc2c1c(-c1cccc(Cl)c1)cn2-c1ccccc1,CHEMBL176309,False,6.16,,1
DAXNLYJBKOOJIV-UHFFFAOYSA-N,COc1cc(C=C(C#N)C(N)=O)cc(CSc2nc3ccccc3o2)c1O,CHEMBL118205,True,5.28,0.2193931022920576,3
ZKKVUIPXPPDIRD-UHFFFAOYSA-N,Clc1cccc(Nc2ncnc3ccccc23)c1,CHEMBL555321,False,7.465,0.23334523779156074,2
GWCNJMUSWLTSCW-UHFFFAOYSA-N,N#CC(=Cc1ccc(O)c(O)c1)C(=O)NCCCCc1ccccc1,CHEMBL440298,True,5.3,0.33000000000000007,4
FWVMKOBBMROUNK-UHFFFAOYSA-N,COc1cc2c(Nc3ccc(F)c(Cl)c3)ncnc2cc1OCCOCCn1ccnc1[N+](=O)[O-],CHEMBL3360606,False,9.49,,1
SITMVKQBDIREKN-UHFFFAOYSA-N,ClCCN(CCCl)c1ccc2ncnc(Nc3cccc(Br)c3)c2c1,CHEMBL4757104,False,5.9,,1
OJZOATKRUUBXBM-SNAWJCMRSA-N,O=C(/C=C/CN1CCCCC1)N1CCOc2cc3ncnc(Nc4ccc(F)c(Cl)c4)c3cc21,CHEMBL4445017,True,8.02,0.5374011537017763,2
JMIAHUUVJVWQPL-ONEGZZNKSA-N,O=C(/C=C/CN1CCCC1)N1CCOc2cc3ncnc(Nc4ccc(F)c(Cl)c4)c3cc21,CHEMBL4561606,True,8.135,0.5444722215136413,2
YJOFXQWQYIOWNT-UHFFFAOYSA-N,CC(C)(C)NC(=O)Nc1nc2nc(N)ncc2cc1-c1ccccc1,CHEMBL76599,False,5.26,,1
BGPAHUNSGVWHIG-SANMLTNESA-N,CN(C)[C@@H](CS(C)(=O)=O)c1ccc(-c2ccc3ncnc(Nc4ccc(OCc5cccc(F)c5)c(Cl)c4)c3c2)o1,CHEMBL3344221,False,7.52,,1
HPIMRCZSRFWHDE-UHFFFAOYSA-N,CC#CC(=O)Nc1cnc2ncc(C#N)c(Nc3cccc(Br)c3)c2c1,CHEMBL31745,False,5.2,,1
LGQGASCJEHGWJL-UHFFFAOYSA-N,Brc1cccc(Nc2ncnc3cc(NCCCCN4CCOCC4)ncc23)c1,CHEMBL126384,False,8.27,0.0,2
NDEFXZOKPREYOV-WOJBJXKFSA-N,COc1ccc(N2Cc3cnc(Nc4ccccc4)nc3N([C@@H]3CC[C@@H](O)C3)C2=O)cc1,CHEMBL1952210,False,6.5649999999999995,0.07778174593052077,2
ABDIOQXDBJMGHB-QPJJXVBHSA-N,CN(C)C/C=C/C(=O)Nc1ccc2ncc(C#N)c(Nc3cccc(Br)c3)c2c1,CHEMBL30973,True,6.51,0.40556133938037053,5
ZDTZOBIXVNHHCR-UHFFFAOYSA-N,O=c1c(-c2cccc(Cl)c2)c[nH]c2cc(O)cc(O)c12,CHEMBL266995,False,8.1,1.3856406460551012,3
UNTXLEZCEUSPFP-RAFOXNIDSA-N,O=C(Nc1cc2c(Nc3ccc(F)c(Cl)c3)ncnc2cc1O[C@H]1CCOC1)/C(F)=C\CN1CCOCC1,CHEMBL3357640,True,9.0,,1
UNTXLEZCEUSPFP-QNCXMEKNSA-N,O=C(Nc1cc2c(Nc3ccc(F)c(Cl)c3)ncnc2cc1O[C@H]1CCOC1)/C(F)=C/CN1CCOCC1,CHEMBL3357639,True,9.59,,1
ZDRUKZASWZMRRR-GXHLCREISA-N,COc1cc2ncnc(Nc3ccc(F)c(Cl)c3)c2cc1NC(=O)/C(F)=C/CN1CCCCC1,CHEMBL3357635,True,9.57,,1
LKPIQEOIBNBGGY-RUTRQQBQSA-N,CN(C)CC/C=C/C(=O)Nc1cc2c(Nc3ccc(F)c(Cl)c3)ncnc2cc1OC[C@]12COC[C@H]1C2,CHEMBL4110258,True,9.27,,1
ICDLHJHOKRQIIV-UHFFFAOYSA-N,CC(C)n1nc(-c2cc3ccccc3nc2Cl)c2c(N)ncnc21,CHEMBL1242663,False,4.0,,1
PUPCMYJENNVFMI-UHFFFAOYSA-N,Cc1ccc(S(=O)(=O)N2CCOc3cc4ncnc(Nc5cccc(Br)c5)c4cc3OCC2)cc1,CHEMBL2087354,False,6.82,,1
UYLKDXCVDGAJSB-OAQYLSRUSA-N,Clc1cc(Nc2ncnc3ccc(N=C4NC[C@H](COc5ccccc5)O4)cc23)ccc1OCc1nccs1,CHEMBL3397275,False,5.92,,1
NRLAWORQYLUKAL-SFHVURJKSA-N,C#Cc1cccc(Nc2ncnn3ccc(COC[C@@H]4CNCCO4)c23)c1,CHEMBL1645465,False,6.17,,1
ZSUVRXBWUAJQQJ-UHFFFAOYSA-N,Cc1ccc(C2=NN(C3=NC(c4ccccc4)CS3)C(c3ccc4ccccc4c3)C2)cc1,CHEMBL3263372,False,5.28,,1
GIZBQMSKVMDJML-UHFFFAOYSA-N,O=C(O)c1cccc(Nc2ncnc3[nH]c4c(c23)CCCC4)c1,CHEMBL74645,False,4.59,,1
MXBVVVDUUIDCNR-UHFFFAOYSA-N,COCC#CC(=O)Nc1ccc2ncc(C#N)c(Nc3cccc(Br)c3)c2c1,CHEMBL114593,False,6.02,0.0,3
KBBWAZYDYIKZBH-UHFFFAOYSA-N,COCOCC#CC(=O)Nc1ccc2ncc(C#N)c(Nc3cccc(Br)c3)c2c1,CHEMBL441279,False,6.48,0.0,2
TVFXIBINWPOVQP-ONEGZZNKSA-N,CN(C)C/C=C/C(=O)Nc1cc2c(Nc3ccc(F)c(Cl)c3)c(C#N)cnc2cc1OC(F)(F)F,CHEMBL421047,True,5.58,0.0,2
BJNPYRHGWJVECX-SNVBAGLBSA-N,COc1ccc(-c2nn([C@@H]3CCNC3)c3ncnc(N)c23)cc1O,CHEMBL1242288,False,4.9,,1
QDYBHXHSYKICNF-UHFFFAOYSA-N,COc1cc2ncc(C#N)c(Nc3ccc(Br)cc3)c2cc1OC,CHEMBL323900,False,5.18,,1
MPNMKIMGGUGYMJ-VMPITWQZSA-N,COc1cc(NC(=O)/C=C/CN(C)C)cc2c(Nc3cccc(Br)c3)c(C#N)cnc12,CHEMBL116857,True,5.54,0.0,2
DYLDTESCOKKPMG-KPKJPENVSA-N,CN(C)C/C=C/C(=O)Nc1cccc(-n2c(=O)cnc3cnc(Nc4ccccc4)nc32)c1,CHEMBL2437486,True,6.94,,1
ORVLOIUKTHUQPU-SNVBAGLBSA-N,COc1ccc(-c2nn(C[C@@H](C)CO)c3ncnc(N)c23)cc1OC,CHEMBL1242381,False,4.75,,1
BBWYQCNFQUTQED-UHFFFAOYSA-N,Cn1ncc2cc3c(Nc4cccc(Br)c4)ncnc3cc21,CHEMBL39320,False,8.66,1.0889444430272828,2
OSXILVFPMQVTSK-UHFFFAOYSA-N,OCCN(CCO)Cc1c[nH]c2cc3ncnc(Nc4cccc(Br)c4)c3cc12,CHEMBL36164,False,7.665000000000001,1.1242997820866107,2
PPNMPEHEXLGGID-UHFFFAOYSA-N,COc1ccc(Nc2c(C#N)cnc3cc(OC)c(OC)cc23)cc1OC,CHEMBL83228,False,4.3,,1
OLNMDVMEJYNZBA-UHFFFAOYSA-N,COc1cc2ncc(C#N)c(Nc3cccc(F)c3)c2cc1OC,CHEMBL320479,False,6.13,,1
YJBYKRFNOYCMSK-UHFFFAOYSA-N,COc1cc2ncc(C#N)c(Nc3cc(Cl)c(O)c(Cl)c3)c2cc1OC,CHEMBL419185,False,5.5,,1
IVWBIVZBYRCUFO-UHFFFAOYSA-N,COc1cc2ncc(C#N)c(Nc3cc(Cl)ccc3O)c2cc1OC,CHEMBL326445,False,4.77,,1
CCIYHYFLYIQCJR-UHFFFAOYSA-N,COc1cc2ncnc(Nc3ccc(-c4nc5ccccc5s4)cc3)c2cc1OC,CHEMBL473556,False,5.82,0.0,2
ZEXJBANGHOAHDZ-UHFFFAOYSA-N,COc1cc2c(Nc3ccc(-c4nc5ccccc5s4)cc3F)ncnc2cc1OCCCN1CCN(C)CC1,CHEMBL594228,False,6.09,,1
RLAJOHAIIACFAM-UHFFFAOYSA-N,CN(C)CCOc1ccc(C=Cc2cc(-c3cc4c(=O)[nH]cnc4[nH]3)ccn2)cc1,CHEMBL461140,False,5.48,,1
OUEOJFCFMCXADD-PLACYPQZSA-N,COc1cc2c(Nc3ccc(Br)c(Cl)c3)ncnc2cc1O[C@H]1CO[C@H]2[C@@H]1OC[C@H]2OC,CHEMBL3929354,False,6.28,,1
NVRXTLZYXZNATH-UHFFFAOYSA-N,Nc1ncnc2c1c(-c1cnc3[nH]ccc3c1)nn2C1CCCC1,CHEMBL1081312,False,6.58,0.0,2
DZYCKIBGBIIICK-UHFFFAOYSA-N,CCNc1ncc(C(=O)Nc2cc(C(=O)Nc3ccc(CN4CCN(C)CC4)c(C(F)(F)F)c3)ccc2C)cn1,CHEMBL3234745,False,6.89,,1
QNULKTUETCUJKC-UHFFFAOYSA-N,COc1cc(Nc2nccc(-c3ccc(NCCN)nc3)n2)cc(OC)c1OC,CHEMBL113185,False,5.29,,1
WFNYSPFKUIPLIQ-UHFFFAOYSA-N,FC(F)(F)c1ccc(COc2ccc(Nc3ncnc4cc5c(cc34)OCCOCCOCCOCCO5)cc2)cc1,CHEMBL4520064,False,6.42,,1
AGLFWLWKHCPRON-UHFFFAOYSA-N,C=CC(=O)Nc1cc2c(Nc3ccc(F)c(Cl)c3)ncnc2cc1OCC,CHEMBL2031302,True,9.74,,1
FVHRPBPPQDUXSJ-UHFFFAOYSA-N,CCOc1cc2ncc(C#N)c(Nc3ccc(OCc4ccccn4)c(Cl)c3)c2cc1NC(=O)CCN(C)C,CHEMBL2031311,False,7.9,,1
KANCPYQDKMNODD-MSOLQXFVSA-N,COc1ccccc1C(=O)NCc1ccc(-c2nn([C@@H]3CC[C@H](O)C3)c3ncnc(N)c23)cc1,CHEMBL5847651,False,6.26,0.0,2
GPLSEURFJLQXHR-UHFFFAOYSA-N,CC#CC(=O)Nc1ccc2ncc(C#N)c(Nc3ccc(F)c(Cl)c3)c2c1,CHEMBL31876,False,6.235,0.34648232278140845,2
RHVQWSMLJGXEQH-BFSLETRISA-N,COC[C@@H]1CCCN1C/C=C/C(=O)Nc1ccc2ncnc(Nc3cccc(Br)c3)c2c1,CHEMBL2112370,True,6.88,,1
KUKWJPKUERJESV-UHFFFAOYSA-N,O=C(CCc1c(SSc2[nH]c3ccccc3c2CCC(=O)NCc2ccc(C(=O)O)c(O)c2)[nH]c2ccccc12)NCc1ccc(C(=O)O)c(O)c1,CHEMBL347668,False,5.07,,1
PMVJTDWQYNWPQI-UHFFFAOYSA-N,COc1cc(C=C(C#N)C#N)cc(SCC(=O)O)c1O,CHEMBL1161236,False,4.27,,1
ANNOGSJJXIDSKS-UHFFFAOYSA-N,N#CC(=Cc1ccc(O)c(O)c1)C(=O)NCc1ccc(O)cc1,CHEMBL143805,True,5.52,,1
BMEKKWWFQMYXPU-SNAWJCMRSA-N,COc1cc2c(Nc3ccc(Cl)cc3F)ncnc2cc1OC/C=C/CN1CCCC1,CHEMBL1744349,False,7.05,,1
BUAIGJRXIAKFCN-UHFFFAOYSA-N,Fc1ccc(-c2nn3ccccc3c2-c2ccncc2)cc1,CHEMBL485745,False,5.2,,1
GGPZCOONYBPZEW-UHFFFAOYSA-N,O=C(Nc1ccc(Cl)cc1)c1ccccc1NCc1ccncc1,CHEMBL101683,False,5.14,,1
QMPVOKLNLZCVBG-UHFFFAOYSA-N,COc1ccccc1C(=O)NCc1ccc(-c2nn(C3CCC(C(=O)N(C)C)CC3)c3ncnc(N)c23)cc1,CHEMBL5744203,False,6.26,0.408248290463863,6
NXQXZOZVAHCESP-UHFFFAOYSA-N,O=S(=O)(CCNCc1ccc(-c2ccc3ncnc(Nc4ccc(OCc5cccc(F)c5)c(C(F)(F)F)c4)c3c2)o1)c1ccccn1,CHEMBL214023,False,7.72,,1
HNRHMRWVXPQSJZ-ROUUACIJSA-N,COc1ccc(F)cc1C(=O)NCc1ccc(-c2nn([C@H]3C=C[C@H](O)C3)c3ncnc(N)c23)cc1,CHEMBL5966891,False,5.26,0.0,2
UVWGOEJXHFKBSC-UHFFFAOYSA-N,COc1ccccc1C(=O)NCc1ccc(-c2nn(C(C)C)c3ncnc(N)c23)cc1,CHEMBL5948125,False,5.26,0.5773502691896257,3
VHMBNNHFFIJPIQ-UHFFFAOYSA-N,CN(CC(O)CO)c1cc2ncnc(Nc3cccc(Br)c3)c2cn1,CHEMBL340700,False,8.49,0.0,2
PTOVCSIEMQUGPX-UHFFFAOYSA-N,Nc1ncnc2c1c(-c1ccccc1)cn2C1CC(O)C1,CHEMBL168266,False,5.55,,1
USKFPOBBUSZDCR-OWOJBTEDSA-N,N#Cc1cnc2ccc(NC(=O)/C=C/CN3CCOCC3)cc2c1Nc1ccc(F)c(Cl)c1,CHEMBL118000,True,5.64,0.0,3
KVIXQTKOWBEGMT-UHFFFAOYSA-N,N#CC(=Cc1ccc(O)c(O)c1)C(=O)NCCCCCNC(=O)C(C#N)=Cc1ccc(O)c(O)c1,CHEMBL144842,True,5.43,1.0323759005323596,2
HQJXPHWMPXUYHN-UHFFFAOYSA-N,C=CC(=O)Nc1ccc(OC)c(Nc2nccc(-c3c[nH]nc3-c3cccc(OC)c3)n2)c1,CHEMBL5558799,True,7.859999999999999,1.1879393923933996,2
CWCLGIJGJSHBLC-UHFFFAOYSA-N,Cn1c(=O)c(-c2c(Cl)cccc2Cl)cc2cnc(N)nc21,CHEMBL49596,False,5.25,0.0,2
BNRXMSGHPVYSDK-UHFFFAOYSA-N,CCn1nc(C#Cc2cc(C(=O)Nc3ccc(CN4CCN(C)CC4)c(C(F)(F)F)c3)ccc2C)c2c(N)ncnc21,CHEMBL3426225,False,5.45,0.0,2
YHVHYWYQEFELOW-HZCBDIJESA-N,Cc1ccc(NC(=O)c2ccc(C)c(C(F)(F)F)c2)cc1C#Cc1nn([C@H]2CC[C@H](O)CC2)c2ncnc(N)c12,CHEMBL4798527,False,6.955,1.0050870609056706,4
ZYBFBSIRRZYCDS-UHFFFAOYSA-N,NC(=S)NN=C(C=Cc1ccccc1)c1ccccc1,CHEMBL1830272,False,5.62,,1
WBTWFIPDALFVPX-UHFFFAOYSA-N,NC(=S)NN=C(C=Cc1ccccc1)c1ccc(Cl)cc1,CHEMBL1830276,False,6.23,,1
TXSHMSAAJVATEA-UHFFFAOYSA-N,COc1ccc(C)cc1C(=O)NCc1ccc(-c2nn(C3CCCC3)c3ncnc(N)c23)cc1,CHEMBL5852304,False,5.26,0.0,2
WBPDZLHNIXGYON-UHFFFAOYSA-N,COc1cc2cc3ncc(C#N)c(Nc4ccc(F)c(Cl)c4)c3cc2cc1OC,CHEMBL132466,False,4.75,,1
OELQBKVEOCTGBX-UHFFFAOYSA-N,COc1ccc(F)cc1C(=O)NCc1ccc(-c2nn(C3CCCC3)c3ncnc(N)c23)cc1,CHEMBL5879544,False,6.26,0.0,2
UXBLTQHRJBAYNB-UHFFFAOYSA-N,N#CC(=Cc1ccc(O)c(O)c1)C(=O)NCCCCCCCCCCNC(=O)C(C#N)=Cc1ccc(O)c(O)c1,CHEMBL424302,True,5.89,,1
HKBVCGJVIFGBEX-UHFFFAOYSA-N,COC(=O)CN1CCC(n2cc(-c3cccc(O)c3)c3c(N)ncnc32)CC1,CHEMBL262276,False,6.1,,1
SSIOMHJBYZEOEK-UHFFFAOYSA-N,CNC(=O)c1c([Se][Se]c2[nH]c3ccccc3c2C(=O)NC)[nH]c2ccccc12,CHEMBL135861,False,4.89,,1
YZMSNPZCAJEYHF-UHFFFAOYSA-N,COc1cccc(-c2cn(C3CCNC3)c3ncnc(N)c23)c1,CHEMBL169519,False,5.95,,1
ZNHHYTFVIUDETO-UHFFFAOYSA-N,Brc1cccc(Nc2ncnc3cc4c(cnn4CCN4CCOCC4)cc23)c1,CHEMBL38199,False,6.72,,1
QHAWLYRLLOXJAY-UHFFFAOYSA-N,Cn1ccc2cc3c(Nc4cccc(Br)c4)ncnc3cc21,CHEMBL36727,False,7.66,,1
PXGNDOOTUBVRMA-UHFFFAOYSA-N,Nc1ncnc2c1c(-c1ccc(O)cc1)cn2C1CCCC1,CHEMBL169570,False,6.6,,1
FGOHOSIVNWPTCI-UHFFFAOYSA-N,COc1cc2c(C#N)cnc(Nc3cccc(Cl)c3)c2cc1OC,CHEMBL109259,False,4.05,,1
IGMHTUVNOCQQMP-UHFFFAOYSA-N,COc1cc2ncc(C#N)c(Nc3cccc(C(C)=O)c3)c2cc1OC,CHEMBL325760,False,5.13,,1
OLPCFXOXZCAXNQ-UHFFFAOYSA-N,COc1cc2ncc(C#N)c(Nc3cccc(N(C)C)c3)c2cc1OC,CHEMBL110035,False,6.07,,1
IVQMCCDVGIYFDZ-UHFFFAOYSA-N,Brc1cccc(Nc2ncnc3[nH]c4c(c23)CCCC4)c1,CHEMBL72393,False,7.34,,1
TXBFOGDMTCNBBT-PZFYLCKJSA-N,CO[C@H]1[C@@H](N(C)C(=O)c2cccc(Cl)c2)C[C@@H]2O[C@@]1(C)n1c3ccccc3c3c4c(c5c6ccccc6n2c5c31)C(=O)NC4,CHEMBL338944,False,5.34,,1
CANOJKGQDCJDOX-UHFFFAOYSA-N,N#CC(=Cc1ccc(O)c(O)c1)C(=O)c1ccc(O)c(O)c1,CHEMBL56393,False,5.3,0.6189264899808374,5
BSYPGOABDXSGOL-UHFFFAOYSA-N,COc1cc(C=C(C#N)C#N)cc(CSc2ccccc2C(=O)O)c1O,CHEMBL118321,False,5.1,0.38105117766515256,3
MOHYPRXHKRXDSE-UHFFFAOYSA-N,Nc1c(-c2ccc(F)cc2)c(-c2ccncc2)nn1-c1c(Cl)cc(Cl)cc1Cl,CHEMBL2011291,False,6.77,0.6688953973765847,19
VCBUVKNXUBPBBX-UHFFFAOYSA-N,COc1ccc(OC)c(Nc2cc(Nc3ccc(S(N)(=O)=O)cc3)ncn2)c1,CHEMBL4276965,False,6.11,,1
DVMBLTDKHALLLH-UHFFFAOYSA-N,Oc1cccc(-c2[nH]nc3ncnc(Nc4cccc(Cl)c4)c23)c1,CHEMBL331906,False,7.58,,1
KACVTFYRRAYVJS-UHFFFAOYSA-N,O=C(CN1CCCC1)Nc1ccc2ncnc(Nc3ccc(Cl)cc3)c2c1,CHEMBL4167162,False,7.5,,1
BXEDCNVFSZUBPI-UHFFFAOYSA-N,CCNC(=O)Nc1nc2nc(N)ncc2cc1-c1c(Cl)cccc1Cl,CHEMBL432738,False,5.87,,1
KALPRSFUZYGTNU-UHFFFAOYSA-N,C=CC(=O)N1CCC(n2nc(-c3ccc(Oc4ccccc4)cc3)c3c(N)ncnc32)CC1,CHEMBL3647973,True,7.21,0.0,2
SSDFTYWIYVWCIE-WGSAOQKQSA-N,C=CC(=O)N[C@H]1CC[C@H](n2nc(-c3ccc(Oc4ccccc4)cc3)c3c(N)ncnc32)CC1,CHEMBL3912266,True,7.35,0.0,2
HRLHWOFWUMHHIP-UHFFFAOYSA-N,C=CC(=O)Nc1ccc2ncnc(Nc3ccc(F)c(Br)c3)c2n1,CHEMBL53665,True,8.92,,1
OMZCMEYTWSXEPZ-UHFFFAOYSA-N,C=CC(=O)Nc1cc2c(Nc3ccc(F)c(Cl)c3)ncnc2cc1OCCCN1CCOCC1,CHEMBL31965,True,8.74,0.6661876612486906,25
ULYRDVLBRYCXFF-UHFFFAOYSA-N,C=CC(=O)Nc1ccc2c(Nc3cccc(Cl)c3)ncnc2c1,CHEMBL52913,True,9.6,,1
SSRSEBNRBASBBM-VMPITWQZSA-N,O=C(/C=C/CN1CCC(N2CCCCC2)CC1)Nc1ccc2ncnc(Nc3cccc(Br)c3)c2c1,CHEMBL94109,True,7.17,,1
BSQFHYQBCYIAKE-UHFFFAOYSA-N,O=C1NC(=O)c2c1c1c3cccc(O)c3[nH]c1c1c2c2cccc(O)c2n1C1OC(CO)C(O)C(O)C1O,CHEMBL21108,False,4.05,,1
RWLBBEHUWVDEBP-UHFFFAOYSA-N,O=C(O)c1ccc(NN2C(=O)c3c(c4c5cccc(O)c5n(C5OC(CO)C(O)C(O)C5O)c4c4[nH]c5c(O)cccc5c34)C2=O)cc1,CHEMBL279035,False,4.05,,1
ZXVOSVKXPAHYGK-UHFFFAOYSA-N,O=C(COc1ccccc1)Nc1cccc(Oc2cc(Nc3ccc(OCc4cccc(F)c4)c(Cl)c3)ncn2)c1,CHEMBL1928955,False,7.19,,1
WJWUALCORPPEAK-UHFFFAOYSA-N,COc1ccccc1C(=O)NCc1ccc(-c2nn(C3CCCC(C(=O)N(C)C)C3)c3ncnc(N)c23)cc1,CHEMBL5783525,False,5.26,0.0,2
XPBFJXOQBGFRBP-UHFFFAOYSA-N,COc1ccc(F)cc1C(=O)NCc1ccc(-c2nn(C(C)(C)C)c3ncnc(N)c23)cc1,CHEMBL5819204,False,6.26,0.0,2
WXZULZJUORXVHF-UHFFFAOYSA-N,COc1ccc(F)cc1C(=O)NCc1ccc(-c2nn(C3CCC(C)(O)CC3)c3ncnc(N)c23)cc1,CHEMBL5952540,False,6.26,0.0,4
VDKBGBCLPKTOGS-UHFFFAOYSA-N,O=C(NCCCN1CCCC1=O)c1cnc(NCc2cc(Cl)ccc2Cl)nc1NC1CCCC1,CHEMBL2312303,False,5.37,,1
QWPAIFRYLCJPRM-ATIYNZHBSA-N,C[C@@H]1[C@H](N2CCN(C)C2=O)CCCN1c1cnc(C(N)=O)c(Nc2ccc(C3(C)CCN(C4CCCC4)CC3)cc2)n1,CHEMBL5903629,False,7.26,,1
KJBZQIKLKWQVLL-UHFFFAOYSA-N,C=CC(=O)Nc1cc2c(Nc3ccc(F)c(Cl)c3)ncnc2cc1OCC1CC2(CCN(C)CC2)C1,CHEMBL5816376,True,9.0,0.0,2
KTOOFDBYBSZFDL-UHFFFAOYSA-N,C=CC(=O)Nc1cc2c(Nc3ccc(F)c(Cl)c3)ncnc2cc1OCCC1CC2(CCN(C)CC2)C1,CHEMBL5814374,True,9.25,0.0,2
PXFVZCPMWVYICW-GOSISDBHSA-N,CN(C)C(=O)N[C@@H]1CCCN(c2cnc(C(N)=O)c(Nc3ccc(C(=O)N4CCCC4)cc3)n2)C1,CHEMBL5821734,False,5.26,,1
LFJPRKPBZVVZQV-UHFFFAOYSA-N,Nc1ncnc2c1c(-c1ccc(CNC(=O)c3ccccc3OC(F)(F)F)cc1)nn2C1CCCC1,CHEMBL5938548,False,6.26,0.0,2
SIQIYGQLUVVWAO-MRXNPFEDSA-N,COc1cccc(OC)c1-c1cc2c(N[C@H](CO)c3ccccc3)ncnc2s1,CHEMBL3759199,False,9.05,,1
LQVPYKCHIWPATB-GOSISDBHSA-N,OCc1cccc(-c2cc3c(N[C@H](CO)c4ccccc4)ncnc3s2)c1,CHEMBL3759986,False,8.52,,1
RALUAQCUICRVFY-NPJRDEIVSA-N,COc1cc(/C=C(\C#N)S(=O)(=O)/C(C#N)=C/c2cc(O)c(O)c(OC)c2)cc(O)c1O,CHEMBL342792,False,6.03,,1
GBYSPHCOZHPPFX-UHFFFAOYSA-N,CC(C)N1CCC(n2cc(CNc3cc(Cl)c4ncc(C#N)c(Nc5ccc(F)c(Cl)c5)c4c3)nn2)CC1,CHEMBL523059,False,4.66,,1
PHNZIIMWDVXPGG-UHFFFAOYSA-N,CCN1CCC(n2cc(CNc3cc(Cl)c4ncc(C#N)c(Nc5ccc(F)c(Cl)c5)c4c3)nn2)CC1,CHEMBL527026,False,4.96,,1
INNDLQJCKYFJTJ-UHFFFAOYSA-N,CC(C)N(C)CC#CC(=O)Nc1ccc2ncnc(Nc3cccc(Br)c3)c2c1,CHEMBL91811,False,7.07,,1
XDNJRZIUYRZKNY-VMPITWQZSA-N,O=C(/C=C/CN1CCCCC1)Nc1ccc2ncnc(Nc3cccc(Br)c3)c2c1,CHEMBL94068,True,6.97,,1
XDYCDXFDVOBDOO-ONEGZZNKSA-N,CN(C)C/C=C/C(=O)Nc1ccc2ncnc(Nc3cc(Cl)c(Cl)cc3F)c2c1,CHEMBL190094,True,8.4,,1
BWFSEWLGHWAHGL-UHFFFAOYSA-N,N#CCCc1c(SSc2[nH]c3ccccc3c2CCC#N)[nH]c2ccccc12,CHEMBL157304,False,4.33,,1
YOHYSYJDKVYCJI-UHFFFAOYSA-N,O=C(Nc1cccc(Nc2cc(Nc3cccc(C(F)(F)F)c3)ncn2)c1)C1CC1,CHEMBL387187,False,7.68,0.0,2
DIBGTMXGHUALIU-UHFFFAOYSA-N,COc1cc2ncnc(Nc3cccc(Cl)c3F)c2cc1OC1CCN(CC(N)=O)CC1,CHEMBL218677,False,8.7,,1
VAGCDXKHNHUMSZ-UHFFFAOYSA-N,COCCN1CCC(Oc2cc3c(Nc4cccc(Cl)c4F)ncnc3cc2OC)CC1,CHEMBL214857,False,8.52,,1
WCHJBACVJHXLGX-AATRIKPKSA-N,CC(C)OCCOc1cc2ncnc(Nc3ccc(F)c(Cl)c3)c2cc1NC(=O)/C=C/CN(C)C,CHEMBL4450824,True,8.81,0.0,2
FKDUBVDJXKIANS-UHFFFAOYSA-N,NS(=O)(=O)c1ccc(Nc2nc3ncnc(Nc4ccc(N5CCOCC5)cc4)c3s2)cc1,CHEMBL511449,False,4.75,,1
UEJUKJJOSDYORR-QHCPKHFHSA-N,Fc1cccc(Cn2ncc3cc(Nc4ncnn5ccc(COC[C@@H]6CNCCO6)c45)ccc32)c1,CHEMBL246284,False,7.21,0.0,3
CCUWFRBLNGOQSJ-UHFFFAOYSA-N,COCC1CCCN1CC#CC(=O)Nc1ccc2ncc(C#N)c(Nc3cccc(Br)c3)c2c1,CHEMBL157128,False,6.82,0.0,3
QNVUBJWWBBKDIS-UHFFFAOYSA-N,N#Cc1cnc2ccc(NC(=O)C#CCN(C3CC3)C3CC3)cc2c1Nc1cccc(Br)c1,CHEMBL1797541,False,6.6,,1
MZQKSJFIOAVZJR-UHFFFAOYSA-N,COc1cc2ncc(C#N)c(Nc3cccc(N)c3)c2cc1OC,CHEMBL110036,False,6.09,,1
WEOXCMIQDJTOOP-UHFFFAOYSA-N,COc1cc2ncc(C#N)c(Nc3cccc([N+](=O)[O-])c3)c2cc1OC,CHEMBL111520,False,6.06,,1
HRIQVCCRXNQUAH-KPKJPENVSA-N,ON=C(O)/C=C/c1cccc(-c2ccc3ncnc(Nc4ccc(OCc5cccc(F)c5)c(Cl)c4)c3c2)c1,CHEMBL1630109,True,7.025,1.0253048327204943,2
PWBUMNCPVWMJLO-UHFFFAOYSA-N,COc1ccccc1C(=O)NCc1ccc(-c2nn(C3CCC(OC(=O)c4ccc(C)cc4)CC3)c3ncnc(N)c23)cc1,CHEMBL6004855,False,6.26,0.0,2
MUECGXPLXJJUFC-UHFFFAOYSA-N,O=C(Nc1ccc(Cl)cc1)Nc1ccc2ncnc(Nc3cccc(Br)c3)c2c1,CHEMBL4089588,False,7.71,,1
OFWUKDGVIIOQRP-UHFFFAOYSA-N,S=C(Nc1ccc2ncnc(Nc3cccc(Br)c3)c2c1)N1CCOCC1,CHEMBL4062528,False,7.57,,1
SFSJABJVSLHBAD-UHFFFAOYSA-N,Nc1ncnc2c1c(-c1ccccc1)cn2C1CCCC1,CHEMBL352954,False,6.3,,1
AATOPLAJLQECRD-UHFFFAOYSA-N,Nc1ncnc2c1c(-c1ccc(O)cc1)cn2C1CCNC1,CHEMBL354033,False,5.57,,1
BFMZMSOVKUBSHF-UHFFFAOYSA-N,COc1ccc(C2CC(c3ccc(Br)c(Br)c3)=NN2C(N)=S)cc1,CHEMBL1173193,False,5.09,,1
BAGBEDITHGNDKC-UHFFFAOYSA-N,Cc1ccc(C2CC(c3ccc(Br)c(Br)c3)=NN2C(N)=S)cc1,CHEMBL1173262,False,5.01,,1
MPGQFAMKTLPOPX-UHFFFAOYSA-N,O=C(CCc1c(SSc2[nH]c3ccccc3c2CCC(=O)NCCc2ccccc2)[nH]c2ccccc12)NCCc1ccccc1,CHEMBL154260,False,4.62,,1
XDUSWBSGDKRQAF-UHFFFAOYSA-N,COc1cc2ncnc(Oc3cccc(Cl)c3)c2cc1OC,CHEMBL135853,False,7.7,,1
SMFAJPHTYQUDOC-UHFFFAOYSA-N,COc1cccc(-c2cn(C3CCC3)c3ncnc(N)c23)c1,CHEMBL355191,False,6.35,,1
DRCBMJUPXHWGMN-ZAYHXLHSSA-N,CCCCC(O)CN(C)[C@H]1C[C@@H]2O[C@](C)([C@H]1OC)n1c3ccccc3c3c4c(c5c6ccccc6n2c5c31)C(=O)NC4,CHEMBL335718,False,5.89,,1
JCDBAPVOEWJRIM-UHFFFAOYSA-N,C=c1cc(C(=O)N2CCN(C)CC2)[nH]c1=Cc1c(O)[nH]c2ncnc(Nc3ccc(F)c(Cl)c3)c12,CHEMBL305246,True,8.55,,1
UOWBWTAGELTSTG-UHFFFAOYSA-N,COC(=O)c1c(OC)c2ccccc2c2oc3c(c12)C(=O)c1ccccc1C3=O,CHEMBL201840,False,4.9,,1
AVGPASNWMHVILZ-UHFFFAOYSA-N,Brc1cccc(Nc2[nH]cnc3cc4nccc4cc23)c1,CHEMBL40734,False,7.66,,1
NFCOOGUSNHUTQY-UHFFFAOYSA-N,Brc1cccc(Nc2ncnc3cc4c(ccn4CCCN4CCOCC4)cc23)c1,CHEMBL1797418,False,7.11,,1
CBFIWURGLMUIDN-UHFFFAOYSA-N,O=C(O)Cn1ccc2cc3c(Nc4cccc(Br)c4)ncnc3cc21,CHEMBL289162,False,5.75,,1
IKUBPVIBISSEJV-UHFFFAOYSA-N,COc1cc2ncc(C#N)c(Nc3cccc(O)c3)c2cc1OC,CHEMBL110577,False,5.2,,1
BOXDQGATHFGEIB-UHFFFAOYSA-N,COc1cc2ncc(C#N)c(Nc3ccc(C)c(Br)c3)c2cc1OC,CHEMBL111307,False,5.75,,1
PVGQFSJIEXPGDS-UHFFFAOYSA-N,COc1cc2ncc(C#N)c(Nc3cccc(N=[N+]=[N-])c3)c2cc1OC,CHEMBL113535,False,5.66,,1
AVKRWJGYHFZIQI-UHFFFAOYSA-N,N#Cc1cnc2cc3c(cc2c1Nc1cccc(Br)c1)OCO3,CHEMBL110062,False,5.17,,1
XVHPHLVYCRDHSU-UHFFFAOYSA-N,COc1cc2ncc(C#N)c(Nc3cccc(Br)c3)c2cc1NC(=O)C#CCN(C)C,CHEMBL116853,False,7.05,1.7320508075688772,3
VIYOBONKPRZWEN-UHFFFAOYSA-N,O=C1N=c2ncnc(Nc3ccc(F)c(Cl)c3)c2=C1Cc1ccc(C(=O)NCCN2CCOCC2)[nH]1,CHEMBL302552,True,7.66,,1
CTAZKUKBHBXUFJ-UHFFFAOYSA-N,COc1ccc(CC(CO)n2cc(-c3ccccc3)c3c(N)ncnc32)cc1,CHEMBL171256,False,4.84,,1
YEELQJLZRMCLAG-UHFFFAOYSA-N,COc1cc(O)c2c(=O)c(-c3cccc(Cl)c3)cn(CCc3ccccc3)c2c1,CHEMBL7810,False,5.61,0.2969848480983499,2
VVLHQJDAUIPZFH-UHFFFAOYSA-N,C=CC(=O)Nc1cccc(Nc2nc(Nc3ccc(Oc4ccnc(C(=O)NC)c4)cc3)ncc2F)c1,CHEMBL2216827,True,6.13,,1
CJIJVEOGUOJOMJ-GQCTYLIASA-N,O=C(/C=C/CN1CCCCC1)Nc1cc2c(Nc3ccc(F)c(Cl)c3)ncnc2cc1OCCCN1CCOCC1,CHEMBL3680375,True,7.95,0.0,2
YMQSEEOAYCTNQU-NSCUHMNNSA-N,COc1cc2ncnc(Nc3ccc(F)c(Cl)c3)c2cc1NC(=O)/C=C/CN1CCC(F)CC1,CHEMBL3680377,True,7.74,0.0,2
KFYRXHYWURCCBT-CQSZACIVSA-N,C=CC(=O)N1CCC[C@@H](n2nc(-c3cn(C)c4ccccc34)c3c(N)ncnc32)C1,CHEMBL4094959,True,7.46,0.12701705922171752,3
LYESCJLRRXBLPH-UHFFFAOYSA-N,C=CC(=O)Nc1cccc(N2C(=O)N(C)Cc3cnc(NC)nc32)c1,CHEMBL2029427,True,6.03,,1
CDMGBJANTYXAIV-UHFFFAOYSA-N,C[S+]([O-])c1ccc(-c2nc(-c3ccc(F)cc3)c(-c3ccncc3)[nH]2)cc1,CHEMBL10,False,4.51,0.6929646455628169,2
HNYSHAGTWNOVGB-UHFFFAOYSA-N,COCCN(C)CCN1CCC(n2cc(-c3cccc(OC)c3)c3c(N)ncnc32)CC1,CHEMBL274732,False,6.03,,1
OFIOGJDJFDCMJR-QPJJXVBHSA-O,C[N+](C)(C/C=C/C(=O)Nc1ccc2ncnc(Nc3cccc(Br)c3)c2c1)Cc1ccc([N+](=O)[O-])cc1,CHEMBL4439982,True,9.66,,1
IVJCIKOHVJLJMM-UHFFFAOYSA-N,Fc1ccc(Nc2ncnc3c2NCc2cc(Cl)ccc2O3)cc1Cl,CHEMBL205676,False,5.6850000000000005,0.44547727214752453,2
XGTMECPFTNLHDK-UHFFFAOYSA-N,Fc1ccc2c(c1)CNc1c(Nc3cccc(Br)c3)ncnc1O2,CHEMBL204965,False,5.49,0.4666904755831215,2
PFFBKPJBLXBNND-UHFFFAOYSA-N,COc1cc(OC2CCN(C(C)=O)CC2)c2c(Nc3ccc(F)c(Cl)c3)ncnc2c1,CHEMBL204330,False,6.06,,1
BTNALJYZXFMSPP-UHFFFAOYSA-N,Nc1ccc2c(c1)CNc1c(Nc3ccc(F)c(Cl)c3)ncnc1O2,CHEMBL206197,False,5.234999999999999,0.2757716446627536,2
PDHPVHXAEDIWBQ-UHFFFAOYSA-N,O=C1NCc2cc(Oc3ccc(Nc4ncnc5ccn(CCO)c45)cc3Cl)ccc21,CHEMBL2048790,False,6.29,,1
RKYBUDCAJWXFQO-QFIPXVFZSA-N,COc1cn2ncnc(Nc3ccc4c(cnn4Cc4cccc(F)c4)c3)c2c1COC[C@@H]1CNCCO1,CHEMBL395883,False,6.37,0.0,2
VWQGZWGCZQZISM-UHFFFAOYSA-N,O=C(CO)NC1CCN(Cc2ccn3ncnc(Nc4ccc5c(cnn5Cc5cccc(F)c5)c4)c23)CC1,CHEMBL247513,False,6.96,,1
VNSGZPKJDBAOQI-UHFFFAOYSA-N,CC(=O)NC1CCN(Cc2ccn3ncnc(Nc4ccc5c(cnn5Cc5cccc(F)c5)c4)c23)CC1,CHEMBL247512,False,6.42,,1
YVHIBMWTWVBAAS-UHFFFAOYSA-N,OCCNC1CCN(Cc2ccn3ncnc(Nc4ccc5c(cnn5Cc5cccc(F)c5)c4)c23)CC1,CHEMBL247104,False,7.32,,1
VSXDSBHUFXBAHM-NRFANRHFSA-N,N[C@H]1CCN(Cc2ccn3ncnc(Nc4ccc5c(cnn5Cc5cccc(F)c5)c4)c23)C1,CHEMBL246687,False,7.3,,1
VSXDSBHUFXBAHM-OAQYLSRUSA-N,N[C@@H]1CCN(Cc2ccn3ncnc(Nc4ccc5c(cnn5Cc5cccc(F)c5)c4)c23)C1,CHEMBL393848,False,7.22,,1
WDJUUISIVREQHL-UHFFFAOYSA-N,NC1CCN(Cc2ccn3ncnc(Nc4ccc5c(cnn5Cc5cccc(F)c5)c4)c23)CC1,CHEMBL248108,False,7.46,0.0,2
HPMSJOFQAVARBL-UHFFFAOYSA-N,COc1cc2nc(Cl)nc(Nc3ccc(S(C)(=O)=O)cc3)c2cc1OC,CHEMBL3098315,False,4.21,,1
HACJZPRDPDFNEL-UHFFFAOYSA-N,COc1cc2nc(Cl)nc(Nc3ccc(S(=O)(=O)Nc4nccs4)cc3)c2cc1OC,CHEMBL525527,False,5.01,,1
WDJAHURGRNMJIP-UHFFFAOYSA-N,COc1cc2nc(Cl)nc(Nc3ccc(S(N)(=O)=O)cc3)c2cc1OC,CHEMBL3098317,False,5.62,,1
WBWCDSIUSDPATH-UHFFFAOYSA-N,COc1ccccc1C(=O)NCc1ccc(-c2nn(C3CCC(=O)C3)c3ncnc(N)c23)cc1,CHEMBL5769497,False,5.26,0.0,2
XTFLKGHHTCJHHC-UHFFFAOYSA-N,COc1ccccc1C(=O)NCc1ccc(-c2nn(C3CCC(C)(O)CC3)c3ncnc(N)c23)cc1,CHEMBL5916409,False,6.26,0.0,4
SBAYNVDRRWGWPC-UHFFFAOYSA-N,COc1ccccc1C(=O)NCc1ccc(-c2nn(C3CCC(C(=O)O)CC3)c3ncnc(N)c23)cc1,CHEMBL5983676,False,6.26,0.0,2
ABAPXGKEVNECFX-UHFFFAOYSA-N,Nc1ncnc2c1c(-c1ccc(CNC(=O)c3cc4ccccc4[nH]3)cc1)nn2C1CCCC1,CHEMBL5775095,False,5.26,0.0,2
WRTHUOXDKGEYJQ-HNNXBMFYSA-N,C=CC(=O)Nc1cc2c(Nc3ccc(F)c(C#N)c3)ncnc2cc1O[C@H]1CCOC1,CHEMBL3622628,True,6.78,,1
LLMGJBSMLIPQLV-KRWDZBQOSA-N,C#Cc1cccc(Nc2ncnc3cc(O[C@H]4CCOC4)c(NC(=O)C=C)cc23)c1,CHEMBL3622625,True,7.49,,1
OPRGVJUSIWAHDE-UHFFFAOYSA-N,N#CC(=Cc1cc(O)c(O)c(O)c1)C(=N)C(C#N)C#N,CHEMBL78257,False,6.1,0.40991869112463464,3
LVXJQMNHJWSHET-AATRIKPKSA-N,COc1cc2ncnc(Nc3ccc(F)c(Cl)c3)c2cc1NC(=O)/C=C/CN1CCCCC1,CHEMBL2110732,True,8.22,0.2722861841553318,19
UHTHHESEBZOYNR-UHFFFAOYSA-N,COc1cc2c(Nc3ccc(Br)cc3F)ncnc2cc1OCC1CCN(C)CC1,CHEMBL24828,False,6.3,0.6824947869391635,22
KSKXCLMAVSEKHS-UHFFFAOYSA-N,COC(=O)c1c(OCCN2CCCCC2)c2ccccc2c2oc3c(c12)C(=O)c1ccccc1C3=O,CHEMBL200976,False,5.55,,1
OHYFDYUPUPHUDP-UHFFFAOYSA-N,CCN(CC)CCOc1c(C(=O)OC)c2c3c(oc2c2ccccc12)C(=O)c1ccccc1C3=O,CHEMBL202162,False,5.29,,1
FLOZHBPYVLGNOP-UHFFFAOYSA-N,CCOC(=O)CNc1cccc(Oc2cc(Nc3ccc(OCc4cccc(F)c4)c(Cl)c3)ncn2)c1,CHEMBL1928949,False,6.43,,1
GMHCEPVFLSLCMH-UHFFFAOYSA-N,O=C(COc1cc(F)c(F)c(F)c1)Nc1cccc(Oc2cc(Nc3ccc(OCc4cccc(F)c4)c(Cl)c3)ncn2)c1,CHEMBL1928959,False,6.14,,1
NRUVICOXXLOXCB-YACNBPEVSA-N,CO[C@H]1[C@@H](N(C)C(=O)CNC(=O)OC(C)(C)C)C[C@@H]2O[C@@]1(C)n1c3ccccc3c3c4c(c5c6ccccc6n2c5c31)C(=O)NC4,CHEMBL335931,False,5.46,,1
GQMZTFFTTCUZAW-UHFFFAOYSA-N,Cc1cccc(C)c1-c1cc2cnc(N)nc2nc1NC(=O)NC(C)(C)C,CHEMBL57323,False,6.21,,1
ZALNJTCOAIAQFA-UHFFFAOYSA-N,Cc1ccc(C(=O)C(C#N)=Cc2ccc(O)c(O)c2)cc1,CHEMBL54471,False,4.82,0.7159143337951352,3
WYQRWWCPRIGMCS-UHFFFAOYSA-N,c1ccc(-c2cccc(Nc3ncnc4cc5c(cc34)OCO5)c2)cc1,CHEMBL2419760,False,8.7,0.0,2
NAMMFALAYMFCHU-UHFFFAOYSA-N,Cc1ccc(-c2nc3cc(NC(=O)CCl)ccc3[nH]2)cc1,CHEMBL1812374,False,5.71,,1
DIZVEEIWWJAIEW-SNAWJCMRSA-N,COc1cc2c(Nc3ccc(C#N)cc3F)ncnc2cc1OC/C=C/CN1CCCC1,CHEMBL24026,False,6.1,,1
ZTSOUDMNSOYCTG-UHFFFAOYSA-N,Cc1cc(-c2cnc(Nc3cc(Cl)cc(Cl)c3)nc2NC2CCC(N(C)C)CC2)on1,CHEMBL2312654,False,6.23,,1
PIKLKDCPFVVYDK-QZTJIDSGSA-N,CN1CCC(NC(=O)c2cnc(Nc3cc(Cl)cc(Cl)c3)nc2N[C@@H]2COC[C@H]2O)CC1,CHEMBL2312652,False,4.52,,1
IHJZXCJKSRQJCM-UHFFFAOYSA-N,COc1ccccc1CNc1ncc(C(=O)NC2CCN(C)CC2)c(NC2CCCC2)n1,CHEMBL2312645,False,4.52,,1
BQECKBKOOADETI-UHFFFAOYSA-N,Oc1ccc(-c2cc3c(NCc4cccc(F)c4)ncnc3[nH]2)cc1,CHEMBL1914664,False,7.28,,1
PTPSYWCHGKIOKO-BGYRXZFFSA-N,CC#CC(=O)N[C@H]1CC[C@@H](n2nc(-c3ccc(Oc4ccccc4)cc3)c3c(N)ncnc32)CC1,CHEMBL3921655,False,6.81,0.0,2
FPWNNWBZEMXQNZ-UHFFFAOYSA-N,Cc1c(C#N)c(NCCO)nc2nc(NCCO)nc(N)c12,CHEMBL1910275,False,4.32,,1
FXXJFJZPESCIJK-QPJJXVBHSA-N,CN(C)C/C=C/C(=O)NCCn1ccc2ncnc(Nc3ccc(Oc4cccc(C(F)(F)F)c4)c(Cl)c3)c21,CHEMBL2322329,True,8.34,,1
NXHYNRVQMNWSGW-UHFFFAOYSA-N,Fc1ccccc1COc1cccc(-c2[nH]ncc2-c2ccncc2)c1,CHEMBL5567060,False,7.23,,1
ULPBTMCLMXCXEB-UHFFFAOYSA-N,CC(C)n1nc(-c2ccc3c[nH]nc3c2)c2c(N)ncnc21,CHEMBL1242477,False,5.6,,1
AUHSSWFYYYDTKY-UHFFFAOYSA-N,Cn1cnc(-c2ccc(OC(F)(F)F)c(NC(=O)Nc3ccncc3)c2)c1,CHEMBL3752825,False,7.02,,1
DTUCHVRTWHBOKV-UHFFFAOYSA-N,COc1cc2ncnc(Nc3cccc(C#N)c3)c2cc1OC,CHEMBL2333998,False,6.38,,1
UOEJSOXEHKCNAE-UHFFFAOYSA-N,Cc1ccc(NC(=O)c2ccccc2)cc1Nc1nccc(-c2cccnc2)n1,CHEMBL20926,False,4.19,,1
AGHWMRPFXCFHBW-UHFFFAOYSA-N,COc1cc(C2c3[nH]c4ccccc4c3CCN2C)ccc1OC(=O)c1ccccc1,CHEMBL5523558,False,4.06,,1
MUFCOBQTESUAKV-UHFFFAOYSA-N,COc1cc(C=C(C#N)C(N)=O)cc(CSc2ccc(O)cc2)c1O,CHEMBL419047,True,5.6,0.0,2
ZMNFDHUHGSRAII-UHFFFAOYSA-N,COc1cc(C=C(C#N)C#N)cc(C)c1O,CHEMBL120564,False,4.06,0.0,2
XUVJSTLMTULKRD-UHFFFAOYSA-N,CCCCNC(=O)c1ccc(N(CCCl)CCCl)cc1,CHEMBL590083,False,4.64,,1
BIWPVOALWJBGSX-UHFFFAOYSA-N,CCOc1cc2ncnc(Nc3cccc(-c4ccco4)c3)c2cc1OCC,CHEMBL125086,False,8.52,,1
ANGLIRBRVUCNTD-UHFFFAOYSA-N,CC1=NC(NN)=NC(c2ccc(O)cc2O)C1C(=O)Nc1cccc([N+](=O)[O-])c1,CHEMBL1077095,True,4.32,,1
VYRBXZGQHWRXMQ-UDWIEESQSA-N,CC1=NC(NN2C(=O)/C(=C\c3cccs3)SC2=S)=NC(c2ccc(O)cc2O)C1C(=O)Nc1cccc([N+](=O)[O-])c1,CHEMBL1077085,True,4.09,,1
ZRTDGPKHIJCQNA-PGWJBFNOSA-N,COCCCN1CCC([C@H]2CC[C@H](n3nc(-c4ccc5[nH]c(Cc6ccccc6Cl)nc5c4)c4c(N)ncnc43)CC2)CC1,CHEMBL2374457,False,7.24,,1
OPYYYPKXOUKXEH-UHFFFAOYSA-N,COc1cc2ncc(C#N)c(Nc3ccc(F)c(Cl)c3)c2cc1OCCCN1CCOCC1,CHEMBL99024,False,5.98,,1
RYCIKEDAOOTILW-UHFFFAOYSA-N,COc1cc(Nc2ncc3cc(-c4c(Cl)cccc4Cl)c(=O)n(C)c3n2)cc(OC)c1,CHEMBL324926,False,6.48,,1
ONRWTAOPQXIJBJ-UHFFFAOYSA-N,CCOC(C)Oc1cc2ncnc(Nc3ccc(F)c(C#N)c3)c2c2c1OCCO2,CHEMBL3805654,False,6.45,,1
DYSPBKSWPGPRBB-UHFFFAOYSA-N,Fc1ccc(Nc2ncnc3cc(OCC4CCCO4)c4c(c23)OCCO4)cc1Cl,CHEMBL3806213,False,7.62,,1
GSVZKVUECPSJDL-UHFFFAOYSA-N,COCCOc1cc2ncnc(Nc3ccc(F)c(Cl)c3)c2c2c1OCCO2,CHEMBL3806110,False,7.88,,1
YCEBQSCORJBKQM-UHFFFAOYSA-N,Clc1cccc(Nc2ncnc3cc(OCCCN4CCOCC4)c4c(c23)OCCO4)c1,CHEMBL3805681,False,7.66,,1
NZHAVEPSCYGCPU-UHFFFAOYSA-N,CCN(CC)CCCNc1ncc2cc(-c3c(Cl)cccc3Cl)c(=O)n(C)c2n1,CHEMBL50470,False,5.859999999999999,0.014142135623730963,2
QHESHAOBGKRAPW-UHFFFAOYSA-N,COc1cc(Nc2c(C#N)cnc3cc(-c4ccc(CN5CCOCC5)cc4)ccc23)c(Cl)cc1Cl,CHEMBL322395,False,5.52,,1
KKXQNAGTKHZSRD-UHFFFAOYSA-N,NC(=S)N1N=C(c2ccc(Cl)c(Cl)c2)CC1c1ccccc1Br,CHEMBL1173601,False,5.19,,1
DQVOWUXKZUVAOF-UHFFFAOYSA-N,CC(=O)N1N=C(c2ccc(Cl)c(Cl)c2)CC1c1ccc(C)cc1,CHEMBL1171822,False,4.71,,1
WFTQBZVNGVFVSA-UHFFFAOYSA-N,CC(=O)N1N=C(c2ccc(Cl)c(Cl)c2)CC1c1ccccc1,CHEMBL1172419,False,4.54,,1
XMFXBOGXTNAKKW-UHFFFAOYSA-N,N#CC(=Cc1ccc(O)c(O)c1)C(=O)NC1CCCCC1,CHEMBL417941,True,5.23,0.3290896534380863,3
UDUPSRWUDACGIS-UHFFFAOYSA-N,Nc1ncnc2c1c(-c1ccc(Cl)c(O)c1)nn2C1CCCC1,CHEMBL1241676,False,7.17,,1
WLLDKVYCGDHDLF-UHFFFAOYSA-N,COc1ccc(-c2nn(C(C)(C)C)c3ncnc(N)c23)cc1OC,CHEMBL1242379,False,5.2,,1
VIPOQJAHVKQJOC-FARCUNLSSA-N,OB(O)/C=C/COc1ccc2ncnc(Nc3cccc(Cl)c3)c2c1,CHEMBL3347488,False,6.57,,1
GJDNPLFIVITRLH-HXUWFJFHSA-N,CS(=O)(=O)N1CCC[C@@H]1C#Cc1cc2ncnc(Nc3ccc(OCc4cccc(F)c4)c(Cl)c3)c2s1,CHEMBL495733,False,6.92,,1
SHMDVAIGKWZURP-UYAOXDASSA-N,CS(=O)(=O)O[C@H]1CN[C@H](C#Cc2cc3ncnc(Nc4ccc(OCc5cccc(F)c5)c(Cl)c4)c3s2)C1,CHEMBL500115,False,7.09,,1
QHVIPDJZOQGJIA-FYYLOGMGSA-N,O=C(O[C@H]1CN[C@H](C#Cc2cc3ncnc(Nc4ccc(OCc5cccc(F)c5)c(Cl)c4)c3s2)C1)N1CCNCC1,CHEMBL499534,False,7.2,,1
YEIAMNOHYKXSFB-CTNGQTDRSA-N,CN(C)C(=O)O[C@@H]1CN[C@H](C#Cc2cc3ncnc(Nc4ccc(OCc5cccc(F)c5)c(Cl)c4)c3s2)C1,CHEMBL466615,False,7.1,,1
ZSEGLDLVMVNHRZ-UHFFFAOYSA-N,CN1CCN(C2CCN(c3ccc(Nc4ncc(Cl)c(Nc5ccccc5P(C)(C)=O)n4)cc3OC(F)(F)F)CC2)CC1,CHEMBL5077866,False,6.8,,1
DUYJMQONPNNFPI-UHFFFAOYSA-N,C=CC(=O)Nc1cc(Nc2nccc(-c3cn(C)c4ccccc34)n2)c(OC)cc1N(C)CCN(C)C,CHEMBL3353410,True,7.465,1.0316795039497761,60
SPTLACGKSKKWCI-KCHLEUMXSA-N,CCCCCCCCCCCC(=O)N[C@@H]1[C@H]2Oc3ccc(Oc4ccnc5c4CCC(=O)N5)cc3[C@@H]12,CHEMBL5942345,False,6.09,0.27209067116190033,3
GZMNVFUTIXSVMI-QPJJXVBHSA-N,Cc1ncc([N+](=O)[O-])n1CCOC(=O)/C=C/c1ccc(F)cc1,CHEMBL1172802,False,5.38,,1
DDFVEPVOFUZFCZ-AATRIKPKSA-N,Cc1ncc([N+](=O)[O-])n1CCOC(=O)/C=C/c1cccc([N+](=O)[O-])c1,CHEMBL1172950,False,4.84,,1
CPMAFVDAGIOEIE-UHFFFAOYSA-N,COc1ccccc1C(=O)NCc1ccc(-c2nn(C3CCC4(C3)OCCO4)c3ncnc(N)c23)cc1,CHEMBL5885178,False,6.26,0.0,2
VTPWWNYPRPJWNM-UHFFFAOYSA-N,Fc1ccc(Nc2ncnc3nc(Nc4ccccc4)sc23)cc1Cl,CHEMBL469997,False,7.23,,1
NDQDOSYMYFLJFT-RUZDIDTESA-N,CN1CCN([C@@H]2CCCN(c3cnc(C(N)=O)c(Nc4ccc(C5(C)CCN(C6CCCC6)CC5)cc4)n3)C2)C1=O,CHEMBL5889117,False,6.26,,1
BRHOGFZRGDIAMT-UHFFFAOYSA-N,COc1cc2ncnc(Oc3cccc(Br)c3)c2cc1OC,CHEMBL98798,False,5.12,,1
XUCWVTDFYWWXFG-DIUUEDGKSA-N,COc1cc2c(Nc3ccc(Cl)c(Cl)c3F)ncnc2cc1OCC1CO[C@@H]2[C@@H](OC)CO[C@H]12,CHEMBL5969564,False,6.28,,1
LIXBPKCPMMFCNP-UHFFFAOYSA-N,COc1cc2ncnc(Nc3cccc(Cl)c3F)c2cc1CN(C)C(C)C(N)=O,CHEMBL207687,False,8.075,0.035355339059325995,2
RRWSNCZYJCOEFX-UHFFFAOYSA-N,CC(C)(C)NC(=O)Nc1nc2nc(N)ncc2cc1-c1c(Cl)cccc1Cl,CHEMBL57366,False,6.35,0.0,2
DYEJYFAQYRMVFS-UHFFFAOYSA-N,CC(C)n1nc(-c2cc(F)c(O)cc2F)c2c(N)ncnc21,CHEMBL1242028,False,5.16,,1
DINPOPQNCDTVPQ-UHFFFAOYSA-N,COc1ccc(-c2nn(C)c3ncnc(N)c23)cc1O,CHEMBL1241301,False,4.0,,1
CJFWNLXLAAHQJY-UHFFFAOYSA-N,COc1ccc(-c2nn(C(C)C)c3ncnc(N)c23)cc1OC,CHEMBL1242290,False,5.52,,1
UVWRRZRGHPHHLL-QHCPKHFHSA-N,N#Cc1cnc2cc(OC[C@@H](O)CO)c(NC(=O)CC3CSSC3)cc2c1Nc1ccc(OCc2cccc(F)c2)c(Cl)c1,CHEMBL4646030,False,7.3,1.136818869854447,7
BTIIVZRTAZXKHX-UHFFFAOYSA-N,CCOc1cc2ncc(C#N)c(Nc3ccc(OCc4cccc(F)c4)c(Cl)c3)c2cc1NC(=O)C(CSC(C)=O)CSC(C)=O,CHEMBL4531250,False,6.779999999999999,0.7353910524340092,2
JQVCQRHMQDKKRO-UHFFFAOYSA-N,CCOc1cc2ncc(C#N)c(Nc3ccc(F)c(Cl)c3)c2cc1NC(=O)CC1CCSS1,CHEMBL4451538,False,6.26,,1
FNFJNUTXQRGXER-UHFFFAOYSA-N,C=CC(=O)Nc1ccc2ncnc(Nc3ccc(C(C)(C)C)cc3)c2c1,CHEMBL1221700,True,6.16,,1
HVZJCIZSFTWSMN-UHFFFAOYSA-N,N#CN1CCCC(n2nc(-c3ccc(Oc4ccccc4)cc3)c(C(N)=O)c2N)C1,CHEMBL5842396,False,5.77,0.0,2
HOUMQZGBNXSVNG-QGZVFWFLSA-N,C=CC(=O)N1CCC[C@@H](n2nc(-c3ccc(Oc4ccc(Cl)cc4)cc3)c(C(N)=O)c2N)C1,CHEMBL4520801,True,8.1,,1
VQBKLKLRBAFOAA-XVNBXDOJSA-N,NC(=O)c1c(-c2ccc(Oc3cccc(C(F)(F)F)n3)cc2)nn(C2CCCN(C(=O)/C=C/CO)C2)c1N,CHEMBL5994880,True,4.85,0.0,2
DXASYTJLINRTNC-UHFFFAOYSA-N,COc1cc2c(Oc3ccc(NS(=O)(=O)c4ccccc4C(F)(F)F)cc3F)ccnc2cc1OCCCN1CCOCC1,CHEMBL4536115,False,6.19,,1
SZLAQBNHGVKZED-OWOJBTEDSA-N,O=C(/C=C/CN1CC2(CCOCC2)C1)Nc1cc2c(Nc3ccc(F)c(Cl)c3)ncnc2s1,CHEMBL3233794,True,5.67,,1
BOSZCJUMGAKJHO-UHFFFAOYSA-N,Cc1sc([Se]c2sc(C)c(-c3cccc(Cl)c3)c2C(=O)NC(CO)C(=O)N2CCCC2)c(C(=O)NC(CO)C(=O)N2CCCC2)c1-c1cccc(Cl)c1,CHEMBL5395404,False,6.14,,1
ZHTUALQWFKSYPM-UHFFFAOYSA-N,NC(=S)N1N=C(c2ccc(Br)c(Br)c2)CC1c1ccccc1Br,CHEMBL1173250,False,4.96,,1
ODEJPNUERGGKHW-UHFFFAOYSA-N,COc1cc(N2CCN(C)CC2)ccc1Nc1ncc(Cl)c(Oc2cccc(COc3no[n+]([O-])c3S(=O)(=O)c3ccccc3)c2)n1,CHEMBL2408828,False,6.89,,1
YOUIWBFLRYPWPG-UHFFFAOYSA-N,NC(=S)N1N=C(c2ccc(Br)c(Br)c2)CC1c1ccccc1F,CHEMBL1173324,False,4.87,,1
DUCBKFANLUPMGX-UHFFFAOYSA-N,COc1cc2ncnc(Nc3cc(Cl)ccc3F)c2cc1OCCCN1CCOCC1,CHEMBL384699,False,7.29,,1
HTUBKQUPEREOGA-UHFFFAOYSA-N,C=CC(=O)Nc1ccc2ncnc(Nc3cccc(Br)c3)c2c1,CHEMBL285063,True,8.7,1.2746272887690446,14
LMKVUAKMZVPHNQ-UHFFFAOYSA-N,O=C(Nc1ccc2ncnc(Nc3cccc(Br)c3)c2c1)C1CCSS1,CHEMBL217536,False,7.22,,1
UIMWWLHPSZWOBD-UHFFFAOYSA-N,C=CC(=O)Nc1cc2c(Nc3ccc(Br)cc3F)ncnc2cc1OCC1CCN(C(=O)C(F)(F)F)CC1,CHEMBL3671476,True,7.33,0.0,2
ABWOJCSTHNOIOW-UHFFFAOYSA-N,CCOC(=O)CCCn1c(=O)oc2cc3ncnc(Nc4cc(C)cc(C)c4)c3cc21,CHEMBL3612599,False,5.82,,1
GEZALMMCQYDFML-UHFFFAOYSA-N,CC(C)n1nc(-c2ccc3ncccc3c2)c2c(N)ncnc21,CHEMBL1233882,False,6.21,0.0,2
MWYBBCLGEHZSCP-UHFFFAOYSA-N,CC(C)n1nc(-c2cccc(O)c2)c2c(N)ncnc21,CHEMBL1230790,False,6.02,0.0,2
ITOYZJGFTNTKKR-UHFFFAOYSA-N,COc1ccc(-c2nn(C3CCC3)c3ncnc(N)c23)cc1OC,CHEMBL1233881,False,5.64,0.0,2
RQHIAPDOHIVIBW-UHFFFAOYSA-N,CN(CC(=O)O)c1c(Br)cccc1Nc1ncnc2ccncc12,CHEMBL271113,False,7.79,,1
FPGJWVXUENTRSF-UHFFFAOYSA-N,CN(CCO)c1c(Br)cccc1Nc1ncnc2ccncc12,CHEMBL408397,False,8.58,,1
COTLDEHUICFEBP-UHFFFAOYSA-N,Cc1cccc(Nc2ncnc3cnc(NCCN4CCOCC4)nc23)c1,CHEMBL299881,False,8.63,,1
OLZKKHBEDMOWRD-UHFFFAOYSA-N,Cc1cccc(Nc2ncnc3cnc(N)nc23)c1,CHEMBL298931,False,7.76,,1
WMBRHVWLKLLTEE-UHFFFAOYSA-N,CNc1ccc2c(Nc3cccc(Br)c3)ncnc2n1,CHEMBL298637,False,7.28,,1
KXQSONXECJTULQ-UHFFFAOYSA-N,Brc1cccc(Nc2ncnc3ccncc23)c1,CHEMBL52665,False,7.45,,1
MCNVTWIIWNZMGB-UHFFFAOYSA-N,COc1cc2ncnc(Nc3ccc(Br)cc3)c2cc1OC,CHEMBL328106,False,10.14,,1
ZBOJKFDQWQBBHE-UHFFFAOYSA-N,CCCOc1cc2ncnc(Nc3cccc(Br)c3)c2cc1OCCC,CHEMBL418967,False,9.76,,1
LVYWXEWYKYOVOX-UHFFFAOYSA-N,CN(C)c1cc2ncnc(Nc3cccc(Br)c3)c2cc1N,CHEMBL96489,False,6.79,,1
GXYLLTHBINHTRN-UHFFFAOYSA-N,CCNc1ccc2c(Nc3cccc(Br)c3)ncnc2c1,CHEMBL420254,False,7.92,,1
RGKYDFXVADGYLB-UHFFFAOYSA-N,COC(=O)Nc1ccc2ncnc(Nc3cccc(Br)c3)c2c1,CHEMBL328691,False,7.92,,1
DFWBDVRBHHFDNZ-UHFFFAOYSA-N,COc1cc2ncnc(Nc3cccc(F)c3)c2cc1OC,CHEMBL94431,False,8.01,0.5798275605729691,2
DLVMGJPGJHCIJW-UHFFFAOYSA-N,Nc1ccc2ncnc(Nc3cccc(C(F)(F)F)c3)c2c1,CHEMBL328244,False,6.24,,1
AHFDWKXLJCGQHE-UHFFFAOYSA-N,Cc1cccc(Nc2ncnc3ccccc23)c1,CHEMBL441083,False,6.04,,1
SINHNCOFBIYLPM-UHFFFAOYSA-N,CNc1ncc2ncnc(Nc3cccc(Br)c3)c2n1,CHEMBL299622,False,9.11,,1
BWXVBEQVOBGQHC-UHFFFAOYSA-N,Brc1cccc(Nc2ncnc3cnccc23)c1,CHEMBL51265,False,7.29,,1
BFXGHOJOXUBCTO-UHFFFAOYSA-N,C=CCN(C)CC#CC(=O)Nc1ccc2ncnc(Nc3cccc(Br)c3)c2c1,CHEMBL414220,False,7.15,,1
OELHXJQUNXVIPN-SQUITACLSA-N,COc1ccc(/C=C/C(=O)Nc2cc3c(Nc4ccc(F)c(Cl)c4)ncnc3cc2O[C@H]2CCOC2)c(OC)c1OC,CHEMBL3763790,True,8.44,,1
JTRXGTLYGPZLRF-AWEZNQCLSA-N,O=C(Nc1cc2c(Nc3ccc(F)c(Cl)c3)ncnc2cc1O[C@H]1CCOC1)N1CC(O)C1,CHEMBL3092318,False,6.26,,1
UOGHOWRNOZLTER-HNNXBMFYSA-N,CN(C)CCNC(=O)Nc1cc2c(Nc3ccc(F)c(Cl)c3)ncnc2cc1O[C@H]1CCOC1,CHEMBL3092306,False,6.2,,1
HFTCWQMJXWAUAN-UHFFFAOYSA-N,COc1c(F)cccc1C(=O)NCc1ccc(-c2nn(C3CCCC3)c3ncnc(N)c23)cc1,CHEMBL5914586,False,5.26,0.0,2
QVHFAUADDZADAN-UHFFFAOYSA-N,Cc1ccc(Nc2ncnn3cccc23)cc1O,CHEMBL185853,False,6.0649999999999995,0.3181980515339468,2
JWNAINYXINYHML-UHFFFAOYSA-N,C=CC(=O)Nc1cccc(-n2c(=O)cnc3cnc(Nc4ccc(C(N)=O)cc4)nc32)c1,CHEMBL2437467,True,7.92,,1
BIUVCZQWTOSTRS-UHFFFAOYSA-N,C=CC(=O)Nc1cccc(-n2c(=O)cnc3cnc(Nc4ccc(N(CC)CC)cc4)nc32)c1,CHEMBL2437465,True,7.84,,1
VJFSMDWEMFOWDK-UHFFFAOYSA-N,C=CC(=O)Nc1cccc(-n2c(=O)cnc3cnc(Nc4ccc(N5CCCCC5)cc4)nc32)c1,CHEMBL2437463,True,7.8,,1
QORCTIWVCPEZSB-UHFFFAOYSA-N,COc1ccc(CCOc2ccc(C(=O)C=Cc3ccc(O)c(O)c3)cc2OC)cc1OC,CHEMBL5169900,False,4.95,,1
XGSCWZVQRNHENL-RMKNXTFCSA-N,C#Cc1cccc(Nc2ncnc3ccc(S(=O)(=O)n4ccc(/C=C/C(O)=NO)c4)cc23)c1,CHEMBL3218002,True,5.92,0.0,2
IZWVMBDZDRQDDZ-UHFFFAOYSA-N,c1ccc(Nc2ncnc3[nH]nc(Nc4ccccc4)c23)cc1,CHEMBL332333,False,7.24,,1
YTUFHOKUFOQRDF-UHFFFAOYSA-N,O=C(Nc1nccs1)C(c1cc(F)ccc1O)N1Cc2ccccc2C1=O,CHEMBL4214567,False,5.37,0.40158021199589294,4
DQBAMHZHOAVYCJ-LJQANCHMSA-N,COc1ccc(-c2cc3c(N[C@H](CCO)c4ccccc4)ncnc3o2)cc1,CHEMBL3961961,False,8.4,,1
XNPYKJZCUMPDLU-CYBMUJFWSA-N,C[C@@H](Nc1ncnc2oc(-c3cccc(O)c3)cc12)c1ccccc1,CHEMBL3956112,False,8.34,,1
KVBFMJDTLAIVSN-UHFFFAOYSA-N,CN(Cc1ccccc1)c1ncnc2[nH]c(-c3ccc(CO)cc3)cc12,CHEMBL5431583,False,7.7,0.0,2
JOFQQHKMORZRGK-UHFFFAOYSA-N,COc1ccc2c(c1)Oc1ncnc(Nc3ccc(F)c(Cl)c3)c1NC2,CHEMBL206347,False,5.525,0.6717514421272199,2
SBGSTANUSUBCFW-UHFFFAOYSA-N,Fc1ccc2c(c1)CNc1c(Nc3ccc(F)c(Cl)c3)ncnc1O2,CHEMBL424853,False,5.57,0.6081118318204308,2
UFZYNIZBKBEQKI-UHFFFAOYSA-N,COc1ccc2c(c1)CNc1c(Nc3cccc(Br)c3)ncnc1O2,CHEMBL383444,False,5.755,0.34648232278140845,2
ROTDOJSNAHYSFL-UHFFFAOYSA-N,CC(=O)Nc1nc(C(=O)NNC(=O)CCN2CCCCC2)cs1,CHEMBL5282535,False,5.04,,1
SRNHAKVSFVSSPN-UHFFFAOYSA-N,COc1cc2c(Nc3ccc(-c4nc5ccccc5s4)c(Cl)c3)ncnc2cc1OCCCN1CCN(C)CC1,CHEMBL593274,False,7.8,,1
GEJMJYDZLHWEBY-UHFFFAOYSA-N,C=CC(=O)N1CCc2c(sc3ncnc(Nc4cccc(C)c4F)c23)C1,CHEMBL3133895,True,5.4,,1
YCZXSFVRCNXMRF-UHFFFAOYSA-N,C=CC(=O)Nc1ccc2ncnc(Nc3ccc(S(=O)(=O)Nc4ccccn4)cc3)c2c1,CHEMBL3133893,True,5.01,,1
UODMDCYUZIYYAM-UHFFFAOYSA-N,C=CC(=O)Nc1ccc2ncnc(Nc3ccccc3CC)c2c1,CHEMBL3133907,True,4.72,,1
FHYFHSYZOSQOFM-UHFFFAOYSA-N,Cc1cc(C=C2C(=O)Nc3ncnc(Nc4ccc(F)c(Cl)c4)c32)[nH]c1C(=O)N1CCN(C)CC1,CHEMBL69964,True,6.68,,1
HXHAJRMTJXHJJZ-UHFFFAOYSA-N,NC(=O)c1c(OCc2c(F)cc(Br)cc2F)nsc1NC(=O)NCCCCN1CCCC1,CHEMBL253969,False,5.23,,1
PDXLFGKJVASXTN-IYRWYFENSA-N,COc1cc2c(Nc3ccc(F)c(Cl)c3)ncnc2cc1OCCCN1C[C@H](O)[C@@H](O)[C@H](O)[C@H]1CO,CHEMBL4086056,False,8.75,,1
UFXSXKGMRKSRAK-MMOYSQFZSA-N,COc1cc(/C=C2\CCC/C(=C\c3ccccc3OC)C2=O)cc(OC)c1,CHEMBL2316152,False,4.68,,1
MTWBBTPEPAYVAA-KVOOEGMKSA-N,COc1cc(/C=C2\CCC/C(=C\c3ccc(N(C)C)cc3)C2=O)cc(OC)c1,CHEMBL2316154,False,5.4,,1
LCTMHSXNDBNPAF-GCBPPVMSSA-N,COc1cc(/C=C2\CCC/C(=C\c3cc(OC)cc(OC)c3)C2=O)cc(OC)c1,CHEMBL2316157,False,5.68,,1
BLYRPGBSIKAIAU-UHFFFAOYSA-N,Nc1ncnc2c1c(-c1cccc(O)c1)cn2C1CCCC1,CHEMBL169390,False,7.1,,1
PKVCAQKGXZUIDA-ZTJJKMQJSA-N,COc1ccc(/C=C/C(=O)Nc2cc3c(Nc4ccc(F)c(Cl)c4)ncnc3cc2O[C@H]2CCOC2)cc1,CHEMBL3763360,True,8.04,,1
BPLKICTZHXZIOZ-CAOOACKPSA-N,Clc1ccc(/C=N/c2nnc(-c3cccnc3)o2)cc1,CHEMBL4569755,False,5.95,,1
KMXFOTQAKQWIOA-UHFFFAOYSA-N,Nc1ccc(Nc2[nH]nc3ncnc(Nc4cccc(Cl)c4)c23)cc1,CHEMBL332612,False,8.3,,1
XLFNLJYGUOLEJS-SFHVURJKSA-N,CC1(C)C(=O)N([C@H]2CCc3c(O)cccc32)c2nc(Nc3ccccc3)ncc21,CHEMBL3884319,False,5.0,,1
LNBNLTRDQFABLX-UHFFFAOYSA-N,CCNC(=S)NNc1nncc2ccccc12,CHEMBL1380839,False,7.12,,1
GDMQQLTUNQPLAX-UHFFFAOYSA-N,CNc1ncc(C(=O)Nc2cc(C(=O)Nc3ccc(CN4CCN(C)CC4)c(C(F)(F)F)c3)ccc2C)cn1,CHEMBL3234744,False,6.92,,1
ZCMYRJKAOMVSNJ-UHFFFAOYSA-N,Cc1ccc(C(=O)Nc2ccc(CN3CCN(C)CC3)c(C(F)(F)F)c2)cc1NC(=O)c1cnc(NC(C)C)nc1,CHEMBL3234746,False,7.37,,1
RPGBOGQFYIGBSZ-UHFFFAOYSA-N,Cc1ccc(C(=O)Nc2ccc(CN3CCN(C)CC3)c(C(F)(F)F)c2)cc1NC(=O)c1cnc2[nH]ncc2c1,CHEMBL3234753,False,7.52,,1
KQOKTNOLEYYOGF-UHFFFAOYSA-N,COc1cc(C=C(C#N)C(N)=O)cc(CSCc2ccccc2)c1O,CHEMBL326318,True,6.05,0.19629909152447267,3
IEYXXRSUGCKRPU-UHFFFAOYSA-N,O=C(Nc1ccccc1Cl)c1ccc(N(CCCl)CCCl)cc1,CHEMBL592710,False,5.02,,1
NZRMGYDVIOWIFT-UHFFFAOYSA-N,O=C(Nc1ccc(F)cc1)c1ccc(N(CCCl)CCCl)cc1,CHEMBL592711,False,5.76,,1
BLKHBMPRDHTKGF-UHFFFAOYSA-N,O=C(Nc1ccc(Br)cc1)c1ccc(N(CCCl)CCCl)cc1,CHEMBL589831,False,6.03,,1
HJTDMSVRZXFXDK-UHFFFAOYSA-N,CCCCN(CCCC)C(=O)c1ccc(N(CCCl)CCCl)cc1,CHEMBL589119,False,4.51,,1
SMUJOARBULKATQ-UHFFFAOYSA-N,O=C(NCc1ccccc1)c1ccc(N(CCCl)CCCl)cc1,CHEMBL589847,False,4.76,,1
QEWGTHVMSDULHL-UHFFFAOYSA-N,C=CC(=O)Nc1cc2c(Nc3ccc(Br)cc3F)ncnc2cc1OCCNC(=O)C(=O)OCC,CHEMBL3671541,True,7.01,0.0,2
BVCQMVAUBMWNAI-UHFFFAOYSA-N,C=CC(=O)Nc1cc2c(Nc3ccc(Br)cc3F)ncnc2cc1OCCNC(=O)CN1CCN(C)CC1,CHEMBL3671571,True,7.92,0.0,2
OXWGUAZBIPGMPW-UHFFFAOYSA-N,N#CC(=Cc1cc(CSc2ccccc2)c(O)c(OCc2ccccc2)c1)C(N)=O,CHEMBL490569,True,6.1,,1
DSRUNANRDDLTEB-UHFFFAOYSA-N,Nc1[nH]nc2cccc(-c3ccc(NC(=S)Nc4cc(Br)ccc4OC(F)(F)F)cc3)c12,CHEMBL4160854,False,5.27,,1
NKPUKLSVXYDTLL-UHFFFAOYSA-N,CCCCNC(=S)NNc1nncc2ccccc12,CHEMBL3905411,False,7.28,,1
GCACQFKGBBFZLV-UHFFFAOYSA-N,COc1cc(N2CCC(N3CCCCC3)CC2)ccc1Nc1nccc(-c2c(-c3cccc(C(=O)Nc4ccc(Cl)cc4F)c3)nc3ccccn23)n1,CHEMBL3907756,False,6.0,,1
WVUNYSQLFKLYNI-AATRIKPKSA-N,CCOc1cc2ncc(C#N)c(Nc3ccc(F)c(Cl)c3)c2cc1NC(=O)/C=C/CN(C)C,CHEMBL607707,True,7.41,1.3017197416165607,15
JWNPDZNEKVCWMY-VQHVLOKHSA-N,CCOc1cc2ncc(C#N)c(Nc3ccc(OCc4ccccn4)c(Cl)c3)c2cc1NC(=O)/C=C/CN(C)C,CHEMBL180022,True,7.05,1.292514209769525,19
XNGPUTOLQIOMMI-DEOSSOPVSA-N,CCC(=O)N1CC[C@H](N2C(=O)N(c3cc(OC)ccc3F)Cc3cnc(Nc4ccc(N5CCN(C)CC5)c(C)c4)nc32)C1,CHEMBL4096822,False,6.44,,1
AGVVGJSHYUQFTD-DEOSSOPVSA-N,CCC(=O)N1CC[C@H](N2C(=O)N(c3cc(OC)ccc3F)Cc3cnc(Nc4ccc(N5CCN(C)CC5)cc4C)nc32)C1,CHEMBL4074615,False,5.6,,1
IJZAEIXTZMXNMM-VWLOTQADSA-N,CCC(=O)N1CC[C@H](N2C(=O)N(c3cc(OC)ccc3F)Cc3cnc(Nc4ccc(N5CCN(C)CC5)c(C(C)C)c4)nc32)C1,CHEMBL4083916,False,6.44,,1
NWCYCFSBFJBRBX-DEOSSOPVSA-N,CCC(=O)N1CC[C@H](N2C(=O)N(c3cc(OC)ccc3F)Cc3cnc(Nc4ccc(N(C)CCN(C)C)c(C)c4)nc32)C1,CHEMBL4076515,False,5.89,,1
RJJLWCAGCDVRBE-UHFFFAOYSA-N,COCCOc1cc2ncnc(Nc3ccc(Cl)c([N+](=O)[O-])c3)c2c2c1OCCO2,CHEMBL3806200,False,7.44,,1
OCPACVFCWMESLD-UHFFFAOYSA-N,CCOc1cc2ncnc(Nc3cccc(-c4cncnc4)c3)c2cc1OCC,CHEMBL126974,False,5.96,,1
AWQLTDUXGVCRBV-UHFFFAOYSA-N,C=CC(=O)Nc1ccc2ncnc(Nc3cccc(C)c3)c2c1,CHEMBL31815,True,9.38,,1
MKCYPWYURWOKST-INIZCTEOSA-N,C=CC(=O)N[C@H]1C=C(C)c2c(-c3cnc4ccccc4c3)c3c(N)ncnc3n2C1,CHEMBL4650281,True,7.605,1.0089722493706164,4
FNNWNXFWBPLQIV-KRWDZBQOSA-N,C=CC(=O)N1CCCC[C@H]1c1nc(-c2ccc(C(=O)Nc3cc(Br)ccn3)cc2)c(C(N)=O)n1N,CHEMBL4878421,True,6.24,,1
YXBJKXUKIDUKIH-UHFFFAOYSA-N,C=CC(=O)Nc1cccc(Oc2nc(Nc3ccc(N4CCN(C(=O)C(C)C)CC4)cc3OC)ncc2SC)c1,CHEMBL3798887,True,6.76,,1
YDEDKRCWCCZXBE-UHFFFAOYSA-N,Cc1[nH]c(=O)c2c(ccc3[nH]c(Nc4c(Cl)cccc4Cl)nc32)c1C,CHEMBL27085,False,4.0,,1
XSQDNXWWLOJJHD-UHFFFAOYSA-N,CCN1CCC(Nc2ccc3c(c2)=C(C(c2ccc(Cl)cc2)c2ncc[nH]2)C(=O)N=3)CC1,CHEMBL2086760,True,6.86,,1
XTUXOBJKZJZVKD-UHFFFAOYSA-N,Cc1cc(C)c(C)c(-c2cc3cnc(NCCCN4CCN(C)CC4)nc3nc2NC(=O)NC(C)(C)C)c1C,CHEMBL75188,False,5.16,,1
VTMJQSPPJIJGNW-UHFFFAOYSA-N,CS(=O)(=O)CCNc1nc(-c2ccc3ncnc(Nc4ccc(OCc5cccc(C(F)(F)F)c5)cc4)c3c2)cs1,CHEMBL269620,False,6.27,,1
POTTVLREWUNNRO-XCXUBNKDSA-N,CN[C@H]1C[C@@H]2O[C@](C)([C@H]1OC)n1c3ccccc3c3c4c(c5c6ccccc6n2c5c31)C(=O)NC4=O,CHEMBL337026,False,6.7,,1
UAUYDWVTYSZYGT-UHFFFAOYSA-N,Brc1cccc(Nc2ncnc3cc4c(cc23)OCCCSCCCO4)c1,CHEMBL2087359,False,8.1,,1
XYFPWWZEPKGCCK-SFHVURJKSA-N,C=CC(=O)N1CCC[C@H](n2nc(-c3ccc(Oc4ccccc4)cc3)c3c(N)ncnc32)C1,CHEMBL3647964,True,8.92,,1
XTUYBOXHWRYPPU-RMKNXTFCSA-N,Cc1ncc([N+](=O)[O-])n1CCOC(=O)/C=C/c1ccc(C(C)C)cc1,CHEMBL1173714,False,5.17,,1
LVURDXDDOIWLAP-UHFFFAOYSA-N,C=CC(=O)Nc1cccc(Oc2nc(Nc3[nH]nc4ccccc34)cc(N3CCN(C)CC3)n2)c1,CHEMBL3604937,True,5.77,,1
HUFOZJXAKZVRNJ-UHFFFAOYSA-N,C=CC(=O)Nc1cccc(Nc2nc(Nc3ccc(N4CCN(C(C)=O)CC4)cc3OC)ncc2C(F)(F)F)c1,CHEMBL3545308,True,7.0600000000000005,0.8208126054912493,10
BUGHTZSHXDNUKL-UHFFFAOYSA-N,COc1cc2c(Nc3ccc(NC(=O)Nc4ccccc4)cc3)ncnc2cc1OCc1ccccc1,CHEMBL3983460,False,5.53,,1
HZKIIUFULFKKEU-UHFFFAOYSA-N,Cc1cc(Nc2cc(N3CCN(C)CC3)nc(Oc3cccc([N+](=O)[O-])c3)n2)[nH]n1,CHEMBL3604927,False,5.41,,1
YSDVIELCIGNUOI-AATRIKPKSA-N,Cc1cc(Nc2cc(N3CCN(C)CC3)nc(Oc3ccc(NC(=O)/C=C/CN(C)C)cc3)n2)[nH]n1,CHEMBL3604935,True,5.77,,1
DUIPPPAQSCDKSG-AATRIKPKSA-N,CCOc1cc2ncnc(NC3=CC(=O)C(OC(CF)CF)=CC3=O)c2cc1NC(=O)/C=C/CN(C)C,CHEMBL243410,True,6.115,0.6151828996322961,2
WKVBTXXRMLCXIX-UHFFFAOYSA-N,COc1cc2ncnc(Nc3ccc(F)c(Cl)c3)c2cc1OCCO,CHEMBL2334001,False,7.2,,1
QRXMEGUJRZKMEO-UHFFFAOYSA-N,CS(=O)(=O)CCNC(=O)C1=Cc2c(ncnc2Nc2ccc(Oc3cccc(C(F)(F)F)c3)c(Cl)c2)NCC1,CHEMBL2348415,True,7.12,,1
OZVUSEVFXCWUBV-CQSZACIVSA-N,COc1cc2c(Nc3ccc(Cl)cc3F)ncnc2cc1OC[C@@H]1CCCN(C)C1,CHEMBL1907763,False,7.0,,1
CAHQAXRCSXNZRF-UHFFFAOYSA-N,COc1cccc(-c2cn(C3CC(CO)C3)c3ncnc(N)c23)c1,CHEMBL352801,False,6.38,,1
SOVBDLAXFPZPCR-UHFFFAOYSA-N,CNc1cc2ncnc(Nc3cccc(Br)c3)c2cn1,CHEMBL54400,False,9.89,0.0,2
KXMZDGSRSGHMMK-VWLOTQADSA-N,Nc1nc(Nc2ccc3c(c2)CC[C@@H](N2CCCC2)CC3)nn1-c1cc2c(nn1)-c1ccccc1CCC2,CHEMBL3809489,False,5.41,,1
WUPUZEMRHDROEO-UHFFFAOYSA-N,CCC(=O)Nc1ccc2ncnc(Nc3cccc(Br)c3)c2c1,CHEMBL188762,False,9.37,0.7115007613020053,3
DFYLUEWHTLNPPA-UHFFFAOYSA-N,CCCCCCOc1cc2c(Nc3ccc(F)c(Cl)c3)ncnc2cc1OC,CHEMBL608860,False,6.97,,1
PLQLHGCLAWKBJG-UHFFFAOYSA-N,CC#CC(=O)Nc1cc2c(Nc3cccc(Br)c3)c(C#N)cnc2cc1OC,CHEMBL116525,False,6.04,0.0,2
VTUZXOFBDITYJD-RMKNXTFCSA-N,CCOc1cc2ncc(C#N)c(Nc3cccc(Br)c3)c2cc1NC(=O)/C=C/CN(C)C,CHEMBL114728,True,5.8,0.0,2
HZDWGCSFYUCUQB-UHFFFAOYSA-N,C=C=CC(=O)Nc1cc(Nc2nccc(-c3cn(C)c4ccccc34)n2)c(OC)cc1N1CCC(N(C)C)CC1,CHEMBL4293734,True,8.2,,1
SQRVGFKCWSJLGT-UHFFFAOYSA-N,C=C=CC(=O)Nc1cc(Nc2nccc(-c3cn(C)c4ccccc34)n2)c(OC)cc1N(CC)CCN(C)C,CHEMBL4277911,True,7.59,,1
LBVQCWSCVVKPQR-UHFFFAOYSA-N,CN(C)CCn1ncc2cc3c(Nc4cccc(Br)c4)ncnc3cc21,CHEMBL287832,False,6.99,0.5798275605729691,2
KEZDJRADZYWSSG-UHFFFAOYSA-N,N#Cc1cnc2c(Br)cc(NCc3c[nH]nn3)cc2c1Nc1ccc(F)c(Cl)c1,CHEMBL230232,False,6.0,,1
MWUMVFFPYUFMKV-UHFFFAOYSA-N,Cc1ccc(N(C(=O)c2ccccc2)C(=O)c2ccccc2)cc1Nc1nccc(-c2cccnc2)n1,CHEMBL277430,False,4.12,,1
BOPSHQJEVUOWPS-JXFSHQFZSA-N,CO[C@H]1CCN(c2nccc(Nc3cc4c(cn3)nc([C@@H](C)O)n4[C@H](C)C(F)(F)F)n2)C[C@H]1F,CHEMBL3736121,False,4.68,,1
DINVXRZOGZOFRM-YRNVUSSQSA-N,CN(C)C/C=C/C(=O)N1CCCC1Cn1nc(-c2ccc(Oc3ccccc3)cc2)c2c(N)ncnc21,CHEMBL3903870,True,7.72,,1
CLKOFPXJLQSYAH-OLKUYAJVSA-N,CC[C@H](C)C(NC(=O)C(CCC(=O)O)NC(=O)C(CC(C)C)NC(=O)C1CSC([C@@H](N)[C@@H](C)CC)=N1)C(=O)NC1CCCCNC(=O)C(CC(N)=O)NC(=O)C(CC(=O)O)NC(=O)C(Cc2c[nH]cn2)NC(=O)C(Cc2ccccc2)NC(=O)C([C@@H](C)CC)NC(=O)C(CCCN)NC1=O,CHEMBL1200558,False,5.27,,1
VVLHCHPQYBPEER-UHFFFAOYSA-N,COc1cc2ncnc(Nc3ccc(F)c(Cl)c3)c2cc1OCCCCCCNCc1ccc(-c2cccc(-c3ccccc3)c2C)nc1OC,CHEMBL5562495,False,6.48,,1
SGMKJWDGNACVOF-UHFFFAOYSA-N,COc1cc(OCc2cccc(-c3ccccc3)c2C)ccc1CNCCCCOc1cc2c(Nc3cccc(Cl)c3F)ncnc2cc1OC,CHEMBL5556281,False,7.31,,1
SEKHRVFJNILNHQ-DEOSSOPVSA-N,C=CC(=O)N1CC[C@H](n2cc(-c3ccncc3)c(-c3ccc(F)c(OCc4ccc5c(c4)CN(C)C5=O)c3)n2)C1,CHEMBL5567814,True,5.33,,1
FWQACVOXLHQFTR-QFIPXVFZSA-N,C=CC(=O)N1CC[C@H](n2cc(-c3ccncc3)c(-c3cccc(NC(=O)c4cccc(OC)c4F)c3)n2)C1,CHEMBL5563485,True,6.68,,1
CGRLNCABNBKKKW-UHFFFAOYSA-N,NC1CCN(Cc2ccn3ncnc(Nc4ccc(F)c(Cl)c4)c23)CC1,CHEMBL1645476,False,8.0,,1
RJCCTILJUFFGCE-UHFFFAOYSA-N,NC1CCN(Cc2ccn3ncnc(Nc4cc(Cl)cc(Cl)c4)c23)CC1,CHEMBL1645475,False,6.89,,1
XGCIQQCBKZDMPK-UHFFFAOYSA-N,COc1cccc(Nc2cc(NC(=O)CCCC(=O)O)ncn2)c1,CHEMBL4294156,False,7.43,,1
UDNOQNTTWADXJW-UHFFFAOYSA-N,COc1ccc(F)cc1C(=O)NCc1ccc(-c2nn(C3CCCC3)c3ncnc(N)c23)cc1F,CHEMBL5802925,False,5.26,0.0,2
XEPZBYPPIOVUTE-UHFFFAOYSA-N,N#Cc1cccc(C(=O)NCc2ccc(-c3nn(C4CCCC4)c4ncnc(N)c34)cc2)c1,CHEMBL5984008,False,5.26,0.0,2
MPYBIRVGTIQZJU-ZWKOTPCHSA-N,COc1ccccc1C(=O)NCc1ccc(-c2nn([C@H]3C=C[C@@H](O)C3)c3ncnc(N)c23)cc1,CHEMBL5865390,False,6.26,0.0,2
ZTQVREOZSGAIKH-UHFFFAOYSA-N,COc1ccccc1C(=O)NCc1ccc(-c2nn(C(C)(C)C)c3ncnc(N)c23)cc1,CHEMBL6039447,False,7.26,0.0,2
WAJKANXMXJLTKT-MRXNPFEDSA-N,C=CC(=O)N1CCC[C@@H](n2nc(-c3cccc4ccccc34)c3c(N)ncnc32)C1,CHEMBL4095447,True,7.24,0.0,2
STCQWJWPFHTPMN-UHFFFAOYSA-N,CCOc1cc2ncnc(Nc3ccc(F)c(Cl)c3)c2cc1NC(=O)CO,CHEMBL4449681,False,8.52,1.3435028842544399,2
MAJNIEIORMXOPT-AWCRTANDSA-N,CCN1CCN(Cc2ccc(C(=O)N[C@@H]3[C@H]4Oc5ccc(Oc6ccnc7c6CCC(=O)N7)cc5[C@@H]34)cc2F)CC1,CHEMBL5832090,False,8.85,0.3592121007612816,3
DSIYKUURMQSAAK-PLDGLXBGSA-N,C[C@@H]1CN(Cc2ccc(C(=O)N[C@@H]3[C@H]4Oc5ccc(Oc6ccnc7c6CCC(=O)N7)cc5[C@@H]34)cc2C(F)(F)F)C[C@H](C)O1,CHEMBL5981661,False,7.33,0.3957692930652064,3
QXIYODYFHMPKBX-ZGVXJWAQSA-N,O=C1CCc2c(Oc3ccc4c(c3)[C@H]3[C@H](NC(=O)c5ccc(CN6CCC[C@H](O)C6)c(C(F)(F)F)c5)[C@H]3O4)ccnc2N1,CHEMBL5998662,False,8.17,0.5594938188517664,3
DXVUJULKKKBRPO-AWCRTANDSA-N,O=C1CCc2c(Oc3ccc4c(c3)[C@H]3[C@H](NC(=O)c5ccc(CN6CCN(CCO)CC6)c(C(F)(F)F)c5)[C@H]3O4)ccnc2N1,CHEMBL5862436,False,9.12,0.37447741364911935,3
IBUAKKIEDFKTKJ-RVDMUPIBSA-N,Nc1ccccc1NC(=O)/C=C/c1ccc(-c2ccc3ncnc(Nc4ccc(OCc5cccc(F)c5)c(Cl)c4)c3c2)o1,CHEMBL1630113,True,7.58,,1
QMXSHAJJEPUPLY-AREMUKBSSA-N,CCN1CCN([C@@H]2CCCN(c3cnc(C(N)=O)c(Nc4ccc(C5CCN(C6CCCC6)CC5)cc4)n3)C2)C1=O,CHEMBL5920717,False,5.26,,1
BILNBAJWFVQGPG-OAQYLSRUSA-N,CN1CCC(c2ccc(Nc3nc(N4CCC[C@@H](NC(=O)OC(C)(C)C)C4)cnc3C(N)=O)cc2)CC1,CHEMBL6002504,False,6.26,,1
BWYRLNXYRATYLM-XMMPIXPASA-N,COc1ccc(C(=O)N[C@@H]2CCCN(c3cnc(C(N)=O)c(Nc4ccc(C5CCN(C)CC5)cc4)n3)C2)cc1,CHEMBL6027049,False,6.26,,1
LWORINFAHRPALE-UHFFFAOYSA-N,O=C(Nc1ccc(-c2cc3c(Nc4ccc(Oc5cccc(C(F)(F)F)c5)c(Cl)c4)ncnc3s2)cc1)NC1CC1,CHEMBL4286733,False,6.95,,1
KJTKUJOICDZXHT-BWVNHPGYSA-N,O=C(/C=C/CN1CCOCC1)Nc1cccc(-c2c(-c3ccccc3)oc3ncnc(N[C@H](CO)c4ccccc4)c23)c1,CHEMBL4583178,True,7.72,,1
PHSPLNDIEIPVGX-VAACGYSUSA-N,CCN(C/C=C/C(=O)Nc1cccc(-c2c(-c3ccccc3)oc3ncnc(N[C@H](CO)c4ccccc4)c23)c1)CCO,CHEMBL4458437,True,7.89,,1
DYHYUESRVXEZQK-AMXNUXKQSA-N,CCN(CC)C/C=C/C(=O)Nc1cccc(-c2c(-c3ccccc3)oc3ncnc(N[C@H](CO)c4ccccc4)c23)c1,CHEMBL4463012,True,7.85,,1
ULXXDDBFHOBEHA-CWDCEQMOSA-N,CN(C)C/C=C/C(=O)Nc1cc2c(Nc3ccc(F)c(Cl)c3)ncnc2cc1O[C@H]1CCOC1,CHEMBL1173655,True,9.059999999999999,0.6855410387694557,52
WPMCLNWINMKXCA-UHFFFAOYSA-N,COc1ccc(C(CSc2nc3c(=O)n(C)c(=O)n(C)c3[nH]2)=NO)cc1,CHEMBL4440012,False,6.5,,1
DDWOKHFHOQZXSM-QAVQXKDTSA-N,C/C=C/C(=O)N1CC[C@@H](n2nc(C(=O)Nc3nc4cc(Cl)ccc4o3)c3c(N)ncnc32)C1,CHEMBL5964212,True,6.76,,1
OHULBTKPWJQBHV-UHFFFAOYSA-N,O=C(CCCc1c(SSc2[nH]c3ccccc3c2CCCC(=O)NCc2ccccc2)[nH]c2ccccc12)NCc1ccccc1,CHEMBL156555,False,4.0,,1
PSRIIUUKNWOHQJ-UHFFFAOYSA-N,NC(=O)C1CCN(Cc2ccc(-c3cc4ncnc(Nc5ccc6[nH]ccc6c5)c4s3)cc2)CC1,CHEMBL311109,False,8.15,,1
ZMAGOHAYMIZJEE-SNAWJCMRSA-N,COc1cc2c(Nc3ccc(Br)cc3F)ncnc2cc1OC/C=C/CN1CCCC1,CHEMBL1202478,False,7.0,,1
NAHITMMJENLIPQ-JJPRUIFNSA-N,COc1cc2ncnc(Nc3ccc(F)c(Cl)c3)c2cc1NC(=O)/C(F)=C\CN1CCOCC1,CHEMBL3357644,True,9.52,,1
LHHLPNVJMCVRGH-LSHDLFTRSA-N,CCOc1cc2ncnc(Nc3ccc(OCc4ccccn4)c(Cl)c3)c2cc1NC(=O)/C(F)=C\CN(C)C,CHEMBL3357638,True,9.05,,1
YAVCJZFLGRQKCZ-UHFFFAOYSA-N,CNc1cc2ncnc(Nc3cccc(C)c3)c2cn1,CHEMBL127082,False,8.85,0.0,2
ZESRALQQFCOMOY-UHFFFAOYSA-N,COc1cc2c(Nc3ccc(Br)cc3F)ncnc2cc1OCCC1CCNCC1,CHEMBL26641,False,6.7,,1
ASLAQNLSYGJKNM-UHFFFAOYSA-N,CN(C)c1ccc(Nc2ncnc3cc(-c4ccccc4)sc23)cc1,CHEMBL306732,False,7.03,,1
FCVXPCQHDKWFDB-UHFFFAOYSA-N,N#Cc1cnc2ccc(NC(=O)CC3CCSS3)cc2c1Nc1ccc(OCc2cccc(F)c2)c(Cl)c1,CHEMBL4446124,False,6.779999999999999,0.7353910524340092,2
AGEIBLLCZVGHLI-UHFFFAOYSA-N,CC(C)n1nc(-c2ccc3nccnc3c2)c2c(N)ncnc21,CHEMBL1241774,False,4.75,,1
YRJGEWAWXXEJNX-UHFFFAOYSA-N,CC(C)n1nc(-c2ccc3occc(=O)c3c2)c2c(N)ncnc21,CHEMBL1242118,False,4.54,,1
KTTGLAHMSDMRLJ-UHFFFAOYSA-N,CC(C)n1nc(-c2cnc3[nH]ccc3c2)c2c(N)ncnc21,CHEMBL1242293,False,6.42,,1
QNJAKUMXJFWQOG-UHFFFAOYSA-N,COc1cc2c(Nc3ncc(CC(=O)Nc4cccc(F)c4)s3)ncnc2cc1OCCCN1CCC(CO)CC1,CHEMBL201307,False,6.1,0.0,2
DRXWPAWHPZTNBA-UHFFFAOYSA-N,CCN1CCN(CC(=O)Nc2nnc3c4ccccc4nc(Sc4ccc(Br)cc4)n23)CC1,CHEMBL4637355,False,5.41,,1
WRSMBOCJQHDXNC-UHFFFAOYSA-N,c1ccc(-c2cccc(Nc3ncnc4cc5c(cc34)OCCCO5)c2)cc1,CHEMBL3040910,False,7.57,0.0,2
BRUSFAZPHIPJRR-UHFFFAOYSA-N,COc1ccc(-c2cn(C3CCCC3)c3ncnc(N)c23)cc1,CHEMBL170724,False,6.24,,1
KQABJETUKXUAAM-UHFFFAOYSA-N,CN(C)CCCNc1cc2ncnc(Nc3cccc(Br)c3)c2cn1,CHEMBL126893,False,8.06,0.0,2
LARWIZLZQUNUQG-UHFFFAOYSA-N,C=CC(=O)NCCOc1cc(Cc2ccccc2)cc2[nH]c(-c3[nH]nc4cc(-c5cn[nH]c5)ccc34)cc12,CHEMBL4639739,True,5.35,,1
DNUPNCOEFDVRHA-UHFFFAOYSA-N,O=C(O)CNc1cc2ncnc(Nc3cccc(Br)c3)c2cn1,CHEMBL338175,False,8.82,0.0,2
MMRNBNZGCDCCFK-UHFFFAOYSA-N,Cc1ccc(C2=NN(C(N)=S)C(c3ccc(F)cc3)C2)cc1C,CHEMBL1173455,False,6.08,,1
AUUDLJVRYOAHGV-UHFFFAOYSA-N,COc1cc(OC)cc(C2CC(c3ccc(Cl)c(Cl)c3)=NN2C(C)=O)c1,CHEMBL1172602,False,4.59,,1
SKPDUMIEGIXXAE-UHFFFAOYSA-N,CC(=O)N1N=C(c2ccc(C)c(C)c2)CC1c1ccc(Br)cc1,CHEMBL1173023,False,4.69,,1
RIGSMDFVBGSWIZ-UHFFFAOYSA-N,C=CC(=O)Nc1cc2c(Nc3ccc(Br)c(F)c3)ncnc2cc1OCCNC(=O)CN(C)C,CHEMBL3671549,True,7.11,0.0,2
LRLOMPHFTKHYKN-UHFFFAOYSA-N,Nc1ccc2c(c1)C(c1ccccc1Cl)=Nc1c[nH]nc1N2,CHEMBL1257911,False,6.0,,1
JJDBWQCXAZVDEE-UHFFFAOYSA-N,O=C(CCl)Nc1cc2c(Nc3ccc(F)c(Cl)c3)ncnc2s1,CHEMBL3233770,False,7.4,,1
AWJCXOMSYYEJSW-SNAWJCMRSA-N,COC(CN(C)C/C=C/C(=O)Nc1cc2c(Nc3ccc(F)c(Cl)c3)ncnc2s1)OC,CHEMBL3233779,True,8.7,,1
DJAUDRYHVNOPNC-UHFFFAOYSA-N,COc1cc2ncnc(Nc3ccc(F)c(Cl)c3)c2cc1NC(=O)C1COC(=O)N1,CHEMBL3818547,False,8.97,,1
WDQXCAKHPJSZET-OWOJBTEDSA-N,O=C(/C=C/CN1CC2CCC1C(=O)C2)Nc1cc2c(Nc3ccc(F)c(Cl)c3)ncnc2s1,CHEMBL3233785,True,9.05,,1
UHEABVVFVAVASY-OWOJBTEDSA-N,O=C(/C=C/CN1CCC(F)(F)CC1)Nc1cc2c(Nc3ccc(F)c(Cl)c3)ncnc2s1,CHEMBL3233787,True,8.15,,1
KGXQLGRCQSUQHW-ONEGZZNKSA-N,CC(C)N1CCN(C/C=C/C(=O)Nc2cc3c(Nc4ccc(F)c(Cl)c4)ncnc3s2)CC1,CHEMBL3233791,True,7.47,,1
ZBXDUDJPTQSVHR-UHFFFAOYSA-N,CCN(CCO)CCCOc1ccc2c(Nc3cccc(NC(=O)Nc4ccc(F)c(Cl)c4)c3)ncnc2c1,CHEMBL3133758,False,6.78,0.0,2
WCVWPEWJCFWBAJ-UHFFFAOYSA-N,OCCN(CCO)CCCNc1cc2ncnc(Nc3cccc(Br)c3)c2cn1,CHEMBL127058,False,8.92,0.0,2
MDPXBTVEVMPBMF-UHFFFAOYSA-N,Nc1ncnc2c1c(-c1ccccc1)cn2-c1cccc(CNCCO)c1,CHEMBL176702,False,5.47,,1
LSTSYXGQPRASQW-UHFFFAOYSA-N,COc1cc(C=C(C#N)C(N)=O)cc(CSCc2ccc(Cl)cc2)c1O,CHEMBL141175,True,4.8,0.01732050807568898,3
MKVMEJKNLUWFSQ-UHFFFAOYSA-N,CCN(CC)CCCCNc1ncc2cc(-c3c(Cl)cccc3Cl)c(NC(=O)NC(C)(C)C)nc2n1,CHEMBL45827,False,6.41,0.12124355652982133,3
FELQRVDTGNDOSI-RJNAIGRJSA-N,CO[C@H]1[C@@H](N(C)C(=O)c2cccnc2)C[C@@H]2O[C@@]1(C)n1c3ccccc3c3c4c(c5c6ccccc6n2c5c31)C(=O)NC4,CHEMBL335012,False,5.09,,1
JWORJWFEXVTKPW-UHFFFAOYSA-N,COCC#CC(=O)Nc1cc2c(Nc3cccc(Br)c3)c(C#N)cnc2cc1OC,CHEMBL326280,False,6.1,0.0,2
HCOMHAHJQWPWMM-UHFFFAOYSA-N,COc1cc(OC(C)C)c2c(Nc3ccc(F)c(Cl)c3)ncnc2c1,CHEMBL377277,False,5.09,,1
KNFFQVJLBXYTKR-UHFFFAOYSA-N,C=CC(=O)Nc1ccc2c(c1)CNc1c(Nc3ccc(F)c(Cl)c3)ncnc1O2,CHEMBL204164,True,5.18,0.1838477631085022,2
GFAHXMGLSFRQDM-UHFFFAOYSA-N,C=CC(=O)Nc1ccc2c(c1)CNc1c(Nc3cccc(Br)c3)ncnc1O2,CHEMBL381541,True,5.255,0.021213203435595972,2
XMZQDPMKLWTDHO-UHFFFAOYSA-N,O=C(O)c1ccc2c(c1)CNc1c(Nc3ccc(F)c(Cl)c3)ncnc1O2,CHEMBL206848,False,5.36,,1
PJWDSDGNSMGWKJ-UHFFFAOYSA-N,CC(C)n1nc(-c2ccc(CC#N)cc2)c2c(N)ncnc21,CHEMBL1240545,False,4.89,,1
NZELPIPZPVLYLT-UHFFFAOYSA-N,CC(C)n1nc(-c2ccc(C(N)=O)c(Cl)c2)c2c(N)ncnc21,CHEMBL1241862,False,4.0,,1
YJNVZAXZUDOAAI-UHFFFAOYSA-N,Nc1ncnc2c1c(-c1ccc(Cl)c(O)c1)nn2CC1CCNC1,CHEMBL1241770,False,5.7,,1
ITQSJZWWFWDOKJ-UHFFFAOYSA-N,CONC(=O)c1cc(Nc2ncnn3cc(NC(=O)OCCCS(C)(=O)=O)c(C(C)C)c23)c(F)cc1F,CHEMBL195218,False,5.38,,1
BIIVYFLTOXDAOV-YVEFUNNKSA-N,CN1CC[C@H](c2c(O)cc(O)c3c(=O)cc(-c4ccccc4Cl)oc23)[C@H](O)C1,CHEMBL428690,False,4.68,0.26,3
HLFVKVGHXYAKHL-UHFFFAOYSA-N,Nc1nc(Nc2cccc(Br)c2)c2cc(Cc3ccc4ccccc4c3)[nH]c2n1,CHEMBL502015,False,5.91,0.0,2
ZCULMARKDXJUJE-UHFFFAOYSA-N,Nc1nc(Nc2cccc(Br)c2)c2cc(Cc3ccccc3)[nH]c2n1,CHEMBL499344,False,5.78,0.0,2
MNNXRVSQOABRRP-UHFFFAOYSA-N,CS(=O)(=O)CCNCc1nc(-c2ccc3ncnc(Nc4ccc(OCc5cccc(F)c5)c(Cl)c4)c3c2)cs1,CHEMBL453376,False,8.0,,1
BURBAFXROHRDAV-UHFFFAOYSA-N,Oc1ccc2ncnc(Nc3ccc(OCc4ccccc4)cc3)c2c1,CHEMBL14932,False,7.01,0.0,2
VXNUSJMWECFYQW-UHFFFAOYSA-N,O=C(Nc1ccc(F)cc1)Nc1ncnc2nn3ccccc3c12,CHEMBL359830,False,5.0,,1
AHOUIMHHWJWBNV-UHFFFAOYSA-N,C=CC(=O)Nc1cc2c(Cc3cccc(Br)c3)ncnc2cc1OCCCN1CCOCC1,CHEMBL473747,True,8.44,,1
ZAFWWWJOUAFSJP-UHFFFAOYSA-N,COc1cc2ncnc(Nc3ccc(F)c(Cl)c3)c2cc1OCCC(O)=NO,CHEMBL597551,False,8.15,,1
UCSIYDCODBRGKW-UHFFFAOYSA-N,COc1cc2ncnc(Nc3ccc(F)c(Cl)c3)c2cc1OCCCCC(O)=NO,CHEMBL596736,False,8.03,,1
OYAHQWRTIPQZIR-UHFFFAOYSA-N,COc1cc2ncnc(Nc3ccc(OCc4cccc(F)c4)c(Cl)c3)c2cc1OCCCCCCC(O)=NO,CHEMBL598799,False,8.04,,1
DGORACVWOLFYBN-UHFFFAOYSA-N,ON=C(O)CCCCCCOc1ccc2ncnc(Nc3ccc(F)c(Cl)c3)c2c1,CHEMBL604094,False,7.08,0.0,2
CNAYRPIRUOIQNH-UHFFFAOYSA-N,COc1cc2ncnc(NCc3ccc(F)cc3)c2cc1OCCCCCCC(O)=NO,CHEMBL596964,False,6.57,,1
NOLLIFGERWLBPP-UHFFFAOYSA-N,OCCN(CCO)CCNc1cc2ncnc(Nc3cccc(Br)c3)c2cn1,CHEMBL435993,False,8.04,0.0,2
XTOJTZSSQBGTOO-UHFFFAOYSA-N,CC=C1C(=NC(=O)OCC2CCNCC2)NC2N=CN=C(Nc3ccc4c(cnn4Cc4ccccc4)c3)C12,CHEMBL583218,False,7.52,,1
VDSXZXJEWIWBCG-UHFFFAOYSA-N,Brc1cccc(Nc2ncnc3ccncc23)c1NCCN1CCOCC1,CHEMBL405398,False,8.49,,1
KTEISLXROZYKNT-UHFFFAOYSA-N,CN(C)CCN(C)c1c(Br)cccc1Nc1ncnc2ccncc12,CHEMBL270966,False,7.39,,1
PPZFAINTCTWXKE-UHFFFAOYSA-N,Cc1cccc(Nc2ncnc3cnc(NCCc4c[nH]cn4)nc23)c1,CHEMBL416307,False,8.52,,1
AKSMEOTWWFYYSQ-UHFFFAOYSA-N,Brc1cccc(Nc2ncnc3cnc(NCCCN4CCOCC4)nc23)c1,CHEMBL417420,False,8.53,,1
HSTFDYRLOHVGKW-UHFFFAOYSA-N,CNc1ncc2ncnc(Nc3ccccc3)c2n1,CHEMBL53310,False,7.88,,1
KFBKCZIAECRELC-UHFFFAOYSA-N,CNc1ccc2ncnc(Nc3cccc(Br)c3)c2c1,CHEMBL50344,False,8.345,0.06363961030678918,2
RUZLWGNXOCCORA-UHFFFAOYSA-N,O=C(Nc1ccc(Cl)cc1)c1ccc(N(CCCl)CCCl)cc1,CHEMBL589830,False,5.83,,1
FWFCALLHZITRMJ-UHFFFAOYSA-N,O=C(NCc1ccccc1)C(Cc1c([Se][Se]c2[nH]c3ccccc3c2CC(NC(=O)C(F)(F)F)C(=O)NCc2ccccc2)[nH]c2ccccc12)NC(=O)C(F)(F)F,CHEMBL336410,False,5.16,,1
MSLIBSZZLAWHQM-UHFFFAOYSA-N,C=CC(=O)Nc1ccc2ncc(C#N)c(Nc3cccc(Br)c3)c2c1,CHEMBL281300,True,6.23,0.7897594570500563,5
JWXWBUDZDHYIFH-UHFFFAOYSA-N,NC(=S)N1N=C(c2ccc(Br)c(Br)c2)CC1c1ccc(Br)cc1,CHEMBL1172855,False,5.0,,1
CHHPKSCSIBSQIU-UHFFFAOYSA-N,OCC(O)C(O)C(O)C(O)CNc1cc2ncnc(Nc3cccc(Br)c3)c2cn1,CHEMBL129579,False,8.32,0.0,2
WKZTVBCDQYBGBO-SZGTYURGSA-N,CO[C@H]1[C@@H](N(C)CC(=O)O)C[C@@H]2O[C@@]1(C)n1c3ccccc3c3c4c(c5c6ccccc6n2c5c31)C(=O)NC4,CHEMBL132348,False,7.51,,1
SULRERSGIWVFEH-JXMROGBWSA-N,CCOc1cc2ncnc(NC3=CC(=O)C(OCc4cccc(OC)c4)=CC3=O)c2cc1NC(=O)/C=C/CN(C)C,CHEMBL241918,True,6.715,0.36062445840513907,2
NZFPJFMKRLAGLA-VMPITWQZSA-N,CCOc1cc2ncnc(NC3=CC(=O)C(OCc4cccs4)=CC3=O)c2cc1NC(=O)/C=C/CN(C)C,CHEMBL243839,True,6.925000000000001,0.5586143571373728,2
SLZOGARBQLIHCR-ONEGZZNKSA-N,CN(C)C/C=C/C(=O)Nc1ccc2ncnc(Nc3ccc(Br)cc3F)c2c1,CHEMBL242131,True,6.15,,1
CCIOQSAJAUYKQV-AATRIKPKSA-N,CCOc1cc2ncnc(NC3=CC(=O)C(OCc4ccc(F)c(F)c4)=CC3=O)c2cc1NC(=O)/C=C/CN(C)C,CHEMBL243628,True,6.415,0.51618795026618,2
RPVWZZLEKBXDNP-UHFFFAOYSA-N,CCOc1cc2ncc(C#N)c(Nc3ccc(F)c(Cl)c3)c2cc1NC(=O)CCN1CCCCC1,CHEMBL2031308,False,8.66,,1
PBDWKKSYCSLCRJ-UHFFFAOYSA-N,CCN(CC)CCNC(=O)c1[nH]c2cnnc(Nc3ccc(OCc4cccc(F)c4)c(Cl)c3)c2c1C,CHEMBL1087368,False,5.89,,1
PYTBGGBGRRJDNT-UHFFFAOYSA-N,CS(=O)(=O)CCNc1nc(-c2ccc3ncnc(Nc4ccc5c(cnn5Cc5ccccc5)c4)c3c2)cs1,CHEMBL160303,False,7.15,,1
OGXSIMNGOTWJLC-UHFFFAOYSA-N,C=CC(=O)Nc1cc2c(Nc3ccc(F)c(C#N)c3)ncnc2cc1OCCOC,CHEMBL3622620,True,6.71,,1
BLCWDFQAJUMTGJ-RMKNXTFCSA-N,CCCN(C/C=C/C(=O)Nc1ccc2ncnc(Nc3cccc(Br)c3)c2c1)CCC,CHEMBL92731,True,7.05,,1
YOKSFKATMBKCHB-UHFFFAOYSA-N,Cn1c(=O)c(-c2c(Cl)cccc2Cl)cc2cnc(Nc3ccncc3)nc21,CHEMBL104779,False,6.04,,1
IBSCAHNKEHRFKF-UHFFFAOYSA-N,Nc1ncnc2c1c(-c1ccc(Cl)c(O)c1)nn2CC1CCCN1,CHEMBL1241769,False,5.03,,1
NNYHIJGVHOAIGK-UHFFFAOYSA-N,Cc1cc(C)c(C)c(-c2cc3cnc(N)nc3nc2NC(=O)NC(C)(C)C)c1C,CHEMBL56236,False,5.17,0.0,2
PCOJXJDERCUUJF-UHFFFAOYSA-N,COc1cc2ncnc(Nc3ccc(F)c(Cl)c3)c2cc1OCCCN1CC(OC)C1,CHEMBL2425085,False,7.47,,1
FXIDWCQHUGMYAY-UHFFFAOYSA-N,COc1cc2ncnc(Nc3ccc(F)c(Cl)c3)c2cc1OCCN1CC2(CCO2)C1,CHEMBL2425088,False,6.72,,1
JZWRJCKVZCYRLF-UHFFFAOYSA-N,[O-][S+]1CCN(Cc2ccc(-c3ccc4ncnc(Nc5ccc(OCc6cccc(F)c6)c(C(F)(F)F)c5)c4c3)o2)CC1,CHEMBL377250,False,7.05,,1
NVTIQCRSEMKCEN-UHFFFAOYSA-N,CS(=O)(=O)CCN(Cc1ccccc1)Cc1ccc(-c2ccc3ncnc(Nc4ccc(OCc5cccc(F)c5)c(Cl)c4)c3c2)o1,CHEMBL445572,False,7.05,,1
UEKLAZGZLXRYAO-UHFFFAOYSA-N,C#Cc1cc(Nc2ncnc3cc(OC)c(OC)cc23)ccc1F,CHEMBL65250,False,8.4,,1
LRHDXMDHHMEKIP-UHFFFAOYSA-N,Clc1cccc(Nc2[nH]nc3ncnc(NCc4ccccc4)c23)c1,CHEMBL119982,False,6.06,,1
USOXQZNJFMKTKJ-UHFFFAOYSA-N,N#CC(=Cc1ccc(O)c(O)c1)C(N)=O,CHEMBL296407,True,5.175,0.2541617876190561,8
YIKPLJBZSZRMQO-QJOMJCCJSA-N,Cc1ncc([N+](=O)[O-])n1C/C(=N/NC(=O)c1ccccc1N)c1ccc(Br)cc1,CHEMBL3088221,False,5.72,,1
UKQXWBMAVBHAKP-UHFFFAOYSA-N,C=CC(=O)Nc1ccc2ncnc(Nc3cccc(Cl)c3)c2c1,CHEMBL53637,True,8.8,,1
VQWKLJQKUJWIKG-UHFFFAOYSA-N,COc1ccc2c(c1)Oc1ncnc(Nc3cccc(Br)c3)c1NC2,CHEMBL204715,False,5.619999999999999,0.14142135623730995,2
IMPPWUONJDONQO-UHFFFAOYSA-N,CN(C)c1nc(NN=Cc2cc(Br)c(O)c(Br)c2O)nc(Nc2ccc(F)cc2)n1,CHEMBL1946843,False,4.59,,1
HJEPFPDXSFKWQH-IBGZPJMESA-N,C[C@H](Nc1cc(-c2sc(C3CCN(C)CC3)nc2-c2ccc(F)cc2)ccn1)c1ccccc1,CHEMBL2111784,False,6.0600000000000005,0.1414213562373093,2
MOFYSSKDMWISNA-UHFFFAOYSA-N,COc1cc2ncnc(Nc3cccc(Cl)c3F)c2cc1CN(C)C1CCNC1=O,CHEMBL378370,False,7.7,,1
KXEMINRANVTICS-WOJBJXKFSA-N,COc1ccc(N2Cc3cnc(Nc4ccc(F)cc4)nc3N([C@@H]3CC[C@@H](O)C3)C2=O)cc1,CHEMBL606964,False,6.26,,1
LDUNOFBTXWMVEY-UHFFFAOYSA-N,COc1cc(O)c2c(=O)c(-c3cccc(Cl)c3)coc2c1,CHEMBL7339,False,5.9,,1
ULIJLYCJYRQKBG-UHFFFAOYSA-N,CCN(CC)CCCNc1ncc2cc(-c3c(Cl)cccc3Cl)c(NC(=O)NC(C)(C)C)nc2n1,CHEMBL299026,False,5.21,,1
ZJGWOFFIHTYMCZ-UHFFFAOYSA-N,N#CC(=Cc1cc(O)c(O)c(O)c1)C(=O)NCCCCNC(=O)C(C#N)=Cc1cc(O)c(O)c(O)c1,CHEMBL358746,True,5.449999999999999,1.0889444430272834,2
BHVLMTCXNZDDMY-UHFFFAOYSA-N,O=C(CCc1c(S)[nH]c2ccccc12)NCc1ccccc1,CHEMBL154911,False,4.0,,1
JCGLOUUPTKEXIO-UHFFFAOYSA-N,CN(C)CC=CC(=O)Nc1cnc2ncc(C#N)c(Nc3cccc(Br)c3)c2c1,CHEMBL441518,True,5.535,0.2192031021678301,2
YUYOFMZOXGUDOD-UHFFFAOYSA-N,CCCCc1cc(C=C(C#N)C(N)=O)cc(CCCC)c1O,CHEMBL77243,True,4.26,,1
ZHAHSGZKQQBJOB-UHFFFAOYSA-N,Nc1ncnc(Nc2ccc(OCc3ccccc3)c(Cl)c2)c1C=O,CHEMBL461311,False,7.12,,1
PFRDPPRTLFHGLR-UHFFFAOYSA-N,CC(C)n1nc(-c2ccc3c(ccn3C(=O)OC(C)(C)C)c2)c2c(N)ncnc21,CHEMBL1242852,False,6.75,,1
FASPJDRKOSUHHS-UHFFFAOYSA-N,CC(C)(C)OC(=O)n1ccc2cc(-c3nn(C4CCCC4)c4ncnc(N)c34)ccc21,CHEMBL1242853,False,6.41,,1
JIKRLFBUNSLPFP-UHFFFAOYSA-N,Nc1nc(Nc2ccc(F)c(Br)c2)c2cc(CCc3ccccc3)[nH]c2n1,CHEMBL483108,False,4.64,,1
HUZDGCVNDDSQGA-UHFFFAOYSA-N,CN(C)C(=O)CN1CCC(n2cc(-c3cccc(O)c3)c3c(N)ncnc32)CC1,CHEMBL169920,False,6.3,,1
OCQRIULERXCYIU-ACRUOGEOSA-N,O=C1CCc2c(Oc3ccc4c(c3)[C@H]3[C@H](NC(=O)c5cccc(C(F)(F)F)n5)[C@H]3O4)ccnc2N1,CHEMBL5750515,False,6.53,0.3728717384481333,3
CVJUVNFCJFFASS-UHFFFAOYSA-N,Cc1cc(C)c(C(=O)C(C#N)=Cc2ccc(O)c(O)c2)c(C)c1,CHEMBL55993,False,4.72,0.18027756377319945,3
JXOIAMLUKJBNFR-UHFFFAOYSA-N,Nc1ncnc2c1c(-c1cccc(O)c1)cn2C1CCNC1,CHEMBL171545,False,5.82,,1
WIFKVECUZJKXMX-UHFFFAOYSA-N,Cc1ncnc(Nc2ccc(OCc3cccc(F)c3)c(Cl)c2)c1C#CCOc1ccc(CNC(C)C)cc1,CHEMBL1934630,False,7.07,,1
IDIZKFVKMFGLPN-FTUXVVSKSA-N,CN(C)C/C=C/C(=O)N1CCC[C@@H](n2nc(-c3ccc(Oc4ccccc4)cc3)c3c(N)ncnc32)C1,CHEMBL3647970,True,7.31,0.0,2
UBDKHMQBZNCDSH-ZRGXPQFDSA-N,Cc1ncnc2c1c(-c1ccc(Oc3ccccc3)cc1)nn2C[C@H]1CCCN1C(=O)/C=C/CN(C)C,CHEMBL4107818,True,7.72,,1
UKJQAMRNOQJBNJ-VQHVLOKHSA-N,Cc1ncc([N+](=O)[O-])n1CCOC(=O)/C=C/c1ccc2ccccc2c1,CHEMBL1170459,False,5.24,,1
DNNFZOSVIGWJPL-UHFFFAOYSA-N,CN(C)c1ccc(CCCCCn2c3c(c4cc(OCCc5ccc(O)cc5)ccc42)CC(N)CC3)cc1,CHEMBL3216254,False,5.72,,1
LXGQRZKYRSBDJV-UHFFFAOYSA-N,Cc1cccc(Nc2ncnn3ccc(CN4CCC(N)CC4)c23)c1,CHEMBL1645470,False,7.7,,1
OEDJWFCIVDMVRU-SNAWJCMRSA-N,COc1cc2ncc(C#N)c(Nc3ccc(F)c(Cl)c3)c2cc1NC(=O)/C=C/CN(C)C,CHEMBL114490,True,5.63,0.0,2
LQJFAOUCESCUCC-VMPITWQZSA-N,COc1cc2ncc(C#N)c(Nc3ccc(F)c(Cl)c3)c2cc1NC(=O)/C=C/C(C)N(C)C,CHEMBL113901,True,5.28,0.0,2
QTDAKIJYNHGZGQ-UHFFFAOYSA-N,CCOc1cc2ncnc(Nc3ccc(OCc4cccc(F)c4)c(Cl)c3)c2cc1NC(=O)C1COC(=O)N1,CHEMBL3818364,False,8.895,0.03535533905932788,2
JPUWTGYAJVCPPC-SUSUGVNDSA-N,COc1cc2ncnc(Nc3ccc(F)c(Cl)c3)c2cc1NC(=O)C1NC(=O)O[C@@H]1C,CHEMBL3818062,False,8.7,,1
VDYDWBHVRSRTJM-FXBVVIMESA-N,CCOc1cc2ncnc(Nc3ccc(OCc4cccc(F)c4)c(Cl)c3)c2cc1NC(=O)C1NC(=O)O[C@@H]1C,CHEMBL3819553,False,8.59,,1
BUSXEFVPHHJABW-UHFFFAOYSA-N,C=CC(=O)Nc1ccccc1Oc1nc(Nc2ccc(N3CCN(C)CC3)cc2OC)ncc1Cl,CHEMBL4210237,True,5.16,,1
BETBNWGUKZUUAX-OTVXOJSOSA-N,Nc1ncnc2c1c(-c1cccc(O)c1)cn2[C@H]1C[C@@H](CN2CCC2)C1,CHEMBL3787112,False,5.64,0.0,2
RKXBEEIQSIDVHS-CQSZACIVSA-N,OC[C@@H](Nc1ncnc2sc3c(c12)CCCC3)c1ccccc1,CHEMBL1271950,False,6.14,,1
YAFRPXJMYXBTOY-OAHLLOKOSA-N,C=CC(=O)N1CCc2c(sc3ncnc(N[C@H](CO)c4ccccc4)c23)C1,CHEMBL1272061,True,8.1,0.0,2
QQTRHLQUUWPNNO-CYBMUJFWSA-N,C=CC(=O)N1CCc2c(sc3ncnc(N[C@H](C)c4ccccc4)c23)C1,CHEMBL1272222,True,7.7,,1
LYJIVFCOOJRVBF-UHFFFAOYSA-N,CCN(CC)CCCCNc1ncc2cc(-c3c(Cl)cccc3Cl)c(NC(=O)Nc3ccccc3)nc2n1,CHEMBL56983,False,6.0,,1
KBWLRDUIBCUUPC-UHFFFAOYSA-N,CN(C)CCCCOc1cc2ncnc(Nc3ccc(F)c(Cl)c3)c2cc1NC(=O)c1cc([N+](=O)[O-])ccc1F,CHEMBL4777353,False,8.2,,1
TUMZXGNVRWMYJD-UHFFFAOYSA-N,O=C(Nc1cc2c(Nc3ccc(F)c(Cl)c3)ncnc2cc1OCCCN1CCOCC1)c1cccnc1F,CHEMBL4752951,False,8.37,,1
YXAWCFSOXXFRII-UHFFFAOYSA-N,O=C(Nc1cc2c(Nc3ccc(F)c(Cl)c3)ncnc2cc1OCCCN1CCOCC1)c1cccc([N+](=O)[O-])c1F,CHEMBL4754811,False,7.89,,1
WMBJPWPAQLGSFL-UHFFFAOYSA-N,COc1cc2c(Nc3ccc(-c4nc5ccc(Cl)cc5s4)cc3)ncnc2cc1OCCCN1CCN(C)CC1,CHEMBL593275,False,6.58,,1
KRICMVKKVCDVBV-UHFFFAOYSA-N,COc1cc(C2=C(c3c[nH]c4ccc(I)cc34)C(=O)NC2=O)cc(OC)c1OC,CHEMBL597492,True,5.77,,1
CZGMEOAMQWAJOY-UHFFFAOYSA-N,COc1cc(C2=C(c3c[nH]c4ccccc34)C(=O)NC2=O)cc(OC)c1OC,CHEMBL201511,True,4.8,0.24704925284917048,3
NEVDBLDTOAJSBN-UHFFFAOYSA-N,CCS(=O)(=O)n1cc(-c2nc(Nc3cc(Cl)c(N4CCC(N5CCN(C)CC5)CC4)cc3OC)ncc2Cl)c2ccccc21,CHEMBL5176897,False,6.09,,1
VEWWTIYTUWYUOJ-UHFFFAOYSA-N,COc1nc2ccccc2cc1-c1nc(=O)c2cnn(-c3ccc(Br)cc3)c2[nH]1,CHEMBL5288191,False,5.24,,1
IFPNFAIDTHYHMR-XNTDXEJSSA-N,CCc1nnc2c(Nc3ccc(C(=O)/C=C/c4cc(OC)c(OC)c(OC)c4)cc3)nc3ccccc3n12,CHEMBL5186583,False,7.220000000000001,0.26870057685088766,2
BOMWVNAYFIBSPG-XVNBXDOJSA-N,CN(C)c1ccc(/C=C/c2cc(C(=O)O)c3cc(Br)ccc3n2)cc1,CHEMBL5286675,False,5.65,,1
SOENYCXOSGATJG-UHFFFAOYSA-N,COc1cc(C=C(C#N)C(N)=O)cc(CSCc2ccccc2Cl)c1O,CHEMBL326100,True,6.0,0.23094010767585058,3
AQOVRLPHUSWQJQ-UHFFFAOYSA-N,Cc1cccc(CN(Cc2ccc(F)cc2)C(=S)Nc2ccccc2)c1O,CHEMBL589801,False,5.07,,1
QSDHRATYXWRXIW-UHFFFAOYSA-N,Oc1c(Cl)cc(Cl)cc1CN(Cc1ccc(F)cc1)C(=S)Nc1ccccc1,CHEMBL592200,False,5.87,,1
DINVXRZOGZOFRM-AKERNLMBSA-N,CN(C)C/C=C/C(=O)N1CCC[C@H]1Cn1nc(-c2ccc(Oc3ccccc3)cc2)c2c(N)ncnc21,CHEMBL3903249,True,6.16,0.0,2
YAZVLKFUKNILLX-ONEGZZNKSA-N,CC(C)(CN1CCOCC1)NC/C=C/C(=O)N1CCc2c(sc3ncnc(Nc4ccc(F)c(Cl)c4)c23)C1,CHEMBL3655338,True,9.0,0.0,2
KKAZCEHVMNTCEU-SNAWJCMRSA-N,CC(C)N(C)C/C=C/C(=O)N1CCc2c(oc3ncnc(Nc4ccc(F)c(Cl)c4)c23)C1,CHEMBL3655347,True,9.0,0.0,2
NVLFBEYJQFJUAT-ONEGZZNKSA-N,CN(C)C/C=C/C(=O)N1CCc2c(sc3ncc(C#N)c(Nc4ccc(F)c(Cl)c4)c23)C1,CHEMBL3655348,True,8.0,0.0,2
JMUZSSQPGDQMCG-HNQUOIGGSA-N,N#Cc1cnc2sc3c(c2c1Nc1ccc(Cl)c(Cl)c1)CCN(C(=O)/C=C/CN1CCCOCC1)C3,CHEMBL3655353,True,8.37,0.0,2
KIKYDYDKITYLHU-FVRDMJKUSA-N,CCOc1cc2ncnc(N[C@@H](C)c3ccccc3)c2cc1NC(=O)C1COC(=O)N1,CHEMBL3818563,False,8.26,,1
LHAORNIMHMDHKB-QGZVFWFLSA-N,COc1cc(C(=O)NCCN(C)C)ccc1-c1cc2c(N[C@H](C)c3ccccc3)ncnc2s1,CHEMBL3758770,False,9.3,,1
BSQVJNCDUAEBNR-UHFFFAOYSA-N,COc1cc(C=O)ccc1-c1cc2c(Nc3ccc(F)c(Cl)c3)ncnc2s1,CHEMBL3759280,False,8.3,,1
QEKKQKSAUFTIBW-UHFFFAOYSA-N,CCOC(=O)Nc1ccc(Nc2ncnc3cc(OC)c(OC)cc23)cc1C,CHEMBL2018756,False,6.05,0.0,2
MVFQHVQABARLKS-UHFFFAOYSA-N,Nc1ncnc2c1c(-c1ccc(Cl)c(O)c1)nn2CC1CCCNC1,CHEMBL1241858,False,5.57,,1
AAVGHUCVRHUVEM-UHFFFAOYSA-N,COc1cc2ncc(C(=O)O)c(Nc3ccc(F)c(Cl)c3)c2cc1OC,CHEMBL1947123,False,5.03,,1
YTSDNPLOCDVGNB-UHFFFAOYSA-N,COc1ccc2cc(-c3nn(C(C)C)c4ncnc(N)c34)ccc2c1,CHEMBL2070045,False,6.29,,1
KGHAUONMJSXUDW-UHFFFAOYSA-N,COc1ccc(CNc2[nH]nc3ncnc(Nc4cccc(Cl)c4)c23)cc1,CHEMBL122245,False,8.15,,1
JFIOVJDNOJYLKP-UHFFFAOYSA-N,Oc1c(Cl)cc(Cl)cc1Sc1cc(Cl)cc(Cl)c1O,CHEMBL290106,False,6.21,,1
HKWNGVFHUCRTTQ-UHFFFAOYSA-N,CCOc1ccc(-c2nn(C3CCCCC3)c3ncnc(N)c23)cc1OC,CHEMBL1242659,False,5.94,,1
IPBTVEGUKBCCDA-UHFFFAOYSA-N,NC(=S)N1N=C(c2ccccc2)CC1c1cccc2ccccc12,CHEMBL2325102,False,5.65,,1
RHIKOEXNOGXDPV-UHFFFAOYSA-N,Brc1cccc(Nc2ncnc3cc(NCCN4CCOCC4)ncc23)c1,CHEMBL128987,False,8.49,0.0,2
RJZPDKUWHMCJNM-TZIWHRDSSA-N,O=C(O[C@H]1CN[C@H](C#Cc2cc3ncnc(Nc4ccc(Sc5cccc(F)c5)c(Cl)c4)c3s2)C1)N1CCOCC1,CHEMBL501050,False,6.2,,1
JKMMLNQHOCOLSR-AOYPEHQESA-N,O=C(O[C@H]1CN[C@H](C#Cc2cc3ncnc(Nc4ccc5c(ccn5Cc5ccccc5)c4)c3s2)C1)N1CCOCC1,CHEMBL500217,False,7.05,,1
VANNKDNVAYXPGI-UHFFFAOYSA-N,c1ccc2sc(-c3ccc(Nc4ncnc5[nH]cnc45)cc3)nc2c1,CHEMBL515598,False,5.11,,1
FHJYOQCADPXZHS-ZZXKWVIFSA-N,CN(N)C/C=C/C(=O)Nc1cc2c(Nc3cccc(Br)c3)ccnc2cn1,CHEMBL460736,True,8.07,,1
KEBMSGAJMPWLNS-AWEZNQCLSA-N,NC[C@H](Cc1cccc(F)c1)NC(=O)c1cc(Br)c(-c2ccnc3[nH]ccc23)s1,CHEMBL523586,False,5.0,,1
LJOCIHRQARKISZ-UHFFFAOYSA-N,CS(=O)(=O)CCNc1nc(-c2ccc3ncnc(Nc4ccc(OCc5cccc(F)c5)c(Cl)c4)c3c2)cs1,CHEMBL155761,False,8.0,,1
QAWSAMDJZZDGDW-UHFFFAOYSA-N,COc1cc2c(Nc3ccc(C)cc3F)ncnc2cc1OCC1CCNCC1,CHEMBL428534,False,6.3,,1
KQEHWOWUWGAOSR-UHFFFAOYSA-N,COc1cc2c(Nc3c(F)cc(Cl)cc3F)ncnc2cc1OCC1CCN(C)CC1,CHEMBL422758,False,6.35,,1
FYZOPODRENDNJN-UHFFFAOYSA-N,COc1cc2c(Nc3c(F)cc(Cl)cc3F)ncnc2cc1OCC1CCNCC1,CHEMBL25450,False,6.3,,1
KHMXQKACLGIYMG-MTCRFPMVSA-N,CN(C)C/C=C/C(=O)Nc1cc2c(N3CCc4ccccc43)ncnc2cc1O[C@@H]1CCOC1,CHEMBL4168254,True,8.3,0.0,2
JFGLOXKNWPNMQT-AWEZNQCLSA-N,COc1cc2c(Nc3ccc(Br)cc3F)ncnc2cc1OC[C@H]1CCCN(C)C1,CHEMBL1907944,False,7.0,,1
LUIPBUGZNLTUHZ-UHFFFAOYSA-N,C=CC(=O)Nc1cccc(N2C(=O)N(c3ccc(-c4ccccc4)cc3)Cc3cnc(Nc4ccc(N5CCN(C)CC5)cc4OC)nc32)c1,CHEMBL2029439,True,8.85,,1
LVNSLWQSIRXKLZ-UHFFFAOYSA-N,C=CC(=O)Nc1cccc(N2C(=O)N(C)Cc3cnc(Nc4ccc(N5CCCCC5)cc4OC)nc32)c1,CHEMBL2032378,True,7.53,,1
CFTJYIOLGANXGV-UHFFFAOYSA-N,CN(C)C(=O)CCc1c(SSc2[nH]c3ccccc3c2CCC(=O)N(C)C)[nH]c2ccccc12,CHEMBL422531,False,4.92,,1
SJHLMHPRVRNIFW-UHFFFAOYSA-N,Cn1c(=O)c(-c2c(Cl)cccc2Cl)cc2cnc(Nc3cccnc3)nc21,CHEMBL325589,False,6.29,,1
ULJVYCBHZIELSM-UHFFFAOYSA-N,CC(=O)OC(Cc1c(SSc2[nH]c3ccccc3c2CC(OC(C)=O)C(=O)NCc2ccccc2)[nH]c2ccccc12)C(=O)NCc1ccccc1,CHEMBL348146,False,4.55,,1
LYKORKBUGRQTBH-UHFFFAOYSA-N,CS(=O)(=O)CCNc1nc(-c2ccc3ncnc(Nc4ccc(OCc5ccccc5)c(Cl)c4)c3c2)cs1,CHEMBL160846,False,8.1,,1
XRLIPUSFUDXFGS-RMKNXTFCSA-N,CCOc1cc2ncnc(NC3=CC(=O)C(OCc4cccc(F)c4)=CC3=O)c2cc1NC(=O)/C=C/CN(C)C,CHEMBL428741,True,7.880000000000001,0.7212489168102791,2
XQWJECIZRPTKDQ-UHFFFAOYSA-N,O=c1[nH]c(Cc2ccccc2)cn2c1cc1cc(Cl)ccc12,CHEMBL4208745,False,5.62,,1
HPBJQOWLAKYNDM-HWQLMJRHSA-N,CO[C@H]1[C@@H](N(C)C(=O)c2cnccn2)C[C@@H]2O[C@@]1(C)n1c3ccccc3c3c4c(c5c6ccccc6n2c5c31)C(=O)NC4,CHEMBL337297,False,5.09,,1
XZFMZWHIYIWGAL-UHFFFAOYSA-N,CS(=O)(=O)CC(=O)NCCn1ccc2ncnc(Nc3ccc(Oc4cccc(C(F)(F)F)c4)c(Cl)c3)c21,CHEMBL2148044,False,7.82,,1
IYXBOIUCIHUDMS-UHFFFAOYSA-N,NC(=S)NN=C(C=Cc1ccccc1F)c1ccccc1,CHEMBL1830257,False,4.65,,1
HXCJXZPPLZOZHP-UHFFFAOYSA-N,NC(=S)NN=C(C=Cc1ccc(OCc2ccccc2)cc1)c1ccccc1,CHEMBL1830271,False,6.16,,1
OOJCXKRYYHGMOA-UHFFFAOYSA-N,O=C(c1cc2ccccc2[nH]1)c1cc2c(Nc3ccc(F)cc3)ncnc2s1,CHEMBL1928310,False,7.36,,1
BMGQWWVMWDBQGC-PZFYLCKJSA-N,CO[C@H]1[C@@H](N(C)C(=O)c2ccccc2)C[C@@H]2O[C@@]1(C)n1c3ccccc3c3c4c(c5c6ccccc6n2c5c31)C(=O)NC4,CHEMBL338448,False,5.72,,1
UQBXJPGUOYCCAX-UHFFFAOYSA-N,C=CC(=O)Nc1cccc(Oc2cc(Nc3ccc(OCc4cccc(F)c4)c(Cl)c3)ncn2)c1,CHEMBL1928947,True,7.43,,1
CKNICHHQTFEWGN-UHFFFAOYSA-N,COc1cc2ncnc(-c3c[nH]c4cc(F)c(Cl)cc34)c2cc1OC,CHEMBL515401,False,6.68,,1
HUZPSSPYZLNIKI-UHFFFAOYSA-N,O=C(Nc1cc2c(Nc3ccc(F)c(Cl)c3)ncnc2cc1OCCCN1CCOCC1)c1cc([N+](=O)[O-])ccc1Cl,CHEMBL4782025,False,8.08,,1
ZHOKHSGWBNPFQU-UHFFFAOYSA-N,N#CC(=Cc1ccc(O)c(O)c1)C(=O)NCCCNC(=O)C(C#N)=Cc1ccc(O)c(O)c1,CHEMBL67535,True,5.94,0.6505382386916236,2
LRLNQABHVFTDEO-ILBGXUMGSA-N,O=C(O[C@H]1CN[C@H](C#Cc2cc3ncnc(Nc4ccc5c(cnn5Cc5cccc(F)c5)c4)c3s2)C1)N1CCOCC1,CHEMBL510845,False,7.52,,1
QGHKJWBUQDKSJR-UHFFFAOYSA-N,O=C(Nc1ccc2ncnc(Nc3cccc(Cl)c3)c2c1)C1CCC2(CC1)OOC1(CCCCC1)OO2,CHEMBL4094174,False,7.08,,1
SUUQUGFBBWLFFH-UHFFFAOYSA-N,C#Cc1cccc(Nc2ncnc3cc(OC)c(OCCCCCn4ccnc4[N+](=O)[O-])cc23)c1,CHEMBL3355881,False,9.31,,1
CWFMGPWYOACYBH-UHFFFAOYSA-N,C#Cc1cccc(Nc2ncnc3cc(OC)c(OCCCCCCn4ccnc4[N+](=O)[O-])cc23)c1,CHEMBL3355882,False,9.3,,1
CCUYECGXGAFGTM-UHFFFAOYSA-N,c1cc(Nc2ccc3[nH]ccc3c2)c2sc(-c3ccc(CNCCN4CCNCC4)cc3)cc2n1,CHEMBL80540,False,8.52,,1
XYZWEMNNBFBAKA-UHFFFAOYSA-N,N#CC(=Cc1cc(O)c(O)c(Br)c1)C(=O)NCCCNC(=O)C(C#N)=Cc1cc(O)c(O)c(Br)c1,CHEMBL144770,True,5.9399999999999995,0.7495331880577397,2
AWVNAHCNGPGUNE-UHFFFAOYSA-N,Oc1ccc(C=NNc2nc3ccccc3c3nncn23)cc1,CHEMBL4873202,False,6.16,,1
CYMDDJODSVMYBQ-UHFFFAOYSA-N,O=C(NCc1ccccc1)c1cc2cc(O)c(O)cc2cn1,CHEMBL296582,False,5.51,,1
ALLFOBCVMVMHJI-UHFFFAOYSA-N,C=CC(=O)Nc1cccc(N2C(=O)N(C)Cc3cnc(Nc4ccc(N5CCN(C)CC5)cc4OC)nc32)c1,CHEMBL2032376,True,8.94,,1
MYGPUCMHVBVSTH-UHFFFAOYSA-N,C=CC(=O)Nc1cccc(N2C(=O)N(C)Cc3cnc(Nc4ccc(N5CCOCC5)cc4OC)nc32)c1,CHEMBL2032379,True,7.79,,1
JFGLOXKNWPNMQT-CQSZACIVSA-N,COc1cc2c(Nc3ccc(Br)cc3F)ncnc2cc1OC[C@@H]1CCCN(C)C1,CHEMBL1907764,False,6.7,,1
RFXHNJBBKBSDIB-YBHWRHNVSA-N,O=C(Nc1cc2c(Nc3ccc(F)c(Cl)c3)ncnc2cc1O[C@H]1CCOC1)/C(F)=C\CN1CCCCC1,CHEMBL3357646,True,8.59,,1
PBLLZMVBSNNOCF-UHFFFAOYSA-N,Cc1ccccc1C(C)Nc1ncnc2[nH]c(-c3ccc(O)cc3)cc12,CHEMBL1914659,False,7.77,,1
HXNOCBIFNWVJLT-CYBMUJFWSA-N,C[C@@H]1CN(c2nc(C(F)(F)F)no2)CCN1c1ncc(OCc2ccc(CS(C)(=O)=O)cc2F)cn1,CHEMBL3358006,False,5.68,,1
VUEAWOKXEQLRJW-UHFFFAOYSA-N,N#CC(=Cc1ccc(O)c(O)c1)C(=O)NCCN1CCN(C(=O)C(C#N)=Cc2ccc(O)c(O)c2)CC1,CHEMBL343887,True,5.33,0.4666904755831215,2
ZMWAFESFFVDUCV-UHFFFAOYSA-N,COC(=O)CCc1c(SSc2[nH]c3ccccc3c2CCC(=O)OC)[nH]c2ccccc12,CHEMBL79808,False,4.68,,1
ZBNZXTGUTAYRHI-UHFFFAOYSA-N,Cc1nc(Nc2ncc(C(=O)Nc3c(C)cccc3Cl)s2)cc(N2CCN(CCO)CC2)n1,CHEMBL5416410,False,6.62,0.7167891368224456,6
XRPQDUHGTQIOEO-OPEKNORGSA-N,Cc1ncc([N+](=O)[O-])n1CC(=O)N/N=C/c1cc2ccccc2nc1Oc1ccc(F)cc1,CHEMBL3234867,False,5.555,1.2374368670764582,2
VQEZZLMQZUZSSH-BRJLIKDPSA-N,Cc1ccc2nc(Oc3ccccc3)c(/C=N/NC(=O)Cn3c([N+](=O)[O-])cnc3C)cc2c1,CHEMBL3235200,False,5.65,0.2121320343559638,2
YZFFSSSXLLCPIH-WYMPLXKRSA-N,Cc1ncc([N+](=O)[O-])n1CC(=O)N/N=C/c1cc2ccccc2nc1Oc1ccccc1,CHEMBL3234864,False,4.905,0.12020815280171303,2
YDIGTIXLCJHFIX-KBKYJPHKSA-N,Cc1ccc2nc(Oc3ccc(Cl)cc3)c(/C=N/NC(=O)Cn3c([N+](=O)[O-])cnc3C)cc2c1,CHEMBL3235204,False,4.89,0.24041630560342606,2
ZLJXNOJTRKIARN-UHFFFAOYSA-N,CN(C(=O)N(CCCl)N=O)c1ccc2ncnc(Nc3cccc(Br)c3)c2c1,CHEMBL210893,False,6.53,,1
ZCKFRMIUXBQEAX-UHFFFAOYSA-N,CN(CCCl)C(=O)Nc1ccc2ncnc(Nc3cccc(Cl)c3)c2c1,CHEMBL208144,False,7.09,,1
AWAYNEMCHILZCF-UHFFFAOYSA-N,Nc1ccc2ncnc(Nc3cccc(Cl)c3)c2c1,CHEMBL343352,False,6.72,1.0161856785712609,3
PQSPOGSYZPEFAX-UHFFFAOYSA-N,COc1cc(N2CCN(S(C)(=O)=O)CC2)ccc1Nc1nccc(-c2c(-c3cccc(C(=O)Nc4c(F)cccc4F)c3)nc3ccccn23)n1,CHEMBL3904450,False,6.0,,1
ZIDYMRBSAWLZLI-UHFFFAOYSA-N,COc1ccn2c(-c3ccnc(Nc4ccc(N5CCC(N6CCCCC6)CC5)cc4OC)n3)c(-c3ccc(OC)c(C(=O)Nc4c(F)cccc4F)c3)nc2c1,CHEMBL3940401,False,6.0,,1
XDVUZJSZZMHEEE-UHFFFAOYSA-N,COc1cc(N2CCC(N3CCN(CCF)CC3)CC2)ccc1Nc1nccc(-c2c(-c3ccc(OC)c(C(=O)Nc4c(F)cccc4F)c3)nc3ccccn23)n1,CHEMBL3950296,False,6.0,,1
XWOBYUGXRJUXJF-UHFFFAOYSA-N,Cc1ccn2ncnc(Nc3ccc4c(cnn4Cc4ccccn4)c3)c12,CHEMBL394462,False,6.7,,1
VLQWKBJABCENOH-UHFFFAOYSA-N,CC(C)Oc1cc2ncnc(Nc3ccc(F)c(Cl)c3)c2c2c1OCCO2,CHEMBL3805283,False,7.54,,1
OMYOVWAUIIJSPG-UHFFFAOYSA-N,C#CC(=O)Nc1cc2c(Nc3cccc(Br)c3)ncnc2cn1,CHEMBL378144,False,9.22,,1
UWZFRGUEGWIAQH-UHFFFAOYSA-N,C=CC(=O)Nc1cc(Nc2nccc(Nc3ccn(C)n3)n2)c(OC)cc1N(C)CCN(C)CC(=C)C,CHEMBL5087994,True,5.5,,1
FKXXCQSSSCJHOZ-UHFFFAOYSA-N,O=C(C#CCCN1CCCCC1)Nc1cc2c(Nc3ccc(F)c(Cl)c3)ncnc2cn1,CHEMBL205059,False,9.05,,1
GSPYOWLUBSMHCV-UHFFFAOYSA-N,CS(=O)(=O)CCNCc1nc(-c2ccc3ncnc(Nc4ccc(OCc5ccccc5)cc4)c3c2)cs1,CHEMBL473543,False,7.09,,1
OHGZNBMOOVLHFR-UHFFFAOYSA-N,C=CC(=O)Nc1nc2c(Cc3ccc(F)c(Cl)c3)ncnc2cc1C=CCCN1CCOCC1,CHEMBL490496,True,9.8,,1
FPKZEOVCLPUZDO-UHFFFAOYSA-N,C=CC(=O)Nc1nc2c(Cc3ccc(F)c(Cl)c3)ncnc2cc1OCCOC,CHEMBL490498,True,9.01,,1
LYLKDBBQYSLSHM-UHFFFAOYSA-N,CCOC(=O)C=CC(=O)Cc1ccc2ncnc(Nc3cccc(Br)c3)c2c1,CHEMBL454384,False,8.57,,1
YEJVYZPFKBPIKG-UHFFFAOYSA-N,O=C(C=CC(=O)NCCCn1ccnc1)Cc1cc2c(Nc3cccc(Br)c3)ncnc2cn1,CHEMBL460723,True,9.25,,1
KNXXEFGLJICDBL-SNAWJCMRSA-N,O=C(/C=C/C(=O)Nc1cc2c(Nc3ccc(F)c(Cl)c3)ncnc2cn1)NCCCN1CCOCC1,CHEMBL138940,True,9.22,,1
CWKHHWBULLPWMQ-UHFFFAOYSA-N,C=CC(=O)NC1=CC=C2N=CN=C(Nc3cccc(C)c3)C21,CHEMBL474147,True,9.38,,1
VIJNDICUWUNKHL-UHFFFAOYSA-N,C=CC(=O)Nc1cc2ncnc(Nc3cccc(Br)c3)c2[nH]1,CHEMBL474142,True,8.96,,1
CFJDWNWGKOBXBC-UHFFFAOYSA-N,O=C(O)Cn1ncc2cc3c(Nc4cccc(Br)c4)ncnc3cc21,CHEMBL36819,False,6.6,0.9616652224137046,2
CCNLXZQUHIOSNZ-UHFFFAOYSA-N,CN(C)CCN1Cc2cc3c(Nc4cccc(Br)c4)ncnc3cc21,CHEMBL489117,False,7.39,,1
QAUQFKRIRRUBIU-UHFFFAOYSA-N,CN(C)CCCCCNc1cc2ncnc(Nc3cccc(Br)c3)c2cn1,CHEMBL129824,False,8.08,0.0,2
SXQLAYKKOJLZRB-UHFFFAOYSA-N,CN(C)CCN(C)c1cc2ncnc(Nc3cccc(Br)c3)c2cn1,CHEMBL126137,False,7.4,0.0,2
NMCVYFXROBUBLX-UHFFFAOYSA-N,[O-][N+]1(CCCNc2cc3ncnc(Nc4cccc(Br)c4)c3cn2)CCOCC1,CHEMBL339416,False,9.13,0.0,2
AORLUMDMFWSHLT-UHFFFAOYSA-N,O=C(O)CCCNc1cc2ncnc(Nc3cccc(Br)c3)c2cn1,CHEMBL128468,False,9.55,0.0,2
BORKFJDWZHJYIA-UHFFFAOYSA-N,COc1cc2ncnc(Nc3ccc(F)c(Cl)c3)c2cc1CN1CCC(C(N)=O)C1,CHEMBL461795,False,8.22,,1
DSLGUZCGVWLDBV-QPJJXVBHSA-N,CCOc1cc2nccc(Nc3cccc(Br)c3)c2cc1NC(=O)/C=C/CN1CCOCC1,CHEMBL473141,True,4.99,,1
IDPINEYUDSPLGM-UHFFFAOYSA-N,Nc1nc(Nc2cccc(Br)c2)c2cc(CCc3ccccc3)[nH]c2n1,CHEMBL485320,False,6.52,0.0,2
BVASVOATLGXWDS-UHFFFAOYSA-N,O=C(NCCCCOc1ccc2ncnc(Nc3ccc(OCc4ccccc4)cc3)c2c1)C(F)(F)F,CHEMBL14627,False,7.13,0.0,2
POJLWIIYPDNVPE-UHFFFAOYSA-N,C=CC(=O)Nc1cc2c(Cc3ccc(F)c(Cl)c3)ncnc2cc1OCCCN1CCOCC1,CHEMBL489306,True,8.82,,1
BVXBBIZFISJCMB-UHFFFAOYSA-N,OCCOc1[nH]nc2ncnc(Nc3ccc(OCc4ccccn4)c(Cl)c3)c12,CHEMBL257861,False,7.8,,1
VQXONFAAUSCWAP-UHFFFAOYSA-N,CN1CCC(Oc2cccc3ncnc(Nc4ccc(OCc5cccc(F)c5)c(Cl)c4)c23)CC1,CHEMBL197640,False,8.3,,1
HHHOBSDBLSOFLQ-UHFFFAOYSA-N,CN1CCC(Oc2cccc3ncnc(Nc4ccc(OCc5cnccn5)c(Cl)c4)c23)CC1,CHEMBL436511,False,6.16,,1
QRUARRFEABCHAH-UHFFFAOYSA-N,Cc1cccc(Nc2ncnc3ccncc23)c1NCCCN1CCN(C)CC1,CHEMBL410253,False,8.25,,1
MJOCIJJZVORFEJ-UHFFFAOYSA-N,Brc1cccc(Nc2ncnc3ccncc23)c1NCCCn1ccnc1,CHEMBL272865,False,9.29,,1
APXDAYLGZSXVDB-UHFFFAOYSA-N,Clc1cc2c(Nc3cccc(Br)c3)ncnc2cn1,CHEMBL296377,False,7.39,,1
CZBTZBBBQGIOGA-UHFFFAOYSA-N,COc1cc2ncnc(Nc3cccc(Br)c3)c2cc1[N+](=O)[O-],CHEMBL65038,False,7.82,,1
VQTRWXQSANIXPR-UHFFFAOYSA-N,COc1cc2ncnc(Nc3cccc(Br)c3)c2cc1N,CHEMBL96780,False,8.42,,1
GFNNBHLJANVSQV-UHFFFAOYSA-N,COc1cc2ncnc(Nc3cccc(Cl)c3)c2cc1OC,CHEMBL7917,False,8.3,0.8409291912889603,7
FFODKADEKHPVKK-UHFFFAOYSA-N,O=[N+]([O-])c1ccc2c(Nc3cccc(I)c3)ncnc2c1,CHEMBL93284,False,6.26,,1
ZROBAJVGRYCCGH-KRWDZBQOSA-N,C[C@@H](CN(C)C(=O)CO)Oc1cccc2ncnc(Nc3ccc(OCc4ccccn4)c(Cl)c3)c12,CHEMBL413987,False,6.72,,1
RKGSSQYWLOVFPK-UHFFFAOYSA-N,COc1cc(N2CCN(C)CC2)ccc1Nc1ncc(Cl)c(Oc2cccc(NC(=O)COCc3ccccc3)c2)n1,CHEMBL4202413,False,5.02,,1
GJWFUQFKMMOYFI-UHFFFAOYSA-N,COc1cc(N2CCN(C)CC2)ccc1Nc1ncc(Cl)c(Oc2cccc(NC(=O)CO)c2)n1,CHEMBL4207305,False,4.8,,1
XOQKZEMXCAEBHU-UHFFFAOYSA-N,CN(CCCOc1ccc2ncnc(Nc3ccc(OCc4ccccc4)cc3)c2c1)CCS(C)(=O)=O,CHEMBL14874,False,6.08,0.0,2
XKJIVVHNSBAGCH-UHFFFAOYSA-N,NNc1cc2ncnc(Nc3cccc(Br)c3)c2cn1,CHEMBL340508,False,8.15,0.0,2
ABEGFBRZNZWQBS-UHFFFAOYSA-N,COc1cccc(Nc2[nH]nc3ncnc(Nc4cccc(Cl)c4)c23)c1,CHEMBL120979,False,8.1,,1
BJCWVHPCCLIDDY-UHFFFAOYSA-N,O=[N+]([O-])c1cccc(-c2[nH]nc3ncnc(Nc4cccc(Cl)c4)c23)c1,CHEMBL118904,False,6.57,,1
PISPWRJZOUBGAI-UHFFFAOYSA-N,Nc1ncnc2c1c(-c1ccccc1)cn2-c1ccccc1CNCCO,CHEMBL176470,False,5.19,,1
LYZQHVCHNLZIEV-UHFFFAOYSA-N,C=C(C)C(=O)Nc1cc2c(Nc3ccc(F)c(Cl)c3)ncnc2cc1OCCCN1CCOCC1,CHEMBL3974571,True,7.425,0.36062445840513907,2
JEWUEUCNKZKAGM-DUXPYHPUSA-N,C/C=C/C(=O)Nc1cc2c(Nc3ccc(F)c(Cl)c3)ncnc2cc1OCCCN1CCOCC1,CHEMBL3918330,True,7.390000000000001,0.38183766184073537,2
GZIRRVFQWRHYHQ-UHFFFAOYSA-N,CCC(=O)Nc1cc2c(Nc3ccc(F)c(Cl)c3)ncnc2cc1OCCCN1CCOCC1,CHEMBL3957801,False,7.825,0.31819805153394715,2
NWZQTNDYDHXMOE-DHZHZOJOSA-N,CCOc1cc2ncnc(Nc3ccc4c(cnn4Cc4ccccc4)c3)c2cc1NC(=O)/C=C/CN(C)C,CHEMBL3932176,True,8.46,0.3394112549695425,2
AEBKFOMFJMJUFH-VPGRUKGMSA-N,CCOc1cc2ncnc(Nc3ccc4c(cnn4Cc4ccccc4)c3)c2cc1NC(=O)/C=C/CN1[C@H](C)CCC[C@@H]1C,CHEMBL3914227,True,7.34,0.3394112549695431,2
RSEKNDZBPQNPGL-JXMROGBWSA-N,CCOc1cc2ncnc(Nc3ccc4c(cnn4Cc4ccccc4)c3)c2cc1NC(=O)/C=C/CN1CCN(C)CC1,CHEMBL3921129,True,7.869999999999999,0.32526911934581154,2
IZRQFKYNXNFFQT-DHZHZOJOSA-N,CCOc1cc2ncnc(Nc3ccc4c(ccn4S(=O)(=O)c4ccccc4)c3)c2cc1NC(=O)/C=C/CN1CCCC1,CHEMBL3890751,True,7.36,0.1131370849898477,2
OQMRHQNPXVSUBR-UHFFFAOYSA-N,CN1CCN(c2ccc(Nc3ncnc4cc5oc(=O)n(CCOC(=O)CCl)c5cc34)cc2Cl)CC1,CHEMBL3921302,False,7.7,,1
WMMYEEZXHZQCLA-INIZCTEOSA-N,CC[C@H](C)Nc1cc(Nc2ccnc(-c3cnn(S(=O)(=O)C4CC4)c3)n2)ncc1C(=O)N1CC(C(C)(C)O)C1,CHEMBL5427952,False,6.63,,1
DNZUNQUVWFQHOF-UHFFFAOYSA-N,O=C(Nc1cc2c(Nc3ccc(F)c(Cl)c3)ncnc2cc1OCCCN1CCOCC1)c1cccc(F)c1F,CHEMBL4741678,False,7.54,,1
YEIAMNOHYKXSFB-TZIWHRDSSA-N,CN(C)C(=O)O[C@H]1CN[C@H](C#Cc2cc3ncnc(Nc4ccc(OCc5cccc(F)c5)c(Cl)c4)c3s2)C1,CHEMBL517123,False,7.55,0.0,2
NWDMCJXGXJGDKM-IFMALSPDSA-N,CS(=O)(=O)CCNC(=O)O[C@H]1CN[C@H](C#Cc2cc3ncnc(Nc4ccc(OCc5cccc(F)c5)c(Cl)c4)c3s2)C1,CHEMBL504034,False,7.4,,1
UGWUUDYHNSCFBW-UHFFFAOYSA-N,CC(=O)NCCNCc1ccc(-c2cc3nccc(Nc4ccc5[nH]ccc5c4)c3s2)cc1,CHEMBL418909,False,8.7,,1
LJJMQOMCMBZYNH-UHFFFAOYSA-N,CC(=O)Oc1cccc2c(C(=O)Nc3ccccc3)c(SSc3c(C(=O)Nc4ccccc4)c4cccc(OC(C)=O)c4n3C)n(C)c12,CHEMBL291359,False,5.0,,1
ROWZBCBRQQSSRI-UHFFFAOYSA-N,COc1cc2ncnc(Nc3ccc4c(c3)CCC4)c2cc1OC,CHEMBL555797,False,6.22,,1
VTLQAHPWBDJOFR-UHFFFAOYSA-N,c1ccc(CCCN(c2cc3ncnc(Nc4ccc5[nH]ccc5c4)c3s2)n2ccnc2)cc1,CHEMBL312818,False,8.65,0.49497474683058273,2
JIJDVLXBQGQRQM-UHFFFAOYSA-N,C=CC(=O)Nc1cccc(-n2c(=O)cnc3cnc(Nc4ccc(NC(C)=O)cc4)nc32)c1,CHEMBL2437466,True,7.9,,1
NPYHVKHWRDSLAV-UHFFFAOYSA-N,C=CC(=O)Nc1cccc(-n2c(=O)cnc3cnc(Nc4ccc(Cl)cc4)nc32)c1,CHEMBL2437458,True,7.33,,1
BLWDOLCMBQDSMT-UHFFFAOYSA-N,C=CC(=O)Nc1cccc(-n2c(=O)cnc3cnc(Nc4ccc(OC)cc4)nc32)c1,CHEMBL2437479,True,7.86,,1
PIFMNYYGBVDDCK-UHFFFAOYSA-N,COc1cc2ncc(C#N)c(Nc3cccc(Br)c3C)c2cc1OC,CHEMBL112225,False,6.08,,1
QFRXIKQLGYNTBV-UHFFFAOYSA-N,COCCOCC#CC(=O)Nc1ccc2ncc(C#N)c(Nc3cccc(Br)c3)c2c1,CHEMBL115440,False,6.03,0.0,3
ATUIHXRIJCYLPA-LUOAPIJWSA-N,CC(C)S(=O)(=O)c1ccccc1Nc1nc(N/N=C/c2ccc(OC(F)(F)F)cc2)ncc1Cl,CHEMBL3913728,False,6.05,,1
LOCGWCWPUSRMSW-UHFFFAOYSA-N,Fc1ccc(Nc2nncc3ccccc23)cc1,CHEMBL3979610,False,8.22,,1
AUAMVGQDEAESMO-UHFFFAOYSA-N,O=S(=O)(Nc1ncccn1)c1ccc(Nc2nncc3ccccc23)cc1,CHEMBL3908272,False,7.07,,1
FQINJZOKZQVKKN-UHFFFAOYSA-N,OCc1ccc(-c2cc3ncnc(Nc4ccc5[nH]ccc5c4)c3s2)cc1,CHEMBL312753,False,9.0,,1
FTEDVZPTRHFYOX-UHFFFAOYSA-N,COc1cc(O)c2c(=O)c(-c3cccc(Cl)c3)c[nH]c2c1,CHEMBL440453,False,7.4,1.2644366334458996,3
ZCTRJOQXUHMAGQ-UHFFFAOYSA-N,Fc1cccc(Cn2ncc3cc(Nc4ncnn5ccc(CN6CCNCC6)c45)ccc32)c1,CHEMBL231875,False,7.05,,1
YMSXHRWUGLAAKL-JXMROGBWSA-N,Cc1ccccc1Nc1nc2cc(F)c(N(C)C(=O)/C=C/CN(C)C)cc2n2cncc12,CHEMBL1916891,True,7.76,0.8746999485537879,3
KSGFHOXKNWEUSE-UHFFFAOYSA-N,N#CCC(=O)Nc1cccc(Oc2cc(Nc3ccc(OCc4cccc(F)c4)c(Cl)c3)ncn2)c1,CHEMBL1928950,False,7.32,,1
LXANAWKXDMMAQX-UHFFFAOYSA-N,Cn1c(=O)c(-c2c(Cl)cccc2Cl)cc2cnc(Nc3cccc(Br)c3)nc21,CHEMBL111434,False,6.17,,1
DQTFQGFYHRMPLB-UHFFFAOYSA-N,CC(=O)Oc1ccc2c(c1)c(C(=O)Nc1ccccc1)c(SSc1c(C(=O)Nc3ccccc3)c3cc(OC(C)=O)ccc3n1C)n2C,CHEMBL61119,False,5.28,,1
DVIOTQVUWWUVNL-UHFFFAOYSA-N,Cn1c(SSc2c(C(=O)Nc3ccccc3)c3cccc(O)c3n2C)c(C(=O)Nc2ccccc2)c2cccc(O)c21,CHEMBL62843,False,4.0,,1
PJDCIIPPRINIGB-RMKNXTFCSA-N,CCN(CC)C/C=C/C(=O)Nc1ccc2ncnc(Nc3cccc(Br)c3)c2c1,CHEMBL91925,True,7.14,,1
VMRWWYVFRBYXKO-UHFFFAOYSA-N,C=c1cc(C(=O)NCCN2CCOCC2)[nH]c1=Cc1c(O)[nH]c2ncnc(Nc3ccc4c(ccn4Cc4ccccc4)c3)c12,CHEMBL264382,True,8.96,,1
PRTBWEHHMHBKER-UHFFFAOYSA-N,Cn1c(SSc2c(C(=O)Nc3ccccc3)c3ccccc3n2C)c(C(=O)Nc2ccccc2)c2ccccc21,CHEMBL304414,False,5.0,,1
AAALVYBICLMAMA-UHFFFAOYSA-N,O=C1NC(=O)c2cc(Nc3ccccc3)c(Nc3ccccc3)cc21,CHEMBL268868,False,6.52,0.0,2
KVSKGMLNBAPGKH-UHFFFAOYSA-N,O=C(Nc1ccc(Br)cc1)c1cc(Br)cc(Br)c1O,CHEMBL24944,False,5.53,,1
SADXACCFNXBCFY-YKATVRGKSA-N,CCOc1cc2ncc(C#N)c(Nc3ccc(OCc4ccccn4)c(Cl)c3)c2cc1NC(=O)/C=C/[C@@H]1CCCN1C,CHEMBL3647417,True,7.32,0.0,3
JZQOPZNZLUYLTR-MNDMWVCDSA-N,CCOc1cc2ncnc(Nc3ccc(F)c(Cl)c3)c2cc1NC(=O)/C=C/[C@H]1CCCN1C,CHEMBL3647423,True,8.7,0.0,3
AFISYERGFLOUQT-FMIVXFBMSA-N,Cc1ncc([N+](=O)[O-])n1CCOC(=O)/C=C/c1ccc(-c2ccccc2)cc1,CHEMBL1173718,False,6.21,0.0,2
NMJRULJODMFXJY-UHFFFAOYSA-N,COc1cccc(C=CC(=NNC(N)=S)c2ccccc2)c1,CHEMBL1830262,False,4.96,,1
DFFZLSLVMLBPOY-UHFFFAOYSA-N,NC(=S)NN=C(C=Cc1ccc(Cl)cc1)c1ccccc1,CHEMBL1830265,False,4.69,,1
SHPUVHYBHKPKPR-UHFFFAOYSA-N,Cc1ccc(C=CC(=NNC(N)=S)c2ccccc2)cc1,CHEMBL1830267,False,4.76,,1
VPKCMZUUHKVTQG-UHFFFAOYSA-N,Cc1ccc(C(C=Cc2ccccc2)=NNC(N)=S)cc1,CHEMBL1830274,False,6.46,,1
ONIQOQHATWINJY-UHFFFAOYSA-N,COc1cc2nccc(Oc3ccc(NC(=O)C4(C(=O)Nc5ccc(F)cc5)CC4)cc3)c2cc1OC,CHEMBL2105717,False,6.65,1.1051847507694508,3
MYVUJYZUPJWAOE-UHFFFAOYSA-N,OCc1ccn2ncnc(Nc3ccc4c(cnn4Cc4cccc(F)c4)c3)c12,CHEMBL246276,False,6.92,,1
FCKGEOQXHWZJHO-IFMALSPDSA-N,O=C(O[C@H]1CN[C@H](C#Cc2cc3ncnc(Nc4ccc(Oc5ccnc6ccc(F)cc56)c(Cl)c4)c3s2)C1)N1CCOCC1,CHEMBL505463,False,6.55,,1
VURXMUNOWCBINZ-ISKFKSNPSA-N,O=C(O[C@H]1CN[C@H](C#Cc2cc3ncnc(Nc4ccc5c(c4)c(F)cn5Cc4ccccc4)c3s2)C1)N1CCOCC1,CHEMBL452980,False,6.62,,1
OBTGJXIDKZVSAG-UHFFFAOYSA-N,Nc1nc(Nc2cccc(Br)c2)c2cc(Cc3ccc(-c4ccccc4)cc3)[nH]c2n1,CHEMBL1956887,False,5.21,,1
ISXTVMIMVFTRIL-UHFFFAOYSA-N,Nc1nc(Nc2cccc(Br)c2)c2cc(Cc3ccccc3Cl)[nH]c2n1,CHEMBL499345,False,5.37,0.0,2
UAJDINBANMOSDA-UHFFFAOYSA-N,COCCOc1cc2ncnc(Nc3cc(Br)cc(OS(C)(=O)=O)c3)c2cc1OCCOC,CHEMBL5631574,False,7.63,0.3394112549695431,2
OVTSFQUFYKJILE-UHFFFAOYSA-N,COc1cccc(-c2cn(C3CCN(CCO)CC3)c3ncnc(N)c23)c1,CHEMBL169200,False,6.05,,1
AXQFCCJBSIHZMB-UHFFFAOYSA-N,COc1cc2c(cc1O)=NC(=O)C=2C(C#N)C#N,CHEMBL56964,True,4.22,0.0,2
SEOLBAMRWONTTM-UHFFFAOYSA-N,CCOC(=O)C(Cc1ccccc1)=NC(=O)C(C#N)Cc1ccc(O)c(O)c1,CHEMBL56319,True,4.31,0.8717989064763353,3
OINWQMFPLYPJMF-UHFFFAOYSA-N,COc1ccc(N(C)c2nc(N)nc3c(Cc4ccccc4)c[nH]c23)cc1,CHEMBL4099329,False,8.96,,1
ICROQBNUKGSVGS-BASWHVEKSA-N,O=C(/C=C\c1ccc(OC(F)(F)F)cc1)c1ccc(Br)c2cc(-c3ccc(F)cc3)oc12,CHEMBL5203711,False,6.92,,1
LXLNCRKEDUWBJS-NLFFAJNJSA-N,CC(C)c1cnc(N2CCCC2)c2cnc(Nc3ccnc(N4CC[C@@H](O)[C@@](C)(F)C4)n3)cc12,CHEMBL5189778,False,5.0,,1
QLZFYULSUWJNSF-YSHIBNCASA-N,CC(C)c1ncc(N2C[C@H](O)[C@H]2C)c2cnc(Nc3ccnc(N4CC[C@@H](O)[C@@](C)(F)C4)n3)cc12,CHEMBL5172587,False,4.99,0.5515432893255076,2
KBEALQIKOQDNNI-ZBLYBZFDSA-N,CC(C)c1cnc(N2CC(C(=O)N(C)C)C2)c2cnc(Nc3ccnc(N4CC[C@@H](O)[C@@](C)(F)C4)n3)cc12,CHEMBL5170376,False,5.1899999999999995,0.2687005768508883,2
LFHIIRYLQNMSCR-KCWPFWIISA-N,CC(C)c1ccc(N2CC(CS(C)(=O)=O)C2)c2cnc(Nc3ccnc(N4CC[C@@H](O)[C@@](C)(F)C4)n3)cc12,CHEMBL5206444,False,6.145,0.3889087296526013,2
KXBDTLQSDKGAEB-UHFFFAOYSA-N,C=CC(=O)Nc1cccc(Nc2nc(Nc3ccc(OCCOC)cc3)ncc2F)c1,CHEMBL3301625,True,6.36,,1
MRHMGJPYCHACKK-UHFFFAOYSA-N,CCC(=O)N=CC(=O)Nc1cccc(Nc2ncc(NC(=O)c3cc(NC(=O)c4cccc(C(F)(F)F)c4)ccc3C)cn2)c1,CHEMBL3290148,True,8.15,,1
GEYZVGCNGAPMHN-UHFFFAOYSA-N,Cc1cc(C)cc(Nc2ncnc3cc4oc(=O)n(CCCN5CCOCC5)c4cc23)c1,CHEMBL2064379,False,4.12,,1
XFANELQTGJYPAF-UHFFFAOYSA-N,CCOC(=O)c1ccc(O)c(Nc2ncnc3cc4oc(=O)n(CCCN5CCOCC5)c4cc23)c1,CHEMBL2064380,False,6.64,,1
RJARHRSDCQNMIU-UHFFFAOYSA-N,O=c1oc2cc3ncnc(Nc4ccc(OCc5ccccc5)cc4)c3cc2n1CCCN1CCOCC1,CHEMBL2064386,False,6.85,,1
BQMMBUOYOGSCCG-UHFFFAOYSA-N,O=C(C#CCN1CCCCC1)Nc1ccc2ncnc(Nc3cccc(Br)c3)c2c1,CHEMBL90595,False,7.24,,1
VUACFNCXZKTIEY-UHFFFAOYSA-N,COc1cc(O)c2c(=O)c(-c3cccc(Cl)c3)cn(C)c2c1,CHEMBL7819,False,6.145,0.8838834764831844,2
NNPUTWBCLSJFPB-UHFFFAOYSA-N,C=CC(=O)Nc1cnc2ncc(C#N)c(Nc3cccc(Br)c3)c2c1,CHEMBL281467,True,6.22,0.2969848480983499,2
XEPZXGOISJEFCH-UHFFFAOYSA-N,C=c1cc(C(=O)N2CCOCC2)[nH]c1=Cc1c(O)[nH]c2ncnc(Nc3ccc4c(ccn4Cc4ccccc4)c3)c12,CHEMBL67057,True,8.35,,1
GOHZFDZYDZGWHC-UHFFFAOYSA-N,CCOc1cc2ncnc(Nc3cccc(-c4csc(N)n4)c3)c2cc1OCC,CHEMBL340660,False,6.25,,1
GSQOBTOAOGXIFL-UHFFFAOYSA-N,N#CC(=Cc1ccc(O)c(O)c1)C(=O)NCCCc1ccccc1,CHEMBL53898,True,6.16,0.00499999999999977,4
ZSWVFFAVTCICJD-UHFFFAOYSA-N,Cc1cccc(Nc2ncnc3cc(NCCCN4CCN(C)CC4)ncc23)c1,CHEMBL341522,False,8.25,0.0,2
UUZRVUXGULNUHU-UHFFFAOYSA-N,FC(F)(F)c1ccc(-n2cnnc2SCc2nc(COc3c(Cl)cccc3Cl)no2)cc1,CHEMBL461781,False,5.2,,1
KZNGPZVIURSTQL-UHFFFAOYSA-N,O=C(Cc1c[nH]c2ccccc12)NNC(=S)Nc1ncccc1Br,CHEMBL3393072,False,5.07,,1
RJXNSBYIRVOGJX-UHFFFAOYSA-N,CCOC(=O)CCCn1c(=O)oc2cc3ncnc(Nc4ccc(F)c(F)c4)c3cc21,CHEMBL3612592,False,6.85,,1
FNNWCJBIPOEPEV-UHFFFAOYSA-N,CCOC(=O)CCCn1c(=O)oc2cc3ncnc(Nc4ccc(OCc5ccc(Cl)cc5)c(Cl)c4)c3cc21,CHEMBL3612593,False,7.28,,1
KNRLWPPWHZQLNT-UHFFFAOYSA-N,FC(F)(F)c1cccc(Nc2ncnc3ccc4c(c23)OCCN4)c1,CHEMBL5280531,False,6.03,,1
OYPZCDVPMAZHEB-UHFFFAOYSA-N,CN1CCN(CCC(=O)N2CCOc3c2ccc2ncnc(Nc4cccc(Br)c4)c32)CC1,CHEMBL5276304,False,7.39,,1
CJCNAOQVJZDCAW-UHFFFAOYSA-N,CN1CCN(CCC(=O)N2CCOc3c2ccc2ncnc(Nc4cccc(C(F)(F)F)c4)c32)CC1,CHEMBL5290595,False,6.83,,1
QVYSWBVBGTVNHR-UHFFFAOYSA-N,C=c1cc(CCC(=O)O)[nH]c1=Cc1c(O)[nH]c2ncnc(Nc3ccc(F)c(Cl)c3)c12,CHEMBL308645,True,8.33,,1
PHNVKBDORVSXOC-UHFFFAOYSA-N,Fc1ccc2c(c1)CNc1c(Nc3cccc(-c4ccccc4)c3)ncnc1O2,CHEMBL206320,False,5.35,0.49497474683058307,2
ARKUMVMSBPVDTJ-UHFFFAOYSA-N,COc1cccc(-c2ccc3c(C=c4[nH]c5c(c4=CCC(=O)O)CCCC5)c(O)[nH]c3c2)c1,CHEMBL432941,True,5.05,,1
JEADLZPXIVXHEE-XCHVBMRISA-N,Clc1nc2ccccc2c2nnc(/N=C/C=C/c3ccccc3)n12,CHEMBL4638857,False,5.12,,1
OQLHXVUYHPKSJQ-UHFFFAOYSA-N,Nc1nc(Nc2nnc3c4ccccc4nc(Sc4ccc(Br)cc4)n23)cs1,CHEMBL4647325,False,6.16,0.0,2
BCNOQNVAMICQON-UHFFFAOYSA-N,C=CC(=O)Nc1cc(Nc2ncc(Cl)c(-c3c4n(c5ccccc35)CCOC4)n2)c(OC)cc1N(C)CCN(C)C,CHEMBL5286532,True,5.53,,1
SPWALQRNNTYGQY-UHFFFAOYSA-N,C=CC(=O)Nc1cc(Nc2ncc(Cl)c(-c3cn4c5c(cccc35)OCC4)n2)c(OC)cc1N(C)CCN(C)C,CHEMBL5284255,True,7.44,,1
WVYOFBIKOJAJSC-MDZDMXLPSA-N,Cc1ncc([N+](=O)[O-])n1CCOC(=O)/C=C/c1cccc2ccccc12,CHEMBL1170278,False,5.41,,1
XHJPFLSAHTYUNW-ONEGZZNKSA-N,CN(C)C/C=C/C(=O)N1CCOc2cc3ncnc(Nc4ccc(F)c(Cl)c4)c3cc21,CHEMBL2441565,True,8.125,0.38890872965260165,2
PAYLFJFRBIHGBV-UHFFFAOYSA-N,NC(=O)C1=C(N)C(=O)C=C(Nc2ccccc2O)C1=O,CHEMBL2332119,True,5.58,,1
WAEXFXRVDQXREF-UHFFFAOYSA-N,O=C(CCCCCCC(O)=NO)Nc1ccccc1,CHEMBL98,False,6.984999999999999,1.3222896808188436,2
XLYCLHQCGYVQCC-UHFFFAOYSA-N,Nc1ccc(O)c(-c2nnc(Cc3nc4ccccc4[nH]3)o2)c1,CHEMBL4094647,False,4.16,0.0,2
PFBNCPMUCGZALP-UHFFFAOYSA-N,CS(=O)(=O)CCNCCCOc1ccc2ncnc(Nc3ccc(OCc4ccccc4)cc3)c2c1,CHEMBL14952,False,6.98,0.0,2
WCVWWGMNEYDXSB-UHFFFAOYSA-N,c1ccc(C2=NN(c3ccccc3)C(c3ccc4ccccc4c3)C2)cc1,CHEMBL2325095,False,6.62,,1
JQWZMXNLCJLCOJ-UHFFFAOYSA-N,c1ccc(C2=NN(c3ccccc3)C(c3cccc4ccccc34)C2)cc1,CHEMBL2325088,False,5.6,,1
NPKZOJCZCANPQC-UHFFFAOYSA-N,NC(=S)N1N=C(c2ccc(F)cc2)CC1c1cccc2ccccc12,CHEMBL2325103,False,5.08,,1
FMKJJNOFXVDHKH-UHFFFAOYSA-N,CS(=O)(=O)CCNCCCCOc1ccc2ncnc(Nc3ccc4c(cnn4Cc4cccc(F)c4)c3)c2c1,CHEMBL493428,False,7.62,0.0,2
JOSUBHKXGLAWFP-UHFFFAOYSA-N,COc1cc2ncnc(Nc3cccc(C#Cc4ccccc4)c3)c2cc1OC,CHEMBL399735,False,6.04,,1
UMHMHOVNVKCQES-UHFFFAOYSA-N,Fc1ccc(Nc2ncnc3ccc(C#CCN4CCOCC4)cc23)cc1Cl,CHEMBL251498,False,7.3,,1
WZAHNIGELIOSPL-UHFFFAOYSA-N,OCCC#Cc1ccc2ncnc(Nc3ccc(F)c(Cl)c3)c2c1,CHEMBL249921,False,6.73,,1
FHNLPTRXVQOXQO-VIFPVBQESA-N,Nc1ncnc2c1c(-c1ccc(F)c(O)c1)nn2[C@H]1CCNC1,CHEMBL1242657,False,5.06,,1
MRZVUZUMBCEAGI-VIFPVBQESA-N,Nc1ncnc2c1c(-c1ccc(F)c(O)c1)nn2[C@H]1CCOC1,CHEMBL1242748,False,5.32,,1
KLQFQJDEPBUNAK-SSDOTTSWSA-N,C[C@H](CN)n1nc(-c2ccc(F)c(O)c2)c2c(N)ncnc21,CHEMBL1242378,False,4.0,,1
JSGRAJRLMWHOTJ-UHFFFAOYSA-N,COCOc1cc(-c2nn(C(C)C)c3ncnc(N)c23)ccc1Br,CHEMBL1242286,False,5.37,,1
GDZVJYNOYOCFPD-KBKYJPHKSA-N,Cc1ccc2nc(Oc3ccc(F)cc3)c(/C=N/NC(=O)Cn3c([N+](=O)[O-])cnc3C)cc2c1,CHEMBL3235203,False,6.375,0.007071067811865324,2
ZUENTARNBSSDPX-OPEKNORGSA-N,Cc1ncc([N+](=O)[O-])n1CC(=O)N/N=C/c1cc2ccccc2nc1Oc1ccc(Cl)cc1,CHEMBL3235199,False,5.34,0.0707106781186545,2
NJCWWWBIFLBHDO-NRFANRHFSA-N,C=CC(=O)Nc1cc2c(Nc3ccc(OCc4ccccn4)cc3)ncnc2cc1O[C@H]1CCOC1,CHEMBL3622624,True,7.0,,1
BDOPEDDOCMUQNE-UHFFFAOYSA-N,Cc1ccc(-c2nnc(Cc3nc4ccccc4[nH]3)o2)cc1,CHEMBL4086731,False,4.0,,1
SMZYTCQRZVNFFJ-PVAPRNRXSA-N,CO[C@H]1[C@@H](N(C)C(=O)CN)C[C@@H]2O[C@@]1(C)n1c3ccccc3c3c4c(c5c6ccccc6n2c5c31)C(=O)NC4,CHEMBL338935,False,6.66,,1
GPGZMTPPOHCJRE-HYABQPPKSA-O,CC[N+](C)(C)[C@H]1C[C@@H]2O[C@](C)([C@H]1OC)n1c3ccccc3c3c4c(c5c6ccccc6n2c5c31)C(=O)NC4,CHEMBL340611,False,7.37,,1
HRJCFUJRPZRZAO-UHFFFAOYSA-N,Fc1cccc(COc2ccc(Nc3ncnn4ccc(CN5CCCNCC5)c34)cc2Cl)c1,CHEMBL247709,False,7.32,,1
UCJOIOBLGZJVCC-UHFFFAOYSA-N,C=CC(=O)Nc1cccc(N2C(=O)N(C)Cc3cnc(Nc4ccc(N5CCN(C)CC5)cc4OCC)nc32)c1,CHEMBL2029430,True,8.36,,1
ZCIXBBSRVLSRJQ-QPJJXVBHSA-N,CN(C)C/C=C/C(=O)Nc1ccc2ncnc(Nc3cccc(Br)c3)c2c1,CHEMBL94061,True,7.96,0.9814954576223639,3
PWJJLIRGXBNHEM-UHFFFAOYSA-N,Brc1cccc(Nc2ncnc3ccncc23)c1NCCCCN1CCOCC1,CHEMBL272895,False,8.26,,1
OBPPQMUVDDMIQI-UHFFFAOYSA-N,Brc1cccc(Nc2ncnc3cnc(NCCc4c[nH]cn4)nc23)c1,CHEMBL53426,False,9.6,,1
MEEGNTPYUPZJPV-UHFFFAOYSA-N,CN(C)c1ncc2ncnc(Nc3cccc(Br)c3)c2n1,CHEMBL53777,False,9.02,,1
ODVAMUDYBBPTAL-UHFFFAOYSA-N,COc1cc2c(Nc3cccc(Br)c3)ncnc2cn1,CHEMBL53062,False,8.58,,1
KRRHOFYUUHSVEQ-UHFFFAOYSA-N,Fc1cc2c(Nc3cccc(Br)c3)ncnc2cn1,CHEMBL53121,False,6.9,,1
PUQLADUSPHHAJY-CQOQZXRMSA-N,CCc1ccccc1NC(=O)N1C[C@@H](C)Oc2cc(-c3ccc([C@H]4CC[C@H](CC(=O)O)CC4)cc3)ccc21,CHEMBL3287898,False,5.12,,1
RZBKGDSTLKCOCW-UHFFFAOYSA-N,Cc1ccc(Oc2ccc(Nc3ncnc4ccc(-c5cn(CCCCCCC(O)=NO)nn5)cc34)cc2C)cn1,CHEMBL3893822,False,8.0,,1
GFUZPPAKYYHUNX-YRNVUSSQSA-N,COc1cc2ncnc(N3CCCc4ccccc43)c2cc1NC(=O)/C=C/CN(C)C,CHEMBL4176787,True,7.14,,1
ULXXDDBFHOBEHA-QDLOVBKTSA-N,CN(C)C/C=C/C(=O)Nc1cc2c(Nc3ccc(F)c(Cl)c3)ncnc2cc1O[C@@H]1CCOC1,CHEMBL2347958,True,8.8,1.830088795659927,4
MWTPCVWCTNGBBA-QWJXNUIRSA-N,CC=C1C(=NC(=O)O[C@H]2CC[C@H](N)CC2)NC2N=CN=C(Nc3ccc4c(cnn4Cc4ccccc4)c3)C12,CHEMBL565467,False,7.64,,1
JDIKQDIBEXONIZ-UHFFFAOYSA-N,CC=C1C(=NC(=O)OCC2CCCNC2)NC2N=CN=C(Nc3ccc4c(cnn4Cc4ccccc4)c3)C12,CHEMBL584714,False,7.42,,1
VCLVPTJGTKXMSP-UHFFFAOYSA-N,COc1cc2ncnc(Nc3ccc(NC(=O)Nc4cccc(Br)c4)cc3)c2cc1OC,CHEMBL3628796,False,5.11,,1
UWXSAYUXVSFDBQ-CYBMUJFWSA-N,C[C@@H]1COC(=Nc2ccc3ncnc(Nc4ccc(OCc5nccs5)c(Cl)c4)c3c2)N1,CHEMBL2103842,False,8.15,0.0,2
MIODRZONQPVCRF-UHFFFAOYSA-N,O=C(COc1c(F)c(F)c(F)c(F)c1F)Nc1ccc2ncnc(Nc3cccc(Br)c3)c2c1,CHEMBL597402,False,7.465,0.33350412291304593,4
KHWGVPOXFZQODO-UHFFFAOYSA-N,O=C(COc1ccc(F)cc1)Nc1ccc2ncnc(Nc3cccc(Br)c3)c2c1,CHEMBL597200,False,8.07,,1
KGIFCCDXPXCPKK-BGERDNNASA-N,O=C(Nc1ccc2ncnc(Nc3cccc(Br)c3)c2c1)C1O[C@H]1CN1CCCCC1,CHEMBL598007,False,8.91,,1
LLVZBTWPGQVVLW-UHFFFAOYSA-N,COCC(=O)NCC=Cc1ccc2ncnc(Nc3ccc(Oc4ccc(C)nc4)c(C)c3)c2c1,CHEMBL483321,False,5.19,1.3416407864998734,5
XFXOYVZSTQCSQN-HWKANZROSA-N,COc1cc2ncnc(Nc3ccc(F)c(Cl)c3)c2cc1NC(=O)/C=C/CN1CCCC(F)C1,CHEMBL3680376,True,7.34,0.0,2
JFEJSBHDIHUJSI-UHFFFAOYSA-N,CN(C)CCCC(=O)Nc1ccc2c(C#N)cnc(Nc3cccc(Br)c3)c2c1,CHEMBL1641989,False,5.39,,1
KALBEVISAZNDOS-UHFFFAOYSA-N,CCOC(=O)Nc1ccc2c(C#N)cnc(Nc3cccc(Br)c3)c2c1,CHEMBL1641994,False,4.89,,1
GTTKYEXGNWQYRL-UHFFFAOYSA-N,CC(=O)N1N=C(c2ccc(Cl)cc2)CC1c1ccc(C(=O)OC(C)Cn2c([N+](=O)[O-])cnc2C)cc1,CHEMBL3746168,False,5.03,0.0,2
JPHUTKJINPEEPQ-DUXPYHPUSA-N,C/C=C/C(=O)Nc1ccc2ncnc(Nc3cccc(Br)c3)c2c1,CHEMBL93464,True,6.63,,1
WEKYWBJZVNOZDL-UHFFFAOYSA-N,C#Cc1cccc(Nc2ncnc3cc(OCCOC(=O)c4ccc(C(=O)Nc5ccc6c(c5)C(C)(C)CCC6(C)C)cc4)c(OCCOC(=O)c4ccc(C(=O)Nc5ccc6c(c5)C(C)(C)CCC6(C)C)cc4)cc23)c1,CHEMBL3740105,False,6.06,,1
QZCVZUVEJDKHSK-UHFFFAOYSA-N,C#Cc1cccc(Nc2ncnc3cc(OCCOC(=O)Cc4c(C)n(C(=O)c5ccc(Cl)cc5)c5ccc(OC)cc45)c(OCCOC(=O)Cc4c(C)n(C(=O)c5ccc(Cl)cc5)c5ccc(OC)cc45)cc23)c1,CHEMBL3739771,False,7.48,,1
AALSIMHTWOFTTB-UHFFFAOYSA-N,C#Cc1cccc(Nc2ncnc3cc(OCCOC(=O)C(C)c4ccc(CC(C)C)cc4)c(OCCOC)cc23)c1,CHEMBL3741026,False,8.05,,1
KXDONFLNGBQLTN-UHFFFAOYSA-N,COc1cc(C=C(C#N)C(N)=O)cc(CSc2nc3ccccc3s2)c1O,CHEMBL118109,True,4.72,0.005773502691896262,3
LIMBOIOWYJOOIC-UHFFFAOYSA-N,c1cc(Nc2nccc(-c3cccnc3)n2)cc(OCCn2ccnc2)c1,CHEMBL58436,False,5.15,,1
SFMJNHNUOVADRW-UHFFFAOYSA-N,C=CC(=O)Nc1cc(-n2c(=O)ccc3cnc4ccc(-c5ccc(NS(C)(=O)=O)cc5)cc4c32)ccc1C,CHEMBL4091991,True,5.37,,1
NUMNJHZZSGKINB-UHFFFAOYSA-N,CC(C)(C)c1cc(C=C2C(=O)Nc3ccccc32)cc(C(C)(C)C)c1O,CHEMBL89505,True,5.1,,1
ALUHXQXQTNRXQL-UHFFFAOYSA-N,N#CC(=Cc1ccc(O)c(O)c1)C(=O)c1ccc(F)cc1,CHEMBL55204,False,5.29,0.5542562584220404,3
UTBSBSOBZHXMHI-LSDHHAIUSA-N,CCn1cnc2c(Nc3cccc(Cl)c3)nc(N[C@@H]3CCCC[C@@H]3N)nc21,CHEMBL367625,False,5.495,0.28991378028648457,2
VANCZLKVOHARGS-UHFFFAOYSA-N,C=C(CN1CCOCC1)C(=O)Nc1ccc2ncnc(Nc3cccc(Br)c3)c2c1,CHEMBL94066,True,6.97,,1
WXPDCELKHNMODS-UHFFFAOYSA-N,Nc1cccc(-c2[nH]nc3ncnc(Nc4cccc(Cl)c4)c23)c1,CHEMBL332882,False,8.3,,1
YMMVVFFRNSLEMO-UHFFFAOYSA-N,CN(C)CCNCc1ccc(-c2cc3c(N(C)Cc4ccccc4)ncnc3[nH]2)cc1F,CHEMBL5417607,False,8.7,,1
INURPMRKCUUSHP-UHFFFAOYSA-N,CCN(Cc1ccccc1)c1ncnc2[nH]c(-c3ccc(CO)cc3)cc12,CHEMBL5418732,False,9.1,,1
BPKVTDLMFZLJIM-HXUWFJFHSA-N,CN(c1ncnc2[nH]c(-c3ccc(CO)cc3)cc12)[C@H](CO)c1ccccc1,CHEMBL5406951,False,8.43,,1
OUKCIICNVPFKMK-UHFFFAOYSA-N,C=CC(=O)NCCn1cc(-c2ncnc3cc(OC)c(OC)cc23)c(-c2cccc(OC)c2)n1,CHEMBL5556548,True,6.505,1.6617009357883865,2
GLXWISPNCBRJLS-GOSISDBHSA-N,C=CC(=O)N1CC[C@@H](n2cc(-c3ncnc4cc(OC)c(OC)cc34)c(-c3cccc(OC)c3)n2)C1,CHEMBL5563422,True,6.595000000000001,1.1950104602052658,2
LBXOSEFDIDSNPW-VWLOTQADSA-N,C=CC(=O)N1CC[C@H](n2cc(-c3ccncc3)c(-c3cccc(OCc4ccc5c(c4)CN(C)C5=O)c3)n2)C1,CHEMBL5517919,True,5.82,,1
SVLLKLFGGWAXTK-OKHPUOTASA-N,C=CC(=O)N1CC[C@H](n2cc(-c3ccncc3)c(-c3cccc(/C=C/c4ncc(C5CC5)o4)c3)n2)C1,CHEMBL5542205,True,6.47,1.2010412149464318,3
NRNQPLOTQBCINB-UHFFFAOYSA-N,C=CC(=O)N1CC(Oc2cc3c(-c4c[nH]nc4-c4cccc(OC)c4)ncnc3cc2OC)C1,CHEMBL5567575,True,7.82,1.668772003600252,2
HKJQCLDMJYVJDA-UHFFFAOYSA-N,COc1cc2c(Nc3ccc(OCc4cccc(F)c4)c(Cl)c3)ncnc2cc1OCCOCCn1ccnc1[N+](=O)[O-],CHEMBL3360616,False,7.7,,1
WAOIWTAYQXNNJW-UHFFFAOYSA-N,COc1ccc(NC(=O)C2C(C)=NC(=S)NC2c2ccc(OCc3ccccc3)c(OC)c2)c(OC)c1,CHEMBL5597851,True,7.12,,1
CEJANPMZSKHVCI-UHFFFAOYSA-N,CN(N=Nc1ccc2ncnc(Nc3cccc(Cl)c3)c2c1)C(=O)OCCl,CHEMBL4858583,False,7.91,2.1213203435596424,2
XEJKUBDGAQQSNP-UHFFFAOYSA-N,O=C(Cn1sccc1=O)Nc1ccc2ncnc(Nc3cccc(Br)c3)c2c1,CHEMBL603266,False,9.44,0.0,2
GTVJOWDGJWXYIM-UHFFFAOYSA-N,O=C(Nc1cc2c(Nc3ccc(F)c(F)c3)ncnc2cc1OCCCN1CCOCC1)c1cc([N+](=O)[O-])ccc1F,CHEMBL4763967,False,7.28,,1
OWOFECSJQXVKKB-UHFFFAOYSA-N,CN1CCN(CCCOc2cc3ncnc(Nc4ccc(F)c(Cl)c4)c3cc2NC(=O)c2cc([N+](=O)[O-])ccc2F)CC1,CHEMBL4757724,False,8.18,,1
PYLWLRCLYJKSOU-UHFFFAOYSA-N,O=C(Nc1cc2c(Nc3ccc(F)c(Cl)c3)ncnc2cc1F)c1cc([N+](=O)[O-])ccc1F,CHEMBL4790583,False,7.36,,1
AILRADAXUVEEIR-UHFFFAOYSA-N,COc1cc(N2CCC(N3CCN(C)CC3)CC2)ccc1Nc1ncc(Cl)c(Nc2ccccc2P(C)(C)=O)n1,CHEMBL3545311,False,6.91,0.7066105924848317,17
SYDQSDKPIPVKLH-UHFFFAOYSA-N,O=C(Nc1ccccc1)c1cc2cc(O)c(O)cc2cn1,CHEMBL50415,False,5.25,,1
OYSSIBSGJAMGFJ-JXMROGBWSA-N,CCN(CC)C(C)/C=C/C(=O)Nc1cc2c(Nc3ccc(F)c(Cl)c3)c(C#N)cnc2cc1OC,CHEMBL325156,True,5.32,0.0,2
GRFBKRWOTLGHIK-UHFFFAOYSA-N,CCS(=O)(=O)n1cc(-c2nc(Nc3cc(Cl)c(N4CCC(N5CCN(C)CC5)CC4)cc3OC(C)C)ncc2Cl)c2ccccc21,CHEMBL5209545,False,6.38,,1
PBCZSGKMGDDXIJ-YODCGEJZSA-N,CN[C@H]1C[C@@H]2O[C@](C)([C@H]1OC)n1c3ccccc3c3c4c(c5c6ccccc6n2c5c31)C(=O)N[C@@H]4O,CHEMBL338049,False,7.77,,1
GGQAEINRBKFRGZ-HMUMIOIZSA-N,CO[C@H]1[C@@H](N(C)S(C)(=O)=O)C[C@@H]2O[C@@]1(C)n1c3ccccc3c3c4c(c5c6ccccc6n2c5c31)C(=O)NC4,CHEMBL131020,False,5.96,,1
QQLKULDARVNMAL-UHFFFAOYSA-N,C#Cc1cccc(Nc2ncnc3cc4c(cc23)OCCOCCOCCO4)c1,CHEMBL2087361,False,8.7,0.2490582261239325,5
QGIQAOODDVIYMZ-SNAWJCMRSA-N,COc1ccc(/C=C/c2cnc3cc(OC)c(OC)cc3c2)cc1,CHEMBL66101,False,4.7,,1
MLDQJTXFUGDVEO-UHFFFAOYSA-N,CNC(=O)c1cc(Oc2ccc(NC(=O)Nc3ccc(Cl)c(C(F)(F)F)c3)cc2)ccn1,CHEMBL1336,False,6.96,0.7330118759313589,13
IOIKLYGLEHRULX-UHFFFAOYSA-N,COc1cc(C=C(C#N)C(N)=O)cc(CSCCCC(=O)O)c1O,CHEMBL326044,True,4.27,0.07071067811865482,2
LDJICWPYIRBOKZ-UHFFFAOYSA-N,Cc1ccc(C2=NN(c3nc(O)cs3)C(c3ccc4ccccc4c3)C2)cc1,CHEMBL3263379,False,5.49,,1
CPKOOPNFOWNEFT-UKWGHVSLSA-N,CCOc1cc2ncnc(Nc3ccc(OCC4CC4)c(Cl)c3)c2cc1NC(=O)/C(F)=C/CN(C)C,CHEMBL3357652,True,8.44,,1
YGVOTPAIXFJINL-AFPJDJCSSA-N,COc1cc2ncnc(Nc3ccc(OCc4cccc(F)c4)c(Cl)c3)c2cc1NC(=O)/C(F)=C/CN(C)C,CHEMBL3357649,True,8.81,,1
XHVDNUGMYNEUDS-UHFFFAOYSA-N,C=CC(=O)Nc1ccc2ncnc(Nc3ccc(Oc4ccccc4)cc3)c2c1,CHEMBL53203,True,8.24,,1
PTBGGVCPGDVOLH-UHFFFAOYSA-N,C=c1cc(C(=O)N2CCOCC2)[nH]c1=Cc1c(O)[nH]c2ncnc(Nc3ccc(F)c(Cl)c3)c12,CHEMBL69960,True,6.77,,1
LRCWQPWJQHIZRR-VWLOTQADSA-N,CCCC(=O)N1CC[C@H](N2C(=O)N(c3ccccc3Cl)Cc3cnc(Nc4ccc(N5CCN(C)CC5)c(C)c4)nc32)C1,CHEMBL4065970,False,7.54,,1
QLQIHEIFJBGOFX-VWLOTQADSA-N,CCCN1CC[C@H](N2C(=O)N(c3ccccc3Cl)Cc3cnc(Nc4ccc(N5CCN(C)CC5)c(C)c4)nc32)C1,CHEMBL4062830,False,7.28,,1
RWBFBLBCISYMOO-VWLOTQADSA-N,CCC(=O)N1CC[C@H](N2C(=O)N(c3ccccc3OC)Cc3cnc(Nc4ccc(N5CCN(C)CC5)c(C)c4)nc32)C1,CHEMBL4070640,False,7.56,,1
ZAUHBLDNEWOLFI-NDEPHWFRSA-N,CCC(=O)N1CC[C@H](N2C(=O)N(c3cc(OC)ccc3F)Cc3cnc(Nc4ccc(N5CCC6(CCN(C)CC6)CC5)c(C)c4)nc32)C1,CHEMBL4104717,False,6.65,,1
LWQIZIAIHSJXIV-VWLOTQADSA-N,CCC(=O)N1CC[C@H](N2C(=O)N(c3cc(OC)ccc3F)Cc3cnc(Nc4ccc(N5CCN(C6COC6)CC5)c(C)c4)nc32)C1,CHEMBL4072688,False,6.52,,1
AEGUMSWRCVNPKS-VWLOTQADSA-N,CCC(=O)N1CC[C@H](N2C(=O)N(c3cc(OC)ccc3Cl)Cc3cnc(Nc4ccc(N5CCN(C6COC6)CC5)c(C)c4)nc32)C1,CHEMBL4066141,False,6.44,,1
DKOJJTJTHLDNCA-FRKPEAEDSA-N,COc1cc2ncnc(Nc3cccc(Br)c3)c2cc1NC(=O)/C(F)=C\CN(C)C,CHEMBL3357655,True,8.3,,1
DJAMFWBXWBHEQD-YVNNLAQVSA-N,CCOc1cc2ncnc(Nc3ccc(Oc4ccc(C)nc4)c(Cl)c3)c2cc1NC(=O)/C(F)=C/CN(C)C,CHEMBL3357650,True,8.35,,1
WFDPOLGETIKDCU-UHFFFAOYSA-N,O=C(CCc1c(SSc2[nH]c3ccccc3c2CCC(=O)NCc2ccc(C(=O)O)cc2)[nH]c2ccccc12)NCc1ccc(C(=O)O)cc1,CHEMBL155293,False,5.13,,1
UJTHKWFURJCQDD-UHFFFAOYSA-N,COc1cc2ncnc(C#CCCc3ccccc3)c2cc1OC,CHEMBL250318,False,7.85,,1
GVIDTDQGBPXIAC-UHFFFAOYSA-N,COc1ccc(-c2coc3cc(OCC(=O)N=CCc4ccc(O)cc4)ccc3c2=O)cc1,CHEMBL4856453,False,7.48,,1
GWBIYMZKDFZCPB-UHFFFAOYSA-N,COc1cc(-c2nc3ccccc3s2)ccc1OCC(=O)NNC(=O)CN1CCCC1C(=O)O,CHEMBL5192184,False,6.47,,1
ANAQVLGHFOBDLP-UHFFFAOYSA-N,Cc1cccc(Nc2ncnc3cc(NCCCCN(C)C)ncc23)c1,CHEMBL338215,False,8.27,0.0,2
RSJIZNRDILNEMO-UHFFFAOYSA-N,CS(=O)(=O)CC(=O)NCCn1ccc2ncnc(Nc3ccc(Oc4cccc(Cl)c4)c(Cl)c3)c21,CHEMBL2148050,False,8.17,,1
SEXLNNKPTDAAAL-UHFFFAOYSA-N,CC(C(=O)NCCn1ccc2ncnc(Nc3ccc(Oc4cccc(Cl)c4)c(Cl)c3)c21)S(C)(=O)=O,CHEMBL2148051,False,8.01,,1
JTTAVDAEVCLLLX-UHFFFAOYSA-N,CCc1ccc(C2=C(O)C(=O)C(c3ccc(CC)cc3)=C(O)C2=O)cc1,CHEMBL5185036,False,7.52,,1
WWZJQIRRGMAENV-UHFFFAOYSA-N,COc1ccc(Nc2ncnc3cccc(OC4CCN(C)CC4)c23)cc1Cl,CHEMBL197525,False,5.75,,1
FGVHSAZTCGXYQT-HSZRJFAPSA-N,CCOC(=O)N[C@@H]1CCCN(c2cnc(C(N)=O)c(Nc3ccc(C4CCN(C5CCCC5)CC4)cc3)n2)C1,CHEMBL5868212,False,6.26,,1
AYPQJCUSHCNNTD-XMMPIXPASA-N,NC(=O)c1ncc(N2CCC[C@@H](NC(=O)C3CC3)C2)nc1Nc1ccc(C2CCN(C3CCCC3)CC2)cc1,CHEMBL5831010,False,5.26,,1
SGOXRXKFGRPCNW-HSZRJFAPSA-N,CN(C)C(=O)N[C@@H]1CCCN(c2cnc(C(N)=O)c(Nc3ccc(C4CCN(C5CCOCC5)CC4)cc3)n2)C1,CHEMBL6010002,False,5.26,,1
YSAFNKIWUWRWQG-AREMUKBSSA-N,CN1CCCN([C@@H]2CCCN(c3cnc(C(N)=O)c(Nc4ccc(C5(C)CCN(C6CCCC6)CC5)cc4)n3)C2)C1=O,CHEMBL5798581,False,6.26,,1
MTMNCZKFTUQNJT-UHFFFAOYSA-N,Oc1ccccc1-c1nc(NCc2cccnc2)c2ccccc2n1,CHEMBL1328065,False,4.61,0.0,3
RNOAOAWBMHREKO-QFIPXVFZSA-N,C=CC(=O)N1CCC([C@@H]2CCNc3c(C(N)=O)c(-c4ccc(Oc5ccccc5)cc4)nn32)CC1,CHEMBL3936761,True,8.22,0.8830412814596519,7
GOKFAZOSPCHSOH-UHFFFAOYSA-N,C=CC(=O)Nc1cccc(NC(=O)Nc2nc(Nc3ccc(N4CCC(N5CCOCC5)CC4)cc3OC)ncc2Cl)c1,CHEMBL4226562,True,6.19,,1
TXXKGJZYRJUPQR-UHFFFAOYSA-N,C=CC(=O)Nc1cccc(NC(=O)Nc2ccnc(Nc3ccc(N(CC)CC)cc3OC)n2)c1,CHEMBL4229010,True,6.74,,1
AMKNQROTNAOJQE-UHFFFAOYSA-N,Cn1c(=O)c(-c2c(Cl)cccc2Cl)cc2cnc(Nc3ccc(CC(=O)O)cc3)nc21,CHEMBL50647,False,6.66,,1
UJSNKTGYHDLGGE-BJMVGYQFSA-N,N#C/C(=C\c1ccc(C=O)cc1)C(=O)O,CHEMBL76985,False,4.33,,1
NMLMUNQQEDDASM-UHFFFAOYSA-N,CN1CCN(CCCCCNc2ncc3cc(-c4c(Cl)cccc4Cl)c(=O)n(C)c3n2)CC1,CHEMBL106232,False,5.35,,1
MVVFGYFCZLTASL-UHFFFAOYSA-N,O=S(=O)(NCc1ccc(-c2ccc3ncnc(Nc4ccc(OCc5cccc(F)c5)c(Cl)c4)c3c2)o1)C(F)(F)F,CHEMBL3666714,False,7.49,0.0,2
ITTRLTNMFYIYPA-UHFFFAOYSA-N,C=CC(=O)Nc1cccc(Oc2nc(Nc3ccc(N4CCN(C)CC4)cc3OC)ncc2Cl)c1,CHEMBL1229592,True,8.0,1.2238950598997689,17
PBUXJOZGADIDJZ-JXMROGBWSA-N,COc1cc(N2CCN(C)CC2)ccc1Nc1ncc(Cl)c(Oc2ccccc2NC(=O)/C=C/CN(C)C)n1,CHEMBL4202780,True,4.92,,1
AIZZLOYYBMQNTD-UHFFFAOYSA-N,COc1cc(N2CCN(C)CC2)ccc1Nc1ncc(Cl)c(Oc2cccc([N+](=O)[O-])c2)n1,CHEMBL4205869,False,4.63,,1
RHYMWMBUICSCMV-UHFFFAOYSA-N,COc1cc(N2CCN(C)CC2)ccc1Nc1ncc(Cl)c(Oc2cccc(NC(C)=O)c2)n1,CHEMBL3425671,False,4.76,,1
QZQYYIFCMYVDJU-UHFFFAOYSA-N,COc1cc(N2CCN(C)CC2)ccc1Nc1ncc(Cl)c(Oc2ccc([N+](=O)[O-])cc2)n1,CHEMBL4208167,False,4.92,,1
WBBROFIVWCOOIW-UHFFFAOYSA-N,COc1cc(N2CCN(C)CC2)ccc1Nc1ncc(Cl)c(Oc2ccc(NC(=O)COCc3ccccc3)cc2)n1,CHEMBL4211573,False,5.32,,1
VPRLBIZASKQOSZ-UHFFFAOYSA-N,O=S(=O)(CCNCc1ccc(-c2ccc3ncnc(Nc4ccc(OCc5cccc(F)c5)c(Cl)c4)c3c2)o1)CC(F)(F)F,CHEMBL3040543,False,7.83,0.086602540378444,3
MOSUULXFKWELRP-UHFFFAOYSA-N,ON=C(O)CCCCCCN1CC(c2ccc3ncnc(Nc4ccc(Br)cc4F)c3c2)N=N1,CHEMBL5178922,False,7.99,,1
OSHRLMBZRPMAQZ-UHFFFAOYSA-N,c1ccc(C(c2ccccc2)c2nnc(Cc3nc4ccccc4[nH]3)o2)cc1,CHEMBL4102214,False,4.35,0.0,2
AORSHELSJMHDBV-UHFFFAOYSA-N,Clc1ccc(-c2nnc(Cc3nc4cc(Cl)ccc4[nH]3)o2)cc1,CHEMBL4084996,False,6.01,0.0,2
MGBYFKQHWAHEEY-UHFFFAOYSA-N,Clc1ccc2[nH]c(Cc3nnc(Cc4ccccc4)o3)nc2c1,CHEMBL4091284,False,4.0,,1
NAUMQOWVCNOPGB-INIZCTEOSA-N,C=CC(=O)N1CCC(Oc2cc3c(Nc4ccc(Cl)c(Cl)c4F)ncnc3cc2O[C@H]2CCOC2)CC1,CHEMBL5282641,True,9.47,,1
LWHLXGYSDDYOMY-UHFFFAOYSA-N,C=CC(=O)Nc1cccc(-n2c(=O)c(-c3ccccc3)nc3cnc(Nc4ccc(OCCOC)cc4)nc32)c1,CHEMBL5076283,True,8.29,,1
RSNNOUWADQQHGE-UHFFFAOYSA-N,O=C(Nc1ccc(CN2CCCCC2)cc1)Nc1ccc2ncnc(Nc3cccc(C(F)(F)F)c3)c2c1,CHEMBL3741473,False,8.3,,1
MADROAFGGPUYNI-WEVVVXLNSA-N,Nc1ncnc2c1c(-c1ccc(Oc3ccccc3)cc1)nn2C1CCCN(C(=O)/C=C/CN2CCOCC2)C1,CHEMBL3902180,True,6.49,0.0,2
MWGLCAOXFXZTIW-UHFFFAOYSA-N,C=CC(=O)Oc1cc2c(Nc3ccc(Cl)c(Cl)c3F)ncnc2cc1OC,CHEMBL5181469,False,9.27,,1
DVHQLHFIAMSFGW-UHFFFAOYSA-N,c1ccc(-c2cc3ncnc(Nc4ccc5[nH]ncc5c4)c3s2)cc1,CHEMBL78685,False,5.8,,1
XHNCXRZZTZLAQB-UHFFFAOYSA-N,C=CC(=O)Nc1cccc(-n2c(=O)c(=O)n(C(C)C)c3cnc(Nc4ccc(N(C)CCN(C)C)cc4OC)nc32)c1,CHEMBL4278325,True,6.65,,1
RMBQQMJNYKVGEL-VAWYXSNFSA-N,COc1ccccc1NC(=O)/C=C/c1ccccc1,CHEMBL2336355,True,5.29,,1
JDRIEMWAOXMCLE-UHFFFAOYSA-N,CC(C)(C)C(=O)NCCn1ccc2ncnc(Nc3ccc(Oc4cccc5sncc45)c(Cl)c3)c21,CHEMBL2048910,False,7.68,,1
ISMBATMIYZOBHD-UHFFFAOYSA-N,OCCn1ccc2ncnc(Nc3ccc(Oc4cccc5[nH]c(O)cc45)c(Cl)c3)c21,CHEMBL2048796,False,8.52,,1
RONQPWQYDRPRGG-UHFFFAOYSA-N,O=C1NC(=O)c2cc(Nc3ccc(F)cc3)c(Nc3ccc(F)cc3)cc21,CHEMBL7939,False,6.16,,1
JXZOGXXITGINEQ-UHFFFAOYSA-N,CCOc1cc2nc(CC)nc(Nc3cccc(-c4csc(C)n4)c3)c2cc1OCC,CHEMBL126483,False,5.03,,1
GDRLJBDXWDATLA-UHFFFAOYSA-N,C=CC(=O)Nc1cc(Nc2ncc(Cl)c(Nc3ccccc3S(=O)(=O)C(C)C)n2)c(OC)cc1N(C)CCN(C)C,CHEMBL4473365,True,6.82,,1
WTHYAPGHJBPUJT-UHFFFAOYSA-N,COc1cc(N2CCN(CC(=O)N(C)C)C2=O)ccc1Nc1ncc(Cl)c(Nc2ccccc2S(=O)(=O)C(C)C)n1,CHEMBL4519408,False,6.22,,1
MYIBTJIYLFPFBX-UHFFFAOYSA-N,COc1cc2ncnc(Nc3ccc(OCc4cccc(F)c4)c(Cl)c3)c2cc1OCCCCn1ccnc1[N+](=O)[O-],CHEMBL3355884,False,7.54,,1
SEFPCKRFUORUQG-UHFFFAOYSA-N,COC(=O)c1ccc(CNC(=O)CCc2c(SSc3[nH]c4ccccc4c3CCC(=O)NCc3ccc(C(=O)OC)cc3)[nH]c3ccccc23)cc1,CHEMBL154080,False,4.36,,1
OYAMULIHRWEUAR-GQCTYLIASA-N,CCN1CCN(CC/C=C/c2ccc3c(Nc4ccc(Sc5nccn5C)c(Cl)c4)c(C#N)cnc3c2)CC1,CHEMBL489058,False,8.0,,1
IHZHFIKEGVXLHF-UHFFFAOYSA-N,O=C(C#CCO)Nc1ccc2ncnc(Nc3cccc(Br)c3)c2c1,CHEMBL94062,False,8.7,,1
SOICCRSGTCVILQ-WOOPDLCSSA-N,O=C(O)/C=C/C(=O)Nc1cccc(-c2c(-c3ccccc3)oc3ncnc(N[C@H](CO)c4ccccc4)c23)c1,CHEMBL4565374,True,5.51,,1
GFTOODFOXIDLNF-QHCPKHFHSA-N,C=CC(=O)Nc1cccc(-c2c(-c3ccccc3)oc3ncnc(N[C@@H](CO)c4ccccc4)c23)c1,CHEMBL2310642,True,6.62,,1
NQAMTZUVRFRJCZ-VMMYIZNOSA-N,CN(C)C/C=C/C(=O)Nc1cccc(-c2c(-c3ccccc3)oc3ncnc(N[C@H](CO)c4ccccc4)c23)c1,CHEMBL4521381,True,7.82,0.0,2
WUMWLAFRSNCXDX-UHFFFAOYSA-N,O=C1c2cc(-c3ccc(N4CCNCC4)cc3)ccc2Nc2ccc(F)cc2N1Cc1ccccc1,CHEMBL4533337,False,5.39,,1
BBEATYMSUGWQOM-RRJCBXKSSA-N,C#Cc1cccc(Nc2ncnc3cc(OCCCN4C[C@H](O)[C@@H](O)[C@H](O)[C@H]4CO)c(OC)cc23)c1,CHEMBL4102886,False,8.31,,1
URGDWDVOUMUUID-UHFFFAOYSA-N,C=CC(=O)Nc1cc2c(Nc3ccc(Br)c(Cl)c3F)ncnc2cc1OCCNC(=O)COC,CHEMBL3676366,True,6.67,0.0,2
XKROSFHVZFKVQN-UHFFFAOYSA-N,C=CC(=O)Nc1cc2c(Nc3ccc(Br)cc3F)ncnc2cc1OCC(C)NC(=O)CCN(CC)CC,CHEMBL3676374,True,7.62,0.0,2
XOJPXZWMZWFJFS-UHFFFAOYSA-N,C=CC(=O)Nc1cc2c(Nc3ccc(Br)cc3F)ncnc2cc1OCCNC(=O)C(COC)N(C)C,CHEMBL3676379,True,7.24,0.0,2
GRBIBILPWGFKCS-CYBMUJFWSA-N,C=CC(=O)Nc1cc2c(Nc3ccc(Br)c(Cl)c3F)ncnc2cc1OC[C@@H](C)NC(=O)CN(C)C,CHEMBL3676377,True,7.195,0.7563288526384097,4
AXSSUOTWSHLSPJ-UHFFFAOYSA-N,S=C(Nc1ccc2ncnc(Nc3cccc(Br)c3)c2c1)Nc1ccccc1Cl,CHEMBL4102455,False,7.8,,1
RBNCDKJSVBUSHW-UHFFFAOYSA-N,COc1cc2ncnc(Nc3ccc(F)c(Cl)c3)c2cc1OCCCN1CC2(COC2)C1,CHEMBL2425092,False,7.25,,1
QHUDPFOODLMGQO-UHFFFAOYSA-N,O=C(NCCO)C1=Cc2c(ncnc2Nc2ccc(Oc3cccc4sccc34)c(Cl)c2)NCC1,CHEMBL2348417,True,7.44,,1
LOTDTZWETDFBTC-UHFFFAOYSA-N,COC(=O)C1=Cc2c(ncnc2Nc2ccc(Oc3cccc4sccc34)c(Cl)c2)NCC1,CHEMBL2348416,False,7.36,,1
YCAWKDCGUHXZFV-KROYFGTJSA-N,COc1cc(/C=C2\CCCC(=CC3CCCCC3)C2=O)cc(OC)c1,CHEMBL2316149,False,5.12,,1
DMPCFHLMZNTFEB-QGZVFWFLSA-N,CCC(=O)N1CCC[C@@H](n2nc(-c3cn(-c4ccc(C(C)=O)cc4)nn3)c3c(N)ncnc32)C1,CHEMBL4588202,False,6.19,,1
DBNDRMANPSPBJX-QHCPKHFHSA-N,C=CC(=O)N1CCCC[C@H]1c1nc(-c2ccc(C(=O)Nc3cc(-c4ccc(Cl)cc4)ccn3)cc2)c(C(N)=O)n1N,CHEMBL4878626,True,7.9,,1
BGHDMTQKOHCXGS-UHFFFAOYSA-N,OCCNc1cc2ncnc(Nc3cccc(Br)c3)c2cn1,CHEMBL127041,False,9.62,0.0,2
ZTXDXPUMWKTHBC-UHFFFAOYSA-N,CCCOC(=O)Nc1ccc(Nc2ncnc3cc(OC)c(OC)cc23)cc1,CHEMBL3221550,False,5.15,,1
VTJXFTPMFYAJJU-UHFFFAOYSA-N,N#CC(C#N)=Cc1ccc(O)c(O)c1,CHEMBL76904,False,4.46,0.03464101615137732,3
CGSZHEPJBCJZLG-UHFFFAOYSA-N,Cc1[nH]c2ncnc(Nc3ccccc3)c2c1C,CHEMBL75049,False,5.72,,1
AKTXASBDBOSAKZ-UHFFFAOYSA-N,N#CC(=Cc1ccc(O)c(O)c1)C(=N)C(C#N)C#N,CHEMBL309334,False,5.6,,1
BXCQAEHFWJFGAT-YVLHZVERSA-N,CN1CCC(c2c(O)cc(O)c3c2O/C(=C\c2ccccc2Cl)C3=O)CC1,CHEMBL48614,False,5.78,,1
UMGQVUWXNOJOSJ-UHFFFAOYSA-N,CC(NC(=O)C(C#N)=Cc1ccc(O)c(O)c1)c1ccccc1,CHEMBL55979,True,5.835,0.3905871648343474,4
PBESGEKOQIKSKI-UHFFFAOYSA-N,COc1cc2c(Nc3c(F)cc(Br)cc3F)ncnc2cc1OCC1CCNCC1,CHEMBL279459,False,6.35,,1
YUVCACNTQJHROF-ZCFIWIBFSA-N,CO[C@H](C)c1c(O)cc2c(c1O)C(=O)c1c(O)cc(O)cc1C2=O,CHEMBL498248,False,4.56,,1
UAXWQASUOFZAIW-RXMQYKEDSA-N,C[C@@H](O)c1c(O)cc2c(c1O)C(=O)c1c(O)cc(O)cc1C2=O,CHEMBL524820,False,4.43,,1
YBTGTVGEKMZEQX-UHFFFAOYSA-N,COc1cc2c(Nc3ccc(Br)cc3F)ncnc2cc1OCCn1ccnn1,CHEMBL281872,False,6.4,,1
JNAHSSCHKKAPHI-UHFFFAOYSA-N,COc1cc2c(Nc3ccc(Cl)cc3F)ncnc2cc1OCCCN1CCOCC1,CHEMBL24137,False,7.0,,1
YDIGJTWKIDVGIP-PMACEKPBSA-N,COc1ccccc1C(=O)NCc1ccc(-c2nn([C@H]3C=C[C@H](OC(C)=O)C3)c3ncnc(N)c23)cc1,CHEMBL6045970,False,7.26,0.0,2
VKHLIGZYZGNAAT-UHFFFAOYSA-N,COc1ccccc1C(=O)NCc1ccc(-c2nn(C3CCC(OC)CC3)c3ncnc(N)c23)cc1,CHEMBL5962801,False,6.26,0.0,2
QCJLXNNOYQGLAZ-UHFFFAOYSA-N,COc1ccccc1C(=O)NCc1ccc(-c2nn(C3CCC(=O)CC3)c3ncnc(N)c23)cc1,CHEMBL5860886,False,6.26,0.0,2
CKVXYSBVFGGCGL-UHFFFAOYSA-N,N#Cc1c(-c2ccc(Cl)cc2Cl)cc(-c2c[nH]c3ccccc23)[nH]c1=O,CHEMBL5631610,False,6.55,,1
QNIAIWPDMCWIIB-UHFFFAOYSA-N,COc1cc2ncnc(Nc3cccc(Cl)c3F)c2cc1Oc1ccnc(C=C(C)C)c1,CHEMBL5646414,False,8.75,0.7778174593052033,2
VCVDEHMGBUAFRX-HWKANZROSA-N,C/C=C/c1cc(Oc2cc3c(Nc4cccc(Cl)c4F)ncnc3cc2OC)ccn1,CHEMBL5647479,False,8.835,0.9404520189781077,2
SZEJLGPLCDEGEZ-ACRUOGEOSA-N,O=C1CCc2c(Oc3ccc4c(c3)[C@H]3[C@H](NC(=O)c5ccnc(C(F)(F)F)c5)[C@H]3O4)ccnc2N1,CHEMBL5836093,False,6.88,0.25006665778014747,3
BGAPAJGJVGUQCH-UHFFFAOYSA-N,COCCOc1cc2ncnc(Nc3cccc(S(=O)(=O)F)c3)c2cc1OCCOC,CHEMBL5631951,False,7.265,0.23334523779156074,2
KJOGVLRVAKVBOJ-UHFFFAOYSA-N,Nc1nc(Nc2ccc(Cl)cc2F)c2cc(CCc3ccccc3)[nH]c2n1,CHEMBL483313,False,5.88,0.0,2
PTVYPMFVYQCUIL-UHFFFAOYSA-N,C#Cc1cc(Nc2ncnc3cc(OCCOC)c(OCCOC)cc23)cc(OC(=O)C=C)c1,CHEMBL5632582,False,5.88,,1
MGTUZTTZLNCNNC-UHFFFAOYSA-N,Cc1cc(Oc2ncnc3sc4c(c23)CCCCC4)ccc1Cl,CHEMBL5532112,False,7.55,,1
MKVJEWXMOVKCHS-UHFFFAOYSA-N,NC(=O)CCn1cc(-c2ccc3ncnc(Nc4cc(O)c(F)cc4F)c3c2)nn1,CHEMBL5418423,False,7.14,0.0,2
OAWVKIQYQFVTIA-UHFFFAOYSA-N,O=C(Nc1ccc(C2NCCc3c2[nH]c2ccccc32)cc1)c1ccccc1,CHEMBL5566021,False,4.25,,1
PWIGRVNZCKZAEM-UHFFFAOYSA-N,O=C(Nc1ccc(C2NCCc3c2[nH]c2ccccc32)cc1)c1cccc([N+](=O)[O-])c1,CHEMBL5560662,False,4.22,,1
RKUXMYUMMSWVGH-HXUWFJFHSA-N,Cc1cc(Nc2ncnc3cc(O)c(NC(=O)C=C[C@H]4CCCN4C)cc23)ccc1Oc1cc2nccn2cn1,CHEMBL5176920,True,8.96,,1
BQKAPRHCWWQTIM-PHZXFRFISA-N,CCOc1cc2ncnc(Nc3ccc(Oc4cc5nncn5cn4)c(C)c3)c2cc1NC(=O)/C(F)=C/[C@@H]1CCCN1C,CHEMBL5176854,True,7.49,,1
LRPCGYUQHZRYLM-UHFFFAOYSA-N,COCC(=O)NCC=Cc1ccc2ncnc(Nc3ccc(Oc4cc5nncn5cn4)c(C)c3)c2c1,CHEMBL5203179,False,6.96,,1
DOBDKFHLOMDQHB-UHFFFAOYSA-N,CCN(CC)CCNC(=O)c1c([Se][Se]c2[nH]c3ccccc3c2C(=O)NCCN(CC)CC)[nH]c2ccccc12,CHEMBL135577,False,5.34,,1
QOSLUZXSYUGPOU-UHFFFAOYSA-N,CCCCNc1ncc2cc(-c3c(Cl)cccc3Cl)c(=O)n(C)c2n1,CHEMBL332269,False,5.36,,1
KGVFYDBDTHRCJU-UHFFFAOYSA-N,Cn1c(SSc2c(C(=O)Nc3ccccc3)c3ccc(O)cc3n2C)c(C(=O)Nc2ccccc2)c2ccc(O)cc21,CHEMBL293913,False,4.36,,1
IXULLLZCNUKGBJ-UHFFFAOYSA-N,O=C(Nc1ccc(Oc2ccnc3[nH]ccc23)c(F)c1)c1cc2cccnc2n(-c2ccc(F)cc2)c1=O,CHEMBL4289577,False,6.2,,1
ZIUKVZLABPRJTA-UHFFFAOYSA-N,CCN(CC)c1ccc(Nc2cc3c(cc2Nc2ccc(N(CC)CC)cc2)C(=O)NC3=O)cc1,CHEMBL8223,False,4.3,,1
FTDDSIYYEHDUAV-UHFFFAOYSA-N,CCc1cc(Nc2ncc(Br)c(Nc3ccc4nccnc4c3P(C)(C)=O)n2)c(OC)cc1N1CCC(N2CCCN(C)CC2)CC1,CHEMBL5180894,False,5.52,,1
NPLNGNUAEBHRJI-UHFFFAOYSA-N,COc1ccc(C2=NN(C(C)=O)C(c3ccc(C(=O)OCCn4c([N+](=O)[O-])cnc4C)cc3)C2)cc1,CHEMBL3747055,False,5.07,0.0,2
RJQSBCKLTGILQO-UHFFFAOYSA-N,CCOc1ccc(C2=NN(C(C)=O)C(c3ccc(C(=O)OC(C)Cn4c([N+](=O)[O-])cnc4C)cc3)C2)cc1,CHEMBL3745929,False,4.57,0.0,2
UGIWQEBCVHKHIW-OWOJBTEDSA-N,O=C(/C=C/CNC1CC1)Nc1cc2c(Nc3ccc(F)c(Cl)c3)ncnc2cc1OCC(F)(F)F,CHEMBL3622668,True,8.16,,1
CHQPVKQIKUZXJB-UHFFFAOYSA-N,C=CC(=O)Nc1cc(Nc2nccc(Nc3ccccc3S(=O)(=O)N(C)C)n2)c(OC)cc1N(C)CCN(C)C,CHEMBL4540442,True,6.51,,1
HDANHRSDLMCNQU-UHFFFAOYSA-N,Nc1ncnc2c1c(-c1ccc(Oc3ccccc3)cc1)nn2C1CCCN(C(=O)C=Cc2c[nH]cn2)C1,CHEMBL3926657,True,6.31,0.0,2
LKPVIEQHHLAMNE-YOCVDRLZSA-N,CN(C)C/C=C/C(=O)N1CCc2c(sc3ncnc(N[C@H](CO)Cc4ccccc4)c23)C1,CHEMBL1271618,True,6.83,,1
NHZUIHJUVWDGGV-UHFFFAOYSA-N,NC(Cc1c([Se][Se]c2[nH]c3ccccc3c2CC(N)C(=O)NCc2ccccc2)[nH]c2ccccc12)C(=O)NCc1ccccc1,CHEMBL336409,False,5.97,0.1131370849898477,2
YXSUNYVQHKBPDQ-KRWDZBQOSA-N,O=C(Nc1cc2c(Nc3ccc(F)c(Cl)c3)ncnc2cc1O[C@H]1CCOC1)N1CCC2(CC1)OCCO2,CHEMBL3092300,False,5.77,,1
CJVSLXNVNBNKOM-HNNXBMFYSA-N,O=C(Nc1cc2c(Nc3ccc(F)c(Cl)c3)ncnc2cc1O[C@H]1CCOC1)N1CCCC(F)(F)C1,CHEMBL3092299,False,6.05,,1
IWDBZVDOUJFIND-SFHVURJKSA-N,CCN(CC)CCCNC(=O)Nc1cc2c(Nc3ccc(F)c(Cl)c3)ncnc2cc1O[C@H]1CCOC1,CHEMBL3092314,False,7.5,,1
AMQVRRBXYZICIR-INIZCTEOSA-N,CN(C)CCCNC(=O)Nc1cc2c(Nc3ccc(F)c(Cl)c3)ncnc2cc1O[C@H]1CCOC1,CHEMBL3092313,False,7.62,,1
JUBMOVBFVJPSAO-UHFFFAOYSA-N,CC(C)(C)OC(=O)NCC(=O)Nc1ccc2ncnc(Nc3cccc(Br)c3)c2c1,CHEMBL4071058,False,8.49,,1
CKAJNPCKXKPZBT-QGZVFWFLSA-N,C=CC(=O)N1CCC[C@@H](n2nc(-c3cn(-c4ccc(C(C)=O)cc4)nn3)c3c(N)ncnc32)C1,CHEMBL4581088,True,5.1,,1
IEOPSGOXUODUEK-UHFFFAOYSA-N,C=CC(=O)N(c1ccc(F)c(F)c1)c1ncnc2cc(OC)c(OCCCN3CCOCC3)cc12,CHEMBL4555488,True,6.43,,1
HKHOVJYOELRGMV-UHFFFAOYSA-N,N#CC(=Cc1ccc(O)c(O)c1)C(=O)Nc1ccccc1,CHEMBL56731,True,5.9,0.13000000000000003,4
VDKNKEFDJLIAPS-UHFFFAOYSA-N,N#CC(C#N)=C1C(=O)Nc2cc(O)c(O)cc21,CHEMBL57462,True,5.56,0.05656854249492385,2
LYADGAGFYYXXIO-ZWKOTPCHSA-N,Cn1cc(-c2cnc3c(-c4csc(C(=O)N[C@@H]5CCCC[C@@H]5N)c4)cnn3c2)cn1,CHEMBL4568087,False,6.47,,1
QTQMRBZOBKYXCG-UHFFFAOYSA-N,CN(CCOc1ccc(CC(Nc2ccccc2C(=O)c2ccccc2)C(=O)O)cc1)c1ccccn1,CHEMBL434063,False,4.96,,1
BWGNRRGTNFKGQK-UHFFFAOYSA-N,O=C1C=CC(=O)c2c1c(O)c1c(NCCNCCO)ccc(NCCNCCO)c1c2O,CHEMBL58,False,5.27,,1
PSPIKBBNOVUACC-VXGBXAGGSA-N,C=CC(=O)N[C@@H]1CN(c2nc(Nc3cn(CC)nc3OC)c3ncn(C)c3n2)C[C@H]1F,CHEMBL3608434,True,6.71,,1
DBMNQXNYFIEZLF-UHFFFAOYSA-N,CN(C)c1ccc(Nc2[nH]nc3ncnc(Nc4cccc(Cl)c4)c23)cc1,CHEMBL332765,False,7.54,,1
DEBAMPWICXUPGO-UHFFFAOYSA-N,CCCNN1C(=O)c2c(c3c4cccc(O)c4n(C4OC(CO)C(O)C(O)C4O)c3c3[nH]c4c(O)cccc4c23)C1=O,CHEMBL21096,False,4.23,,1
KQEIKIGFBVHSFM-UHFFFAOYSA-N,CCOc1cc2ncnc(Nc3cccc(-c4cc[nH]n4)c3)c2cc1OCC,CHEMBL125920,False,7.96,,1
VOPNWXZDJKCCRE-UHFFFAOYSA-N,COc1cc2ncnc(Nc3ccc(F)c(Cl)c3)c2cc1OC,CHEMBL301018,False,8.05,1.1885369157077117,5
WSUPAWGFLAOISO-UHFFFAOYSA-N,Clc1ccc(-c2nnc(Cc3nc4ccccc4[nH]3)o2)c(Cl)c1,CHEMBL4079125,False,5.43,0.0,2
JPNQHDIBDBJKGZ-UHFFFAOYSA-N,N#CC(=Cc1cc(O)c(O)c(CSCc2ccccc2)c1)C(N)=O,CHEMBL432428,True,6.19,0.09237604307034028,3
VNZISEQYSUOOCP-UHFFFAOYSA-N,CC(=O)N1N=C(c2ccccc2)CC1c1ccc(C(=O)OCCn2c([N+](=O)[O-])cnc2C)cc1,CHEMBL3747079,False,5.02,0.0,2
OHHGMKTWWGWUJB-UHFFFAOYSA-N,COc1cc(C=C(C#N)C#N)cc(CS(=O)(=O)c2ccc(C)cc2)c1O,CHEMBL334032,False,4.64,0.32908965343808644,3
REGQODFLIASNHU-ACRUOGEOSA-N,O=C1CCc2c(Oc3ccc4c(c3)[C@H]3[C@H](NC(=O)c5cncc(C(F)(F)F)c5)[C@H]3O4)ccnc2N1,CHEMBL6019942,False,7.38,0.3148015247739436,3
LAGFSKLMDVYLMX-AWCRTANDSA-N,CCN1CCN(Cc2ccc(C(=O)N[C@@H]3[C@H]4Oc5ccc(Oc6ccnc7c6CCC(=O)N7)cc5[C@@H]34)cc2C(F)(F)F)CC1,CHEMBL5875012,False,9.34,0.45223887493226383,5
CSRCFGWTAHVQEI-QKDODKLFSA-N,O=C1CCc2c(Oc3ccc4c(c3)[C@H]3[C@H](NC(=O)c5ccc(CN6CCOCC6)c(C(F)(F)F)c5)[C@H]3O4)ccnc2N1,CHEMBL5954442,False,7.8,0.38135722535876176,3
GQYYHEIAOSIQRK-CQSZACIVSA-N,C=CC(=O)N1CCC[C@@H](n2nc(-c3cn(Cc4nc5ccc(Cl)cn5c4Br)nn3)c3c(N)ncnc32)C1,CHEMBL4584630,True,7.07,,1
ATRMGRIXDIZXRO-UHFFFAOYSA-N,Cc1ccc(Nc2ncnn3ccc(C)c23)cc1O,CHEMBL188522,False,6.824999999999999,0.5020458146424484,2
OHTAVMVCBUOHHE-UHFFFAOYSA-N,CC(C)n1nc(N)c2cnc(Nc3ccnc(-c4cnn(S(=O)(=O)C5CC5)c4)n3)cc21,CHEMBL5280555,False,5.41,,1
ZAZDEVMBVNUXHY-UHFFFAOYSA-N,C#Cc1cccc(Nc2ncnc3cc4oc(=O)n(CCOC)c4cc23)c1,CHEMBL3612562,False,6.72,,1
QYUDBDKAQJSQRV-UHFFFAOYSA-N,C#Cc1cccc(Nc2ncnc3cc4oc(=O)n(CCCC(=O)OCC)c4cc23)c1,CHEMBL3612575,False,5.24,,1
PXFKZTVTPPCRCO-UHFFFAOYSA-N,O=C(Nc1ccncc1)Nc1cc(-c2cccnc2)ccc1OC(F)(F)F,CHEMBL3753886,False,7.01,,1
VAYRHCIGDOYPGO-CQSZACIVSA-N,COc1ccc(-c2cc3c(N[C@H](C)c4ccccc4)ncnc3s2)c(OC)c1,CHEMBL3758868,False,8.3,,1
VDVPXYDBILKOEA-UHFFFAOYSA-N,COc1cc2c(Nc3ccc(NC(=O)c4ccccc4Cl)cc3)ncnc2cc1OCCCN1CCN(C)CC1,CHEMBL3759190,False,7.7,,1
WBKHQQZRHCECKK-UHFFFAOYSA-N,C#Cc1cccc(Nc2ncnc3cc(OC)c(OCCCN4CCOCC4)cc23)c1,CHEMBL5281903,False,9.09,,1
PAZDFSJAERQBCY-UHFFFAOYSA-N,CN1CCN(CCCNc2ncc3cc(-c4c(Cl)cccc4Cl)c(NC(=O)NC(C)(C)C)nc3n2)CC1,CHEMBL57347,False,6.82,0.0,2
QPNJJRLONMTPQV-UHFFFAOYSA-N,C=CC(=O)Nc1cc(Nc2ncc(Cl)c(Nc3ccccc3S(=O)(=O)NC3CC3)n2)c(OC)cc1N(C)CCN(C)C,CHEMBL5284780,True,7.63,,1
XVWIKDNFQMOLIX-UHFFFAOYSA-N,Cc1ccc(NC(=O)CSc2nc3cc4ccccc4cc3c(=O)n2-c2ccc(S(N)(=O)=O)cc2)cc1,CHEMBL5277831,False,8.05,,1
HSBRPTHAKYMYMI-UHFFFAOYSA-N,CN1CCN(CC(=O)Nc2ccc3ncnc(Nc4cccc(Br)c4)c3c2)CC1,CHEMBL4169489,False,7.5,,1
UFLGKZDFVFEGCP-UHFFFAOYSA-N,COCCNCCN1CCC(n2cc(-c3cccc(OC)c3)c3c(N)ncnc32)CC1,CHEMBL172514,False,6.51,,1
PZIRTMUUDNWDHP-UHFFFAOYSA-N,N#CC(=Cc1ccc(O)c(O)c1)C(=O)NCCNC(=O)C(C#N)=Cc1ccc(O)c(O)c1,CHEMBL144908,True,6.3,,1
XNIBNLVJQPSPNT-UHFFFAOYSA-N,Nc1ncnc2c1c(-c1ccccc1)cn2C1CCNC1,CHEMBL168829,False,4.87,,1
NJGHUTXYAAUNPN-UHFFFAOYSA-N,C=CC(=O)Nc1ccc(OC)c(Nc2cc(-c3c[nH]nc3-c3cccc(OCc4ccc5c(c4)CN(C)C5=O)c3)ccn2)c1,CHEMBL5562889,True,6.115,1.9021172413918135,2
ORDPHVUTWZTFSU-UHFFFAOYSA-N,NC(=S)N1N=C(c2ccc(Cl)c(Cl)c2)CC1c1ccc([N+](=O)[O-])cc1,CHEMBL1173666,False,5.11,,1
NGVQHAXJXAYXSR-UHFFFAOYSA-N,Cc1ccc(C2=NN(C(N)=S)C(c3ccc(Br)cc3)C2)cc1C,CHEMBL1173457,False,5.66,,1
UEQVVKSOVWSICC-UHFFFAOYSA-N,CC(=O)N1N=C(c2ccc(Cl)c(Cl)c2)CC1c1ccccc1Cl,CHEMBL1172418,False,4.62,,1
MHGIEASBHWLOJE-YKSBVNFPSA-N,C=CC(=O)N1C[C@@H](n2cc(-c3ccncc3)c(-c3cc(COc4ccc5c(c4)CN(C)C5=O)ccc3F)n2)C[C@H]1C,CHEMBL5560466,True,5.66,,1
AEELJIKVLDJGFM-NPJCXYKHSA-N,C=CC(=O)N1CC[C@H](n2cc(-c3ccncc3)c(-c3cccc(/C=C/c4cc5n(n4)CCOC5)c3)n2)C1,CHEMBL5512543,True,5.58,,1
CNXZMBZMINDUGS-RMKNXTFCSA-N,C=CC(=O)N1CC(n2cc(-c3ccncc3)c(-c3cccc(/C=C/c4ncc(C5CC5)o4)c3)n2)C1,CHEMBL5559071,True,6.3,,1
UYXYRAKKUCLNAF-GOSISDBHSA-N,C=CC(=O)N1CCC[C@@H](n2nc(-c3ccc(Oc4ccn5ncnc5c4)c(C)c3)c3c(N)ncnc32)C1,CHEMBL5561503,True,5.86,,1
XHDRIPWTMPMRTA-UHFFFAOYSA-N,N#CC(=Cc1ccc(O)c(O)c1)C(=O)NCCCCNC(=O)C(C#N)=Cc1ccc(O)c(O)c1,CHEMBL144589,True,5.795,0.6010407640085651,2
XEFHBSLLSUQSHE-ZROIWOOFSA-N,COc1c(Br)cc(/C=C2\C(=O)Nc3ccccc32)cc1C(C)(C)C,CHEMBL87746,True,4.72,,1
YERPHLXVKKTPGK-UHFFFAOYSA-N,COCCOc1ccc(-c2cc3c(N(C)Cc4ccccc4)ncnc3[nH]2)cc1,CHEMBL5439547,False,7.17,,1
CNWFAPYYHZIFRD-UHFFFAOYSA-N,COCCOCCOCCOc1ccc(-c2cc3c(N(C)Cc4ccccc4)ncnc3[nH]2)cc1,CHEMBL5406771,False,7.35,,1
KXUSCHVJJBSONI-UHFFFAOYSA-N,Cc1cccc(CN(C)c2ncnc3[nH]c(-c4ccc(CO)cc4)cc23)c1,CHEMBL5406924,False,6.904999999999999,0.03535533905932756,2
NXHGGDQABDGSFK-UHFFFAOYSA-N,CCOC(=O)CCCc1ccc(Nc2ncc3cc(-c4c(Cl)cccc4Cl)c(=O)n(C)c3n2)cc1,CHEMBL419022,False,6.16,,1
DCFOJAIMOGNIPT-UHFFFAOYSA-N,CCP(=O)(CC)c1ccccc1Nc1nc(Nc2cc(-c3cnn(C)c3)c(N3CCOCC3)cc2OC)ncc1Cl,CHEMBL5078413,False,8.62,,1
IRQQWCZKCUQNSO-LFIBNONCSA-N,CC(C)c1ccc(/C=C2/C(=O)Nc3ccccc32)cc1,CHEMBL48760,True,4.73,,1
UCXVUMLWJCEREU-GFCCVEGCSA-N,C[C@@H](Nc1ncnc2[nH]c(-c3ccc(O)cc3)cc12)c1ccc(F)cc1,CHEMBL1914654,False,8.42,,1
MEBROZWQFMUHMW-CQSZACIVSA-N,Cc1ccc([C@@H](C)Nc2ncnc3[nH]c(-c4ccc(O)cc4)cc23)cc1,CHEMBL1914656,False,6.35,,1
SLTFOBNOJWROLI-UHFFFAOYSA-N,CC(Nc1ncnc2[nH]c(-c3ccc(O)cc3)cc12)c1ccc(C(F)(F)F)cc1,CHEMBL1914657,False,5.34,,1
UFNUUMYNCMMYIR-CYBMUJFWSA-N,C[C@@H](Nc1ncnc2[nH]c(-c3ccc(F)cc3)cc12)c1ccccc1,CHEMBL1914668,False,8.18,,1
LTILCYNUTAWFQN-GFCCVEGCSA-N,C[C@@H](Nc1ncnc2[nH]c(-c3ccc(Br)cc3)cc12)c1ccc(F)cc1,CHEMBL1914673,False,7.54,,1
JYTZVBGBNXZMGQ-UHFFFAOYSA-N,O=[N+]([O-])c1cccc(Oc2cc(Nc3ccc(OCc4cccc(F)c4)c(Cl)c3)ncn2)c1,CHEMBL1928944,False,5.92,,1
MCNYLFAPBYIPPD-UHFFFAOYSA-N,NC(Cc1c(SSc2[nH]c3ccccc3c2CC(N)C(=O)NCc2ccccc2)[nH]c2ccccc12)C(=O)NCc1ccccc1,CHEMBL336174,False,5.125,0.007071067811865324,2
HXKRMSOKTIQJRY-UHFFFAOYSA-N,COCOC#CC(=O)Nc1ccc2ncc(C#N)c(Nc3cccc(Br)c3)c2c1,CHEMBL414631,False,6.48,,1
MIFIGADYRUJHHX-UHFFFAOYSA-N,C=CC(=O)Nc1cccc(Oc2nc(Nc3ccc(N4CCN(CC(=O)NCCOc5no[n+]([O-])c5S(=O)(=O)c5ccccc5)CC4)cc3OC)ncc2Cl)c1,CHEMBL2381514,True,7.29,,1
XHCOFOGGHUGORL-UHFFFAOYSA-N,COc1cc2c(Nc3ccc(NC(=O)Nc4ccccc4)c(Cl)c3)ncnc2cc1OCCN1CCCCC1,CHEMBL3948354,False,6.67,,1
HQHBKFFDVBPVBM-UHFFFAOYSA-N,COc1cc2c(Nc3ccc(NC(=O)Nc4ccccc4)c(Cl)c3)ncnc2cc1OCCCN1CCN(C)CC1,CHEMBL3979264,False,7.85,,1
OVNXJZUYPUTQOA-UHFFFAOYSA-N,CS(=O)(=O)CCN(Cc1ccc(-c2ccc3ncnc(Nc4ccc(OCc5cccc(F)c5)c(Cl)c4)c3c2)o1)C(=O)CCC(=O)OCCN1CCN(CCCN2c3ccccc3Sc3ccc(Cl)cc32)CC1,CHEMBL5094282,False,7.98,,1
MFEJSNOCFGDCKD-UHFFFAOYSA-N,CC(OC(=O)CCCC(=O)N(CCS(C)(=O)=O)Cc1ccc(-c2ccc3ncnc(Nc4ccc(OCc5cccc(F)c5)c(Cl)c4)c3c2)o1)c1cc2c(o1)C(=O)c1ccccc1C2=O,CHEMBL5079998,False,8.13,,1
YVAOFMPVFXYQFT-UHFFFAOYSA-N,C=CC(=O)Nc1cccc(-n2c(=O)c(Cc3ccccc3)nc3cnc(Nc4ccc(OC)cc4)nc32)c1,CHEMBL5087214,True,6.88,,1
UKKRWUIIZPVZDM-HSZRJFAPSA-N,NC(=O)c1ncc(N2CCC[C@@H](NC(=O)N3CCCCC3)C2)nc1Nc1ccc(C2CCN(C=O)CC2)cc1,CHEMBL5863307,False,5.26,,1
LCOUDBVKMKTAKW-ONEGZZNKSA-N,CN(C)C/C=C/C(=O)N1Cc2sc3ncnc(Nc4ccc(F)c(Cl)c4)c3c2C1,CHEMBL3655343,True,7.92,0.0,2
HVEVWNBOUFTSIY-QPJJXVBHSA-N,CN(C)C/C=C/C(=O)N1Cc2sc3ncnc(Nc4ccc(OCc5cccc(F)c5)c(Cl)c4)c3c2C1,CHEMBL3655345,True,8.3,0.0,2
IMDIVOQCLUSJJU-AATRIKPKSA-N,CN(C/C=C/C(=O)N1CCc2c(sc3ncnc(Nc4cc(O)c(Cl)c(Cl)c4)c23)C1)C(C)(C)C,CHEMBL3655351,True,9.0,0.0,2
LGPPNTOFGJQREB-VMPITWQZSA-N,CC(C)N(C)C/C=C/C(=O)N1CCc2c(sc3ncc(C#N)c(Nc4ccc5c(cnn5Cc5cccc(F)c5)c4)c23)C1,CHEMBL3655354,True,8.19,0.0,2
MQRPOQYNAPSLFV-UHFFFAOYSA-N,CC(C)n1nc(N2CCC(O)CC2)c2cnc(Nc3ccnc(-c4cnn(S(=O)(=O)C5CC5)c4)n3)cc21,CHEMBL5276357,False,5.82,,1
OHKHARJWBBQMQI-QGZVFWFLSA-N,CN(C)C(=O)N[C@@H]1CCCN(c2cnc(C(N)=O)c(Nc3cnn(C4CCN(C(=O)OC(C)(C)C)CC4)c3)n2)C1,CHEMBL5950367,False,5.26,,1
MJOHDUGXCLBUJB-UHFFFAOYSA-N,Cc1c(C(=O)NC(CO)Cc2ccccc2)[nH]c2ccc(Cl)cc12,CHEMBL4209588,False,6.3,,1
MQRVSENVRFCUSH-UHFFFAOYSA-N,C=C(Cl)C(=O)Nc1cc(Nc2ncc(Cl)c(N3CCc4sccc4C3)n2)c(OC)cc1N(C)CCN(C)C,CHEMBL5079081,True,7.02,,1
IBZAPXRBEJAYHN-UHFFFAOYSA-N,COc1cc(N2CCOCC2)c(-c2cn[nH]c2)cc1Nc1ncc(Cl)c(Nc2ccccc2P(C)(C)=O)n1,CHEMBL5081299,False,8.25,,1
ZEIZIRVZVXALHM-UHFFFAOYSA-N,C=CC(=O)Nc1ccccc1C1CCNc2c(C(N)=O)c(-c3cc(OC)c(C)c(OC)c3)nn21,CHEMBL5282956,True,7.75,,1
SFUYILVZGXHCDG-UHFFFAOYSA-N,Nc1cc2ncnc(Nc3cccc(Br)c3)c2cn1,CHEMBL52076,False,8.0,0.0,2
ZKRKJAPDCNQMCJ-UHFFFAOYSA-N,CCNCc1ccc(-c2cc3ncnc(Nc4ccc(OCc5cccc(F)c5)c(Cl)c4)c3s2)[nH]1,CHEMBL473438,False,8.22,,1
NXPQOKLTKBGJEH-UHFFFAOYSA-N,CS(=O)(=O)CCNCc1cc(-c2cc3c(Nc4ccc(OCc5cccc(F)c5)c(Cl)c4)ncnc3s2)cs1,CHEMBL475599,False,6.52,,1
SSDFTYWIYVWCIE-KDURUIRLSA-N,C=CC(=O)N[C@H]1CC[C@@H](n2nc(-c3ccc(Oc4ccccc4)cc3)c3c(N)ncnc32)CC1,CHEMBL3647967,True,7.69,0.0,4
SJYYQCWAHXFERH-QKDODKLFSA-N,CCN1CCN(Cc2ccc(C(=O)N[C@@H]3[C@H]4Oc5ccc(Oc6ccnc7c6COC(=O)N7)cc5[C@@H]34)cc2C(F)(F)F)CC1,CHEMBL5902796,False,9.42,0.45357836515130767,3
KJTNEZSZMBPREH-UHFFFAOYSA-N,CC(C)(CO)NCc1ccc(-c2cc3ncnc(Nc4ccc5[nH]ccc5c4)c3s2)cc1,CHEMBL308498,False,8.55,0.6363961030678936,2
PWVHLRJTWXCLHE-UHFFFAOYSA-N,CC#CC(=O)Nc1cnc2ncc(C#N)c(Nc3ccc(F)c(Cl)c3)c2c1,CHEMBL287022,False,5.295,0.1767766952966369,2
WVLWGBZNXIVAKC-YOCNBXQISA-N,CCC(=O)N[C@H]1CC[C@H](N2C(=O)N(c3ccccc3Cl)Cc3cnc(Nc4ccc(N5CCN(C)CC5)c(C)c4)nc32)CC1,CHEMBL4294743,False,8.17,0.0,2
QRMCZLGDRXISCZ-UHFFFAOYSA-N,CC(C)c1ccc(NC(=O)c2ccc(N(CCCl)CCCl)cc2)cc1,CHEMBL589589,False,6.12,,1
VPPDBLLRRNCUSU-KRWDZBQOSA-N,COc1cc2ncnc(N[C@@H](C)c3ccccc3)c2cc1OCCCCCCC(O)=NO,CHEMBL599218,False,5.29,,1
SOCMOTGNRXRMOH-UHFFFAOYSA-N,COc1cc2c(Nc3ccc(F)c(Cl)c3)ncnc2cc1OCCCCCCC(O)=NO,CHEMBL598610,False,8.15,,1
ZSLSGYFGMTUGHL-UHFFFAOYSA-N,Cc1[nH]nc2c1C(c1ccccc1Br)NC(=O)N2,CHEMBL5198368,False,7.05,,1
YCHMPCBHRODLET-UHFFFAOYSA-N,CS(=O)(=O)CCNCc1ccc(-c2cc3c(Nc4ccc(OCc5cccc(F)c5)c(Cl)c4)ncnc3s2)[nH]1,CHEMBL481331,False,6.86,,1
VUIGVGSVNFDIKW-UHFFFAOYSA-N,NC(=S)N1N=C(c2ccc(Br)c(Br)c2)CC1c1ccc([N+](=O)[O-])cc1,CHEMBL1173191,False,4.97,,1
JBNBUAOVEXTUNO-UHFFFAOYSA-N,C=CC(=O)Nc1cc(Nc2nccc(Nc3ccccc3P(C)(C)=O)n2)c(OC)cc1N(C)CCN(C)C,CHEMBL4465103,True,6.83,,1
CMWKVPYIDPPPIC-UHFFFAOYSA-N,NS(=O)(=O)c1ccc(Nc2nc(N3CCOCC3)nc3[nH]cnc23)cc1,CHEMBL1172957,False,5.0,,1
NTVLFTCNCNAKLQ-OAHLLOKOSA-N,C=CC(=O)N(c1cccc(Cl)c1F)c1ncnc2cc(OC)c(OC(=O)N3CCN(C)C[C@H]3C)cc12,CHEMBL4469866,True,8.06,,1
CCVMEUKMVMEKMR-DWTRPJMMSA-N,CCN(C)C/C=C/C(=O)N1CC[C@@H](n2cc(C(=O)Nc3nc4cc(Cl)ccc4o3)c3c(N)ncnc32)C1,CHEMBL5770089,True,7.66,,1
BJUIFDSSUFWQEU-LAQIPUCWSA-N,CC(C)N(C)C/C=C/C(=O)N1CC[C@@H](n2cc(C(=O)Nc3nc4cc(Cl)ccc4o3)c3c(N)ncnc32)C1,CHEMBL5864620,True,7.69,,1
WGEKMVIECKZQRS-SHCNBLLESA-N,Nc1ncnc2c1c(C(=O)Nc1nc3cc(Cl)ccc3o1)cn2[C@@H]1CCN(C(=O)/C=C/CN2CCCCC2)C1,CHEMBL5994959,True,7.43,,1
SAAYJHNZQRUYEH-VHTFYLNKSA-N,CN(C)C/C=C/C(=O)N1CC[C@@H](n2cc(C(=O)Nc3nc4cc(-c5ccccc5)ccc4o3)c3c(N)ncnc32)C1,CHEMBL5797069,True,7.75,,1
GWSCKTFTVOIUTB-UHFFFAOYSA-N,C=CC(=O)N1CCC(Cn2nc(C(=O)Nc3nc4cc(F)ccc4o3)c3c(N)ncnc32)CC1,CHEMBL5925185,True,6.69,,1
MATORVNODLEICJ-UHFFFAOYSA-N,Fc1ccc(Nc2ncnc3cc4c(cc23)NCCO4)cc1Cl,CHEMBL2441568,False,8.89,,1
BDCAOKLPNVNFEL-UHFFFAOYSA-N,[O-][S+]1CCN(Cc2ccc(-c3ccc4ncnc(Nc5ccc(OCc6ccccc6)c(Cl)c5)c4c3)o2)CC1,CHEMBL212965,False,7.92,,1
JGUKCUUOQNQOBB-UHFFFAOYSA-N,CS(=O)(=O)CCN(CC#N)Cc1ccc(-c2ccc3ncnc(Nc4ccc(OCc5cccc(F)c5)c(Cl)c4)c3c2)o1,CHEMBL384407,False,7.57,,1
MUYAKCSSXBQEFX-UHFFFAOYSA-N,CN(C)c1cccc2c(S(=O)(=O)NCCN=NNc3ccc4ncnc(Nc5cccc(Cl)c5)c4c3)cccc12,CHEMBL606413,False,5.85,,1
QSKTXQACKBOBKD-UHFFFAOYSA-N,O=C(Cn1sc2ccccc2c1=O)Nc1ccc2ncnc(Nc3cccc(Br)c3)c2c1,CHEMBL599047,False,9.07,,1
PDLBTPKSQYCOOT-UHFFFAOYSA-N,CC(=O)NCCNCc1ccc(-c2cc3ncnc(Nc4ccc5[nH]ccc5c4)c3s2)cc1,CHEMBL80809,False,8.3,,1
OEFWUILIMFIVSE-UHFFFAOYSA-N,C=CC(=O)Nc1cc(Nc2nccc(-c3cnc4c(C)cccn34)n2)c(OC)cc1N(C)CCN(C)C,CHEMBL5631094,True,7.96,,1
HNEAOQOOUVUUJR-UHFFFAOYSA-N,COC(=O)Nc1ccc(Nc2ncnc3cc(OC)c(OC)cc23)cc1,CHEMBL1761929,False,5.16,0.0,3
YREPTYNUQVYXCF-CQSZACIVSA-N,COc1cc2ncnc(N[C@H](C)c3cccc4ccccc34)c2cc1OC,CHEMBL5412768,False,6.24,0.0,3
LGLFFNDHMLKUMI-UHFFFAOYSA-N,CN(C)c1ccc(C(=C2C=CC(=[N+](C)C)C=C2)c2ccc(N(C)C)cc2)cc1,CHEMBL64894,False,6.33,,1
ITWUQOWYXVPAMI-UHFFFAOYSA-N,CCCn1ccc2cc(Nc3ncnc4ccc(N)cc34)ccc21,CHEMBL5200760,False,6.45,,1
DKGNBDAVBAFVQB-XLNRJJMWSA-N,Cc1ncc([N+](=O)[O-])n1C/C(=N/NC(=O)c1ccccc1)c1ccc(Br)cc1,CHEMBL3088225,False,5.0,,1
GRMCXRROEKNGND-UHFFFAOYSA-N,CCOC(=O)c1ccc(NC(=O)CSc2nnc(CNc3ccc(OC)cc3)n2-c2ccccc2)cc1,CHEMBL1944931,False,4.03,,1
IKVDAZUYVVSZPS-UHFFFAOYSA-N,Cc1ncnc(Nc2ccc(OCc3cccc(F)c3)c(Cl)c2)c1C#Cc1ccc(CN2CCCC2)cc1,CHEMBL1934624,False,8.05,,1
MXDSJQHFFDGFDK-CYBMUJFWSA-N,COc1cc2ncnc(Nc3cccc(Cl)c3F)c2cc1OC(=O)N1CCN(C)C[C@H]1C,CHEMBL3623290,False,7.19,1.4065205295337848,3
GUJCOZPKOPABIC-UHFFFAOYSA-N,S=C(NCCN1CCOCC1)Nc1ccc2ncnc(Nc3ccc(Cl)c(Cl)c3)c2c1,CHEMBL3814182,False,7.074999999999999,1.3647160876900355,2
JPUXGMPWGVEAMX-UHFFFAOYSA-N,C#Cc1cccc(Nc2ncnc3ccc(NC(N)=O)cc23)c1,CHEMBL3814447,False,7.68,1.3717871555019028,2
WVXFPLPIKDKMON-UHFFFAOYSA-N,C#Cc1cccc(Nc2ncnc3ccc(NC(C)=O)cc23)c1,CHEMBL3815074,False,8.05,0.9050966799187797,2
OBDIAJMTIKZKPR-UHFFFAOYSA-N,S=C(NCCCN1CCOCC1)Nc1ccc2ncnc(Nc3cccc(Br)c3)c2c1,CHEMBL3815115,False,6.61,,1
NGEDWBUXLPGYBW-UHFFFAOYSA-N,Fc1ccc(Nc2ncnc3ccc(NC(=S)NCCCN4CCOCC4)cc23)cc1Cl,CHEMBL3813876,False,6.41,,1
UBCHJGBQSIFFHH-HNNXBMFYSA-N,O=C(Nc1cc2c(Nc3ccc(F)c(Cl)c3)ncnc2cc1O[C@H]1CCOC1)N1CCC(F)(F)CC1,CHEMBL3092298,False,6.07,,1
JEBVEZSMXJHGOF-SFHVURJKSA-N,CCN(CC)CCN(C)C(=O)Nc1cc2c(Nc3ccc(F)c(Cl)c3)ncnc2cc1O[C@H]1CCOC1,CHEMBL3092316,False,6.3,,1
BZRTYTTZHHRCLU-KRWDZBQOSA-N,O=C(NCCN1CCOCC1)Nc1cc2c(Nc3ccc(F)c(Cl)c3)ncnc2cc1O[C@H]1CCOC1,CHEMBL3092310,False,7.09,,1
ZFKQQXLECNVLOF-OKILXGFUSA-N,CN(C)C(=O)c1ccc(Nc2ncc(C(F)(F)F)c(N[C@H]3CC[C@@H](N)CC3)n2)cc1,CHEMBL5092606,False,5.15,,1
JZQOPZNZLUYLTR-DYLHUKMJSA-N,CCOc1cc2ncnc(Nc3ccc(F)c(Cl)c3)c2cc1NC(=O)/C=C/[C@@H]1CCCN1C,CHEMBL3647421,True,8.4,0.0,3
QRYCUSXBKIUASA-UHFFFAOYSA-N,O=C(CSC(=S)N1CCCCC1)Nc1cccc(NC(=O)c2ccccn2)c1,CHEMBL4582195,False,7.08,,1
MJJALKDDGIKVBE-UHFFFAOYSA-N,CC(C)(C)c1ccc(C(=O)CCCN2CCC(OC(c3ccccc3)c3ccccc3)CC2)cc1,CHEMBL305660,False,6.25,,1
AWAYHSFABHTNBH-UHFFFAOYSA-N,COc1cc2c(Nc3ccc(OCc4cccc(F)c4)c(Cl)c3)ncnc2cc1OCCCCn1ccnc1[N+](=O)[O-],CHEMBL3360613,False,7.92,,1
ZLXQHXUNKDKVQJ-UHFFFAOYSA-N,COc1cc2c(Nc3cccc(Br)c3)ncnc2cc1OCCCCn1ccnc1[N+](=O)[O-],CHEMBL3360618,False,9.43,,1
PILNXPUSWCNKOU-UHFFFAOYSA-N,CS(=O)(=O)CCNC(CS(C)(=O)=O)c1ccc(-c2ccc3ncnc(Nc4ccc(OCc5cccc(F)c5)c(Cl)c4)c3c2)o1,CHEMBL3344214,False,7.54,,1
RJMUSRYZPJIFPJ-UHFFFAOYSA-N,O=C(Nc1ccc([N+](=O)[O-])cc1Cl)c1cc(Cl)ccc1O,CHEMBL1448,False,4.98,,1
XEWDTZOOQNFSOM-UHFFFAOYSA-N,NC(=O)Nc1ccc(C(=O)Nc2ccc3ncnc(Nc4ccc(F)c(Cl)c4)c3c2)cc1,CHEMBL3633940,False,8.05,,1
WQMXYLQMEMETLB-UHFFFAOYSA-N,N#CC(C#N)C=Nc1ccc2ncnc(Nc3ccc(OCc4ccccn4)c(Cl)c3)c2c1,CHEMBL3633939,False,5.52,,1
LPTUQUIXMYJCLI-UHFFFAOYSA-N,CCNC(=O)Nc1ccc2ncnc(Nc3ccc(Oc4cccc(C(F)(F)F)c4)c(Cl)c3)c2c1,CHEMBL3633930,False,7.54,,1
JCMIPNLNEAFFHI-UHFFFAOYSA-N,CC(=O)Nc1ccc2ncnc(Nc3ccc(OCc4ccccn4)c(Cl)c3)c2c1,CHEMBL3633929,False,8.52,,1
MMUHXSLRIFVTMO-UHFFFAOYSA-N,Oc1cccc(Nc2nnnc3sc4c(c23)CCC4)c1,CHEMBL4246256,False,4.28,,1
ZONDCYMVXIYHFJ-UHFFFAOYSA-N,Cc1ccc(Nc2ncnc3cc4oc(=O)n(CCCN5CCOCC5)c4cc23)cc1,CHEMBL2064383,False,7.17,,1
SSNRTALFAXFKNE-UHFFFAOYSA-N,Fc1cccc(COc2ccc(Nc3ccncn3)cc2Cl)c1,CHEMBL205652,False,6.27,0.32526911934581215,2
MZRBFVUGGURYMM-UHFFFAOYSA-N,COc1cc2c(Nc3ccc(NC(=O)c4ccc(C)cc4)cc3)ncnc2cc1OCCCN1CCOCC1,CHEMBL3758875,False,6.12,,1
IBYFQHBVYWWLLA-UHFFFAOYSA-N,COc1cc2c(Nc3ccc(NC(=O)c4cccc(Cl)c4)cc3)ncnc2cc1OCCN1CCCCC1,CHEMBL3759848,False,6.52,,1
HTUOJWKVCOCMQS-VMPITWQZSA-O,Cn1c(C[N+](C)(C)C/C=C/C(=O)Nc2ccc3ncnc(Nc4cccc(Br)c4)c3c2)ccc1[N+](=O)[O-],CHEMBL4540138,True,9.66,,1
QWYLFZROSUGBFJ-UHFFFAOYSA-N,COc1ccncc1-c1cc(C(=O)Nc2nc3ccccc3n2CC(C)(C)O)ccn1,CHEMBL4532034,False,5.0,1.6858627860337072,3
RZJRJEDTYIELCA-UHFFFAOYSA-N,Fc1ccc(C=CC(=NNc2nncc3ccccc23)c2ccccc2)cc1,CHEMBL3963403,False,8.16,,1
JHVDBWWXZSPCGI-UHFFFAOYSA-N,COc1ccc(C=Nc2nnc3c4ccccc4nc(Nc4ccc(C)cc4N)n23)cc1O,CHEMBL4646644,False,5.37,,1
ZLRJNMJALMHATC-UHFFFAOYSA-N,N#Cc1cc(O)n(-c2nnc3c4ccccc4nc(Sc4ccc(Br)cc4)n23)c1N,CHEMBL4645726,False,5.75,,1
QGPSFIYTQAONCS-UHFFFAOYSA-N,COc1cccc(-c2cn(-c3ccc(CNCCO)cc3)c3ncnc(N)c23)c1,CHEMBL424375,False,5.855,0.9404520189781073,2
RHQWHANZNHLOIO-UHFFFAOYSA-N,CCN(CC)CCn1c([Se][Se]c2c(C(=O)NC)c3ccccc3n2CCN(CC)CC)c(C(=O)NC)c2ccccc21,CHEMBL334439,False,5.16,,1
STQXJADJAGHYFB-UHFFFAOYSA-N,CCNC(=O)Nc1ccc2ncnc(Nc3ccc(OCc4ccccn4)c(Cl)c3)c2c1,CHEMBL3633933,False,6.64,,1
RTBZZZASZOKFFS-UHFFFAOYSA-N,CCNC(=O)Nc1ccc2ncnc(Nc3ccc(OCc4cccc(F)c4)c(Cl)c3)c2c1,CHEMBL3633932,False,7.46,,1
NQXBCUWKAWQTMT-UHFFFAOYSA-N,COc1cc(Nc2nccc(-c3ccc(N4CCNCC4)nc3)n2)cc(OC)c1OC,CHEMBL322066,False,5.77,,1
ADTBZOLAEWCHRQ-UHFFFAOYSA-N,CC(C)N(Cc1ccccc1)c1ncnc2[nH]c(-c3ccc(CO)cc3)cc12,CHEMBL5404799,False,8.35,,1
KVBFMJDTLAIVSN-FIBGUPNXSA-N,[2H]C([2H])([2H])N(Cc1ccccc1)c1ncnc2[nH]c(-c3ccc(CO)cc3)cc12,CHEMBL5398686,False,7.77,,1
LSDHARHCJRQXNF-UHFFFAOYSA-N,O=C(Oc1ccc(C2NCCc3c2[nH]c2ccccc32)cc1)c1ccccc1,CHEMBL5562868,False,4.29,,1
VTYJRHSVANEYQX-UHFFFAOYSA-N,COc1cc(C2NCCc3c2[nH]c2ccccc32)ccc1OCc1ccc(B2OC(C)(C)C(C)(C)O2)cc1,CHEMBL5567680,False,4.07,,1
BKTOCNUVAFYRMQ-UHFFFAOYSA-N,COc1cc(C2NCCc3c2[nH]c2ccccc32)ccc1OCc1ccc(OC(F)(F)F)c(Cl)c1,CHEMBL5559904,False,4.21,,1
ONZJVLAOVOQGTB-XKJRVUDJSA-N,C=CC(=O)Nc1cccc(Nc2nc(N/N=C(\C)c3ccc(F)cc3F)ncc2Cl)c1,CHEMBL3740257,True,4.93,,1
ADCPOYAOTABVFQ-TVHRLVRESA-N,CN(C)C/C=C/C(=O)Nc1cccc(Nc2nc(N/N=C/c3ccc(F)cc3)ncc2Cl)c1,CHEMBL3741762,True,4.97,,1
FPPFXZVOJMZPIB-UHFFFAOYSA-N,COc1cccc(-c2cn(-c3ccc(CC(=O)NCCO)cc3)c3ncnc(N)c23)c1,CHEMBL175409,False,6.1,,1
FPYMICFLRIEXEX-UHFFFAOYSA-N,COc1cc2ncnc(N(C)c3ccccc3)c2cc1OC,CHEMBL543669,False,5.4,,1
KWCKYCVYQBCQEN-UHFFFAOYSA-N,C=CC(=O)N1CCc2c(sc3ncnc(Nc4ccc(Br)c(C)c4)c23)C1,CHEMBL3133897,True,5.36,,1
KIOLWXYZBXHLAS-UHFFFAOYSA-N,C=CC(=O)Nc1ccc2ncnc(NC3CCCCC3)c2c1,CHEMBL3133894,True,5.47,,1
NEHHIXKPXNXLJR-UHFFFAOYSA-N,C=CC(=O)Nc1ccc2ncnc(Nc3ccc(Br)cc3F)c2c1,CHEMBL3132872,True,5.68,,1
SDYMUBCTDLOTEF-UHFFFAOYSA-N,C=CC(=O)Nc1ccc2ncnc(Cc3cccc(Br)c3)c2c1,CHEMBL454383,True,9.15,,1
HHQCBJOVBHTNID-UHFFFAOYSA-N,C=CC(=O)Nc1cccc(Oc2nc(Nc3ccc(N4CCN(CC(=O)OCCOCCOc5no[n+]([O-])c5S(=O)(=O)c5ccccc5)CC4)cc3OC)ncc2Cl)c1,CHEMBL2381510,True,7.0,,1
IQPRWACFMCVAAN-UHFFFAOYSA-N,C=CC(=O)Nc1cccc(Oc2nc(Nc3ccc(N4CCN(CC(=O)OCCCOc5no[n+]([O-])c5S(=O)(=O)c5ccccc5)CC4)cc3OC)ncc2Cl)c1,CHEMBL2381507,True,7.0,,1
VNDBFVRCUNHPOE-PLNGDYQASA-N,O=C(/C=C\Cl)Cc1cc2c(Nc3cccc(Br)c3)ncnc2cn1,CHEMBL522623,False,9.16,,1
IKNHQEAFTSNSRB-UHFFFAOYSA-N,CCOC(=O)C=CC(=O)Cc1cc2c(Nc3cccc(Br)c3)ncnc2cn1,CHEMBL453378,False,8.82,,1
UKNWFYOHYKRONV-UHFFFAOYSA-N,C=CC(=O)NC1=CC=C2N=CN=C(Nc3ccc(OCc4ccccc4)cc3)C21,CHEMBL472746,True,8.44,,1
FRPBXJAATAZIRF-UHFFFAOYSA-N,C=CC(=O)Nc1[nH]cc2ncnc(Nc3ccc(F)c(Cl)c3)c12,CHEMBL516373,True,9.11,,1
ZAIZAQHZHHBNNG-UHFFFAOYSA-N,N#CC1C(c2ccccc2)=Nc2c(c(-c3cccs3)nn2-c2ccccc2)C12C(=O)Nc1ccc(Br)cc12,CHEMBL5209100,False,6.82,,1
BDZJDPVRQAXMBX-UHFFFAOYSA-N,CC(C)(C)CC(C)(C)Nc1nc2ccccc2c2c(C(=O)c3ccc(F)cc3)c(N)nn12,CHEMBL5619771,False,6.8,,1
ATKPRIDFHGQMAQ-UHFFFAOYSA-N,Nc1nc(Nc2ccc(Cl)cc2)c2cc(CCc3ccccc3)[nH]c2n1,CHEMBL519147,False,5.5,,1
FPLDSFVCJJWFOY-UHFFFAOYSA-N,CCOC(=O)C1CCCC(n2nc(-c3ccc(CNC(=O)c4ccccc4OC)cc3)c3c(N)ncnc32)C1,CHEMBL5782176,False,6.26,0.0,2
YOLCJXBLALVLLH-UHFFFAOYSA-N,Nc1ncnc2c1c(-c1ccc(CNC(=O)c3cccc4cccnc34)cc1)nn2C1CCCC1,CHEMBL5927148,False,6.26,0.0,2
QJVCNHYCOKNFLA-UHFFFAOYSA-N,COc1cc2ncnc(Nc3cccc(NC(=O)Nc4ccc(Cl)c(C(F)(F)F)c4)c3)c2cc1OCCCN1CCOCC1,CHEMBL3133752,False,7.09,,1
LPFWVDIFUFFKJU-UHFFFAOYSA-N,C=CC(=O)N1CCC(Oc2cc3c(Nc4ccc(Cl)c(Cl)c4F)ncnc3cc2OC)CC1,CHEMBL3545154,True,8.89,0.5404786238669784,15
QVVKYQOIYUSEGU-VQHVLOKHSA-N,CCOc1cc2ncnc(NC3=CC(=O)C(OCc4ccccn4)=CC3=O)c2cc1NC(=O)/C=C/CN(C)C,CHEMBL398154,True,6.57,0.6646803743153546,2
NLLWQJFENQIOAH-UHFFFAOYSA-N,COc1ccccc1C(=O)NCc1ccc(-c2nn(C3CCCC3)c3ncnc(N)c23)cc1C,CHEMBL5851971,False,6.26,0.0,2
HYIYITLSLFGRPG-UHFFFAOYSA-N,CCCN(CC#CC(=O)Nc1ccc2ncnc(Nc3cccc(Br)c3)c2c1)CCC,CHEMBL328245,False,7.21,,1
LCVXUFKGARHCPF-UHFFFAOYSA-N,COc1ccc(C2=NN(C(=O)c3ccc(Cl)cc3O)C(c3ccc(Cl)cc3)C2)cc1,CHEMBL2159053,False,4.98,,1
CMIAMHVCKPWEGD-UHFFFAOYSA-N,Brc1cccc(Nc2ncnc3ccc(NCCCN4CCCCC4)cc23)c1,CHEMBL2425736,False,8.77,0.7748548251124211,3
KLBYVSOKDTXAPK-UHFFFAOYSA-N,O=C(CCCN1CCCCC1)Nc1ccc2ncnc(Nc3cccc(Br)c3)c2c1,CHEMBL2425735,False,8.24,0.6864643714959514,3
GETNIGWOTOBHPR-UHFFFAOYSA-N,O=C(Nc1cccc(Nc2ncnc3cc(OCCCN4CCOCC4)ccc23)c1)Nc1ccc(F)c(Cl)c1,CHEMBL3133755,False,5.48,,1
IYMACANHMZIKLK-UHFFFAOYSA-N,COc1cc2ncnc(Nc3cccc(NC(=O)Nc4cccc(C)c4)c3)c2cc1OCCCN1CCOCC1,CHEMBL3133754,False,5.63,,1
URHWRBQIYOUYPM-UHFFFAOYSA-N,Oc1cccc(Nc2ncnc3[nH]c4c(c23)CCCC4)c1,CHEMBL72322,False,6.38,,1
QCVDNFRXLOQNGM-UHFFFAOYSA-N,C=C(Cl)C(=O)Nc1cccc(Nc2nc(Nc3ccc(N4CCN(C(C)=O)CC4)cc3Cl)ncc2Cl)c1,CHEMBL4776073,True,6.52,,1
VBFBOJPZZPXTID-UHFFFAOYSA-N,CC(C)ON=Cc1c(N)ncnc1Nc1ccc2c(cnn2Cc2cccc(F)c2)c1,CHEMBL402293,False,7.85,,1
SJTPQEIPJLKMKX-UHFFFAOYSA-N,COc1cc2c(cc1OC)C(Sc1cccc(NC(=S)Nc3ccc(Br)c(C(F)(F)F)c3)c1)=NCN2,CHEMBL5192572,False,8.0,,1
SKFDSQFYKXYVPS-UHFFFAOYSA-N,CCc1cc(Nc2nccc(-c3c(-c4cccc(C(=O)Nc5c(F)cccc5F)c4)nc4ccccn34)n2)c(OC)cc1N1CCC(N2CCN(S(C)(=O)=O)CC2)CC1,CHEMBL448929,False,7.66,,1
LCUWAJDEGKZDMI-UHFFFAOYSA-N,Ic1cccc(Nc2ncnc3ccccc23)c1,CHEMBL92825,False,7.09,,1
FSGGHFJAQJIEQT-AWEZNQCLSA-N,CS(=O)(=O)CCNC(=O)Nc1cc2c(Nc3ccc(F)c(Cl)c3)ncnc2cc1O[C@H]1CCOC1,CHEMBL3092324,False,7.39,,1
WRUDTZAASVCWAT-QDLOVBKTSA-N,CN(C)C/C=C/C(=O)Nc1cc2ncnc(Nc3ccc(F)c(Cl)c3)c2cc1O[C@@H]1CCOC1,CHEMBL4759112,True,9.49,,1
DUPJQTWIYRCOHX-UHFFFAOYSA-N,C=CC(=O)Nc1cc2c(Nc3ccc(F)c(Cl)c3)ncnc2cc1OCc1cn(CCC(O)=NO)nn1,CHEMBL4793338,True,9.48,,1
PNENUMJQDWNJEW-UHFFFAOYSA-N,C=CC(=O)Nc1cc2c(Nc3cc(Cl)c(Br)cc3F)ncnc2cc1OCCNC(=O)CN(C)C,CHEMBL3676355,True,8.05,0.0,2
KGCNYHNIIAEQSM-UHFFFAOYSA-N,O=C(O)CCCNc1c(Br)cccc1Nc1ncnc2ccncc12,CHEMBL271122,False,9.55,,1
LPMRIHKCMUYKPL-UHFFFAOYSA-N,CC(=O)c1ccc(Nc2nccc(-c3cn(C)c4ccccc34)n2)cc1OCCOCCn1ccnc1[N+](=O)[O-],CHEMBL5401943,False,5.13,,1
GPVQXUQHUKKGMR-UHFFFAOYSA-N,COC(=O)c1ccc(COc2ccc(C3NCCc4c3[nH]c3ccccc43)cc2OC)c(F)c1,CHEMBL5560045,False,4.25,,1
MPYNTRISUCALTC-HXUWFJFHSA-N,C=CC(=O)N1CC[C@@H](n2nc(-c3ccc(Oc4ccc5c(c4)ncn5C)c(C)c3)c3c(C)ncnc32)C1,CHEMBL5557178,True,5.33,,1
YWLLSMLBQPKZPY-LJQANCHMSA-N,C=CC(=O)N1CCC[C@@H](n2nc(-c3ccc(Oc4ccc5c(c4)ncn5C)c(C)c3)c3c(N)ncnc32)C1,CHEMBL5566478,True,6.13,,1
FOGXCBUSKWTDKV-UHFFFAOYSA-N,COc1cc(C=C(C#N)C(N)=O)cc(CSc2ccccc2)c1O,CHEMBL116595,True,6.35,0.41601282031527165,4
YXFCBQUDPXMRJR-UHFFFAOYSA-N,C=CC(=O)Nc1ccc2ncnc(Nc3ccc(F)c(Br)c3)c2c1,CHEMBL280757,True,9.16,,1
SMPHSAOFBCCNMS-UHFFFAOYSA-N,COc1cc(C=C(C#N)C(=O)c2ccc(O)c(O)c2)cc(CSCc2ccccc2)c1O,CHEMBL116547,False,5.734999999999999,0.5444722215136416,2
KPNHRZBBKFZVMF-UHFFFAOYSA-N,CCOC(=O)c1ccc(-c2cn(-c3ccccc3)c3ncnc(N)c23)cc1,CHEMBL369014,False,5.89,,1
PBSHQQJKKJPYHE-UHFFFAOYSA-N,O=C(CCl)OCCn1c(=O)oc2cc3ncnc(Nc4ccc(N5CCOCC5)c(Cl)c4)c3cc21,CHEMBL3982289,False,7.72,,1
VRNJPDDSMMLWSW-MRXNPFEDSA-N,CC#CC(=O)N1CCc2c(sc3ncnc(N[C@H](CO)c4ccccc4)c23)C1,CHEMBL1272113,False,5.9,,1
BVGZQNBERZRYJK-OJXHRBAXSA-N,C[C@@H](Nc1ncnc2sc3c(c12)CCN(C(=O)/C=C/CN(C)C)C3)c1ccccc1,CHEMBL1271561,True,8.34,0.24248711305964343,3
CPXGBODDCLRAEF-ONEGZZNKSA-N,CN(C)C/C=C/C(=O)N1CCc2c(sc3ncnc(NCCO)c23)C1,CHEMBL1271619,True,5.31,,1
LBTKBOXSMBAAAQ-UHFFFAOYSA-N,C=CC(=O)Nc1cc2ncnc(Nc3cccc(Br)c3)c2cn1,CHEMBL49986,True,9.27,,1
LUAINCIBXGXTCS-WWPOYFSUSA-N,O=C(/C=C/CN1CCOCC1)N1CCc2c(sc3ncnc(N[C@H](CO)c4ccccc4)c23)C1,CHEMBL1272325,True,7.68,,1
ZVGNUEJXGIEGLJ-UHFFFAOYSA-N,CC1CNCCN(Cc2ccn3ncnc(Nc4ccc5c(cnn5Cc5cccc(F)c5)c4)c23)C1,CHEMBL398793,False,6.89,,1
HHKGVQGXRGQBBA-UHFFFAOYSA-N,CNc1ncnc(-c2cccnc2Oc2ccc(F)c(C(=O)Nc3cc(C(F)(F)F)ccc3N(C)CCCN(C)C)c2)n1,CHEMBL373882,False,4.6,,1
VXPOFHMNNNIQLJ-UHFFFAOYSA-N,CS(=O)(=O)CCNCc1ccc(-c2cc3c(Nc4ccc(OCc5cccc(F)c5)c(Cl)c4)ncnc3s2)o1,CHEMBL480349,False,7.92,,1
VPANVMPLCLKNPE-UHFFFAOYSA-N,Cc1ccc(Nc2ncnc3cc4c(cc23)N(CCCN2CCOCC2)C(=O)CO4)cc1,CHEMBL3774712,False,6.23,,1
WNIWENBZWCPHOR-UHFFFAOYSA-N,O=C1COc2cc3ncnc(Nc4ccc(Cl)cc4)c3cc2N1CCCN1CCOCC1,CHEMBL3775911,False,6.45,,1
ZBLFVHJQMNFDSU-PMACEKPBSA-N,COc1ccccc1C(=O)NCc1ccc(-c2nn([C@H]3C=C[C@H](NC(C)=O)C3)c3ncnc(N)c23)cc1,CHEMBL5921575,False,5.26,0.0,2
AMQBJODOYRDTEZ-UHFFFAOYSA-N,COc1ccccc1C(=O)NCc1c(F)cc(-c2nn(C3CCCC3)c3ncnc(N)c23)cc1F,CHEMBL5859093,False,5.26,0.0,2
DHJGSIJZTMFTAU-UHFFFAOYSA-N,NC(=S)N1N=C(c2ccc(Cl)c(Cl)c2)CC1c1ccc(F)cc1,CHEMBL1172573,False,5.2,,1
BKYSCRZQLODSDO-UHFFFAOYSA-N,COc1ccccc1C(=O)NCc1ccc(-c2nn(C3CCC(O)CC3)c3ncnc(N)c23)cc1,CHEMBL5908975,False,6.26,0.0,2
RZXIJFPEMANFOZ-UHFFFAOYSA-N,Fc1cccc(COc2ccc(Nc3cc(-c4ccsc4)ncn3)cc2Cl)c1,CHEMBL1683952,False,4.66,,1
BHIIMLQUQYIITN-UHFFFAOYSA-N,COc1ccccc1C(=O)NCc1ccc(-c2nn(C3C=CCCC3)c3ncnc(N)c23)cc1,CHEMBL5864713,False,7.26,0.0,2
GKQRSPZVVNEONB-UHFFFAOYSA-N,COc1cccc(F)c1C(=O)NCc1ccc(-c2nn(C3CCCC3)c3ncnc(N)c23)cc1,CHEMBL5796011,False,5.26,0.0,2
BIIVYFLTOXDAOV-TYJDENFWSA-N,CN1CCC(c2c(O)cc(O)c3c(=O)cc(-c4ccccc4Cl)oc23)[C@@H](O)C1,CHEMBL418203,False,5.34,,1
OTQIVPSVUOXWRB-UHFFFAOYSA-N,COc1cc2ncnc(Nc3ccc(F)c(Cl)c3)c2cc1OCCCCCn1ccnc1[N+](=O)[O-],CHEMBL3355876,False,9.29,,1
ZEKVNOOBJNGEGS-UHFFFAOYSA-N,CCOc1ccccc1C(=O)NCc1ccc(-c2nn(C3CCCC3)c3ncnc(N)c23)cc1,CHEMBL6016572,False,5.26,0.0,2
WGYDIWMVEHEUEZ-UHFFFAOYSA-N,COCCOCC#CC(=O)Nc1ccc2ncnc(Nc3cccc(Br)c3)c2c1,CHEMBL327838,False,7.19,,1
QQYQXWACNBHSDE-UHFFFAOYSA-N,Cn1c(SSc2c(C(=O)Nc3ccccc3)c3cc(Cl)ccc3n2C)c(C(=O)Nc2ccccc2)c2cc(Cl)ccc21,CHEMBL293889,False,5.37,,1
AMKFBXVTNZFKFF-UHFFFAOYSA-N,ON=C(O)CCCCCCn1cc(-c2ccc3ncnc(Nc4ccc(OCc5cccc(F)c5)c(Cl)c4)c3c2)nn1,CHEMBL3911796,False,8.38,,1
YBLBBOHIJOJAPV-UHFFFAOYSA-N,ON=C(O)CCCCCn1cc(-c2ccc3ncnc(Nc4cccc(Cl)c4F)c3c2)nn1,CHEMBL3929484,False,9.57,,1
GCTRVFZGBTUDPW-UHFFFAOYSA-N,CCNC(=O)Nc1nc2nc(NCCCCN(CC)CC)ncc2cc1-c1c(Cl)cccc1Cl,CHEMBL301483,False,5.895,0.007071067811866266,2
BXWNXYKEYCNVLR-UHFFFAOYSA-N,CCC(=O)Nc1cc2c(Nc3ccc4c(c3)CCN4Cc3ccccc3)ncnc2cc1OC,CHEMBL3904205,False,6.76,,1
CWFIQHQECWPWQG-PKZFWVFJSA-N,CO[C@H]1[C@@H](N(C)Cc2ccccc2)C[C@@H]2O[C@@]1(C)n1c3ccccc3c3c4c(c5c6ccccc6n2c5c31)C(=O)NC4,CHEMBL131193,False,6.04,,1
UAKWDILRCZKWFX-UHFFFAOYSA-N,CC(C)n1nc(-c2cncnc2)c2c(N)ncnc21,CHEMBL1241391,False,4.0,,1
GZMVQSNFLJUEMM-UHFFFAOYSA-N,CC(=O)c1ccc(-c2nn(C(C)C)c3ncnc(N)c23)cc1,CHEMBL1241773,False,4.92,,1
LANASVJGFGPDRC-UHFFFAOYSA-N,Fc1cc(F)cc(NC(=S)Nc2ccc3ncnc(Nc4cccc(Br)c4)c3c2)c1,CHEMBL4286031,False,7.22,,1
LJZWDPMWGXKBNV-UHFFFAOYSA-N,C#Cc1cccc(Nc2ncnc3cc(OCCCn4ccnc4[N+](=O)[O-])c(OC)cc23)c1,CHEMBL3360607,False,9.19,,1
DNJMPXSEZNNGGL-UHFFFAOYSA-N,O=C(Nc1cc2c(Nc3ccc(F)c(Cl)c3)ncnc2cc1OCCCN1CCOCC1)C1=CCCC1,CHEMBL3946232,True,7.865,0.40305086527633227,2
DIYFLUKUTVHJCO-UHFFFAOYSA-N,CCC(=O)Nc1cc2c(Nc3ccc(NS(=O)(=O)c4ccccc4)nc3)ncnc2cc1OC,CHEMBL3923650,False,6.28,,1
AVUUJTAUHLSENL-UHFFFAOYSA-N,C=c1cc(C(=O)N2CCOCC2)[nH]c1=Cc1c(O)[nH]c2ncnc(Nc3ccc4c(c3)CCC4)c12,CHEMBL65848,True,5.85,,1
XWWMKFBPGTZJND-UHFFFAOYSA-N,NS(=O)(=O)c1ccc(-n2c(SCC(=O)Nc3cnc4ccccc4c3)nc3cc4ccccc4cc3c2=O)cc1,CHEMBL4166412,False,6.96,,1
XDUMFDDLQURJLV-UHFFFAOYSA-N,S=C(NCCN1CCOCC1)Nc1ccc2ncnc(Nc3ccc(Cl)cc3)c2c1,CHEMBL3814816,False,7.74,0.7919595949289339,2
NVWVZLNJWRDTNJ-UHFFFAOYSA-N,Brc1cccc(Nc2ncnc3sc4c(c23)CCCC4)c1,CHEMBL4171764,False,8.58,,1
CLSGHFRTPZHAFA-UHFFFAOYSA-N,COc1cc(N2CCC(O)CC2)ccc1Nc1ncc(Cl)c(Oc2cccc(COc3no[n+]([O-])c3S(=O)(=O)c3ccccc3)c2)n1,CHEMBL2408829,False,6.62,,1
HLGCLHNIBXMZNE-UHFFFAOYSA-N,COc1cc(N2CCC(O)CC2)ccc1Nc1ncc(Cl)c(Oc2ccc(COc3no[n+]([O-])c3S(=O)(=O)c3ccccc3)cc2)n1,CHEMBL2408826,False,5.5,,1
GXPRYGQEWWODAV-UHFFFAOYSA-N,O=C(O)C1OC1C(=O)Nc1ccc2ncnc(Nc3cccc(Br)c3)c2c1,CHEMBL2021575,False,9.305,0.007071067811865952,2
HSPDFXQOPBEBRB-UHFFFAOYSA-N,N#CCC(=O)Nc1ccc2ncnc(Nc3cccc(Br)c3)c2c1,CHEMBL592617,False,9.77,,1
QKSLQDKGPPYGOY-UHFFFAOYSA-N,C=C=CCCCCOc1cc2c(Nc3ccc(F)c(Cl)c3)ncnc2cc1O,CHEMBL591040,False,7.18,,1
CHWHVQUNCYDPDK-UHFFFAOYSA-N,NC(=O)CN1CCC(n2cc(-c3cccc(O)c3)c3c(N)ncnc32)CC1,CHEMBL263528,False,6.77,,1
HTZZYCNEQVCJJB-UHFFFAOYSA-N,COc1cc2c(Nc3ccc(Cl)cc3F)ncnc2cc1OCCN(C)c1ccncc1,CHEMBL25579,False,6.52,,1
CEGWQMRNALOTDI-UHFFFAOYSA-N,CCOc1cc2ncnc(Nc3ccc(F)c(Cl)c3)c2cc1OC(=O)CSc1nnnn1C,CHEMBL4530170,False,8.79,0.6929646455628162,2
MFIBXOBOSOKFSC-UHFFFAOYSA-N,CCOc1cc2ncnc(Nc3ccc(F)c(Cl)c3)c2cc1NC(=O)COC(C)=O,CHEMBL4439974,False,8.375,1.2798632739476503,2
MGKFWZJOUDUBOF-UHFFFAOYSA-N,C=CC(=O)N(c1ccc(F)cc1F)c1ncnc2cc(OC)c(OCCCN3CCOCC3)cc12,CHEMBL4579429,True,6.52,,1
BUGPWXMPCMTLIX-UHFFFAOYSA-N,Oc1cccc(Nc2[nH]nc3ncnc(Nc4cccc(Cl)c4)c23)c1,CHEMBL121954,False,9.0,,1
FDFVLFGLUAPMGB-UHFFFAOYSA-N,Cc1cccc(C)c1NC(=O)C(C#N)=Cc1ccc(O)c(O)c1,CHEMBL55360,True,4.99,0.17320508075688776,3
YREQEESKYDNGOE-UHFFFAOYSA-N,Cc1c(C)n(-c2ccccc2)c2ncnc(N)c12,CHEMBL319540,False,5.57,,1
JBHXXYIRQFVFOU-UHFFFAOYSA-N,Clc1cccc(Nc2ncnc3[nH]nc(-c4ccccc4)c23)c1,CHEMBL119977,False,7.72,,1
DTGDQRLXHBUCRM-UHFFFAOYSA-N,Oc1ccc(-c2[nH]nc3ncnc(Nc4cccc(Cl)c4)c23)cc1,CHEMBL118130,False,8.22,,1
DENWVAYZRYZBAE-UHFFFAOYSA-N,Nc1ccc(-c2cc3c(Nc4ccc(Oc5cccc(C(F)(F)F)c5)c(Cl)c4)ncnc3s2)cc1,CHEMBL4278886,False,7.67,,1
XQNBRKJAXBTZMN-UHFFFAOYSA-N,CS(=O)(=O)Nc1ccc(-c2cc3c(Nc4ccc(Oc5cccc(C(F)(F)F)c5)c(Cl)c4)ncnc3s2)cc1,CHEMBL4280835,False,7.33,,1
FTFDOZLQPLTYBX-UHFFFAOYSA-N,CSc1cn2c(-c3cn[nH]c3)cnc2c(Nc2cc(C)ns2)n1,CHEMBL1270795,False,5.3,,1
YBGIIBLAQDXGRC-UHFFFAOYSA-N,C=C(C)C(=O)Nc1ccc2ncnc(Nc3cccc(Br)c3)c2c1,CHEMBL92086,True,6.47,,1
HTKJLSGFOXVZRI-AATRIKPKSA-N,Cc1ccc(F)cc1Nc1nc2cc(Cl)c(N(C)C(=O)/C=C/CN(C)C)cc2n2cncc12,CHEMBL1916897,True,7.82,0.9192388155425123,2
FRHDZWLQTMKUPC-UHFFFAOYSA-N,O=C(NC(=S)Nc1ccc(O)c(-c2nc3ccccc3s2)c1)c1ccc([N+](=O)[O-])cc1,CHEMBL460746,False,6.55,,1
KVQIKILPEUOSQA-UHFFFAOYSA-N,Nc1ncnc(Nc2ccc3c(cnn3Cc3cccc(F)c3)c2)c1C=NNCC(F)(F)F,CHEMBL497863,False,7.28,,1
WWVSQNVNUAFENV-UHFFFAOYSA-N,Cc1ncnc(Nc2ccc(OCc3cccc(F)c3)c(Cl)c2)c1C#Cc1ccc(CNC(C)C)cc1,CHEMBL1934623,False,8.52,,1
XPZGTHUXSPUGHN-VQHVLOKHSA-N,CCOCCOc1cc2ncnc(Nc3ccc(OCc4ccccn4)c(Cl)c3)c2cc1NC(=O)/C=C/CN(C)C,CHEMBL5904869,True,8.495000000000001,0.7141778489984122,2
XFDYLGGJRSOHKI-UHFFFAOYSA-N,C#Cc1cccc(Nc2ncnc3cc(OC)c(OCCCCCC(O)=NO)cc23)c1,CHEMBL598164,False,8.34,,1
YPWGXALFLMAGJH-UHFFFAOYSA-N,CC(=O)Nc1ccc2ncnc(Nc3cccc(Br)c3)c2c1,CHEMBL2031296,False,8.195,1.138441917710342,2
OISUOPIGXVGIBE-UHFFFAOYSA-N,Fc1ccc(Nc2ncnc3ccc(NC(=S)NCCN4CCCCC4)cc23)cc1Cl,CHEMBL3814694,False,7.765,0.9404520189781083,2
XYNOVGMRAYSMEO-UHFFFAOYSA-N,CN(CCc1ccc(-c2ccccc2)cc1)Cc1cn(C)c2ccc(C(=O)Nc3ccc(F)cc3)cc12,CHEMBL4446681,False,5.0,,1
GRDQZTOKRYJEOD-HSZRJFAPSA-N,CN1CCN([C@@H]2CCCN(c3cnc(C(N)=O)c(Nc4ccc(C5(C)CCN(C6CC6)CC5)cc4)n3)C2)C1=O,CHEMBL5952683,False,5.26,,1
GOLVRUHMODBSGJ-UHFFFAOYSA-N,C=CC(=O)N1CCC(C2CCNc3c(C(N)=O)c(-c4cc(OC)c5ccsc5c4)nn32)CC1,CHEMBL5273525,True,7.0,,1
GGBQGMRDBYCCLW-UHFFFAOYSA-N,C=CCn1nc(-c2ccc(OCC)c(OC)c2)c2c(N)ncnc21,CHEMBL1242569,False,5.29,,1
MPUATQFVQOUAJF-UHFFFAOYSA-N,CC(C)n1nc(-c2ccc(N)c(O)c2)c2c(N)ncnc21,CHEMBL1242848,False,5.67,,1
ZTQOHJNXDAUMOA-UHFFFAOYSA-N,COc1cc(-c2nn(C3CCCC3)c3ncnc(N)c23)ccc1N,CHEMBL1241581,False,7.08,,1
ZRBZFNJBNHOGKU-UHFFFAOYSA-N,CCOc1cc2ncnc(Nc3ccc(OCC4CC4)c(Cl)c3)c2cc1NC(=O)C1COC(=O)N1,CHEMBL3818970,False,7.42,,1
UHGKHVDHBHYHFY-LLYBFZRZSA-N,COC[C@@H](C)Oc1cc2ncnc(Nc3ccc(F)c(Cl)c3)c2cc1NC(=O)/C=C/CN(C)C,CHEMBL4577883,True,9.024999999999999,0.0070710678118646965,2
RPHIAMNJFYVZHV-UHFFFAOYSA-N,COc1ccccc1Nc1ccnc(Nc2ccccc2OC)n1,CHEMBL1947046,False,4.04,,1
HPCAJGIOGMEMOW-UHFFFAOYSA-N,C=C=CCOc1cc2c(Nc3cccc(Cl)c3)ncnc2cc1O,CHEMBL609321,False,7.77,,1
AJNNTGPEHKSGMZ-UHFFFAOYSA-N,COc1ccc(-c2cc3ncnc(Nc4cc(OC)c(OC)c(OC)c4)c3s2)cc1,CHEMBL4546122,False,7.28,,1
ZDRDDLAPYKXFRU-UHFFFAOYSA-N,COc1cc(Nc2ncnc3cc(-c4cccs4)sc23)cc(OC)c1OC,CHEMBL4460381,False,8.6,,1
ADQFBAMWKUTCQJ-UHFFFAOYSA-N,C=CC(=O)Nc1cc(Nc2ncc(I)c(Nc3ccccc3S(=O)(=O)N(C)C)n2)c(OC)cc1N(C)CCN(C)C,CHEMBL4467561,True,6.61,,1
MQZWITYZSPAJLX-UHFFFAOYSA-N,C=CC(=O)Nc1cc(Nc2ncc(Cl)c(Nc3ccccc3P(C)(C)=O)n2)c(OC)cc1N(C)CCN(C)C,CHEMBL4520341,True,7.19,,1
JBAKNRRHHNECIM-UHFFFAOYSA-N,C#Cc1cccc(Nc2ncnc3cc(OCCOC(=O)C(C)c4ccc5cc(OC)ccc5c4)c(OCCOC)cc23)c1,CHEMBL3740850,False,7.14,,1
ZYAMJDNOVLMHHQ-UHFFFAOYSA-N,C#Cc1cccc(Nc2ncnc3cc(OCCOC(=O)c4ccccc4OC(C)=O)c(OCCOC)cc23)c1,CHEMBL3741424,False,8.3,,1
BFKWRQVPEGSWFS-UHFFFAOYSA-N,C=C=CC(=O)Nc1cc(Nc2nccc(-c3cnn4ccccc34)n2)c(OC)cc1N(C)CCN(C)C,CHEMBL4278815,True,7.65,,1
PJJWOOHVLQEDNL-UHFFFAOYSA-N,C=C=CC(=O)Nc1cc(Nc2nccc(-c3cn(C)c4cc(F)ccc34)n2)c(OC)cc1N(C)CCN(C)C,CHEMBL4287141,True,7.98,,1
DBIBGPSRINRNHA-UHFFFAOYSA-N,C=C=CC(=O)Nc1cc(Nc2ncc(OC)c(-c3cn(C)c4ccccc34)n2)c(OC)cc1N(C)CCN(C)C,CHEMBL4282688,True,8.2,,1
DCTSDRYEGNUJAC-UHFFFAOYSA-N,C=C=CC(=O)Nc1cc(Nc2nccc(-c3cn(C)c4ccccc34)n2)c(OCC)cc1N(C)CCN(C)C,CHEMBL4293126,True,7.83,,1
CVUUOYYNAMNGLC-UHFFFAOYSA-N,C=C=CC(=O)Nc1cc(Nc2nccc(-c3cn(C)c4ccccc34)n2)c(OC)cc1N1CCC(N2CCOCC2)CC1,CHEMBL4294211,True,8.07,,1
NIKYELXINWPOQX-QPJJXVBHSA-N,Nc1ncnc2c1c(-c1ccc(Oc3ccccc3)cc1)nn2C1CCN(C(=O)/C=C/CN2CCOCC2)CC1,CHEMBL3982014,True,6.52,0.0,2
VSKQQUAAWOVMOQ-UHFFFAOYSA-N,COc1cc2ncnc(Nc3ccc(Cl)c(Cl)c3)c2cc1OCCCN1CCOCC1,CHEMBL4448162,False,9.0,,1
FBRWDQZMCIXXBH-CQSZACIVSA-N,C[C@@H](Nc1ncnc2sc(-c3cccc(S(C)(=O)=O)c3)cc12)c1ccccc1,CHEMBL3760023,False,7.58,,1
DXZUTLDYLLPFSW-CYBMUJFWSA-N,C[C@@H](Nc1ncnc2sc(-c3ccc(F)c(C=O)c3)cc12)c1ccccc1,CHEMBL3758951,False,8.1,,1
NRGHKVNPTSPJAS-QGZVFWFLSA-N,COc1c(C(=O)NCCN(C)C)cccc1-c1cc2c(N[C@H](C)c3ccccc3)ncnc2s1,CHEMBL3759725,False,8.52,,1
BWQQOASTOBPYOA-UHFFFAOYSA-N,C#Cc1cccc(Nc2ncnc3cc4c(cc23)N(CCCN2CCOCC2)C(=O)CO4)c1,CHEMBL3774926,False,6.86,,1
WKPZKYPFSUDFMN-UHFFFAOYSA-N,O=C(NCCN1CCOCC1)Nc1ccc2ncnc(Nc3cccc(Br)c3)c2c1,CHEMBL3814320,False,7.71,1.6122034611053278,2
HZBFCVQTWRSCGU-UHFFFAOYSA-N,NC(=S)N1N=C(c2ccc(Br)c(Br)c2)CC1c1ccc(F)cc1,CHEMBL1172823,False,5.05,,1
QOYOSSAKTDDRJV-UHFFFAOYSA-N,CCn1nc(-c2ccc(OC)c(O)c2)c2c(N)ncnc21,CHEMBL1242113,False,5.19,,1
VXZXLBZTZNXOHS-LFYBBSHMSA-N,Oc1csc(=N/N=C/c2ccc(Br)cc2)[nH]1,CHEMBL591910,False,5.76,,1
MSLAMKYOCOCPQZ-UHFFFAOYSA-N,Oc1csc(=NN=C2CCCCCCC2)[nH]1,CHEMBL592240,False,4.57,,1
PXAALIHNUZBZTK-UHFFFAOYSA-N,O=C1NC(c2ccc(OCc3ccc(Cl)cc3)cc2)Nc2ccccc21,CHEMBL5619757,False,6.76,,1
OKYNLPCIFBWKOF-UHFFFAOYSA-N,Oc1csc(=NN=C2CCCCCC2)[nH]1,CHEMBL589165,False,4.44,,1
UGSKHSZUOFAHGH-UHFFFAOYSA-N,CCCCN(Cc1cccc(Cl)c1O)C(=O)Nc1ccccc1,CHEMBL591706,False,4.49,,1
AMPJVHBLKDNTBD-UHFFFAOYSA-N,O=C(Nc1ccccc1)N(Cc1ccc(O)cc1)Cc1cccc(Br)c1O,CHEMBL590714,False,5.97,,1
HHAIRBJJFBLIDZ-UHFFFAOYSA-N,O=C(Nc1ccccc1)N(Cc1ccc(F)cc1)Cc1cc(Cl)cc(Cl)c1O,CHEMBL589809,False,5.38,,1
TZBDHYWZRVNCMC-UHFFFAOYSA-N,Cc1cc(C)c(O)c(CN(Cc2ccc(F)cc2)C(=S)Nc2ccccc2)c1,CHEMBL592224,False,4.71,,1
SOXYLYNQTNNXEV-UHFFFAOYSA-N,Oc1ccc(CN(Cc2cccc(Br)c2O)C(=S)Nc2ccccc2)cc1,CHEMBL604042,False,6.92,,1
ZJEZFXHLOYIZAT-UHFFFAOYSA-N,Oc1ccc(CN(Cc2cc(Br)cc(Br)c2O)C(=S)Nc2ccccc2)cc1,CHEMBL592004,False,6.06,,1
MSQALUIPMRXAFL-UHFFFAOYSA-N,CCCCN(Cc1cccc(C)c1O)C(=S)Nc1ccccc1,CHEMBL591437,False,4.36,,1
HSYMTXUHTDJFRK-UHFFFAOYSA-N,CCCCN(Cc1cc(Cl)cc(Cl)c1O)C(=S)Nc1ccccc1,CHEMBL591440,False,4.61,,1
REHJUQKVPCBFKQ-UHFFFAOYSA-N,Cc1ccc(C=NNC(=O)Cc2csc3nc(-c4ccc(C#N)cc4)cn23)cc1,CHEMBL5612541,False,4.86,,1
ZZKJYWJMKZJTKA-UHFFFAOYSA-N,NS(=O)(=O)CCNCc1ccc(-c2ccc3ncnc(Nc4ccc(OCc5cccc(F)c5)c(Cl)c4)c3c2)o1,CHEMBL3040566,False,8.57,0.3464101615137761,3
SVDARJHLGCNCRG-UHFFFAOYSA-N,CSCCNCc1ccc(-c2ccc3ncnc(Nc4ccc(OCc5cccc(F)c5)c(Cl)c4)c3c2)o1,CHEMBL3040455,False,7.25,0.20207259421636875,3
ZXPWQTWHRXRMRM-OWOJBTEDSA-N,O=C(/C=C/CN1C2CCC1CC2)N1CCc2c(sc3ncnc(Nc4ccc(F)c(Cl)c4)c23)C1,CHEMBL3655337,True,8.96,0.0,2
IHAMQXNCAXXWHB-ZKKXHLJNSA-N,CN1CCC[C@H]1/C=C/C(=O)N1CCc2c(sc3ncnc(Nc4ccc(F)c(Cl)c4)c23)C1,CHEMBL3655340,True,9.0,0.0,2
JSXBAKOSLFZFQZ-UHFFFAOYSA-N,CC(C)n1nc(-c2cccc3[nH]ccc23)c2c(N)ncnc21,CHEMBL1242757,False,5.34,,1
TZDAEWGVZVGBPE-UHFFFAOYSA-N,C=CC(=O)Nc1cc2c(Nc3cc(Cl)c(Cl)cc3F)ncnc2cc1OCCNC(C)=O,CHEMBL3676341,True,8.3,0.0,2
LMVAHLFZGWUGNF-UHFFFAOYSA-N,CC(C)n1nc(-c2ccc3c(c2)OCCO3)c2c(N)ncnc21,CHEMBL1241588,False,4.82,,1
CNWAVQYSQHXMCH-UHFFFAOYSA-N,CC(C)n1nc(-c2cc(F)c(C=O)c(F)c2)c2c(N)ncnc21,CHEMBL1241861,False,5.0,,1
SSVLAVRFVKSIND-UHFFFAOYSA-N,CC(C)n1nc(-c2cccc(NS(C)(=O)=O)c2)c2c(N)ncnc21,CHEMBL1241948,False,4.0,,1
IGBZJJZEZHTAIC-UHFFFAOYSA-N,CCN1CCN(c2ccc(Nc3nc(Nc4ccccc4N(C)S(C)(=O)=O)c4cc[nH]c4n3)cc2F)CC1,CHEMBL5641915,False,5.88,,1
BGFCKDYZUCXPDC-UHFFFAOYSA-N,CCN1CCN(C2CCN(c3ccc(Nc4nc(Nc5ccccc5N(C)S(C)(=O)=O)c5cc[nH]c5n4)cc3F)CC2)CC1,CHEMBL5646609,False,5.46,0.6646803743153543,2
SXBULDIKCMKRBS-UHFFFAOYSA-N,O=C1NC(=O)N(CCc2ccccc2)C1=Cc1ccc(O)cc1,CHEMBL213560,True,5.4350000000000005,1.011162697096763,2
VIRDOEJWYRVMQA-UHFFFAOYSA-N,Cc1c2cc(Cl)ccc2n2cc(Cc3ccccc3)[nH]c(=O)c12,CHEMBL4208224,False,5.77,,1
YBDCAUXWUWSRAB-UHFFFAOYSA-N,O=CN=CCc1cc(O)ccc1O,CHEMBL47986,False,5.185,0.4737615433949868,2
VUFCYGUKLPCBBQ-UHFFFAOYSA-N,Brc1cccc(Nc2ncnc3cc4c(cc23)Oc2ccccc2O4)c1,CHEMBL2087352,False,6.92,,1
RLLLZDOUARGSHF-UHFFFAOYSA-N,Brc1cccc(Nc2ncnc3cc4c(cc23)OCCSCCO4)c1,CHEMBL2087357,False,8.15,,1
IOQJICCQMPGYPJ-UHFFFAOYSA-N,COc1ccccc1C(=O)NCc1ccc(-c2nn(C3CCOCC3)c3ncnc(N)c23)cc1,CHEMBL6004439,False,6.26,0.0,2
LSYGGBSRDNYACG-UHFFFAOYSA-N,C=CC(=O)Nc1ccc2ncnc(Nc3cccc(C(F)(F)F)c3)c2c1,CHEMBL53690,True,9.04,,1
ZOYSLPZNUAYMBX-UHFFFAOYSA-N,Cc1cc(C)c(NC(=O)C(C#N)=Cc2ccc(O)c(O)c2)c(C)c1,CHEMBL141238,True,4.72,,1
LVERBWQDRRFJMH-UHFFFAOYSA-N,N#CC(=Cc1ccc(O)cc1)C(=N)C(C#N)C#N,CHEMBL76589,False,6.9,,1
ZGHQGWOETPXKLY-UHFFFAOYSA-N,N#CC(=Cc1ccc(O)c(O)c1)C(N)=S,CHEMBL77030,False,5.62,0.15011106998930263,3
ASWDOIVFAHYTSP-JMIUGGIZSA-N,Cn1c(-c2csc(N/N=C\c3ccc(F)cc3)n2)nc2ccccc21,CHEMBL4752843,False,6.6,,1
FWGDADVNSIYRAD-UHFFFAOYSA-N,CN(c1ccccc1)c1cc2c(cc1Nc1ccccc1)C(=O)NC2=O,CHEMBL7775,False,5.06,,1
CXDUFDRGOOEEHL-UHFFFAOYSA-N,CCC(=O)Nc1cc2c(Nc3ccc(OCc4cccc(F)c4)c(Cl)c3)ncnc2cc1OC,CHEMBL3961532,False,7.17,,1
UCBARNSJTRWXQT-RMKNXTFCSA-N,COCCOc1cc2ncnc(Nc3ccc4c(cnn4Cc4ccccc4)c3)c2cc1NC(=O)/C=C/CN1CCN(C)CC1,CHEMBL3970330,True,7.6899999999999995,0.15556349186103996,2
ASXBFKMZPZRWDW-RMKNXTFCSA-N,CCOc1cc2ncnc(Nc3ccc(OCc4cccc(F)c4)c(Cl)c3)c2cc1NC(=O)/C=C/CN1CCCC1,CHEMBL3962365,True,7.43,0.2969848480983499,2
CYOARVZSCJFENO-UHFFFAOYSA-N,COc1cc2ncnc(Nc3ccc(F)c(Cl)c3)c2cc1OCCCNCCN,CHEMBL2334003,False,7.87,,1
XJKWUSYIOHJDIM-UHFFFAOYSA-N,CN(CCO)c1cc2c(Nc3ccc4c(cnn4Cc4ccccc4)c3)ncnc2cn1,CHEMBL3409482,False,7.44,,1
FOWBUFQXVVPKOE-AREMUKBSSA-N,CCC(=O)ON[C@H](CS(C)(=O)=O)c1ccc(-c2ccc3ncnc(Nc4ccc(OCc5cccc(F)c5)c(Cl)c4)c3c2)o1,CHEMBL3344217,False,7.05,,1
BGPAHUNSGVWHIG-UHFFFAOYSA-N,CN(C)C(CS(C)(=O)=O)c1ccc(-c2ccc3ncnc(Nc4ccc(OCc5cccc(F)c5)c(Cl)c4)c3c2)o1,CHEMBL3344208,False,8.17,,1
UIKHYQLSZPHCKO-UHFFFAOYSA-N,CNC(CS(C)(=O)=O)c1ccc(-c2ccc3ncnc(Nc4ccc(OCc5cccc(F)c5)c(Cl)c4)c3c2)o1,CHEMBL3344210,False,7.46,,1
HEBKNWWRCIXZSC-UHFFFAOYSA-N,Cc1ncnc(Nc2ccc(OCc3cccc(F)c3)c(Cl)c2)c1C#Cc1ccc(CN2CCCC2)s1,CHEMBL1934628,False,7.52,,1
OTAJLAURFDNMKV-UHFFFAOYSA-N,Cc1ncnc(Nc2ccc(OCc3cccc(F)c3)c(Cl)c2)c1C=Cc1ccc(CNC2CC2)cc1,CHEMBL1934633,False,7.01,,1
NUBFTMKPGIRNJM-CQSZACIVSA-N,COc1cccc(-c2cc3c(N[C@H](C)c4ccccc4)ncnc3s2)c1OC,CHEMBL3759963,False,7.89,,1
IPSJVIXRVFIWCU-CYBMUJFWSA-N,COc1cc(F)ccc1-c1cc2c(N[C@H](C)c3ccccc3)ncnc2s1,CHEMBL3759780,False,8.22,,1
ZKSWWQOGYYSNIO-QGZVFWFLSA-N,COc1cc(C(=O)NCCN(C)C)cc(OC)c1-c1cc2c(N[C@H](C)c3ccccc3)ncnc2s1,CHEMBL3759317,False,9.4,,1
SMXAGMTVWRGJRI-UHFFFAOYSA-N,COc1ccc(OC)c(Cc2cc3c(Nc4cccc(Br)c4)nc(N)nc3[nH]2)c1,CHEMBL1095465,False,4.9,,1
SQVQPFVHUAQBBA-UHFFFAOYSA-N,COc1cc(N2CCN(C)CC2)ccc1Nc1ncc(Cl)c(Oc2cccc(NC(=O)CCN3CCCCC3)c2)n1,CHEMBL3237932,False,5.0,,1
NYDFTEKCLAIVPQ-UHFFFAOYSA-N,Cc1ccc(C(=O)Nc2ccc(CN3CCN(C)CC3)c(C(F)(F)F)c2)cc1NC(=O)c1cnc(NC2CC2)nc1,CHEMBL3234747,False,7.36,,1
ZYQXEVJIFYIBHZ-UHFFFAOYSA-N,CC(C)(O)CC(=O)NCCn1ccc2ncnc(Nc3ccc(Oc4cccc(C(F)(F)F)c4)c(Cl)c3)c21,CHEMBL1614725,False,8.4,0.6815668223537101,3
UFAUCOPNKSUVRE-UHFFFAOYSA-N,C=C=CC(=O)Nc1cc(Nc2nccc(-c3c[nH]c4ccccc34)n2)c(OC)cc1N(C)CCN(C)C,CHEMBL4279227,True,8.49,,1
NVVVBYLPMCOMTD-SFHVURJKSA-N,C=C=CC(=O)Nc1cc(Nc2nccc(-c3cn(C)c4ccccc34)n2)c(OC)cc1O[C@H]1CCOC1,CHEMBL4293145,True,7.54,,1
DQTMBHMDMLGXHU-UHFFFAOYSA-N,C=C=CC(=O)Nc1cc(Nc2nccc(-c3cn(C)c4ccccc34)n2)c(OC)cc1N(C)CCN1CCOCC1,CHEMBL4288246,True,7.38,,1
XTXGMBGTBCIWOD-UHFFFAOYSA-N,O=C1COc2cc3ncnc(Nc4cccc(Br)c4)c3cc2N1CCCN1CCOCC1,CHEMBL3774906,False,7.05,,1
AGULTCXGHPKMCC-OAHLLOKOSA-N,OC[C@@H](Nc1ncnc2oc(-c3ccccc3)c(Cl)c12)c1ccccc1,CHEMBL2347968,False,6.23,,1
GUGOEEXESWIERI-UHFFFAOYSA-N,CC(C)(C)c1ccc(C(O)CCCN2CCC(C(O)(c3ccccc3)c3ccccc3)CC2)cc1,CHEMBL17157,False,5.45,,1
CGWOMXNQGSNOHL-UHFFFAOYSA-N,Nc1ncnc2c1c(-c1ccccc1)nn2-c1ccccc1,CHEMBL122243,False,6.1,,1
UGXCBYVBIJACEK-UHFFFAOYSA-N,C=CC(=O)Nc1cccc(CNc2nc(Nc3ccc(N4CCN(C)CC4)cc3OC)ncc2Cl)c1,CHEMBL3601223,True,6.39,,1
MPAXOULLJGPMCD-UHFFFAOYSA-N,Nc1cc(Nc2cccc(Oc3cc(Nc4ccc(OCc5cccc(F)c5)c(Cl)c4)ncn3)c2)ncn1,CHEMBL1928952,False,7.21,,1
YEEZWCHGZNKEEK-UHFFFAOYSA-N,COc1cc(C(=O)NS(=O)(=O)c2ccccc2C)ccc1Cc1cn(C)c2ccc(NC(=O)OC3CCCC3)cc12,CHEMBL603,False,5.24,,1
HVKVREKLPAMYHA-IBGZPJMESA-N,COc1cc(Nc2nn3c(N[C@H](CO)Cc4ccccc4)cc(C4CC4)nc3c2C(N)=O)cc(OC)c1,CHEMBL260861,False,5.62,,1
YSXGNIUKUJNNPR-UHFFFAOYSA-N,NC1CCN(Cc2ccn3ncnc(Nc4cccc(Cl)c4)c23)CC1,CHEMBL1645473,False,8.05,,1
VVORMAVELBPTAS-UHFFFAOYSA-N,Cc1ccccc1Nc1ncnn2ccc(CN3CCC(N)CC3)c12,CHEMBL1645469,False,6.18,,1
AIEKFOIDSJRXNN-UHFFFAOYSA-N,COc1ccccc1C(=O)NCc1ccc(-c2nn(C3CCCOC3)c3ncnc(N)c23)cc1,CHEMBL6030089,False,5.26,0.0,2
HGALDAPNHYJZAJ-UHFFFAOYSA-N,CC(C)n1nc(-c2cnc3ccccc3c2)c2c(N)ncnc21,CHEMBL1242754,False,6.0,,1
BEXPELAOVIOQHQ-UHFFFAOYSA-N,Clc1cccc(Nc2ncnc3[nH]nc(NCc4ccccc4)c23)c1,CHEMBL121796,False,8.15,,1
AMXPAPGKEVANSU-UHFFFAOYSA-N,COc1cccc2ccnc(C(=O)NCc3ccc(-c4nn(C5CCCC5)c5ncnc(N)c45)cc3)c12,CHEMBL6007403,False,5.26,,1
IQQUFFPEUPNLMU-UHFFFAOYSA-N,C#Cc1cccc(Nc2ncnc3sc(C(=O)c4cc5ccccc5[nH]4)cc23)c1,CHEMBL1928293,False,7.73,,1
SWUARLUWKZWEBQ-UHFFFAOYSA-N,O=C(C=Cc1ccc(O)c(O)c1)OCCc1ccccc1,CHEMBL319244,False,6.0,,1
NGIZAGYFMFTMEX-UHFFFAOYSA-N,O=C(Nc1ccc(C2NCCc3c2[nH]c2ccccc32)cc1)c1cccc(C(F)(F)F)c1,CHEMBL5562124,False,4.13,,1
RJZRAQCJBYKZLL-UHFFFAOYSA-N,O=C(c1cc2ccccc2[nH]1)c1cc2c(Nc3ccc(F)c(Cl)c3)ncnc2s1,CHEMBL1928291,False,8.26,,1
WFWOGZGJIURUFA-GORDUTHDSA-N,O=C(/C=C/CN1CCSCC1)Nc1ccc2ncnc(Nc3cccc(Br)c3)c2c1,CHEMBL93537,True,6.69,,1
HXQMBTCDQFEKSL-UHFFFAOYSA-N,Oc1ccc(-c2cc3c(NCc4ccc(F)cc4)ncnc3[nH]2)cc1,CHEMBL1914662,False,7.58,,1
MIHHASRXEFINIJ-FNORWQNLSA-N,CN(C)C/C=C/C(=O)Nc1ccc2ncnc3c2c1CCN3c1ccc(OCc2ccccn2)c(Cl)c1,CHEMBL5570443,True,8.84,0.0,2
UVKIJHIAPURYHP-UHFFFAOYSA-N,C#CCn1cc(-c2ccnc(Nc3cc(NC(=O)C=C)c(N(C)CCN(C)C)cc3OC)n2)c2ccccc21,CHEMBL4790568,True,7.86,,1
OEVCNTKKXWSHFC-UHFFFAOYSA-N,C#CCCCCOc1cc2c(Nc3ccc(F)c(Cl)c3)ncnc2cc1OC,CHEMBL591039,False,7.06,,1
NUKACQQCRSOUHL-UHFFFAOYSA-N,C#CCCCOc1cc2c(Nc3ccc(F)c(Cl)c3)ncnc2cc1OC,CHEMBL592216,False,8.6,,1
YISSGLCFSAVMBW-UHFFFAOYSA-N,COc1cc(N(C)CCN(C)C)c(NC(=O)c2ccncn2)cc1Nc1nccc(-c2cn(C)c3ccccc23)n1,CHEMBL5201846,False,7.54,0.0,2
UVCZDNANYMDIHR-UHFFFAOYSA-N,O=C(c1ccccc1)c1cc2ncnc(Nc3ccc4[nH]ccc4c3)c2s1,CHEMBL81712,False,8.05,,1
MAXJTBAHZSUMAV-UHFFFAOYSA-N,C=CC(=O)Nc1cc2c(Nc3c(F)cc(Br)cc3F)ncnc2cc1OCC1CCN(C(C)=O)CC1,CHEMBL3671482,True,7.89,0.0,2
XCGXIKJHGROCJB-UHFFFAOYSA-N,C=CC(=O)Nc1cc2c(Nc3ccc(Br)cc3F)ncnc2cc1OCCNC,CHEMBL3671503,True,7.02,0.0,2
ODIVICGOEIOVIQ-UHFFFAOYSA-N,C=CC(=O)Nc1cc2c(Nc3ccc(Br)cc3F)ncnc2cc1OCCNC(=O)C(C)C,CHEMBL3671521,True,6.89,0.0,2
SPELKVATJBMWHZ-UHFFFAOYSA-N,C=CC(=O)Nc1cc2c(Nc3ccc(Br)cc3F)ncnc2cc1OCCNC(=O)N1CCN(C)CC1,CHEMBL3671566,True,7.89,0.0,2
KLGKOFYRMVUFIH-UHFFFAOYSA-N,C=CC(=O)Nc1cc2c(Nc3ccc(OCc4cccnc4)c(Cl)c3)ncnc2cc1OCCNC(C)=O,CHEMBL3676350,True,6.1,0.0,2
HCNASUOYSCKZNG-UHFFFAOYSA-N,C=CC(=O)Nc1cc2c(Nc3cc(Cl)c(Br)cc3F)ncnc2cc1OCCNC(C)=O,CHEMBL3676353,True,7.82,0.0,2
FHNHKAFWHQJIDM-GQCTYLIASA-N,CC(C)C(C)C/C=C/C(=O)N1CCc2c(sc3ncnc(Nc4cc(O)cc(Cl)c4)c23)C1,CHEMBL3655350,True,9.0,0.0,2
OHXVMYFKIJOOLR-UHFFFAOYSA-N,C=CC(=O)Nc1cc2c(Nc3ccc(Br)c(Cl)c3F)ncnc2cc1OCCNCC(C)=O,CHEMBL3676362,True,7.85,0.0,2
NWVUSUJOHOVKNG-UHFFFAOYSA-N,Cc1cc2cc(Nc3ccnc4cc(-c5ccc(CN6CCOCC6)cc5)sc34)ccc2[nH]1,CHEMBL311111,False,5.9,,1
HCAUEIOBSYOQPN-UHFFFAOYSA-N,COc1cc2c(Nc3cc(O)c(Cl)cc3F)ncnc2cc1OCC1CCN(C)CC1,CHEMBL2448066,False,7.0,,1
WHCQIGNZIYEVMT-UHFFFAOYSA-N,Nc1nc2c(c(Nc3ccc(Cl)cc3F)n1)-c1ccccc1C2,CHEMBL2047253,False,4.93,,1
TWUSYQHQSFRUMW-UHFFFAOYSA-N,COc1cccc(-c2cn(C3CC(CNCCO)C3)c3ncnc(N)c23)c1,CHEMBL168550,False,6.31,,1
NASQXHHMCASBFI-QPJJXVBHSA-N,CCOc1cc2ncc(C#N)c(Nc3cccc(Br)c3)c2cc1NC(=O)/C=C/CN1CCOCC1,CHEMBL116012,True,4.99,0.0,2
MZNUNTIEUOYNNT-PZFYLCKJSA-N,CO[C@H]1[C@@H](N(C)C(=O)c2ccccc2Cl)C[C@@H]2O[C@@]1(C)n1c3ccccc3c3c4c(c5c6ccccc6n2c5c31)C(=O)NC4,CHEMBL131590,False,5.33,,1
ZBOCBASKJOBZTN-UHFFFAOYSA-N,C=CC(=O)Nc1cc2c(Nc3ccc(Br)c(Cl)c3F)ncnc2cc1OCCNC(=O)CN(CC)CC,CHEMBL3676371,True,7.24,0.0,2
WDXFBHIKHUGEOU-UHFFFAOYSA-N,N#CC(=Cc1ccc(O)c(O)c1)C(=O)NCCCCCCNC(=O)C(C#N)=Cc1ccc(O)c(O)c1,CHEMBL144760,True,5.5600000000000005,0.8485281374238568,2
DBHPUQBVYOYNRL-UHFFFAOYSA-N,O=C(Nc1ccccc1F)c1ccc(N(CCCl)CCCl)cc1,CHEMBL589825,False,4.94,,1
CQQNFOOXUBFINM-UHFFFAOYSA-N,O=C(Nc1ccccc1Br)c1ccc(N(CCCl)CCCl)cc1,CHEMBL604672,False,5.11,,1
QFWVLMXFGQNABU-UHFFFAOYSA-N,CCCN(CCC)C(=O)c1ccc(N(CCCl)CCCl)cc1,CHEMBL602645,False,4.53,,1
APHSPKWGAGCFBE-UHFFFAOYSA-N,CCON=Cc1c(N)ncnc1Nc1ccc2c(cnn2Cc2cccc(F)c2)c1,CHEMBL402294,False,8.3,,1
LIQFDQDQUXXTBU-UHFFFAOYSA-N,CON=Cc1c(N)ncnc1Nc1ccc(F)c(Cl)c1,CHEMBL255490,False,7.16,,1
SLEWGGZPOQNVSU-UHFFFAOYSA-N,COc1cc2c(Oc3ccc(NS(=O)(=O)c4cc(F)ccc4F)cc3F)ccnc2cc1OCCCN1CCN(C)CC1,CHEMBL4443828,False,6.83,,1
ORZGZOQPWHJRAI-TZIWHRDSSA-N,CCOC(=O)N[C@H]1CN[C@H](C#Cc2cc3ncnc(Nc4ccc(OCc5cccc(F)c5)c(Cl)c4)c3s2)C1,CHEMBL525805,False,7.22,,1
KHVVJKLNKLQLJZ-UHFFFAOYSA-N,CN1C(=O)C(N2CCc3c(nn(Cc4ccccc4)c3Br)C2=O)COc2ccccc21,CHEMBL4549667,False,6.0,,1
YGFCGWOZJQMOOG-UHFFFAOYSA-N,C=CC(=O)Nc1ccc2c(Nc3cccc(Br)c3)ncnc2c1,CHEMBL443523,True,9.35,0.12499999999999985,4
AJXRZKIHWZAXJZ-QHCPKHFHSA-N,C=CC(=O)N1CCCC[C@H]1c1nc(-c2ccc(C(=O)Nc3cc(-c4ccccc4)ccn3)cc2)c(C(N)=O)n1N,CHEMBL4863836,True,7.1,,1
KDYQGXDLDYYRDX-DEOSSOPVSA-N,CC#CC(=O)N1CCCC[C@H]1c1nc(-c2ccc(C(=O)Nc3cc(-c4ccccc4)ccn3)cc2)c(C(N)=O)n1N,CHEMBL4849268,False,4.78,,1
WZDZUXUFHGWMFV-UHFFFAOYSA-N,COc1cc2c(Nc3ccc(Cl)c(Cl)c3F)ncnc2cc1OCCOCCNC(=O)Cn1cnc([N+](=O)[O-])n1,CHEMBL4471491,False,9.16,,1
AQJXNDMSICSIID-UHFFFAOYSA-N,COc1cc2c(Nc3cccc(F)c3)ncnc2cc1OCCOCCNC(=O)Cn1cnc([N+](=O)[O-])n1,CHEMBL4560187,False,8.51,,1
NFRPHQQIEMLXRO-UHFFFAOYSA-N,Brc1cccc(Nc2ncnc3cc4c(cc23)OCCO4)c1,CHEMBL1198370,False,7.84,0.0424264068711932,2
SNBZJZUPCUEFMH-UHFFFAOYSA-N,C=CC(=O)Nc1cc2c(Nc3ccc(Br)cc3F)ncnc2cc1OCc1ccncc1,CHEMBL3671480,True,7.25,0.0,2
JEXCBQDTESMXHL-RMKNXTFCSA-N,CCOc1cc2ncnc(Nc3ccc(NS(=O)(=O)c4ccccc4)cc3)c2cc1NC(=O)/C=C/CN1CCOCC1,CHEMBL3957416,True,7.505,0.48790367901871745,2
PQMINPFSUDRKEW-JXMROGBWSA-N,CCOc1cc2ncnc(Nc3ccc(NS(=O)(=O)c4ccccc4)cc3)c2cc1NC(=O)/C=C/CN1CCN(C)CC1,CHEMBL3936505,True,6.75,0.4808326112068521,2
JLWZRGNJHZVVKD-FNORWQNLSA-N,O=C(/C=C/CN1CCCC1)Nc1cc2c(Nc3ccc(Cc4ccccn4)cc3)ncnc2cn1,CHEMBL3967962,True,7.195,1.138441917710342,2
MFFPMIGCSMORHY-QPJJXVBHSA-N,CN(C)C/C=C/C(=O)Nc1cc2c(Nc3cccc(Br)c3)c(C#N)cnc2cn1,CHEMBL31276,True,8.395,0.45961940777125676,2
GZVQZLVAKXRTHU-UHFFFAOYSA-N,CCN1CCN(CCCOc2cc3nccc(Oc4c(F)cc(NC(=O)NN5C(=O)CSC5c5c(F)cccc5F)cc4F)c3cc2OC)CC1,CHEMBL4587222,False,6.28,,1
AXWQPHKBZRUJSS-LBPRGKRZSA-N,C=CC(=O)Nc1cc2c(Nc3ccc(Br)cc3F)ncnc2cc1OC[C@H](C)NC(C)=O,CHEMBL3671553,True,7.01,0.0,2
NGEFZXVCNJQCQK-UHFFFAOYSA-N,Cc1[nH]nc2c1C(c1ccccc1Br)c1c(ncn(N)c1=N)O2,CHEMBL5196209,False,7.22,,1
YIHRVXWECSKNMT-UHFFFAOYSA-N,CS(=O)(=O)c1cccc(C(=O)Nc2cc3c(Nc4ccc(F)c(Cl)c4)ncnc3cc2OCCCN2CCOCC2)c1F,CHEMBL4776057,False,7.62,,1
OIBIOFXJAJUALW-OAQYLSRUSA-N,CCC(=O)N1CCC(c2ccc(Nc3nc(N4CCC[C@@H](NC(=O)N(C)C)C4)cnc3C(N)=O)cc2)CC1,CHEMBL5939638,False,5.26,,1
NFJFOCDCCGFTGX-CXUHLZMHSA-N,O=[N+]([O-])c1ccc(/C=N/Nc2nnc(-c3ccncc3)o2)cc1,CHEMBL4561572,False,6.38,,1
FOGQCAPRSXEPCR-UHFFFAOYSA-N,C=C=CC(=O)Nc1cc(Nc2nccc(-c3cn(C)c4cc(Cl)ccc34)n2)c(OC)cc1N(C)CCN(C)C,CHEMBL4289490,True,7.51,,1
BMHBJSCOTFPWCC-UHFFFAOYSA-N,O=C(CSc1nc2ccccc2c(=O)n1Cc1ccc2c(c1)OCO2)Nc1ccc(Br)cc1Br,CHEMBL4851555,False,5.99,,1
ONNAZAHCACRHEO-UHFFFAOYSA-N,c1ccc(Nc2ncnc3[nH]c4c(c23)CCCC4)cc1,CHEMBL433305,False,6.51,,1
UGQFOLZMNOEWLQ-UHFFFAOYSA-N,COc1ccc(C2=NN(c3ccccc3)C(c3cccc4ccccc34)C2)cc1,CHEMBL2325092,False,7.0,,1
YYRLRYVLVLGRLU-UHFFFAOYSA-N,COc1ccc(C2=NN(C(N)=S)C(c3ccc4ccccc4c3)C2)cc1,CHEMBL2324872,False,5.98,,1
BEVIHKFPMPLVPH-UHFFFAOYSA-N,Cc1ncnc(Nc2ccc(OCc3cccc(F)c3)c(Cl)c2)c1C#Cc1ccccc1,CHEMBL1934621,False,6.19,,1
RRBYOZUVIOQSSM-UHFFFAOYSA-N,CN(C)Cc1ccc(-c2cc3ncnc(Nc4ccc(OCc5cccc(F)c5)c(Cl)c4)c3s2)o1,CHEMBL475594,False,8.7,,1
GYCAMAWPCOYTTF-UHFFFAOYSA-N,OCc1ccc(-c2cc3ncnc(Nc4ccc(OCc5cccc(F)c5)c(Cl)c4)c3s2)o1,CHEMBL473428,False,8.52,,1
FMSVVUDMNOXYTG-UHFFFAOYSA-N,Fc1cccc(COc2ccc(Nc3ncnc4cc(-c5cccs5)sc34)cc2Cl)c1,CHEMBL473427,False,8.1,,1
KAJJGLKWPUKTKG-UHFFFAOYSA-N,Fc1cccc(COc2ccc(Nc3ncnc4sc(-c5ccc(CNCc6ccccc6)o5)cc34)cc2Cl)c1,CHEMBL519757,False,7.27,,1
OHVZOXZMVPDEDV-UHFFFAOYSA-N,Fc1cccc(COc2ccc(Nc3ncnc4sc(-c5ccc[nH]5)cc34)cc2Cl)c1,CHEMBL475600,False,6.94,,1
ZUDQNEUWKCAHQC-UHFFFAOYSA-N,CN(C)Cc1ccc(-c2cc3c(Nc4ccc(OCc5cccc(F)c5)c(Cl)c4)ncnc3s2)[nH]1,CHEMBL475767,False,7.17,,1
OORGVIGRGYYYEO-UHFFFAOYSA-N,CCNCc1ccc(-c2cc3c(Nc4ccc(OCc5cccc(F)c5)c(Cl)c4)ncnc3s2)[nH]1,CHEMBL480348,False,6.92,,1
MZAWKOMVQFIOTR-UHFFFAOYSA-N,Fc1c(Br)cc(Cl)cc1Nc1ncnc2cc3c(cc12)OCCO3,CHEMBL4793944,False,5.885,0.3181980515339462,2
USRZMUAJPCYUBP-UHFFFAOYSA-N,C=COC(=O)N(C)N=Nc1ccc2ncnc(Nc3cccc(Cl)c3)c2c1,CHEMBL572031,False,6.14,,1
IXOOKZDXBGVSQT-UHFFFAOYSA-N,CN(N=Nc1ccc2ncnc(Nc3cccc(Cl)c3)c2c1)C(=O)OCCCl,CHEMBL570918,False,6.3,,1
VELJECLRZJJJQW-UHFFFAOYSA-N,CN(N=Nc1ccc2ncnc(Nc3cccc(Cl)c3)c2c1)C(=O)Oc1ccc([N+](=O)[O-])cc1,CHEMBL570709,False,6.11,,1
XXBDUYQPZRPNMB-UHFFFAOYSA-N,COc1cc2ncnc(Nc3ccc(F)c(Cl)c3)c2cc1OCCn1ccnc1,CHEMBL294034,False,7.22,,1
ISCACOSJZYPVNU-UHFFFAOYSA-N,C#Cc1cc(Nc2ncnc3cc(OC)c(OCCCCCCC(O)=NO)cc23)ccc1F,CHEMBL598798,False,7.54,0.0,2
SEHAPCZLZSSPLF-UHFFFAOYSA-N,CC(C)(O)C(=O)NCCn1ccc2ncnc(Nc3ccc(Oc4cccc5sncc45)c(Cl)c3)c21,CHEMBL2048907,False,8.15,,1
OSBNTMYQLUCHOK-UHFFFAOYSA-N,OCCn1ccc2ncnc(Nc3ccc(Oc4cccc5sncc45)c(Cl)c3)c21,CHEMBL2048905,False,8.39,,1
VPPDBLLRRNCUSU-QGZVFWFLSA-N,COc1cc2ncnc(N[C@H](C)c3ccccc3)c2cc1OCCCCCCC(O)=NO,CHEMBL605976,False,7.89,,1
RSOLNUPXBUNNJM-UHFFFAOYSA-N,CC(=O)OCOC(=O)N(C)N=Nc1ccc2ncnc(Nc3cccc(Cl)c3)c2c1,CHEMBL572028,False,6.2,,1
HXPIUSTVFUHOKN-ODLFYWEKSA-N,Cn1c(-c2csc(N/N=C\c3ccccc3)n2)nc2ccccc21,CHEMBL4749342,False,5.91,,1
OIMPDQTXURIJRK-UHFFFAOYSA-N,Cc1ccc(C=NNc2nc(-c3nc4ccccc4n3C)cs2)cc1,CHEMBL4783948,False,6.82,,1
KQPDTOYDAUEUTI-UHFFFAOYSA-N,Cc1ccc(C=NNc2nc(-c3nc4ccccc4n3C)cs2)o1,CHEMBL4746023,False,6.67,,1
BRWHGGBMKXPHFW-NVMNQCDNSA-N,Cn1c(-c2csc(N/N=C\C3CCCN3)n2)nc2ccccc21,CHEMBL4749518,False,6.47,,1
AAHKGRWRYBCWDL-UHFFFAOYSA-N,CCOc1ccc(-c2nn(C3CCCC3)c3ncnc(N)c23)cc1OC,CHEMBL1240554,False,5.85,,1
CIRFQCDQKJVIFC-UHFFFAOYSA-N,CCOc1cc(-c2nn(C(C)C)c3ncnc(N)c23)ccc1OC,CHEMBL1242752,False,4.27,,1
VZTGBLZWTYWXAI-UHFFFAOYSA-N,CCOc1cc2ncnc(Nc3ccc(F)c(Cl)c3)c2cc1NC(=O)CCN(C)C,CHEMBL2031303,False,9.57,,1
ATIKKYRDCUPFAU-UHFFFAOYSA-N,C=CC(=O)Nc1cc2c(Nc3ccc(F)c(Cl)c3)c(C#N)cnc2cc1OCC,CHEMBL2031306,True,8.84,,1
KNUFYYKLIKWKII-UHFFFAOYSA-N,CCOc1cc2ncc(C#N)c(Nc3ccc(OCc4ccccn4)c(Cl)c3)c2cc1NC(=O)CCN1CCCCC1,CHEMBL2031312,False,7.61,,1
XOVKSCAELXYJEF-UHFFFAOYSA-N,Brc1cccc(Nc2ncnc3cc4c(cc23)OCCOCCOCCO4)c1,CHEMBL2087355,False,8.3,,1
JOFVJRWULICIKS-UHFFFAOYSA-N,Clc1cccc(Nc2ncnc3cc4c(cc23)OCCOCCOCCO4)c1,CHEMBL2087358,False,8.7,,1
CVUZHHCFPFIVKB-UHFFFAOYSA-N,C=CC(=O)Nc1cc2c(Nc3ccc(Br)cc3F)ncnc2cc1OCCNC(=O)C=NOC,CHEMBL5750518,True,6.59,0.0,2
UDBLADDGFQBCCT-UHFFFAOYSA-N,C=CC(=O)Nc1cc2c(Nc3ccc(Br)c(Cl)c3F)ncnc2cc1OCCNC(=O)CCCN(C)C,CHEMBL3676368,True,7.55,0.0,2
HUFVZUNTJJLXLG-UHFFFAOYSA-N,C=CC(=O)Nc1cc2c(Nc3ccc(Br)c(Cl)c3F)ncnc2cc1OCCNC(=O)CCOC,CHEMBL3676370,True,7.68,0.0,2
KOVLLCNIJRZXSU-UHFFFAOYSA-N,C=CC(=O)Nc1cc2c(Nc3ccc(Br)c(Cl)c3F)ncnc2cc1OCCNC(=O)NCC,CHEMBL3676384,True,8.1,0.0,2
LMIOJXRJYWSRBJ-UHFFFAOYSA-N,O=S(=O)(Nc1ccccn1)c1ccc(NC(=S)Nc2ccc3c(c2)OCO3)cc1,CHEMBL4778717,False,5.72,,1
HUQAFLHLFALZQW-UHFFFAOYSA-N,CC1=NC(NCc2ccccc2)=NC(c2ccc(O)cc2O)C1C(=O)Nc1ccc(C)cc1,CHEMBL1088348,True,4.63,,1
GTDDUMDJAUSXRI-UHFFFAOYSA-N,C=CC(=O)Nc1cc2c(Nc3ccc(Br)cc3F)ncnc2cc1OCC(CC)NC(C)=O,CHEMBL3671556,True,7.16,0.0,2
CFOUMODXZDZQSQ-UHFFFAOYSA-N,C=CC(=O)Nc1cc2c(Nc3ccc(F)c(Cl)c3)ncnc2cc1OCCNC(C)=O,CHEMBL3671580,True,7.92,0.0,2
ZMTLVNLUQRLETC-UHFFFAOYSA-N,C=CC(=O)Nc1cc2c(Nc3cc(Cl)c(Cl)cc3F)ncnc2cc1OCCN(C)C,CHEMBL3676356,True,6.49,0.0,2
SADXACCFNXBCFY-IYNHSRRRSA-N,CCOc1cc2ncc(C#N)c(Nc3ccc(OCc4ccccn4)c(Cl)c3)c2cc1NC(=O)/C=C/[C@H]1CCCN1C,CHEMBL3647420,True,7.89,0.628539501353658,7
JLZPLOMYCANQFI-DBWMJRBXSA-N,COCCOc1cc2ncnc(Nc3ccc(F)c(Cl)c3)c2cc1NC(=O)/C=C/[C@H]1CCCN1C,CHEMBL3647422,True,8.7,0.0,3
RHASFWBDNBRFDE-UHFFFAOYSA-N,C=CC(=O)N(c1cc(F)c(F)cc1F)c1ncnc2cc(OC)c(OCCCN3CCOCC3)cc12,CHEMBL4439066,True,6.3,,1
XLTLLHQSAQPIHG-UHFFFAOYSA-N,CC1=NC(Nc2ccc([N+](=O)[O-])cc2Cl)=NC(c2ccc(O)cc2O)C1C(=O)Nc1ccc(C)cc1,CHEMBL1084117,True,4.21,,1
ZYCOWJKOPHQSOT-UHFFFAOYSA-N,CC1=NC(Nc2ccc(S(=O)(=O)Nc3nc(C)cc(C)n3)cc2)=NC(c2ccc(O)cc2O)C1C(=O)Nc1cccc([N+](=O)[O-])c1,CHEMBL1077069,True,4.1,,1
OBDZFXLPCBGQSA-LSNLESRRSA-N,COc1ccccc1Cc1nc2cc(-c3nn([C@H]4CC[C@H](C5CCN(C)CC5)CC4)c4ncnc(N)c34)ccc2[nH]1,CHEMBL2374458,False,7.24,,1
AQXIMVWUURMKKC-UHFFFAOYSA-N,COc1cc(C2=C(c3c[nH]c4ccc(Br)cc34)C(=O)NC2=O)cc(OC)c1OC,CHEMBL605957,True,5.24,,1
KERGPNUFPFTXOL-UHFFFAOYSA-N,Cc1ncnc(Nc2ccc(OCc3cccc(F)c3)c(Cl)c2)c1C#Cc1ncc(CN2CCCC2)s1,CHEMBL1934629,False,7.13,,1
AURYYBJWNGTKQC-UHFFFAOYSA-N,CC(=O)Oc1cccc2c1c(C(=O)Nc1ccccc1)c(SSc1c(C(=O)Nc3ccccc3)c3c(OC(C)=O)cccc3n1C)n2C,CHEMBL59812,False,4.7,,1
SHLMQOCQLLXCPJ-UHFFFAOYSA-N,CCc1cc(Nc2ncc(Br)c(Nc3ccc4c(c3P(C)(C)=O)OCCO4)n2)c(OC)cc1N1CCC(N2CC(CC#N)C2)CC1,CHEMBL5203385,False,6.38,,1
XDFXVPOVSDJRPC-INIZCTEOSA-N,COc1cc2ncnc(N[C@@H](C)c3ccc(Cl)cc3)c2cc1OCCCCCCC(O)=NO,CHEMBL598407,False,6.21,,1
PLIVFNIUGLLCEK-UHFFFAOYSA-N,C#Cc1cccc(Nc2ncnc3cc(OC)c(OCCCCCCC(O)=NO)cc23)c1,CHEMBL598797,False,8.62,0.3551760127035606,6
CYXVEZJWVJIFPJ-UHFFFAOYSA-N,COc1cc2ncnc(Nc3ccc(-c4nc5ccccc5s4)c(O)c3)c2cc1OCCCN1CCN(C)CC1,CHEMBL604485,False,5.48,,1
DXQXEQLCDPJFHI-UHFFFAOYSA-N,COc1cc2ncnc(Nc3ccc(-c4nc5ccccc5s4)cc3C)c2cc1OCCCN1CCN(C)CC1,CHEMBL595374,False,5.85,,1
MTTNYIXYAZMASA-UHFFFAOYSA-N,CC(=O)NC(Cc1c(SSc2[nH]c3ccccc3c2CC(NC(C)=O)C(=O)NCc2ccccc2)[nH]c2ccccc12)C(=O)NCc1ccccc1,CHEMBL346716,False,4.29,,1
JODAQGCFLXRTNK-UHFFFAOYSA-N,S=C(NCc1ccccc1)Nc1ccc2ncnc(Nc3cccc(Cl)c3)c2c1,CHEMBL4091921,False,7.94,,1
SDVVARQBHMKKJU-UHFFFAOYSA-N,Fc1c(NC(=S)Nc2ccc3ncnc(Nc4cccc(Br)c4)c3c2)cccc1C(F)(F)F,CHEMBL4093114,False,6.95,,1
KSRUPTRACAQHLQ-UHFFFAOYSA-N,O=C(NCc1ccccc1)Nc1ccc2ncnc(Nc3cccc(Br)c3)c2c1,CHEMBL4103464,False,8.05,,1
ZYURXOKTHGKGRC-UHFFFAOYSA-N,S=C(Nc1cncc(Cl)c1)Nc1ccc2ncnc(Nc3cccc(Cl)c3)c2c1,CHEMBL4092966,False,7.26,,1
TXHBWQABUBILJP-UHFFFAOYSA-N,Cc1nnc(NC(=S)Nc2ccc3ncnc(Nc4cccc(Cl)c4)c3c2)s1,CHEMBL4065503,False,6.92,,1
XRVXJKUSXFOYNQ-UHFFFAOYSA-N,FC(F)(F)c1nnc(NC(=S)Nc2ccc3ncnc(Nc4cccc(Cl)c4)c3c2)s1,CHEMBL4077608,False,6.89,,1
OVPLBDSXFCRGJY-UHFFFAOYSA-N,Nc1ncnc2c1c(-c1ccccc1)cn2C1CCC1,CHEMBL166766,False,6.14,,1
WNCWRTNLJJFNED-UHFFFAOYSA-N,C=c1cc(C(=O)NCCN2CCOCC2)[nH]c1=Cc1c(O)n(C)c2ncnc(Nc3ccc(F)c(Cl)c3)c12,CHEMBL443268,True,5.28,,1
PVHGBBWMVITZHW-UHFFFAOYSA-N,C=c1cc(C)[nH]c1=Cc1c(O)[nH]c2ncnc(Nc3ccc(F)c(Cl)c3)c12,CHEMBL68920,True,7.39,,1
FHDPQTHZTKXVCW-UHFFFAOYSA-N,COc1cc(Nc2nccc(Nc3cnc4ccccc4c3)n2)cc(OC)c1OC,CHEMBL1760035,False,6.07,,1
GGHZBUPPNLNXED-UHFFFAOYSA-N,O=C(C#CCN1CCOCC1)Nc1ccc2ncnc(Nc3cccc(Br)c3)c2c1,CHEMBL93386,False,7.7,,1
KWXVHHBODBTMPB-UHFFFAOYSA-N,Cn1cccc1-c1nc2cc(NC(=O)CCl)ccc2[nH]1,CHEMBL1812491,False,4.92,,1
SNKBFOKVNBZMBE-VMPITWQZSA-N,COc1cc2ncc(C#N)c(Nc3cccc(Br)c3)c2cc1NC(=O)/C=C/CN(C)C,CHEMBL263788,True,6.1,0.0,2
SRCAIQMBBDVLGX-UHFFFAOYSA-N,c1cc(Nc2ncnc3[nH]cnc23)cc(-c2nc3ccccc3s2)c1,CHEMBL443906,False,5.77,,1
MVCOAUNKQVWQHZ-UHFFFAOYSA-N,Cc1ccc(-n2nc(C(C)(C)C)cc2NC(=O)Nc2ccc(OCCN3CCOCC3)c3ccccc23)cc1,CHEMBL103667,False,5.42,,1
MKMYAVUUMSCFQQ-WKILWMFISA-N,CC(=O)NC[C@H]1CC[C@H](c2nc(-c3cc4ccccc4[nH]3)c3c(N)nccn32)CC1,CHEMBL1762110,False,5.45,,1
ZNUODSNRAGKDRE-UHFFFAOYSA-N,Cc1ccc2cc(-c3nn(C(C)C)c4ncnc(N)c34)ccc2n1,CHEMBL1241682,False,4.0,,1
OLYMWYHESNHWOK-UHFFFAOYSA-N,CC(C)n1nc(-c2cnc3nccnc3c2)c2c(N)ncnc21,CHEMBL1241775,False,4.16,,1
DSVSJEPFPNNSGX-UHFFFAOYSA-N,Nc1ncnc2c1c(-c1ccc3[nH]c(=O)ccc3c1)nn2C1CCCC1,CHEMBL1241864,False,5.85,,1
NXZQKEJXOSVRFZ-UHFFFAOYSA-N,C=CC(=O)Nc1cccc(-n2c(=O)cnc3cnc(Nc4ccc(N5CCOCC5)cc4)nc32)c1,CHEMBL2437460,True,8.16,,1
CHFSRPYBDAIBQR-UHFFFAOYSA-N,C=CC(=O)Nc1ccc(-n2c(=O)cnc3cnc(Nc4ccc(N5CCOCC5)cc4)nc32)cc1,CHEMBL2437459,True,5.25,,1
FZEFYHUOKWGELA-UHFFFAOYSA-N,COc1ccc(-n2c(=O)cnc3cnc(Nc4cccc(N)c4)nc32)cc1,CHEMBL2437474,False,4.74,,1
WIMSPGRFJUGMEL-UHFFFAOYSA-N,COc1ccc(C2CC(c3ccc(Cl)c(Cl)c3)=NN2C(C)=O)cc1,CHEMBL1173680,False,4.76,,1
PBNPPJKFHDZIRY-UHFFFAOYSA-N,CC(=O)N1N=C(c2ccc(C)c(C)c2)CC1c1ccc(Cl)cc1,CHEMBL1173022,False,4.71,,1
OQAOOCZLZOAGHU-UHFFFAOYSA-N,CC(=O)N1N=C(c2ccc(C)c(C)c2)CC1c1ccccc1Cl,CHEMBL1171638,False,4.67,,1
YRXBBYUECWYNNN-UHFFFAOYSA-N,NCc1ccc(-c2cc3ncnc(Nc4ccc5[nH]ccc5c4)c3s2)cc1,CHEMBL78018,False,8.4,,1
DHEZMKZYJNFVFC-UHFFFAOYSA-N,COc1ccc(C2CC(c3ccc(C)c(C)c3)=NN2C(N)=S)cc1,CHEMBL1173814,False,7.16,,1
YHZHJQIHWHUKCP-UHFFFAOYSA-N,Cc1ccc(C2=NN(C(N)=S)C(c3ccc(Cl)cc3)C2)cc1C,CHEMBL1173456,False,5.87,,1
PDGYHHNDLCODKQ-UHFFFAOYSA-N,CC(=O)N1N=C(c2ccc(Cl)c(Cl)c2)CC1c1ccc(F)cc1,CHEMBL1173249,False,4.74,,1
BSVIZWSWNYCASX-UHFFFAOYSA-N,COc1ccc(C2CC(c3ccc(C)c(C)c3)=NN2C(C)=O)cc1,CHEMBL1173397,False,4.82,,1
CBTHRMSBBQSAPG-UHFFFAOYSA-N,O=S(=O)(Nc1nccs1)c1ccc(Nc2nncc3ccccc23)cc1,CHEMBL3970399,False,7.06,,1
WFLJBHIMLGVBCP-UHFFFAOYSA-N,Clc1ccc(C=CC(=NNc2nncc3ccccc23)c2ccccc2)cc1,CHEMBL3900264,False,8.34,,1
OUKYUETWWIPKQR-UHFFFAOYSA-N,CN1CCN(CCOc2cc(OC3CCOCC3)c3c(Nc4c(Cl)ccc5c4OCO5)ncnc3c2)CC1,CHEMBL217092,False,5.59,0.005773502691896071,3
FZGMFMLMNGWHRX-UHFFFAOYSA-N,C=C(CN1CCOCC1)C(=O)Nc1ccc2ncc(C#N)c(Nc3ccc(F)c(Cl)c3)c2c1,CHEMBL114392,True,5.57,0.0,3
DPDKUWBKXGAVEC-UHFFFAOYSA-N,COc1cc2ncnc(Oc3ccc(Br)c(F)c3)c2cc1OC,CHEMBL1278149,False,5.23,,1
QBPMDFDPUIVKQA-UHFFFAOYSA-N,CC(C)n1nc(-c2ccc3c(N)[nH]nc3c2)c2c(N)ncnc21,CHEMBL1242476,False,6.68,,1
PSYXHVWBVRRNHD-UHFFFAOYSA-N,Nc1ncnc2c1c(-c1ccc3c[nH]nc3c1)nn2C1CCCC1,CHEMBL1242572,False,6.12,,1
ASEKFENKLHTYMI-UHFFFAOYSA-N,COc1cccc(CNc2[nH]nc3ncnc(Nc4cccc(Cl)c4)c23)c1,CHEMBL123189,False,8.1,,1
LJNUYDJKKBIGJB-UHFFFAOYSA-N,COCC(C(N)=O)N(C)Cc1cc2c(Nc3cccc(Cl)c3F)ncnc2cc1OC,CHEMBL379905,False,7.52,,1
HUJDKQUEMHEAKI-UHFFFAOYSA-N,COCCN(Cc1cc2c(Nc3cccc(Cl)c3F)ncnc2cc1OC)C(C)C(N)=O,CHEMBL382823,False,8.0,,1
QWNVYGCSKJLQIT-UHFFFAOYSA-N,CNC(=O)C(C)N(C)Cc1cc2c(Nc3cccc(Cl)c3F)ncnc2cc1OC,CHEMBL211003,False,7.52,,1
JVUGREYZAIHOCI-UHFFFAOYSA-N,Brc1cccc(Nc2[nH]cnc3cc4ncc(CN5CCOCC5)c4cc23)c1,CHEMBL36967,False,8.02,,1
OHXRQVMKFRLRKO-UHFFFAOYSA-N,COC(=O)CN(C)Cc1c[nH]c2cc3ncnc(Nc4cccc(Br)c4)c3cc12,CHEMBL39715,False,8.245000000000001,0.3181980515339465,2
DBSQOKFNDAENBI-UHFFFAOYSA-N,CN(CC(=O)O)Cc1c[nH]c2cc3ncnc(Nc4cccc(Br)c4)c3cc12,CHEMBL289213,False,7.6850000000000005,2.0576807332528535,2
CCECSDRSBLPTHW-UHFFFAOYSA-N,COc1cc2ncc(C#N)c(Nc3cccc(C#N)c3)c2cc1OC,CHEMBL111033,False,4.85,,1
SFJYOSIAYPFZDP-UHFFFAOYSA-N,COc1cc2ncc(C#N)c(Nc3cccc(C(N)=O)c3)c2cc1OC,CHEMBL323970,False,5.11,,1
SMPOMXVCIHTEMB-UHFFFAOYSA-N,COc1cc2ncc(C(N)=O)c(Nc3cccc(Br)c3)c2cc1OC,CHEMBL114446,False,4.82,,1
ZKIVCEBHTQSSGM-UHFFFAOYSA-N,COc1cc2ncnc(Nc3cccc(Cl)c3F)c2cc1CN(C)CC(N)=O,CHEMBL379601,False,7.7,,1
LXTAEWNPSMNHDX-UHFFFAOYSA-N,COc1cc2ncnc(Nc3cccc(Cl)c3F)c2cc1CN1CCCCC1C(N)=O,CHEMBL206783,False,8.1,,1
JKYJOELEQGFEIS-UHFFFAOYSA-N,C=CC(=O)Nc1cccc(N2C(=O)N(C)Cc3cnc(Nc4ccc(N(C)C)cc4OC)nc32)c1,CHEMBL2032377,True,8.3,,1
JRIQEYXFGMOIRI-UHFFFAOYSA-N,C=CC(=O)Nc1cccc(N2C(=O)N(C)Cc3cnc(Nc4ccccc4)nc32)c1,CHEMBL2029426,True,8.16,,1
ZZGGOXMEIWLVTJ-UHFFFAOYSA-N,C=CC(=O)Nc1cccc(N2C(=O)N(C)Cc3cnc(Nc4ccc(N5CCN(C)CC5)cc4C)nc32)c1,CHEMBL2029432,True,8.71,,1
UZEGAZAMRUZHGX-UHFFFAOYSA-N,OCCn1ccc2ncnc(Nc3ccc(Oc4ccc5cc(O)[nH]c5c4)c(Cl)c3)c21,CHEMBL2048792,False,5.64,,1
IHENPELYHGNHBT-UHFFFAOYSA-N,CON=Cc1c(N)ncnc1Nc1ccc2c(c1)CCN2Cc1cccc(F)c1,CHEMBL257814,False,7.24,,1
DAMRZPASBIZHRF-UHFFFAOYSA-N,CON=Cc1c(N)ncnc1Nc1ccc2c(cnn2Cc2cccc(OC)c2)c1,CHEMBL403357,False,6.57,,1
JPNWTWIZJFXVAS-UHFFFAOYSA-N,CON=Cc1c(N)ncnc1Nc1ccc2c(cnn2Cc2cccc(C#N)c2)c1,CHEMBL255865,False,7.7,,1
IWBVCRRXSCJLQC-UHFFFAOYSA-N,CNc1ccc2ncnc(Nc3cccc(C)c3)c2c1,CHEMBL208594,False,7.96,,1
NEILEDNOTIXAIO-UHFFFAOYSA-N,COc1cc(C=C(C#N)C#N)cc(CSc2ccccc2)c1O,CHEMBL122522,False,5.17,0.0,2
NJPHTBIXEKQNKZ-UHFFFAOYSA-N,N#CC(=Cc1ccc(O)c(O)c1)C(=O)Nc1ccccc1Cl,CHEMBL56219,True,5.68,0.1616580753730953,3
DDAMGXWOIIQREF-UHFFFAOYSA-N,COc1cc2ncnc(Nc3cc(Cl)ccc3F)c2cc1OC1CCN(CC(N)=O)CC1,CHEMBL214478,False,8.05,,1
MBAKBFMFUHKHAN-UHFFFAOYSA-N,O=C(NCCCl)Nc1ccc2ncnc(Nc3cccc(Br)c3)c2c1,CHEMBL207009,False,7.75,,1
ZXLPAHMADMWUCE-UHFFFAOYSA-N,Cc1cccc(Nc2ncnc3ccc(NC(=O)NCCCl)cc23)c1,CHEMBL208240,False,6.17,,1
CJMMCIXRPVLDBH-UHFFFAOYSA-N,CC(C)n1nc(-c2ccc(F)c(O)c2)c2c(N)ncnc21,CHEMBL1242377,False,5.85,,1
MBPKPSDAPFPECJ-UHFFFAOYSA-N,CC1CCC(n2nc(-c3ccc(F)c(O)c3)c3c(N)ncnc32)C1,CHEMBL1242656,False,6.44,,1
XNODQMMIMXSTMX-UHFFFAOYSA-N,Nc1ncnc2c1c(-c1ccc(F)c(O)c1)nn2C1CCCCCC1,CHEMBL1242750,False,6.11,,1
MNJNKKYCZKBVRY-UHFFFAOYSA-N,COc1cc(-c2nn(C(C)C)c3ncnc(N)c23)ccc1F,CHEMBL1241483,False,5.41,,1
COSOLTZPQMSGJG-UHFFFAOYSA-N,Cc1cccc(C(C)Nc2ncnc3[nH]c(-c4ccc(O)cc4)cc23)c1,CHEMBL1914661,False,7.02,,1
KETBEMFWCZDXFS-CYBMUJFWSA-N,C[C@@H](Nc1ncnc2[nH]c(-c3ccc(Br)cc3)cc12)c1ccccc1,CHEMBL1914669,False,7.2,,1
UCHQCSDTPQKAKL-UHFFFAOYSA-N,OCCCNc1cncc(-c2cncc(Nc3cccc(Cl)c3)n2)c1,CHEMBL177688,False,5.87,0.0,2
QYQXYEKUPMXFCF-VVJOPDHISA-N,CC=C1C(=NC(=O)OC[C@@H]2COCCN2)NC2N=CN=C(Nc3ccc4c(cnn4Cc4cccc(F)c4)c3)C12,CHEMBL583403,False,7.64,,1
VEORWCZDRQSGJH-UHFFFAOYSA-N,Nc1ncnc2c1c(-c1ccc(Cl)c(O)c1)nn2C1CCC1,CHEMBL1241580,False,5.94,,1
NBEDWPSUGFSPMW-UHFFFAOYSA-N,O=C(O)c1ccc2c(c1)CNc1c(Nc3cccc(Br)c3)ncnc1O2,CHEMBL205148,False,6.0,,1
WPYSHFFDOUQSGB-UHFFFAOYSA-N,Brc1cccc(Nc2ncnc3c2NCc2ccccc2O3)c1,CHEMBL203219,False,5.279999999999999,0.2687005768508883,2
OBBCRPUNCUPUOS-UHFFFAOYSA-N,COc1c(O)cc2occ(-c3ccc(O)cc3)c(=O)c2c1O,CHEMBL242740,False,5.48,,1
DKDKYLIXOSFJHV-UHFFFAOYSA-N,CN(C)CCc1ccc(Nc2nc3ncnc(Nc4ccc(F)c(Cl)c4)c3s2)cc1,CHEMBL470218,False,7.89,,1
VFKYFVARGWUQHK-UHFFFAOYSA-N,NS(=O)(=O)c1ccc(Nc2nc3ncnc(Nc4ccccc4)c3s2)cc1,CHEMBL511839,False,7.09,,1
XYUIVHYWMAPVBZ-UHFFFAOYSA-N,CS(=O)(=O)CCNCc1ccc(-c2cc3ncnc(Nc4ccc(OCc5cccc(F)c5)c(Cl)c4)c3s2)o1,CHEMBL475768,False,9.0,,1
WVBOSBMDZYIKPK-UHFFFAOYSA-N,Fc1cccc(COc2ccc(Nc3ncnc4cc(-c5ccc[nH]5)sc34)cc2Cl)c1,CHEMBL473436,False,7.17,,1
FTFRZXFNZVCRSK-UHFFFAOYSA-N,CN1CCC(Nc2ncc3ncnc(Nc4ccc(F)c(Cl)c4)c3n2)CC1,CHEMBL258940,False,8.52,0.0,3
CDYLNUVNFDZTEB-UHFFFAOYSA-N,N#CC(C#N)=C1CCc2cc(O)c(O)cc21,CHEMBL293584,False,6.3,0.0,2
XXNUFRHVPZASID-UHFFFAOYSA-N,CC(Nc1ncnc2[nH]c(-c3ccc(O)cc3)cc12)c1cccc2ccccc12,CHEMBL1914666,False,6.0,,1
MIEIWELMCWAXHZ-UHFFFAOYSA-N,Cc1ncnc(Nc2ccc(OCc3cccc(F)c3)c(Cl)c2)c1C#Cc1ccc(CN2CCCC2)o1,CHEMBL1934627,False,7.1,,1
CGOUWZICCMZSAS-UHFFFAOYSA-N,Cc1ncnc(Nc2ccc(OCc3cccc(F)c3)c(Cl)c2)c1C#Cc1cccc(CN(C)C)c1,CHEMBL1933083,False,7.26,,1
BLLJPLGCOYWICB-UHFFFAOYSA-N,Cc1ncnc(Nc2ccc(OCc3cccc(F)c3)c(Cl)c2)c1C=Cc1ccc(CNCCS(C)(=O)=O)cc1,CHEMBL1934631,False,7.03,,1
YJARNKOBQXKAJC-UHFFFAOYSA-N,Cc1ncnc(Nc2ccc(OCc3cccc(F)c3)c(Cl)c2)c1C=Cc1ccc(CNC(C)C)cc1,CHEMBL1934632,False,7.62,,1
FXDWNCFVVOSWKM-UHFFFAOYSA-N,c1ccc2ncc(Nc3ccnc(Nc4ccc(OCCCN5CCCCC5)cc4)n3)cc2c1,CHEMBL1760057,False,5.64,,1
FDHOXGIXMNBPSE-UHFFFAOYSA-N,CC(C)(C)OC(=O)Nc1ccc(-c2[nH]nc3ncnc(Nc4cccc(Cl)c4)c23)cc1,CHEMBL420885,False,6.57,,1
RKAOIUASFLPAOD-UHFFFAOYSA-N,Fc1ccc(Nc2ncnc3sc(Br)cc23)cc1Cl,CHEMBL3416438,False,7.28,,1
YSDNBZADBVLLKA-UHFFFAOYSA-N,Brc1cc2c(Nc3ccccc3)ncnc2s1,CHEMBL3416621,False,7.1,,1
OSZBOEMUSHMTHQ-MRVPVSSYSA-N,C[C@@H](Nc1ncnc2sc(Br)cc12)c1ccccn1,CHEMBL3416617,False,5.68,,1
AETOGBQBDYPUPS-UHFFFAOYSA-N,Cn1c(S)c(C(=O)Nc2ccccc2)c2ccccc21,CHEMBL62176,False,6.0,,1
KLQKHAHWAORSAJ-UHFFFAOYSA-N,C#Cc1cccc(-n2c(=O)nc3c(=C(O)Nc4ccc(CN5CCCC5)cc4)sc4ncnc2c43)c1,CHEMBL3416629,False,7.58,,1
CLYVSRZWCPSKDG-UHFFFAOYSA-N,COc1ccccc1-c1cc2c(Nc3ccccc3)ncnc2s1,CHEMBL3416624,False,6.76,,1
HNJPFWCZWKABPR-GOSISDBHSA-N,COC[C@@H](Nc1ncnc2sc(-c3ccccc3OC)cc12)c1ccccc1,CHEMBL3416595,False,7.64,,1
GROHRMFBORBVQD-AWEZNQCLSA-N,COc1ccccc1-c1cc2c(N[C@@H](C)c3ccccc3)ncnc2s1,CHEMBL3416590,False,5.73,,1
UVWRRZRGHPHHLL-HSZRJFAPSA-N,N#Cc1cnc2cc(OC[C@H](O)CO)c(NC(=O)CC3CSSC3)cc2c1Nc1ccc(OCc2cccc(F)c2)c(Cl)c1,CHEMBL4642574,False,6.779999999999999,1.1875801727322104,6
NDHNEUUBLJKLCP-UHFFFAOYSA-N,COc1cc2ncnc(Nc3ccc(OCc4ccccn4)c(C)c3)c2cc1OC,CHEMBL371888,False,7.23,,1
URQBZIUFPRGLCE-UHFFFAOYSA-N,COc1cccc2ncnc(Nc3ccc(OCc4ccccn4)c(Cl)c3)c12,CHEMBL194389,False,6.36,,1
KELGROZXKWYKRA-UHFFFAOYSA-N,COc1cc(C=C(C#N)C(=O)NCCCCNC(=O)C(C#N)=Cc2cc(OC)c(O)c([N+](=O)[O-])c2)cc([N+](=O)[O-])c1O,CHEMBL145266,True,4.72,,1
LVUGPVDXTSJQQD-UHFFFAOYSA-N,Nc1ncnc2c1c(-c1ccc(Br)c(O)c1)nn2C1CCCC1,CHEMBL1242376,False,6.63,,1
QFUHCUNJMQVKME-UHFFFAOYSA-N,CC(C)n1nc(-c2ccc3nc(Cl)ccc3c2)c2c(N)ncnc21,CHEMBL1241683,False,4.0,,1
DCZACXIRLVWBNW-UHFFFAOYSA-N,COc1cc2c(Oc3ccc(C4SCC(=O)N4NC(=O)Nc4ccc(F)cc4)cc3)ccnc2cc1OCCCN1CCOCC1,CHEMBL4456494,False,5.37,,1
ZGBQFYGLPMXTSZ-UHFFFAOYSA-N,CC(C)n1nc(-c2ccc3nc(N)ccc3c2)c2c(N)ncnc21,CHEMBL1241949,False,4.92,,1
XEFOGCQNLWUZGB-UHFFFAOYSA-N,CC(C)n1nc(-c2ccc3nccc(NC(=O)OC(C)(C)C)c3c2)c2c(N)ncnc21,CHEMBL1242033,False,4.0,,1
MLYMHKQJJPVNAP-UHFFFAOYSA-N,CC(C)n1nc(-c2ccc3cnccc3c2)c2c(N)ncnc21,CHEMBL1242207,False,4.6,,1
ZRIMPLNYNGENCJ-UHFFFAOYSA-N,C=c1cc(C(=O)NCCN2CCOCC2)[nH]c1=Cc1c(O)[nH]c2ncnc(Nc3ccc(F)c(Cl)c3)c12,CHEMBL69629,True,8.19,,1
BLFMAJXPFSGCTK-UHFFFAOYSA-N,Cc1[nH]c2ncnc(Nc3cccc(C(=O)O)c3)c2c1C,CHEMBL431001,False,4.79,,1
WBACAQZZINXVMK-UHFFFAOYSA-N,C#CCOc1cc2c(Nc3cccc(Cl)c3)ncnc2cc1OC,CHEMBL597948,False,7.59,,1
LHHLPNVJMCVRGH-YVNNLAQVSA-N,CCOc1cc2ncnc(Nc3ccc(OCc4ccccn4)c(Cl)c3)c2cc1NC(=O)/C(F)=C/CN(C)C,CHEMBL3357637,True,9.74,,1
IFGPRLKBEQJZAK-UHFFFAOYSA-N,COc1cc(Br)c(Br)c(C=Nc2ccc3[nH]c(=O)[nH]c3c2)c1O,CHEMBL3335244,False,4.05,,1
CWDLJPOSYGJLKO-UHFFFAOYSA-N,CCOc1cc(Br)c(Br)c(C=Nc2ccc3[nH]c(=O)[nH]c3c2)c1O,CHEMBL3335245,False,4.12,,1
QQDKYSNDWYIWJF-UHFFFAOYSA-N,Cc1ncnc(Nc2ccc(OCc3cccc(F)c3)c(Cl)c2)c1C,CHEMBL1683955,False,7.77,,1
YLFPZRPXZQPKNI-UHFFFAOYSA-N,Cc1ncnc(Nc2ccc(OCc3cccc(F)c3)c(Cl)c2)c1C=C(F)C(=O)NCCS(C)(=O)=O,CHEMBL1683968,True,7.72,,1
TXIRDIAXSNWNPA-UHFFFAOYSA-N,Cc1ncnc(Nc2ccc(OCc3cccc(F)c3)c(Cl)c2)c1C#CCCN1CCOCC1,CHEMBL1683970,False,7.89,,1
QKDCLUARMDUUKN-XMMPIXPASA-N,C=CC(=O)N1CC[C@@H](Oc2nc(Nc3ccc(N4CCC(N5CCN(C)CC5)CC4)cc3)c(C(N)=O)nc2CC)C1,CHEMBL3663929,True,6.64,,1
KHNKXWKPVCUSKW-JWGURIENSA-N,Cc1ncc([N+](=O)[O-])n1C/C(=N/NC(=O)c1ccncc1)c1ccc(Br)cc1,CHEMBL3088218,False,5.09,,1
CNRVBTVLAUEOKD-NKFKGCMQSA-N,Cc1ccc(C(=O)N/N=C(/Cn2c([N+](=O)[O-])cnc2C)c2ccc(Br)cc2)cc1,CHEMBL3088224,False,5.21,,1
KIBHUVGIDZSKMM-IYRWYFENSA-N,COc1cc2ncnc(Nc3ccc(F)c(Cl)c3)c2cc1OCCCN1C[C@H](O)[C@@H](O)[C@H](O)[C@H]1CO,CHEMBL4079553,False,7.97,,1
IYTYCLFNTIYRQB-UHFFFAOYSA-N,C#Cc1cccc(Nc2ncnc3sc(-c4ccccc4OC)cc23)c1,CHEMBL3416626,False,7.75,,1
VMYNFFQXYNOIEA-UHFFFAOYSA-N,c1ccc(Cc2nnc(Cc3nc4ccccc4[nH]3)o2)cc1,CHEMBL4095623,False,4.6,0.0,2
KIYNHUKBQAQLPO-UHFFFAOYSA-N,Oc1ccc(-c2nnc(Cc3nc4ccccc4[nH]3)o2)cc1,CHEMBL4059610,False,4.0,,1
XUCUUSDIHUJLCZ-UHFFFAOYSA-N,CNc1ncnc2c1c(-c1ccccc1)cn2-c1ccccc1,CHEMBL366831,False,4.51,,1
DDJCWGVPCKUJIU-UHFFFAOYSA-N,COc1ccc(CCc2cc3c(Nc4cccc(Br)c4)nc(N)nc3[nH]2)cc1,CHEMBL485321,False,5.66,,1
SVFVGWHAKDHRKM-UHFFFAOYSA-N,c1cncc(-c2nnc(Cc3nc4ccccc4[nH]3)o2)c1,CHEMBL4083305,False,4.0,,1
KCFCLUVAFZLFIE-UHFFFAOYSA-N,CC(=O)c1ccccc1-c1nnc(Cc2nc3ccccc3[nH]2)o1,CHEMBL4068814,False,4.18,0.0,2
PJRIAEASQYXDCE-UHFFFAOYSA-N,Cc1ccccc1Cc1nnc(Cc2nc3ccccc3[nH]2)o1,CHEMBL4095195,False,4.3,0.0,2
XCZCKVIRXXMKJC-UHFFFAOYSA-N,Clc1cccc(Nc2[nH]nc3ncnc(Nc4ccccc4)c23)c1,CHEMBL121260,False,7.08,,1
PDMAVKGRERGACM-UHFFFAOYSA-N,Clc1cccc(Nc2[nH]nc3ncnc(Oc4cccc(Cl)c4)c23)c1,CHEMBL334026,False,4.62,,1
QDHLJTKZOXNREZ-UHFFFAOYSA-N,COc1cc2ncnc(-c3c[nH]c4cc(F)c(C)cc34)c2cc1OC,CHEMBL474323,False,6.27,,1
RHKOFLSVENLYDP-UHFFFAOYSA-N,Cc1ccc(Oc2ccc(Nc3ncnc4cccc(OC(C)C(=O)N(C)CCO)c34)cc2C)cn1,CHEMBL257478,False,5.7,,1
KXECKMQQRGBPLK-UHFFFAOYSA-N,COc1cc2ncnc(Nc3cccc(Cl)c3F)c2cc1CNC(C)C(N)=O,CHEMBL380386,False,6.82,,1
UERRLLRAXBKLET-UHFFFAOYSA-N,O=NN(CCCl)C(=O)Nc1ccc2ncnc(Nc3cccc(Cl)c3)c2c1,CHEMBL210659,False,7.17,,1
FAZUHUXMTHLPAZ-UHFFFAOYSA-N,CN(CCCl)C(=O)Nc1ccc2ncnc(Nc3cccc(Br)c3)c2c1,CHEMBL379047,False,6.81,,1
AMJXCROVFRQROE-UHFFFAOYSA-N,Cc1cccc(Nc2ncnc3ccncc23)c1NCCCn1ccnc1,CHEMBL271408,False,8.45,,1
OTZRLGGDSCXPOW-UHFFFAOYSA-N,O=C(O)CCNc1c(Br)cccc1Nc1ncnc2ccncc12,CHEMBL408399,False,9.21,,1
NHFDUEXGKUKCHY-UHFFFAOYSA-N,CN1CCN(CCCNc2c(Br)cccc2Nc2ncnc3ccncc23)CC1,CHEMBL271532,False,8.3,,1
MZDLLNADFHWFOD-UHFFFAOYSA-N,CN(C)CCCNc1c(Br)cccc1Nc1ncnc2ccncc12,CHEMBL408647,False,8.05,,1
FBSRQIPWINDALQ-UHFFFAOYSA-N,Brc1cccc(Nc2ncnc3cnc(NCCN4CCOCC4)nc23)c1,CHEMBL294475,False,9.09,,1
MSJWVFJGBQRUKL-UHFFFAOYSA-N,Nc1c(Cl)cccc1Nc1ncnc2ccncc12,CHEMBL270975,False,6.92,,1
ACVULHIFDOOBFE-UHFFFAOYSA-N,CN(C)c1ccc(Nc2ncnc3ccncc23)c(N)c1,CHEMBL271540,False,5.31,,1
RREFLZRNDYASSL-UHFFFAOYSA-N,Fc1c(Br)cccc1Nc1ncnc2ccncc12,CHEMBL269889,False,7.88,,1
VUFZZYOKJHFSAA-UHFFFAOYSA-N,CN(C)c1ccc2ncnc(Nc3cccc(Br)c3)c2n1,CHEMBL53796,False,8.01,,1
XFTYJIWMIPTWTF-UHFFFAOYSA-N,Brc1cccc(Nc2ncnc3cccnc23)c1,CHEMBL54805,False,7.46,,1
WUWMKQIRTKOCMN-UHFFFAOYSA-N,CNc1cc2ncnc(Nc3cccc(Br)c3)c2cc1N,CHEMBL92937,False,9.16,,1
OGYJJQMXMIANLJ-UHFFFAOYSA-N,CN(C)c1ccc2c(Nc3cccc(Br)c3)ncnc2c1,CHEMBL90013,False,7.95,,1
XOLOBKIXFCWGJY-UHFFFAOYSA-N,Oc1ccc2c(Nc3cccc(Br)c3)ncnc2c1,CHEMBL93302,False,8.32,,1
KEQCEKUDWPXRRQ-UHFFFAOYSA-N,COc1cc2ncnc(Nc3cccc(C(F)(F)F)c3)c2cc1OC,CHEMBL316064,False,8.715,1.2657211383239195,2
FGCLAQLIXMAIHT-UHFFFAOYSA-N,COc1cc2ncnc(Nc3cccc(I)c3)c2cc1OC,CHEMBL96065,False,9.05,,1
PFCDJDCJBTXAJZ-UHFFFAOYSA-N,O=[N+]([O-])c1ccc2c(Nc3cccc(Cl)c3)ncnc2c1,CHEMBL93635,False,6.09,,1
WYKOALHWZONWJR-UHFFFAOYSA-N,Nc1ccc2c(Nc3ccccc3)ncnc2c1,CHEMBL330224,False,7.0,,1
GKRKTKNUATZSTP-UHFFFAOYSA-N,COc1ccc2ncnc(Nc3ccccc3)c2c1,CHEMBL328879,False,7.085,0.23334523779156074,2
QXULSIJDISMUNF-UHFFFAOYSA-N,Fc1cccc(Nc2ncnc3ccccc23)c1,CHEMBL92985,False,7.25,,1
LDTMDWOXHYGMAM-UHFFFAOYSA-N,COc1ccc2ncnc(Nc3cccc(Br)c3)c2c1,CHEMBL52197,False,6.45,,1
DFPVBLYULSUJRC-UHFFFAOYSA-N,CON=Cc1c(N)ncnc1Nc1ccc(OCc2ccccc2)c(Cl)c1,CHEMBL257815,False,7.8,,1
UWADRORTXGMUIP-FYYLOGMGSA-N,O=C(O[C@H]1CN[C@H](C#Cc2cc3ncnc(Nc4ccc(OCc5cccc(F)c5)c(Cl)c4)c3s2)C1)N1CCCC1,CHEMBL451513,False,7.0,,1
HIOMOLUQMPMYMG-UHFFFAOYSA-N,COc1cc2ncnc(Nc3cccc(Cl)c3F)c2cc1OCC1CCN(C)CC1,CHEMBL213874,False,8.7,,1
SOFMGJHORUKREC-UHFFFAOYSA-N,O=S(=O)(CCCCNCc1ccc(-c2ccc3ncnc(Nc4ccc(OCc5ccccc5)c(Cl)c4)c3c2)o1)c1ccccc1,CHEMBL212201,False,7.3,,1
PMNXVLOADVXDDY-UHFFFAOYSA-N,CS(=O)(=O)CCNCc1ccc(-c2ccc3ncnc(Nc4ccc(OCc5ccccc5)cc4)c3c2)o1,CHEMBL213342,False,7.57,,1
ZTYNNPMPRUWCIF-UHFFFAOYSA-N,CC(=O)Nc1ccc(-c2cc3c(Nc4ccc(Oc5cccc(C(F)(F)F)c5)c(Cl)c4)ncnc3s2)cc1,CHEMBL4291471,False,7.32,,1
ONZDNBGTAVEQQN-FJXLOMMUSA-N,CCC(C)[C@@H]1[C@@](C)(C(=O)/C=C/OC)[C@H]2[C@H](C)C[C@@](C)(O)C[C@]2(O)C(=O)[C@@]1(C)O,CHEMBL498247,False,4.98,,1
LMJANEYNZOFINJ-VOTSOKGWSA-N,Cc1ncc([N+](=O)[O-])n1CCOC(=O)/C=C/c1ccccc1[N+](=O)[O-],CHEMBL1173789,False,4.6,,1
SSNOOYSAFIDADT-UHFFFAOYSA-N,Brc1cc2c(NCc3ccncc3)ncnc2s1,CHEMBL3416614,False,5.41,,1
TWIUFSQIKGYUBP-UHFFFAOYSA-N,Fc1cccc(COc2ccc(Nc3ncnc4sc(C#CC5CCCN5)cc34)cc2Cl)c1,CHEMBL3416635,False,6.96,,1
POJRAIDOFSJODM-UHFFFAOYSA-N,C#Cc1cc2c(Nc3ccc(OCc4cccc(F)c4)c(Cl)c3)ncnc2s1,CHEMBL3416634,False,7.15,,1
ZDHNGLCAMDHDDN-KRWDZBQOSA-N,COc1ccccc1-c1cc2c(N[C@@H](CO)c3ccccc3)ncnc2s1,CHEMBL3416593,False,6.2,,1
YJJIOYPSLPQCAL-UHFFFAOYSA-N,C=CC(=O)Nc1ccc2ncnc(Nc3ccc(OCc4ccccc4)cc3)c2c1,CHEMBL430571,True,8.44,,1
CYNKFMRSHNIJPN-RMKNXTFCSA-N,CCOc1cc2ncnc(NC3=CC(=O)C(OCc4cccc(Cl)c4)=CC3=O)c2cc1NC(=O)/C=C/CN(C)C,CHEMBL243837,True,7.68,0.32526911934581154,2
NVESEOKYLHXNPU-UHFFFAOYSA-N,Fc1ccc(Nc2ncnc3cc(OCCCN4CCOCC4)c4c(c23)OCCO4)cc1Cl,CHEMBL3805218,False,7.59,,1
DKDVAKLTCAGCOZ-UHFFFAOYSA-N,Fc1ccc(Nc2ncnc3cc(OC4CCOC4)c4c(c23)OCCO4)cc1Cl,CHEMBL3805782,False,7.69,,1
WSTBLMCKOCVKHH-UHFFFAOYSA-N,C#Cc1cccc(Nc2ncnc3cc(OC(C)C)c4c(c23)OCCO4)c1,CHEMBL3805509,False,7.62,,1
UVFCDQJUKYMBAZ-UHFFFAOYSA-N,CC(C)n1nc(-c2ccc3cc[nH]c3c2)c2c(N)ncnc21,CHEMBL1242574,False,6.66,,1
ZSAJPWOGVMFXHN-UHFFFAOYSA-N,Nc1ncnc2c1c(-c1ccc3cc[nH]c3c1)nn2C1CCCC1,CHEMBL1242664,False,7.07,,1
MRCFTWAYZAHAFA-UHFFFAOYSA-N,Nc1ncnc2c1c(-c1ccc3[nH]ccc3c1)nn2C1CCCC1,CHEMBL1242295,False,6.13,,1
HNAIZJDQDDXEGC-UHFFFAOYSA-N,NCCCn1ccc2c(-c3ccnc(Nc4cccc(OC(F)(F)C(F)F)c4)n3)cccc21,CHEMBL293991,False,6.28,,1
KLQFQJDEPBUNAK-ZETCQYMHSA-N,C[C@@H](CN)n1nc(-c2ccc(F)c(O)c2)c2c(N)ncnc21,CHEMBL1242468,False,4.58,,1
GMOKHFJBRPDKDT-UHFFFAOYSA-N,O=C(c1ccccc1)c1ccc(NC(=O)c2cc3ccccc3[nH]2)cc1,CHEMBL3799345,False,4.31,,1
GNBBESFWSRSLGI-UHFFFAOYSA-N,CC(O)c1ccc(NC(=O)c2cc3ccccc3[nH]2)cc1,CHEMBL3798556,False,4.46,,1
TUBBFDZWFNUZLH-PZFYLCKJSA-N,CO[C@H]1[C@@H](N(C)C(=O)c2cccc([N+](=O)[O-])c2)C[C@@H]2O[C@@]1(C)n1c3ccccc3c3c4c(c5c6ccccc6n2c5c31)C(=O)NC4,CHEMBL130208,False,5.32,,1
XQUZETKLGCMJIF-UHFFFAOYSA-N,CS(=O)(=O)CCNc1nc(-c2ccc3ncnc(Nc4ccc(F)c(Cl)c4)c3c2)cs1,CHEMBL157084,False,7.46,,1
ZOROFBCOYYIWNJ-UHFFFAOYSA-N,COc1ccc(CC(CO)n2cc(-c3cccc(OC)c3)c3c(N)ncnc32)cc1,CHEMBL168555,False,5.01,,1
BZDMINDRCWDVAJ-UHFFFAOYSA-N,COCCn1c(=O)oc2cc3ncnc(Nc4cccc(C(C)=O)c4)c3cc21,CHEMBL3612570,False,6.25,,1
DLFLTBWFKAQPDC-UHFFFAOYSA-N,COCCn1c(=O)oc2cc3ncnc(Nc4ccc(OCc5ccc(Cl)cc5)c(Cl)c4)c3cc21,CHEMBL3612571,False,5.89,,1
PLDUPXSUYLZYBN-UHFFFAOYSA-N,OCCN1CCN(CCCN2c3ccccc3Sc3ccc(C(F)(F)F)cc32)CC1,CHEMBL726,False,4.4,,1
ZNCRTOWCSZYNSA-CJNGLKHVSA-N,Cc1nc2cnc(Nc3ccnc(N4CC[C@H](O)[C@H](F)C4)n3)cc2n1C(C)C,CHEMBL3735958,False,6.0,,1
DNUQLUIXZOFJFJ-VMPITWQZSA-N,O=C(/C=C/CN1CCCCC1)N1CCOc2cc3ncnc(Nc4ccc(OCc5cccc(F)c5)c(Cl)c4)c3cc21,CHEMBL4642158,True,6.94,,1
ZZCPVBCYUULJEG-QPJJXVBHSA-N,O=C(/C=C/CN1CCCC1)N1CCOc2cc3ncnc(Nc4ccc(OCc5cccc(F)c5)c(Cl)c4)c3cc21,CHEMBL4635100,True,8.15,0.7101408311032399,3
UNBUUPBBTITRER-XBXARRHUSA-N,O=C(/C=C/CN1CCCC1)N1CCCOc2cc3ncnc(Nc4ccc(OCc5cccc(F)c5)c(Cl)c4)c3cc21,CHEMBL4643903,True,6.24,,1
LSCYWBZWOOITKQ-GORDUTHDSA-N,O=C(/C=C/CN1CCOCC1)N1CCOc2cc3ncnc(Nc4ccc(OCc5cccc(F)c5)c(Cl)c4)c3cc21,CHEMBL2441563,True,8.035,0.16263455967290624,2
IVYMBPMGUJIIIK-UHFFFAOYSA-N,CCOc1ccc(Nc2ncnc3cc4oc(=O)n(CCCN5CCOCC5)c4cc23)cc1,CHEMBL2064382,False,5.85,,1
VFJQEWCOMINXPD-UHFFFAOYSA-N,Cc1c(OCC(F)(F)F)ccnc1COc1cccc(Nc2ncnc3cc4oc(=O)n(CCCN5CCOCC5)c4cc23)c1,CHEMBL2064393,False,7.0,,1
NEJAYYCKDQGSKS-UHFFFAOYSA-N,COc1ccc(-c2c3c4cc(OCCCN(C)C)c(O)cc4[nH]c(=O)c3n3ccc4cc(O)c(OC)cc4c23)cc1O,CHEMBL4750158,False,7.63,,1
KLBQZWRITKRQQV-UHFFFAOYSA-N,CSc1ccc2c(c1)N(CCC1CCCCN1C)c1ccccc1S2,CHEMBL479,False,5.53,,1
DILPWWRXPRYDEA-XYOKQWHBSA-N,CN(C)C/C=C/C(=O)Nc1ccc2ncnc(Nc3ccc(OCc4ccccn4)c(Cl)c3)c2c1-c1ccccc1,CHEMBL5584189,True,8.54,0.0,2
VJPOWWGOZASADR-BZQTUJPJSA-N,COc1cccc(-c2c(NC(=O)/C=C/[C@H]3CCCN3C)ccc3ncnc(Nc4ccc(OCc5ccccn5)c(Cl)c4)c23)c1,CHEMBL5566277,True,8.0,,1
GFQMYECKUFYUSH-KPKJPENVSA-N,CN(C)C/C=C/C(=O)Nc1ccc2ncnc(Nc3ccc(OCc4cccc(F)c4)c(Cl)c3)c2c1-c1ccccc1,CHEMBL5593471,True,8.97,,1
AVQNSHZBOYOSQZ-UHFFFAOYSA-N,COc1cc2c(Nc3ccc(Cl)cc3F)ncnc2cc1OCC1CCNCC1,CHEMBL2448064,False,6.52,,1
FGNHHQRGJTYKKZ-UHFFFAOYSA-N,CN(C)CCC(=O)Nc1ccc2ncnc(Nc3cccc(Br)c3)c2c1,CHEMBL2031297,False,8.07,1.0916195918603393,3
DTNINSLBWVYZJC-UHFFFAOYSA-N,C=CC(=O)Nc1cc2c(Nc3ccc(Br)cc3F)ncnc2cc1OCCCNC(C)=O,CHEMBL3671487,True,8.4,0.0,2
NFWFBDDHXYCYHP-UHFFFAOYSA-N,C=CC(=O)Nc1cc2c(Nc3ccc(Br)cc3F)ncnc2cc1OCCCNC,CHEMBL3671490,True,8.52,0.0,2
LZAXPBKXHBEHAS-UHFFFAOYSA-N,C=CC(=O)Nc1cc2c(Nc3ccc(Cl)nc3)ncnc2cc1OCCNC(C)=O,CHEMBL3676348,True,7.19,0.0,2
JLRRXORWMUQGQX-UHFFFAOYSA-N,C=CC(=O)Nc1cc2c(Nc3ccc(Br)c(Cl)c3F)ncnc2cc1OCCNC(=O)CCN1CCCCC1,CHEMBL3676367,True,7.92,0.0,2
CROUZXUJOHNNGG-UHFFFAOYSA-N,O=C(Nc1ccncc1)Nc1cc(-c2cncnc2)cc(C(F)(F)F)c1,CHEMBL3752008,False,7.83,,1
NRZFXYCLDSAYDI-UHFFFAOYSA-N,CC(C)n1nc(-c2ccc3nc(NN)ccc3c2)c2c(N)ncnc21,CHEMBL1241950,False,5.16,,1
MONJJHLZSIEMDE-UHFFFAOYSA-N,CC(C)n1nc(-c2ccc3ccncc3c2)c2c(N)ncnc21,CHEMBL1242208,False,4.0,,1
JRGVLAVWVKFVTO-UHFFFAOYSA-N,COc1cc2ncnc(Nc3ccc(C(=O)NC45CC6CC(CC(C6)C4)C5)cc3)c2cc1OCCCN1CCOCC1,CHEMBL3763627,False,8.7,,1
RWLIEDPJUCGAIH-HNQUOIGGSA-N,O=C(/C=C/CN1CCCOCC1)N1CCc2c(sc3ncnc(Nc4ccc(F)c(Cl)c4)c23)C1,CHEMBL3655336,True,9.0,0.0,2
POLXUFYBMIRDEG-UHFFFAOYSA-N,COc1ccc(CCCCCn2cc(CCN)c3cc(OCCc4ccc(O)cc4)ccc32)cc1,CHEMBL1098121,False,5.36,,1
KVZGXHXBYQNWHP-UHFFFAOYSA-N,NCCc1cn(Cc2ccc(-c3cccc(C(F)(F)F)c3)cc2)c2ccc(OCCc3ccc(O)cc3)cc12,CHEMBL1094195,False,5.96,0.008164965809277086,4
JCCYHFCPFOFIMP-UHFFFAOYSA-N,FC(F)(F)c1cccc(Nc2ncnc3[nH]c4c(c23)CCCC4)c1,CHEMBL440873,False,6.44,,1
WCYWGISTNUBZMN-GSDHBNRESA-N,O=C1CCc2c(Oc3ccc4c(c3)[C@H]3[C@H](NC(=O)c5ccc(-c6ccccc6)o5)[C@H]3O4)ccnc2N1,CHEMBL6024685,False,6.49,0.35019042438840803,3
HBLCYSRWPOVDEM-KCHLEUMXSA-N,O=C1CCc2c(Oc3ccc4c(c3)[C@H]3[C@H](NC(=O)c5ccc(CN6CCN(CC(F)(F)F)CC6)c(C(F)(F)F)c5)[C@H]3O4)ccnc2N1,CHEMBL5932679,False,6.54,0.278747197295327,3
FWRVTLDCKFPGCK-UHFFFAOYSA-N,CC(C)(CO)C(=O)NCCn1ccc2ncnc(Nc3ccc(Oc4cccc5sncc45)c(Cl)c3)c21,CHEMBL2048908,False,8.15,,1
HYMYAHJTTZILBA-UHFFFAOYSA-N,CC(C)(C)NC(=O)c1cccc(Oc2ccc(Nc3ncnc4ccn(CCO)c34)cc2Cl)c1,CHEMBL2048788,False,7.48,,1
FLFHZVYTVPANLR-UHFFFAOYSA-N,OCCn1ccc2ncnc(Nc3ccc(Oc4cccc(C(F)(F)F)c4)c(Cl)c3)c21,CHEMBL1923007,False,7.47,,1
XNXUDGXKTVZKLB-UHFFFAOYSA-N,Cc1ccc(Oc2ccc(Nc3ncnc4cccc(OC(C)C(=O)N(C)C)c34)cc2C)cn1,CHEMBL256362,False,5.96,,1
DVGOOYYUJBNLCS-UHFFFAOYSA-N,N#CC(C#N)=C1C(=O)Nc2ccc(O)cc21,CHEMBL55748,True,4.95,0.0707106781186545,2
ZHSPHEJVKURUJP-ONGSAVLISA-N,O=C(/C=C/CN1CCC1CO)Nc1cc2c(Nc3ccc(F)c(Cl)c3)ncnc2cc1OC[C@H]1[C@@H]2COC[C@@H]21,CHEMBL5938912,True,7.97,,1
MQEHEANDFNFOSY-UHFFFAOYSA-N,Cc1[nH]c2ncnc(Nc3cc(Cl)cc(Cl)c3)c2c1C,CHEMBL73406,False,6.77,,1
HIQDSWJKNBQWTG-QKDODKLFSA-N,CCN1CCN(Cc2ccc(C(=O)N[C@@H]3[C@H]4Oc5ccc(Oc6ccnc(N)c6)cc5[C@@H]34)cc2C(F)(F)F)CC1,CHEMBL5834453,False,9.09,0.4883987441971292,3
HPPBJFNZDCQMHH-UHFFFAOYSA-N,CCOC(=O)CCCn1c(=O)oc2cc3ncnc(Nc4ccc(OCc5ccccn5)cc4)c3cc21,CHEMBL3612591,False,5.64,,1
DVYJHGWNABVCHI-AWCRTANDSA-N,COc1cc(C(=O)N[C@@H]2[C@H]3Oc4ccc(Oc5ccnc6c5CCC(=O)N6)cc4[C@@H]23)ccc1CN1CCN(C)CC1,CHEMBL5987223,False,8.52,0.7660287200882222,3
GDPCGYDMVIPGLD-UHFFFAOYSA-N,CC(C)n1nc(-c2ccc3nccc(N)c3c2)c2c(N)ncnc21,CHEMBL1242034,False,4.0,,1
HFBMCRRHMRLGSA-UHFFFAOYSA-N,Nc1ncnc2c1c(-c1ccc3occc(=O)c3c1)nn2C1CCCC1,CHEMBL1242119,False,4.0,,1
AXQKJTHCYRYSLF-UHFFFAOYSA-N,CCOc1ccc2cc(-c3nn(C)c4ncnc(N)c34)ccc2c1,CHEMBL1242661,False,4.68,,1
OORQGKRPXSYBAR-UHFFFAOYSA-N,COc1cc2c(Nc3ccc(Br)cc3F)ncnc2cc1OCCC1CCN(C)CC1,CHEMBL24979,False,6.7,,1
DIOHUOGBSVXUTJ-UHFFFAOYSA-N,Cc1[nH]c2ncnc(Nc3cccc(C(F)(F)F)c3)c2c1C,CHEMBL306029,False,5.72,,1
QPOURHROVVCOHC-UHFFFAOYSA-N,CN1CCN(c2ccc(Nc3ncc4nc(Nc5ccccc5)n(C5CCCC5)c4n3)cc2)CC1,CHEMBL2178352,False,6.4,0.9999999999999999,4
WKVZBEWEEYDDMO-UHFFFAOYSA-N,O=C(O)CCc1c(SSc2[nH]c3ccccc3c2CCC(=O)O)[nH]c2ccccc12,CHEMBL79704,False,5.32,,1
BTOBMQDOJOLBIY-UHFFFAOYSA-N,S=C(NN=C(c1ccccc1)c1ccccc1)Nc1ccc2c(c1)OCO2,CHEMBL4789796,False,6.0,,1
QMERXYUTIZNTAX-UHFFFAOYSA-N,Cn1c(=O)c2[nH]c(SCC(=NO)c3ccc(Br)cc3)nc2n(C)c1=O,CHEMBL4439837,False,6.35,,1
DAZNPHVDUSTLGK-UHFFFAOYSA-N,CCn1c(=O)c(-c2c(Cl)cccc2Cl)cc2cnc(Nc3ccncc3)nc21,CHEMBL448154,False,6.31,,1
RDOOVEMEWGTJTD-UHFFFAOYSA-N,COc1ccc2c(C(=O)Nc3ccccc3)c(SSc3c(C(=O)Nc4ccccc4)c4ccc(OC)cc4n3C)n(C)c2c1,CHEMBL60472,False,5.44,0.0,2
BLTLMFALRUNXKG-UHFFFAOYSA-N,Cn1c(SSc2c(C(=O)Nc3ccccc3)c3c(Cl)cccc3n2C)c(C(=O)Nc2ccccc2)c2c(Cl)cccc21,CHEMBL293986,False,4.0,,1
VBSAGPWININOEH-UHFFFAOYSA-N,OCC(O)Cn1ccc2cc3c(Nc4cccc(Br)c4)ncnc3cc21,CHEMBL416611,False,7.31,,1
ZXILYRWRAKLTOG-UHFFFAOYSA-N,CCOc1cc2ncc(C#N)c(Nc3cccc(Br)c3)c2cc1OCC,CHEMBL109212,False,6.38,,1
ZSJDOQUXSFYFRM-UHFFFAOYSA-N,COc1cc2ncc(C#N)c(Nc3cccc(SC)c3)c2cc1OC,CHEMBL114496,False,6.12,,1
PPNPTLLSQTYHSE-UHFFFAOYSA-N,C=CC(=O)Nc1cc2c(Nc3ccc(Br)cc3F)ncnc2cc1OCCOCCOC(=O)CC(=O)OCC,CHEMBL3676391,True,6.61,0.0,2
RDSINGBRTMDIHM-UHFFFAOYSA-N,Cc1c[nH]c2ccc(Nc3ncnc4cc(-c5ccccc5)sc34)cc12,CHEMBL310827,False,8.3,,1
QXBRLYYVUXFWHN-UHFFFAOYSA-N,CS(=O)(=O)NCCNCc1ccc(-c2ccc3ncnc(Nc4ccc(OCc5cccc(F)c5)c(Cl)c4)c3c2)o1,CHEMBL3040597,False,7.81,0.04618802153516946,3
FSHWIHXFSFIOAL-HXUWFJFHSA-N,O=C(CO)N1CCC[C@@H]1COc1cccc2ncnc(Nc3ccc(OCc4ccccn4)c(Cl)c3)c12,CHEMBL249927,False,7.01,,1
XNMHWKJRXNZELF-UHFFFAOYSA-N,CN(CCOc1cccc2ncnc(Nc3ccc(OCc4ccccn4)c(Cl)c3)c12)C(=O)CO,CHEMBL249928,False,7.46,,1
NNGVMERLTTVLQP-UKPAFZAXSA-N,CN1CCN(C(C)(C)/C=C(\C#N)C(=O)N2CCC[C@@H](n3nc(-c4ccc(Oc5ccccc5)cc4F)c4c(N)ncnc43)C2)CC1,CHEMBL5189379,True,6.01,,1
KNDPXYAMINMLED-UHFFFAOYSA-N,Nc1ncnc2occ(-c3ccc(NC(=O)Nc4cc(C(F)(F)F)ccc4F)cc3)c12,CHEMBL247228,False,5.0,,1
BJQOPTDJQILKBE-UHFFFAOYSA-N,C=CC(=O)Nc1cc2c(Nc3ccc(Br)cc3F)ncnc2cc1OCCNCC(C)=O,CHEMBL3671500,True,8.52,0.0,2
ZRODGYIOYZYWNC-UHFFFAOYSA-N,C=CC(=O)Nc1cc2c(Nc3ccc(Br)cc3F)ncnc2cc1OCCNC(=O)NC(C)C,CHEMBL3671510,True,7.44,0.0,2
COTCOYMOTSGNJY-UHFFFAOYSA-N,C=CC(=O)Nc1cc2c(Nc3ccc(Br)cc3F)ncnc2cc1OCCNC(=O)COC,CHEMBL3671517,True,7.85,0.0,2
LAJAGNNRQYMPDT-UHFFFAOYSA-N,C=CC(=O)Nc1cc2c(Nc3ccc(Br)cc3F)ncnc2cc1OCCNC(=O)CCC,CHEMBL3671524,True,7.5,0.0,2
FUDZVMAAPBVLTJ-UHFFFAOYSA-N,CCC(=O)Nc1cc2c(Nc3ccc(Br)cc3F)ncnc2cc1OCCNC(C)=O,CHEMBL3671547,False,6.06,0.0,2
UEOPDLSNUIJOSR-UHFFFAOYSA-N,CSc1nc(-c2cccc(NC(=O)c3cc(O)ccc3F)c2)c(-c2ccnc(NC(C)=O)c2)[nH]1,CHEMBL5188250,False,7.345000000000001,1.2232947314527276,2
MVLNKEXGMMGTDC-UHFFFAOYSA-N,CN(CCO)Cc1ccc(-c2cc3nccc(Nc4ccc5[nH]ccc5c4)c3s2)cc1,CHEMBL79206,False,8.52,,1
YCDPWDQAWPACOP-SNAWJCMRSA-N,COC/C=C/c1cc(Oc2cc3c(Nc4cccc(Cl)c4F)ncnc3cc2OC)ccn1,CHEMBL5641648,False,8.8,0.8485281374238584,2
BFMJJIKPPAMPMX-UHFFFAOYSA-N,C=Cc1cc(Oc2cc3c(Nc4cccc(Cl)c4F)ncnc3cc2OC)ccn1,CHEMBL5647295,False,8.95,0.3535533905932738,2
MJNCPIASDFCLDO-UHFFFAOYSA-N,C=CC(=O)Nc1cc(Nc2ncc(F)c(-c3ccc4cc(C(=O)NC)n(C(C)C)c4c3)n2)c(OC)cc1N1CCN(C(C)C)CC1,CHEMBL5619066,True,6.55,,1
PCFQUUNVRNAUQG-UHFFFAOYSA-N,N#CC(=Cc1cc(-c2ccccc2)c(O)c(-c2ccccc2)c1)C(N)=O,CHEMBL490768,True,6.4,,1
AEZUIGRHDSRYGK-UHFFFAOYSA-N,COc1cc(C=C(C#N)C(N)=O)cc(CSC2=NCCS2)c1O,CHEMBL324030,True,5.06,0.1558845726811987,3
RLBYKRSCHUVFAG-UHFFFAOYSA-N,N#Cc1ccc(-c2csc(N3N=C(c4ccc(N5CCCCC5)cc4)CC3c3ccc(Cl)cc3)n2)cc1,CHEMBL4557318,False,5.33,,1
SONPCRONNUNFNX-GFCCVEGCSA-N,C[C@@H](Nc1ncnc2[nH]c(-c3ccc(O)cc3)cc12)c1ccccc1F,CHEMBL1914658,False,8.1,,1
VLTJZASCJJSTAY-GOSISDBHSA-N,CC[C@@H](Nc1ncnc2[nH]c(-c3ccc(O)cc3)cc12)c1ccccc1,CHEMBL1914665,False,8.4,,1
ZAKMPELDDUIRHT-CQSZACIVSA-N,C[C@@H](Nc1ncnc2[nH]c(-c3ccccc3)cc12)c1ccccc1,CHEMBL105053,False,8.48,,1
OONFNUWBHFSNBT-HXUWFJFHSA-N,CCN1CCN(Cc2ccc(-c3cc4c(N[C@H](C)c5ccccc5)ncnc4[nH]3)cc2)CC1,CHEMBL587723,False,8.7,0.0,2
AZYFTAYNMPTQPL-UHFFFAOYSA-N,CC(=O)Nc1ccc(S(=O)(=O)Nc2nc3ccccc3nc2Nc2ccc(C(=O)O)cc2)cc1,CHEMBL1944923,False,4.45,,1
KHGHHWIALVSRIF-UHFFFAOYSA-N,CS(=O)(=O)c1ccc(F)c(C(=O)Nc2cc3c(Nc4ccc(F)c(Cl)c4)ncnc3cc2OCCCN2CCOCC2)c1,CHEMBL4760606,False,7.24,,1
CERWMQWGUSIWNF-UHFFFAOYSA-N,Nc1ccc2ncnc(Nc3ccc4[nH]ccc4c3)c2c1,CHEMBL5180251,False,9.19,0.0,2
WQGWDDDVZFFDIG-UHFFFAOYSA-N,Oc1cccc(O)c1O,CHEMBL307145,False,5.91,,1
JXSKGZUSLVDLFH-UHFFFAOYSA-N,CC=C1C(=NC(=O)OCCC2CCNCC2)NC2N=CN=C(Nc3ccc4c(cnn4Cc4ccccc4)c3)C12,CHEMBL578044,False,7.36,,1
OTIVUOIMYOWMMO-UHFFFAOYSA-N,CC=C1C(=NC(=O)OCC2CCCCN2)NC2N=CN=C(Nc3ccc4c(cnn4Cc4ccccc4)c3)C12,CHEMBL566559,False,7.35,,1
ATUXFPJRTSKHFB-UHFFFAOYSA-N,C=CC(=O)Nc1ccc2ncnc(Nc3ccc4[nH]cc(Br)c4c3)c2c1,CHEMBL5182567,True,9.42,0.0,2
YHRRFPHKXXYHDL-UHFFFAOYSA-N,Nc1ncnc2c1c(-c1ccccc1)cn2-c1cccc(CO)c1,CHEMBL173478,False,5.57,0.9192388155425113,2
CVNRNJTZYYQYLI-UHFFFAOYSA-N,COc1ccc(C=C2C(=O)Nc3ccc(Cl)cc32)cc1C(C)(C)C,CHEMBL86326,True,4.71,,1
PGZRUXOTUOXUCU-UHFFFAOYSA-N,NC1CCc2c(c3cc(OCCc4ccc(O)cc4)ccc3n2CCCCCc2ccccc2)C1,CHEMBL1098120,False,6.0,0.00499999999999977,4
FAWGCSGOLCHXBH-UHFFFAOYSA-N,Cc1cc(O)ccc1-c1nn(C(C)C)c2ncnc(N)c12,CHEMBL1242024,False,6.02,,1
ORVLOIUKTHUQPU-JTQLQIEISA-N,COc1ccc(-c2nn(C[C@H](C)CO)c3ncnc(N)c23)cc1OC,CHEMBL1242380,False,4.92,,1
XTMQXGYZVJVLMD-GQCTYLIASA-N,COc1cc(Nc2c(C#N)cnc3cc(/C=C/CCN4CCN(C)CC4)c(OC)cc23)c(Cl)cc1Cl,CHEMBL1088240,False,5.48,,1
REYACJNTTOCQLS-UHFFFAOYSA-N,C=CC(=O)Nc1cccc(-n2c(=O)c(=O)n(C(C)C)c3cnc(Nc4ccc(N5CCN(C)CC5)c(OC)c4)nc32)c1,CHEMBL4277912,True,8.07,,1
BKPHBKMWPXFKCO-UHFFFAOYSA-N,C=CC(=O)Nc1cccc(-n2c(=O)c(=O)[nH]c3cnc(Nc4ccc(N5CCN(C)CC5)cc4OC)nc32)c1,CHEMBL4281367,True,8.55,,1
RQSBTTNUNYDBEU-UHFFFAOYSA-N,COc1cc(-c2nc3ccccc3s2)ccc1OCC(=O)NNC(=O)CNC(Cc1c[nH]cn1)C(=O)O,CHEMBL5203784,False,6.52,,1
PJCLYYMFEIOAPR-UHFFFAOYSA-N,C=CCCCCOc1cc2c(Nc3ccc(F)c(Cl)c3)ncnc2cc1OC,CHEMBL589826,False,7.49,,1
MJKCGAHOCZLYDG-UHFFFAOYSA-N,COc1cc2ncnc(Nc3ccccc3)c2cc1OC,CHEMBL542484,False,7.3,0.4285246006162695,3
PWAFUGMDLMAVBQ-UHFFFAOYSA-N,COc1cc(C=C(C#N)C(N)=O)cc(CSc2ccc3ccccc3c2)c1O,CHEMBL330879,True,5.475,0.41719300090006295,2
WSDDCSPJUMHQSE-UHFFFAOYSA-N,N#CC(=Cc1ccc(O)c(O)c1)C(=O)c1ccc([N+](=O)[O-])cc1,CHEMBL56879,False,4.96,0.39259818304894534,3
IVPZQVJSLCFTTO-UHFFFAOYSA-N,Nc1ncnc2c1c(-c1ccc3occc3c1)nn2C1CCCC1,CHEMBL1241491,False,6.24,,1
SPUWUOGLPPVXCW-UHFFFAOYSA-N,CC(C)n1nc(-c2ccc3c(ccn3C)c2)c2c(N)ncnc21,CHEMBL1242384,False,6.02,,1
CDDJNPZYBJNIRP-UHFFFAOYSA-N,Cc1c(C(=O)NCCN2CCOCC2)[nH]c2cnnc(Nc3ccc(OCc4cccc(F)c4)c(Cl)c3)c12,CHEMBL1080506,False,5.3,,1
KQVFLNYZDGJFNM-UHFFFAOYSA-N,COc1cc2c(Nc3ccc(Cl)cc3F)ncnc2cc1OCCCN1CCCC1,CHEMBL2448067,False,7.0,,1
KYBMSHSKPVIZPW-UHFFFAOYSA-N,N#CC(C#N)=Cc1cc(O)ccc1[N+](=O)[O-],CHEMBL77085,False,4.02,,1
JTLHPKSZESHKCP-UHFFFAOYSA-N,C=CC(=O)N1CCCC1C(=O)Nc1cc2c(Nc3ccc(F)c(Cl)c3F)ncnc2cc1OCCOC,CHEMBL569880,True,8.05,,1
IQMLUMTUZSQCPT-UHFFFAOYSA-N,CN(C)CCCCNc1cc2ncnc(Nc3cccc(Br)c3)c2cn1,CHEMBL129825,False,8.13,0.0,2
GHVBIROTJQDRQB-UHFFFAOYSA-N,Nc1ccc2c(Nc3cccc(Br)c3)ncnc2c1,CHEMBL420624,False,10.0,,1
PYGHOKICNXHRRH-IUXPMGMMSA-N,Cn1c(-c2csc(N/N=C\c3ccc([N+](=O)[O-])o3)n2)nc2ccccc21,CHEMBL4750734,False,7.14,,1
KDPPKUHLJVHJSQ-UHFFFAOYSA-N,COc1cc(C=C(C#N)C(N)=O)cc(CSc2nc3ccccc3[nH]2)c1O,CHEMBL331026,True,4.84,0.41569219381653044,3
VUUXIIIZODMBCO-UHFFFAOYSA-N,COc1cc(C=C(C#N)C#N)cc(CSCC(=O)O)c1O,CHEMBL120719,False,4.145,0.1767766952966369,2
SPPRJVVDZRWCNP-UHFFFAOYSA-N,COc1ccc(CCNC(=O)C(C#N)=Cc2ccc(O)c(O)c2)cc1OC,CHEMBL56455,True,5.77,,1
NVVASLWKXTZLJN-UHFFFAOYSA-N,Nc1ccccc1NC(=O)c1ccc(-c2ccc3ncnc(Nc4ccc(OCc5cccc(F)c5)c(Cl)c4)c3c2)s1,CHEMBL1630112,False,8.55,,1
OZWPBBYNOKRDFB-LFIBNONCSA-N,Nc1ccccc1NC(=O)/C=C/c1cccc(-c2ccc3ncnc(Nc4ccc(OCc5cccc(F)c5)c(Cl)c4)c3c2)c1,CHEMBL1630114,True,7.31,,1
VERWOWGGCGHDQE-UHFFFAOYSA-N,Cc1cc(Nc2ncc(Cl)c(Nc3ccccc3S(=O)(=O)C(C)C)n2)c(OC(C)C)cc1C1CCNCC1,CHEMBL2403108,False,5.859999999999999,0.26870057685088766,2
TUWYBNVINIPLRH-UHFFFAOYSA-N,COc1cc2ncnc(Nc3ccc(F)c(Cl)c3)c2cc1OCCCCC(=O)Nc1ccc(S(N)(=O)=O)cc1,CHEMBL4877054,False,7.74,,1
IOCCYZUACQGGIM-UHFFFAOYSA-N,CCOc1cc2ncnc(Nc3cccc(-c4cocn4)c3)c2cc1OCC,CHEMBL126996,False,6.14,,1
OLYVUTGQXNIQQG-UHFFFAOYSA-N,C=CC(=O)Nc1cc2c(Nc3cccc(Br)c3)ncnc2cn1,CHEMBL51659,True,9.04,,1
YWBUMHFXOAMBLH-UHFFFAOYSA-N,CCc1nccn1Cc1ccc(Nc2nc3ncnc(Nc4ccc(F)c(Cl)c4)c3s2)cc1,CHEMBL471058,False,8.22,,1
LURCBUMOAWQHLM-UHFFFAOYSA-N,CN(C)Cc1ccc(Nc2nc3ncnc(Nc4ccc(F)c(Cl)c4)c3s2)cc1,CHEMBL513208,False,7.92,,1
CXCSYLLGUQWHHQ-UHFFFAOYSA-N,COC(=O)Cn1cc(-c2cccc(Cl)c2)c(=O)c2c(O)cc(OC)cc21,CHEMBL7866,False,6.045,1.6192745289171941,2
ZDBNBLMYAGHTJD-FFTQUWOASA-N,O=C1N/C=C/c2ccc(c(Br)c2)Oc2cc(cc(Br)c2O)CCNC(=O)C(=NO)Cc2ccc(c(Br)c2)Oc2cc(cc(Br)c2O)CC1=NO,CHEMBL360190,False,5.82,,1
AJMQODPAUXMBSS-UHFFFAOYSA-N,O=C1NCCc2ccc(O)c(c2)Oc2c(Br)cc(cc2Br)CCNC(=O)C(=NO)Cc2cc(Br)c(O)c(c2)Oc2c(Br)cc(cc2Br)CC1=NO,CHEMBL2333164,False,5.54,,1
FRKWMLCUONAHJH-UHFFFAOYSA-N,COc1ccc(-c2nn(C3CCCC3)c3ncnc(N)c23)cc1O,CHEMBL1242201,False,6.36,,1
HVUAYFFHDRNLOX-UHFFFAOYSA-N,CCOc1ccc(-c2nn(C3CCCC3)c3ncnc(N)c23)cc1O,CHEMBL1242289,False,6.12,,1
YNOUNHICEHQLNM-UHFFFAOYSA-N,CC(C)n1nc(-c2cccc(C#N)c2)c2c(N)ncnc21,CHEMBL1241679,False,4.0,,1
JFJRIADKVAOEDG-UHFFFAOYSA-N,Cc1cc(-c2nn(C(C)C)c3ncnc(N)c23)sc1C=O,CHEMBL1241947,False,5.0,,1
OUQOXXMJLDQZQC-UHFFFAOYSA-N,COc1cc(F)c(-c2nn(C(C)C)c3ncnc(N)c23)cc1F,CHEMBL1242027,False,4.99,,1
LTAJUBMRIAMNSU-UHFFFAOYSA-N,N#CC(=Cc1ccc(O)c(O)c1)C(=O)NCCCCCCCCNC(=O)C(C#N)=Cc1ccc(O)c(O)c1,CHEMBL279138,True,5.17,0.6929646455628169,2
OUHSPDFUQQCRMP-UHFFFAOYSA-N,COc1cc2ncc(C(=O)O)c(Nc3cccc(Cl)c3)c2cc1OC,CHEMBL1947122,False,5.04,,1
UYERHRWQQVHNFN-UHFFFAOYSA-N,COc1cc2ncc(C(=O)NC3CC(C)(C)N([O])C(C)(C)C3)c(Nc3ccc(F)c(Cl)c3)c2cc1OC,CHEMBL1947121,False,6.38,,1
VYRLLOPKZXQFGW-UHFFFAOYSA-N,CC1(C)CC(C(=O)Nc2ccc3ncnc(Nc4cccc(Br)c4)c3c2)CC(C)(C)N1[O],CHEMBL1946926,False,7.51,,1
VGQBMUAWNKHSJS-UHFFFAOYSA-N,Cc1ccc(C2=NN(C(N)=S)C(c3ccccc3Br)C2)cc1C,CHEMBL1173688,False,5.38,,1
JMRYQFOYVAUPPK-ACFHMISVSA-N,N#C/C(=C\c1ccc(O)c(O)c1)S(=O)(=O)/C(C#N)=C/c1ccc(O)c(O)c1,CHEMBL356324,False,5.67,1.0606601717798212,2
JUIDUMLDDCXYKB-UHFFFAOYSA-N,CC(=O)N1N=C(c2ccc(C)c(C)c2)CC1c1ccc(C)cc1,CHEMBL1173319,False,4.76,,1
DZUFTTMDQLYMBE-JOCHJYFZSA-N,CN(C)Cc1cc(C(=O)N[C@@H]2CCc3ccc(Oc4ccnc5c4CCC(=O)N5)cc3C2)cc(C(F)(F)F)c1,CHEMBL1688860,False,5.31,,1
MGJMZWXLGRKRAN-XLGCXCGNSA-N,CCOc1cc2ncc(C#N)c(Nc3ccc(OCc4ccccn4)c(Cl)c3)c2cc1NC(=O)/C=C/[C@@H]1C[C@@H](O)CN1C,CHEMBL3647419,True,7.23,0.0,3
MLQHINYGKQJJHD-INIZCTEOSA-N,CN1CCN(C(=O)Nc2cc3c(Nc4ccc(F)c(Cl)c4)ncnc3cc2O[C@H]2CCOC2)CC1,CHEMBL3092321,False,6.33,,1
SQWZVZOXRJHIJX-AWEZNQCLSA-N,O=C(Nc1cc2c(Nc3ccc(F)c(Cl)c3)ncnc2cc1O[C@H]1CCOC1)N1CCC(F)(F)C1,CHEMBL3092320,False,5.8,,1
DBFHHKASHGEKCJ-UHFFFAOYSA-N,C#CC(=O)NCCn1cc(-c2ncnc3cc(OC)c(OC)cc23)c(-c2cccc(OC)c2)n1,CHEMBL5567954,False,7.29,1.0040916292848974,2
IKDLHXFCJPKHJQ-OUZREKFBSA-N,C=CC(=O)N1CC[C@H](n2cc(-c3ccncn3)c(-c3cccc(/C=C/c4ncc(C5CC5)o4)c3)n2)C1,CHEMBL5537023,True,6.32,,1
OWSARESXAAVFSL-UHFFFAOYSA-N,COc1cc2ncnc(Nc3ccc(F)c(Cl)c3)c2cc1OCCCCNCc1ccc(-c2cccc(-c3ccccc3)c2C)nc1OC,CHEMBL5558842,False,6.47,,1
AFJGGZNITGUTBL-UHFFFAOYSA-N,COc1cc2ncnc(Nc3ccc(F)c(Cl)c3)c2cc1OCCCCCNCc1c(OC)cc(OCc2cccc(-c3ccccc3)c2C)cc1OC,CHEMBL5523403,False,6.83,,1
KMROOFNFVYWIQS-UHFFFAOYSA-N,COc1cc2ncnc(Nc3ccc(F)c(Cl)c3)c2cc1OCCCCCNC(=O)CN(C)Cc1c(OC)cc(OCc2cccc(-c3ccccc3)c2C)cc1OC,CHEMBL5566977,False,6.62,,1
NHJSWORVNIOXIT-UHFFFAOYSA-N,COc1cc(OC)cc(-c2cc3cnc(N)nc3nc2NC(=O)NC(C)(C)C)c1,CHEMBL299763,False,4.3,0.0,2
GFTOODFOXIDLNF-HSZRJFAPSA-N,C=CC(=O)Nc1cccc(-c2c(-c3ccccc3)oc3ncnc(N[C@H](CO)c4ccccc4)c23)c1,CHEMBL1172843,True,7.7,0.22500000000000017,4
UGBDLAMFDOZLBT-UHFFFAOYSA-N,C=CC(=O)N1CCC(C2CCNc3c(C(N)=O)c(-c4ccc(Oc5ccccc5)c(OC)c4)nn32)CC1,CHEMBL3927293,True,7.96,,1
FLLXVDVLNOYACV-UHFFFAOYSA-N,C=CC(=O)N1CCC(C2CCNc3c(C(N)=O)c(-c4cc(C)c(C)c(C)c4)nn32)CC1,CHEMBL5265797,True,5.61,,1
ZDWLIFUKOJCBAL-UHFFFAOYSA-N,C=CC(=O)N1CCC(C2CCNc3c(C(N)=O)c(-c4cc(OC)c5c(C)csc5c4)nn32)CC1,CHEMBL5266823,True,7.64,,1
SRXKFAPDNBKKAP-HNNXBMFYSA-N,C=CC(=O)N1CCC([C@@H]2CCNc3c(C(N)=O)c(-c4cc(OC)c(Br)c(OC)c4)nn32)CC1,CHEMBL5275348,True,5.96,,1
IFTGCWCVWKQAJP-UHFFFAOYSA-N,NC(=O)CCc1c(S)[nH]c2ccccc12,CHEMBL155607,False,4.66,,1
FZXFZHFLUJFRGT-UHFFFAOYSA-N,CCOC(=O)c1ccc(Nc2nncc3ccccc23)cc1,CHEMBL3906533,False,8.36,,1
LYKFUIDYYBNHOA-UHFFFAOYSA-N,N#Cc1ccc(Nc2nncc3ccccc23)cc1,CHEMBL3915508,False,8.39,,1
FKLAEEXSKVRKRN-UHFFFAOYSA-N,N#Cc1cccc(Nc2ncnc3cc4c(cc23)OCCO4)c1,CHEMBL4778159,False,7.48,0.1979898987322338,2
KGQFBQDSKGKTHM-UHFFFAOYSA-N,Oc1c(Br)cccc1Nc1ncnc2cc3c(cc12)OCCO3,CHEMBL4786797,False,6.22,0.1131370849898477,2
VOJXLWHAIRPZHM-GHRIWEEISA-N,CCn1c(O)cs/c1=N/Nc1nncc2ccccc12,CHEMBL3893698,False,7.33,,1
NLTRWNXCKUWDSD-OQKWZONESA-N,Oc1cs/c(=N/Nc2nncc3ccccc23)n1-c1ccc(Cl)cc1,CHEMBL3912723,False,7.38,,1
IFAAYTNDJIPJBZ-UHFFFAOYSA-N,Clc1ccc(C(C=Cc2ccccc2)=NNc2nncc3ccccc23)cc1,CHEMBL3966129,False,8.2,,1
IGXWHXJCDUCSBX-UHFFFAOYSA-N,Cc1ccc(C(C=Cc2ccc(F)cc2)=NNc2nncc3ccccc23)cc1,CHEMBL3983586,False,8.19,,1
JKHRCGUTYDNCLE-UHFFFAOYSA-O,Oc1cc(O)c2cc(O)c(-c3cc(O)c(O)c(O)c3)[o+]c2c1,CHEMBL590878,False,8.2,,1
BSFVNTMWZAAILN-UHFFFAOYSA-N,COc1ccccc1C(=O)Nc1cccc(Nc2nccc(-c3cccnc3)n2)c1,CHEMBL299707,False,4.0,,1
HFQHGGZJZTXYKH-UHFFFAOYSA-N,O=[N+]([O-])c1cccc(Nc2nccc(-c3cccnc3)n2)c1,CHEMBL56081,False,4.0,,1
TZJXEJDCWDKAIX-UHFFFAOYSA-N,COC(=O)c1ccc(-c2ccc(-c3ccccc3)cc2O)cc1,CHEMBL358092,False,4.85,,1
UHTFEUZQHUMEIG-UHFFFAOYSA-N,Cc1nc2c(Br)cc(Br)cc2c(=O)n1N,CHEMBL4871569,False,7.14,,1
YFQGFLOTVWXVMG-ONEGZZNKSA-N,CN(C)C/C=C/C(=O)Nc1cc2c(Nc3ccc(F)c(Cl)c3)ncnc2cc1OCC1C2COCC21,CHEMBL3892310,True,9.89,,1
KLTQGAMYJOKNCI-UHFFFAOYSA-N,NCc1cccc(C#Cc2cncnc2Nc2ccc(OCc3cccc(F)c3)c(Cl)c2)n1,CHEMBL206003,False,7.68,,1
YKQCCMOWWKAYOX-UHFFFAOYSA-N,OCc1nc(C#Cc2cncnc2Nc2ccc(OCc3cccc(F)c3)c(Cl)c2)cs1,CHEMBL205047,False,7.12,,1
CNRXAYAWNNSNLT-UHFFFAOYSA-N,CC(=O)Nc1cccc(C#Cc2cncnc2Nc2ccc(OCc3cccc(F)c3)c(Cl)c2)n1,CHEMBL205765,False,7.04,,1
WRXRFFUVXFNKGG-UHFFFAOYSA-N,Nc1nccc(C#Cc2cncnc2Nc2ccc(OCc3cccc(F)c3)c(Cl)c2)n1,CHEMBL381604,False,7.5,,1
UZGXHZBWNFJHQD-UHFFFAOYSA-N,CS(=O)(=O)CCC(=O)Nc1cccc(C#Cc2cncnc2Nc2ccc(OCc3cccc(F)c3)c(Cl)c2)c1,CHEMBL381080,False,7.3,,1
FSIMWMZEBKRAMX-UHFFFAOYSA-N,CS(=O)(=O)Nc1cccc(C#Cc2cncnc2Nc2ccc(OCc3cccc(F)c3)c(Cl)c2)c1,CHEMBL208358,False,6.96,,1
XHZBOSUWEVHTOZ-UHFFFAOYSA-N,O=NN(CCCl)C(=O)Nc1ccc2ncnc(Nc3cccc(Br)c3)c2c1,CHEMBL210660,False,7.33,,1
WXSKYCJZVRQQPF-UHFFFAOYSA-N,C=C(Cl)C(=O)Nc1cccc(Nc2nc(Nc3ccc(N4CCN(C(C)=O)CC4)c(C)c3)ncc2Cl)c1,CHEMBL4745868,True,7.29,,1
CYXKNKQEMFBLER-UHFFFAOYSA-N,C1CCC(C(CC2CCCCN2)C2CCCCC2)CC1,CHEMBL75880,False,5.83,,1
JEZCURNCWCILAV-UHFFFAOYSA-N,CCN1CCN(CC#CC(=O)Nc2ccc3ncnc(Nc4cccc(Br)c4)c3c2)CC1,CHEMBL92356,False,7.19,,1
HTQMVQVXFRQIKW-UHFFFAOYSA-N,CCOc1nc2cccc(C(=O)O)c2n1Cc1ccc(-c2ccccc2-c2nn[nH]n2)cc1,CHEMBL1016,False,5.49,,1
FNYQNCJFPUACPB-UHFFFAOYSA-N,CC(=O)OCN(C)N=Nc1ccc2ncnc(Nc3cccc(Cl)c3)c2c1,CHEMBL571809,False,6.62,,1
DRLWGTWSWZETCV-UHFFFAOYSA-N,COc1ccc(N=Cc2c(N)ncnc2Nc2ccc3c(cnn3Cc3cccc(F)c3)c2)cc1,CHEMBL525725,False,7.31,,1
PUGRPTFZBHHZPM-UHFFFAOYSA-N,COc1cc2ncnc(Nc3cccc(Cl)c3F)c2cc1OC1CCN(C)CC1,CHEMBL214798,False,8.7,,1
VWSRFEPDKHPDEZ-UHFFFAOYSA-N,COc1cc2ncnc(Nc3cc(Cl)ccc3F)c2cc1OC1CCN(S(C)(=O)=O)CC1,CHEMBL213007,False,9.0,,1
OVJBXXJEHMNNGX-UHFFFAOYSA-N,CC1=NC(SCc2ccccc2)=NC(c2ccc(O)cc2O)C1C(=O)Nc1ccc(C)cc1,CHEMBL1087054,True,4.03,,1
KGRJGNLGCSVYGU-UHFFFAOYSA-N,CC1=NC(Nc2ccc(S(=O)(=O)Nc3ncccn3)cc2)=NC(c2ccc(O)cc2O)C1C(=O)Nc1cccc([N+](=O)[O-])c1,CHEMBL1077068,True,4.05,,1
UOEMQXMYAZDBPE-LFYBBSHMSA-N,Oc1csc(=N/N=C/c2ccc(Cl)cc2)[nH]1,CHEMBL589823,False,5.71,,1
JJGWQXMAOXKYNE-UHFFFAOYSA-N,COc1cc(OC2CCN(C)CC2)c2c(Nc3ccc(F)c(Cl)c3)ncnc2c1,CHEMBL203295,False,7.68,,1
ZLOBJGZBDVGEJY-UHFFFAOYSA-N,CN1CCC(Oc2cccc3ncnc(Nc4ccc(F)c(Cl)c4)c23)CC1,CHEMBL203725,False,8.52,,1
RBTWAHILIITYGP-VVJOPDHISA-N,CC=C1C(=NC(=O)OC[C@@H]2COCCN2)NC2N=CN=C(Nc3ccc4c(cnn4Cc4ccccc4)c3)C12,CHEMBL567873,False,7.48,,1
XCCBBLZKVMCHHJ-UHFFFAOYSA-N,NC(=S)N1N=C(c2ccc(Cl)c(Cl)c2)CC1c1ccccc1F,CHEMBL1173665,False,5.18,,1
AAXJTXUUVCETME-UHFFFAOYSA-N,Cc1ccc(C2CC(c3ccc(C)c(C)c3)=NN2C(N)=S)cc1,CHEMBL1173813,False,6.47,,1
IKAISWCNBSSXHG-UHFFFAOYSA-N,CC(=O)N1N=C(c2ccc(C)c(C)c2)CC1c1ccc(F)cc1,CHEMBL1172603,False,4.81,,1
GCTHORYVLNGOSW-UHFFFAOYSA-N,COc1cc(N2CCN(C)CC2)ccc1Nc1ncc(Cl)c(Oc2ccc(N=C=S)cc2)n1,CHEMBL4204354,False,4.82,,1
YGKHBSOOIDIVBR-UHFFFAOYSA-N,O=C(NCCCl)Nc1ccc2ncnc(Nc3cccc(Cl)c3)c2c1,CHEMBL210444,False,7.66,,1
KPFSIXJFIXKKJO-UHFFFAOYSA-N,CCS(=O)(=O)Nc1cc(-c2ccc3ncnc(Nc4cccc(C(=O)OC)c4)c3c2)cnc1OC,CHEMBL4206585,False,6.39,,1
IXWIPBLBSYXVOW-UHFFFAOYSA-N,N#Cc1c(-c2ccc3ncc(C(N)=O)c(Nc4cccc(Br)c4)c3c2)csc1N,CHEMBL5416668,False,6.31,,1
JLXPNVOGDZTOJF-UHFFFAOYSA-N,OCC(O)CNc1cc2ncnc(Nc3cccc(Br)c3)c2cn1,CHEMBL126372,False,9.04,0.0,2
UBDZSHCYKRUUKT-UHFFFAOYSA-N,C=CC(=O)N1CC(Oc2cc3c(Nc4cccc(Cl)c4)ncnc3cc2OC)C1,CHEMBL3898690,True,8.8,,1
UYJVEQNGOYDANU-UHFFFAOYSA-N,C=CC(=O)N1CCC(Oc2cc3c(Nc4cccc(Cl)c4)ncnc3cc2OC)CC1,CHEMBL3932286,True,8.38,,1
CNIYGLSAPQPUEC-UHFFFAOYSA-N,C=CS(=O)(=O)NCCn1cc(-c2ncnc3cc(OC)c(OC)cc23)c(-c2cccc(OC)c2)n1,CHEMBL5561612,False,8.19,1.1455129855222068,2
MWSSSMXMJMXNIJ-UHFFFAOYSA-N,C=CC(=O)Nc1cc2c(Nc3ccc(Br)cc3F)ncnc2cc1OCC1=NCCO1,CHEMBL3671578,True,6.9,0.0,2
BZYKWEQWEPHEQZ-UHFFFAOYSA-N,COc1cc(-c2nn(C(C)C)c3ncnc(N)c23)ccc1O,CHEMBL1242112,False,6.04,,1
ATEOIYJMIPIXFL-UHFFFAOYSA-N,COCCOc1cc2ncnc(Nc3ccc(NC(=O)C45CC6CC(CC(C6)C4)C5)c(C)c3)c2cc1OCCOC,CHEMBL3764589,False,8.54,,1
DVTLAQZTCJXBPC-UHFFFAOYSA-N,COc1ccc(Nc2[nH]nc3ncnc(Nc4cccc(Cl)c4)c23)cc1,CHEMBL122411,False,7.52,,1
OHRLRZXRCWVJGT-KRUKBSHNSA-N,O=C1CCc2c(Oc3ccc4c(c3)[C@H]3[C@H](NC(=O)c5ccc(CN6CCN7CCC[C@@H]7C6)c(C(F)(F)F)c5)[C@H]3O4)ccnc2N1,CHEMBL5971901,False,9.68,0.33451457367355514,3
AMSONZZHZCNUHV-UHFFFAOYSA-N,COc1cc(N2CCC(N(C)C)CC2)ccc1Nc1ncc(Cl)c(Nc2ccccc2C(=O)C(N)=O)n1,CHEMBL5903567,False,7.36,0.5030208743183527,5
OKCOQQXHDZUFTL-UHFFFAOYSA-N,C=CC(=O)Nc1ccc(OC)c(Nc2ncc(Cl)c(Nc3ccccc3C(=O)C(=O)N(C)C)n2)c1,CHEMBL5847006,True,6.56,0.718971487612687,5
YBQICLDGWWEPMS-AWCRTANDSA-N,CCN1CCN(Cc2cc(F)cc(C(=O)N[C@@H]3[C@H]4Oc5ccc(Oc6ccnc7c6CCC(=O)N7)cc5[C@@H]34)c2)CC1,CHEMBL5885846,False,8.15,0.8792610533851705,3
NFBCSWGEYDCCDW-UHFFFAOYSA-N,Cc1cccc(Nc2ncnc3ccc(N)cc23)c1,CHEMBL336113,False,6.65,0.9192388155425113,2
QBIWREUCGXFGJR-UHFFFAOYSA-N,COc1cccc(Nc2ncnc3[nH]c(C)c(C)c23)c1,CHEMBL73301,False,5.92,,1
UYNGIWGAHXGANL-UHFFFAOYSA-N,CN1CCN(CCCOc2cc(OC3CCOCC3)c3c(Nc4ccc(F)c(Cl)c4)ncnc3c2)CC1,CHEMBL205776,False,7.18,,1
XWBXRICFTFJDSS-UHFFFAOYSA-N,COc1cc(C=C(C#N)C(N)=O)cc(SCCCC(=O)O)c1O,CHEMBL1161234,True,4.32,,1
IKNBLPJKSTZMSC-UHFFFAOYSA-N,Brc1ccc2c(c1)CNc1c(NCc3ccccc3)ncnc1O2,CHEMBL381306,False,4.869999999999999,0.49497474683058307,2
KLALEUZAQNFFBL-UHFFFAOYSA-N,Nc1ccc2c(c1)CNc1c(Nc3cccc(Br)c3)ncnc1O2,CHEMBL203132,False,5.77,,1
WFZQPBLGVOTMEJ-UHFFFAOYSA-N,COc1ccc2c(c1)CNc1c(Nc3ccc(F)c(Cl)c3)ncnc1O2,CHEMBL426124,False,5.835,0.30405591591021525,2
OZIQEFLVKCIGLR-UHFFFAOYSA-N,CC(C)N(CC#CC(=O)Nc1ccc2ncnc(Nc3cccc(Br)c3)c2c1)C(C)C,CHEMBL92961,False,7.01,,1
CLJJOJZHQFORCB-HJOGWXRNSA-N,CC(C)(N)c1cc(C(=O)N[C@@H]2[C@H]3Oc4ccc(Oc5ccnc6c5CCC(=O)N6)cc4[C@@H]23)cc(C(F)(F)F)c1,CHEMBL5896727,False,9.32,0.4509249752822892,3
QJJUWHGSXUKRET-MXQFTQDOSA-N,CN(C)[C@@H]1CCCN(c2ccc(C(=O)N[C@@H]3[C@H]4Oc5ccc(Oc6ccnc7c6CCC(=O)N7)cc5[C@@H]34)cc2C(F)(F)F)C1,CHEMBL6046965,False,8.77,0.38527046776690893,3
ONGVIYPMHRIZEX-QKDODKLFSA-N,CN1CCN(c2ccc(C(=O)N[C@@H]3[C@H]4Oc5ccc(Oc6ccnc7c6CCC(=O)N7)cc5[C@@H]34)cc2C(F)(F)F)CC1,CHEMBL6025187,False,8.29,0.5173329037798903,3
PNKFULCCPOFCJC-UHFFFAOYSA-N,C#Cc1cccc(Nc2c(C#N)cnc3cc(OCCOC)c(OCCOC)cc23)c1,CHEMBL95320,False,6.07,,1
BYSBLMVAHXUQDT-UHFFFAOYSA-N,CCN1CCN(Cc2ccc(C(=O)NC3C4Oc5c(C)cc(Oc6ccnc7c6CCC(=O)N7)cc5C34)cc2C(F)(F)F)CC1,CHEMBL5950429,False,9.4,0.4455707949735183,3
ZDVPZVBAWYNOOH-UHFFFAOYSA-N,COc1ccc(Nc2ncc3cc(-c4c(Cl)cccc4Cl)c(=O)n(C)c3n2)cc1,CHEMBL104153,False,6.66,,1
NKAFAOZJYRUFSQ-UHFFFAOYSA-N,CN(C)CCCOCc1ccn2ncnc(Nc3ccc4c(cnn4Cc4cccc(F)c4)c3)c12,CHEMBL245868,False,6.21,,1
AZWGHQIJMYOUGY-UHFFFAOYSA-N,C=CC(=O)Nc1cc2c(Nc3ccc(Br)cc3F)ncnc2cc1OCCCNC(=O)CS(C)(=O)=O,CHEMBL3639703,True,7.17,0.0,2
BTYFROXGYQVTDB-UHFFFAOYSA-N,C=CC(=O)Nc1cc2c(Nc3ccc(Br)cc3F)ncnc2cc1OCCNC(C)=O,CHEMBL3671491,True,8.7,0.0,2
YMDWARQKAFASNA-UHFFFAOYSA-N,C=CC(=O)Nc1cc2c(Nc3ccc(Br)cc3F)ncnc2cc1OCCNC(N)=O,CHEMBL3671497,True,8.4,0.0,2
HPLAILWNQKGFFP-SNAWJCMRSA-N,CC(C)N(C)C/C=C/C(=O)N1Cc2sc3ncnc(Nc4ccc(Cl)c(Cl)c4)c3c2C1,CHEMBL3655344,True,8.85,0.0,2
OZKNISAADTWAGZ-UHFFFAOYSA-N,Fc1ccc(Nc2ncnc3nc(Nc4ccc(CN5CCCC5)cc4)sc23)cc1Cl,CHEMBL470219,False,8.4,,1
PCOFCPRYWPQQMW-OAJJDEHYSA-N,COCCOc1cc2ncnc(Nc3ccc(F)c(Cl)c3)c2cc1NC(=O)/C=C/CN1CC[C@@H]1COC,CHEMBL5890119,True,8.85,,1
YNFCRDTVTDENKG-UHFFFAOYSA-N,NC1CCN(Cc2ccn3ncnc(Nc4ccc(OCc5cnccn5)c(Cl)c4)c23)CC1,CHEMBL248321,False,7.5,,1
XBSPHUIHEWDMHZ-UHFFFAOYSA-N,CC1(N)CCN(Cc2ccn3ncnc(Nc4ccc5c(cnn5Cc5cccc(F)c5)c4)c23)CC1,CHEMBL393264,False,7.3,,1
BFBSQOKQECCEPF-UHFFFAOYSA-N,Fc1cccc(Cn2ncc3cc(Nc4ncnn5ccc(CNC6CCNCC6)c45)ccc32)c1,CHEMBL392664,False,6.96,,1
XHEGSRSQWOQKMA-UHFFFAOYSA-N,CS(=O)(=O)N1CCCN(Cc2ccn3ncnc(Nc4ccc5c(cnn5Cc5cccc(F)c5)c4)c23)CC1,CHEMBL400413,False,6.68,,1
LWSWLSGAKCSXBP-UHFFFAOYSA-N,O=[N+]([O-])c1ccc2c(c1)S(=O)(=O)N=S2c1ccc(Br)cc1,CHEMBL605161,False,4.66,,1
KIFVNEIUOPEMEX-UHFFFAOYSA-N,COC(=O)c1ccc2c(c1)S(=O)(=O)N=S2c1ccc(Br)cc1,CHEMBL1917092,False,6.0,,1
AFTBNZZMNUUEFO-UHFFFAOYSA-N,Cc1cc(Nc2nc(Nc3ccccc3S(=O)(=O)C(C)C)c3c(C)[nH]nc3n2)c(OC(C)C)cc1C1CCN(C)CC1,CHEMBL3651854,False,6.02,,1
VVYBHXQAVZOHKY-UHFFFAOYSA-N,Fc1ccc(Nc2ncnc3ccc(C#CCN4CCCCC4)cc23)cc1Cl,CHEMBL251700,False,7.05,,1
GJJNPOJHPLSZEL-UHFFFAOYSA-N,N#CC(=Cc1cc(O)c(O)c(Br)c1)C(=N)C(C#N)C#N,CHEMBL77803,False,6.3,,1
RZPOCZHUFDCVQZ-UHFFFAOYSA-N,CC(Oc1cccc2ncnc(Nc3ccc4c(cnn4Cc4nccs4)c3)c12)C(=O)N1CCOCC1,CHEMBL257411,False,6.44,,1
DBDQLLPCPIODHI-UHFFFAOYSA-N,Oc1ccc(Nc2[nH]nc3ncnc(Nc4cccc(Cl)c4)c23)cc1,CHEMBL122182,False,8.1,,1
MPXQJBIEYPHEBG-UHFFFAOYSA-N,COc1cc2ncnc(Nc3ccc(-c4nc5ccccc5s4)c(O)c3)c2cc1OC,CHEMBL473351,False,5.66,,1
KSGYKTRNRCPDHT-UHFFFAOYSA-N,COCCON=Cc1c(N)ncnc1Nc1ccc2c(cnn2Cc2cccc(F)c2)c1,CHEMBL255237,False,7.85,,1
HVLLPZIYFHPUMI-UHFFFAOYSA-N,CON=Cc1c(N)ncnc1Nc1ccc2c(cnn2Cc2cccc(Cl)c2)c1,CHEMBL255656,False,7.64,,1
XVYIZCXCVOCNIJ-UHFFFAOYSA-N,Nc1c(Nc2ncnc3ccncc23)cccc1[N+](=O)[O-],CHEMBL441332,False,7.39,,1
VUXXEMFLKQIGNJ-UHFFFAOYSA-N,Nc1ccccc1Nc1ncnc2ccncc12,CHEMBL272258,False,6.6,,1
BNEUQUONQBLCSG-UHFFFAOYSA-N,CS(=O)(=O)CCNCc1nc(-c2ccc3ncnc(Nc4ccc(F)c(Cl)c4)c3c2)cs1,CHEMBL516375,False,7.46,,1
HHNDBIRJOUXEKG-UHFFFAOYSA-N,CC=CC(=O)Cc1cc2c(Nc3cccc(Br)c3)ncnc2cn1,CHEMBL501618,False,9.3,,1
KKQDGLFMSJXYAY-UHFFFAOYSA-N,C=CC(=O)Nc1[nH]cc2ncnc(Nc3cccc(C)c3)c12,CHEMBL516022,True,9.32,,1
CBTSPBLXZDFAGM-UHFFFAOYSA-N,C=CC(=O)Nc1[nH]cc2ncnc(Nc3ccc(F)c(Br)c3)c12,CHEMBL474141,True,9.14,,1
PJJVCBIKNDQROX-UHFFFAOYSA-N,CN(C)CCCN1Cc2cc3c(Nc4cccc(Br)c4)ncnc3cc21,CHEMBL489312,False,7.68,,1
BIZHBVVQAKQZDM-UHFFFAOYSA-N,O=C(Cc1c[nH]c2cc3ncnc(Nc4cccc(Br)c4)c3cc12)N1CCOCC1,CHEMBL489501,False,8.32,,1
NZUXTCRYWPXTJA-UHFFFAOYSA-N,CN1CCN(CCCNc2ncc3cc(-c4c(Cl)cccc4Cl)c(=O)n(C)c3n2)CC1,CHEMBL299194,False,5.06,0.0,2
SWWFXMGJQPPKRW-UHFFFAOYSA-N,Cc1[nH]c2ncnc(NCc3ccccc3)c2c1C,CHEMBL421686,False,5.97,,1
GUBROJUTOMZSOC-UHFFFAOYSA-N,CC(C)(C)c1cc(C=C(C#N)C(N)=O)cc(C(C)(C)C)c1O,CHEMBL490570,True,4.3,,1
YKLMGKWXBLSKPK-UHFFFAOYSA-N,CCOc1cc(C=C(C#N)C(N)=O)cc(CSc2ccccc2)c1O,CHEMBL485070,True,6.4,,1
CEQLJWDOOOWWJE-UHFFFAOYSA-N,N#CC(C#N)=Cc1cc(O)cc(O)c1,CHEMBL76905,False,4.43,,1
COAKEUWUHMJYBY-UHFFFAOYSA-N,C=c1cc(C(=O)N2CCN(CC)CC2)[nH]c1=Cc1c(O)[nH]c2ncnc(Nc3ccc(F)c(Cl)c3)c12,CHEMBL66570,True,7.89,,1
OUBJQRPJFFVNON-UHFFFAOYSA-N,CN(C)CCOc1cc2ncnc(Nc3ccc(F)c(Cl)c3)c2cc1NC(=O)c1cc([N+](=O)[O-])ccc1F,CHEMBL4796407,False,7.3,,1
RZWHBEIMXDDQAO-UHFFFAOYSA-N,O=[N+]([O-])c1ccc(F)c(CNc2cc3c(Nc4ccc(F)c(Cl)c4)ncnc3cc2OCCCN2CCOCC2)c1,CHEMBL4751768,False,6.62,,1
QRYCZHSAWWSBBU-UHFFFAOYSA-N,N#Cc1ccc(F)c(C(=O)Nc2cc3c(Nc4ccc(F)c(Cl)c4)ncnc3cc2OCCCN2CCOCC2)c1,CHEMBL4789811,False,8.89,,1
LXVFBDACKZRBFJ-UHFFFAOYSA-N,O=C(Nc1cc2c(Nc3ccc(F)c(Cl)c3)ncnc2cc1OCCCN1CCOCC1)c1cccc(C(F)(F)F)c1F,CHEMBL4760864,False,7.52,,1
WAUXMEICWDUJGA-UHFFFAOYSA-N,Oc1ccc(Nc2nnnc3sc4c(c23)CCC4)cc1,CHEMBL4251297,False,4.41,,1
VFCRMLIPZXPGDA-UHFFFAOYSA-N,CCc1cc(Nc2ncc(Br)c(Nc3ccc4nccnc4c3P(C)(C)=O)n2)c(OC)cc1N1CCC(N2CCN(CCS(C)(=O)=O)CC2)CC1,CHEMBL5206715,False,7.98,,1
AOUMXCXOJGAKLX-UHFFFAOYSA-N,COc1nc(Nc2ccc(-c3nc4ccccc4s3)c(OC)c2)c2cc[nH]c2n1,CHEMBL475351,False,5.29,,1
OQGBHQFXDSBPBX-IFMALSPDSA-N,CCN(C)C(=O)O[C@H]1CN[C@H](C#Cc2cc3ncnc(Nc4ccc(OCc5cccc(F)c5)c(Cl)c4)c3s2)C1,CHEMBL517585,False,7.3,,1
NKOJMDRKLJSOJR-JTHBVZDNSA-N,O=C(O[C@H]1CN[C@@H](C#Cc2cc3ncnc(Nc4ccc(OCc5cccc(F)c5)c(Cl)c4)c3s2)C1)N1CCOCC1,CHEMBL450396,False,7.3,,1
QNMCUDUCYPYEQM-UHFFFAOYSA-N,N#CC(C#N)=C1CCc2c1ccc(O)c2O,CHEMBL57300,False,5.16,0.0,2
XZBKAAPFQAVYSN-UHFFFAOYSA-N,CCn1c(=O)c(-c2c(Cl)cccc2Cl)cc2cnc(Nc3ccccc3)nc21,CHEMBL322298,False,6.7,,1
LYENTQSFLVZYRJ-UHFFFAOYSA-N,OCCN(CCO)c1cc2ncnc(Nc3cccc(Br)c3)c2cn1,CHEMBL128759,False,7.92,0.0,2
SRQBKAXEENMWFO-UHFFFAOYSA-N,O=C(O)CCNc1cc2ncnc(Nc3cccc(Br)c3)c2cn1,CHEMBL127086,False,9.215,0.0070710678118646965,2
KFKHOLUDECOBTE-UHFFFAOYSA-N,O=S(=O)(O)CCNc1cc2ncnc(Nc3cccc(Br)c3)c2cn1,CHEMBL128467,False,8.85,0.0,2
OGSIXNADGNBMNO-RTBURBONSA-N,COC[C@H]1Oc2cc3ncnc(Nc4cccc(Cl)c4)c3cc2O[C@@H]1COC,CHEMBL461792,False,8.0,,1
BQICCMIEJPWOLO-UHFFFAOYSA-N,OCCN(CCO)CCCNc1c(Br)cccc1Nc1ncnc2ccncc12,CHEMBL427832,False,8.92,,1
SAQZCYVBJOWEGO-UHFFFAOYSA-N,CN(C)CCCCNc1c(Br)cccc1Nc1ncnc2ccncc12,CHEMBL270501,False,8.13,,1
QWDRFLWOAINIIY-UHFFFAOYSA-N,OCN(CO)c1c(Br)cccc1Nc1ncnc2ccncc12,CHEMBL272477,False,7.85,,1
SJVLDEFAHRZRJJ-UHFFFAOYSA-N,Nc1ncc2ncnc(Nc3cccc(Br)c3)c2n1,CHEMBL53831,False,8.82,,1
OQQQTEPDBHVQDX-UHFFFAOYSA-N,COc1ccc2c(Nc3cccc(Br)c3)ncnc2n1,CHEMBL301549,False,6.58,,1
OXZMIHUVMWZIJT-UHFFFAOYSA-N,Nc1c(F)cccc1Nc1ncnc2ccncc12,CHEMBL270924,False,6.07,,1
GCZGNAXCDDMNDI-UHFFFAOYSA-N,COc1ccc(Nc2ncnc3ccncc23)c(N)c1,CHEMBL407591,False,6.17,,1
MKXXQHSAJJMCBR-UHFFFAOYSA-N,CNc1ccc2ncnc(Nc3cccc(Br)c3)c2n1,CHEMBL53156,False,8.5,,1
NJCGPPRBJLJTPA-UHFFFAOYSA-N,CNc1ccc2c(Nc3cccc(Br)c3)ncnc2c1,CHEMBL92812,False,8.275,0.1767766952966369,2
QKWCLFRBLRJXQM-UHFFFAOYSA-N,CC(=O)Nc1ccc2c(Nc3cccc(Br)c3)ncnc2c1,CHEMBL93461,False,7.39,,1
BNMOXMJDRLQWOW-UHFFFAOYSA-N,CN(C)c1ccc2ncnc(Nc3cccc(Br)c3)c2c1,CHEMBL52015,False,7.07,,1
VCOMYMMMFREKQC-UHFFFAOYSA-N,FC(F)(F)c1cccc(Nc2ncnc3ccccc23)c1,CHEMBL92824,False,6.23,,1
QPPYSOHWFOUKPX-UHFFFAOYSA-N,CC(Oc1cccc2ncnc(Nc3ccc(OCc4ccccn4)c(Cl)c3)c12)C(=O)N(C)C,CHEMBL428777,False,7.66,,1
CIGSBJHMSOROSY-UHFFFAOYSA-N,C=CC(=O)Nc1cc2c(Nc3ccc(F)c(Cl)c3)ncnc2cn1,CHEMBL53555,True,9.11,,1
HLIBFQDRDMBHNC-UHFFFAOYSA-N,CCOc1cc2ncnc(Nc3cccc(-c4cscn4)c3)c2cc1OCC,CHEMBL127223,False,7.75,,1
MNMIACDKHXNMKX-UHFFFAOYSA-N,Cc1[nH]c2ncnc(NC3CCCCC3)c2c1C,CHEMBL4106341,False,5.16,,1
LQZVTJLMRRUWTJ-UHFFFAOYSA-N,Cc1cc(Nc2ccnc(Nc3cccc(-c4nc5ccccc5s4)c3)n2)[nH]n1,CHEMBL491686,False,5.72,,1
HXMKNGQXLJHQDQ-KRWDZBQOSA-N,C[C@@H](COc1cccc2ncnc(Nc3ccc(OCc4ccccn4)c(Cl)c3)c12)N(C)C(=O)CO,CHEMBL403785,False,5.59,,1
HXMKNGQXLJHQDQ-QGZVFWFLSA-N,C[C@H](COc1cccc2ncnc(Nc3ccc(OCc4ccccn4)c(Cl)c3)c12)N(C)C(=O)CO,CHEMBL250130,False,8.52,,1
CXQHYVUVSFXTMY-UHFFFAOYSA-N,COc1cc2c(Oc3ccc(NC(=O)C4(C(=O)Nc5ccc(F)cc5)CC4)cc3F)ccnc2cc1OCCCN1CCOCC1,CHEMBL1230609,False,5.52,0.008164965809277159,6
CKGJCAISFNGPHH-UHFFFAOYSA-N,CNc1ncc2ncnc(Nc3cccc(C)c3)c2n1,CHEMBL52591,False,8.36,,1
FHXNETSSNWTSDM-UHFFFAOYSA-N,Nc1ccc2c(Nc3cccc(Br)c3)ncnc2n1,CHEMBL54474,False,6.02,,1
MVESBJXUUOGDMJ-UHFFFAOYSA-N,Cc1cccc(Nc2ncnc3ccncc23)c1N,CHEMBL405772,False,7.39,,1
VPHARLVYHLVLLI-UHFFFAOYSA-N,Nc1cc2ncnc(Nc3ccccc3N)c2cn1,CHEMBL124618,False,5.27,,1
DQYLUXJFGRYNJA-UHFFFAOYSA-N,CN1CCN(Cc2ccn3ncnc(Nc4ccc5c(cnn5Cc5cccc(F)c5)c4)c23)CC1,CHEMBL232082,False,6.77,,1
OYULNTIUXDXAGV-UHFFFAOYSA-N,OCCNCc1ccn2ncnc(Nc3ccc4c(cnn4Cc4cccc(F)c4)c3)c12,CHEMBL391321,False,7.35,,1
LDHBJRQPBHPMQU-UHFFFAOYSA-N,O=C(CN1CCCCC1)Nc1ccc2ncnc(Nc3cccc(Br)c3)c2c1,CHEMBL4166069,False,7.43,,1
SAGHGQPVPDHSSM-UHFFFAOYSA-N,O=C(CN1CCOCC1)Nc1ccc2ncnc(Nc3cccc(Br)c3)c2c1,CHEMBL4177348,False,7.01,,1
ZBZATSVLKXDTMV-UHFFFAOYSA-N,CC(C)(C)c1cc(NC(=O)Cc2ccc(Nc3ncnc4[nH]c(-c5ccc(S(C)(=O)=O)cc5)cc34)cc2)no1,CHEMBL4791960,False,4.25,,1
WMDXVGYOAFEKRU-UHFFFAOYSA-N,C=C=CC(=O)Nc1cc(Nc2nccc(-c3cn(C)c4ccccc34)n2)c(OC)cc1N1CCC(N2CCN(C)CC2)CC1,CHEMBL4279016,True,8.24,,1
OQZAOUZWULFNKT-UHFFFAOYSA-N,C=C=CC(=O)Nc1cc(Nc2nccc(-c3cn(C)c4ccccc34)n2)c(OC)cc1N1CCOCC1,CHEMBL4282954,True,7.87,,1
LOCXCPIOOAEETG-UHFFFAOYSA-N,OCCNc1c(Br)cccc1Nc1ncnc2ccncc12,CHEMBL270696,False,9.61,,1
JTTYQDXZSZXIEX-UHFFFAOYSA-N,CN(C)c1cccc(Nc2ncnc3ccncc23)c1N,CHEMBL406236,False,5.74,,1
LULATDWLDJOKCX-UHFFFAOYSA-N,O=C(O)c1cc(NCc2cc(O)ccc2O)ccc1O,CHEMBL319620,False,5.54,,1
ZJAASMJOPRABKY-UHFFFAOYSA-N,CS(=O)(=O)CCNCc1nc(-c2ccc3ncnc(Nc4ccc5c(cnn5Cc5ccccc5)c4)c3c2)cs1,CHEMBL472581,False,7.15,,1
ANTGDNVDDIVKOM-UHFFFAOYSA-N,C=CC(=O)Nc1cc2c(Cc3cccc(Br)c3)ncnc2cc1SCCCN(CC)CC,CHEMBL491676,True,9.11,,1
CUCCQODDQJYDHL-UHFFFAOYSA-N,C=CC(=O)Nc1cc2c(Cc3ccc(F)c(Cl)c3)ncnc2cc1OCCOCCCCO,CHEMBL522928,True,8.77,,1
CXHUEJLZRIDMGV-UHFFFAOYSA-N,COCCN1CCC(Oc2cc3c(Nc4cc(Cl)ccc4F)ncnc3cc2OC)CC1,CHEMBL215559,False,6.94,,1
BDLUIKGKNQFJIO-UHFFFAOYSA-N,COc1cc2ncnc(Nc3cccc(Cl)c3F)c2cc1OC1CCN(S(C)(=O)=O)CC1,CHEMBL387265,False,8.7,,1
PPYSXGBNOGMWKR-UHFFFAOYSA-N,C=CC(=O)Nc1cc2c(Nc3ccc(Br)cc3F)ncnc2cc1OCCNC(=O)C(C)N,CHEMBL3676389,True,7.75,0.0,2
NQECTGFZOQWBSF-UHFFFAOYSA-N,C=CC(=O)Nc1cc2c(Nc3ccc(Br)cc3F)ncnc2cc1OC1CCCN(C(C)=O)C1,CHEMBL3671559,True,6.89,0.0,2
SRZKOTJEDLCNES-UHFFFAOYSA-N,COc1cc(NC(=O)Nc2ccccn2)cc(-c2c[nH]cn2)c1OC,CHEMBL3753532,False,7.61,,1
QVLIRLCNXYKTNQ-UHFFFAOYSA-N,Cn1cnc(-c2cc(NC(=O)Nc3nccs3)cc(C(F)(F)F)c2)c1,CHEMBL3752916,False,6.51,,1
GLNRSAJLZFLIFA-UHFFFAOYSA-N,c1ccc(OCc2nnc(Cc3nc4ccccc4[nH]3)o2)cc1,CHEMBL4087921,False,4.33,0.0,2
RHSAUGZCZKFNLC-UHFFFAOYSA-N,COC1CCN(CCOc2[nH]nc3ncnc(Nc4ccc(OCc5ccccn5)c(Cl)c4)c23)CC1,CHEMBL411897,False,7.55,,1
UWUFUUGZSOQBCY-UHFFFAOYSA-N,Cc1ccc(Oc2ccc(Nc3ncnc4[nH]nc(OCCN5CCC(O)CC5)c34)cc2Cl)cn1,CHEMBL255170,False,8.15,,1
LVEXBQONPVYXPA-UHFFFAOYSA-N,COc1ccc(NC(=O)Nc2nc3nc(NCCCN4CCN(C)CC4)ncc3cc2-c2c(Cl)cccc2Cl)cc1,CHEMBL298679,False,6.14,,1
HZCGTIZXDADJDG-TZIWHRDSSA-N,CCS(=O)(=O)N[C@H]1CN[C@H](C#Cc2cc3ncnc(Nc4ccc(OCc5cccc(F)c5)c(Cl)c4)c3s2)C1,CHEMBL501705,False,7.3,,1
LLWBQDMKIRQBFT-UHFFFAOYSA-N,NS(=O)(=O)c1ccc(CCNC(=S)Nc2ccc3ncnc(Nc4cccc(C(F)(F)F)c4)c3c2)cc1,CHEMBL4857605,False,7.37,,1
YMNQLBXMJDELBC-UHFFFAOYSA-N,NS(=O)(=O)c1ccc(CCNC(=S)Nc2ccc3ncnc(Nc4ccc(OCc5cccc(F)c5)c(Cl)c4)c3c2)cc1,CHEMBL4848093,False,7.55,,1
YEIAMNOHYKXSFB-FPOVZHCZSA-N,CN(C)C(=O)O[C@@H]1CN[C@@H](C#Cc2cc3ncnc(Nc4ccc(OCc5cccc(F)c5)c(Cl)c4)c3s2)C1,CHEMBL466412,False,7.4,,1
NKOJMDRKLJSOJR-GMAHTHKFSA-N,O=C(O[C@@H]1CN[C@@H](C#Cc2cc3ncnc(Nc4ccc(OCc5cccc(F)c5)c(Cl)c4)c3s2)C1)N1CCOCC1,CHEMBL450109,False,7.4,,1
GWKMIVYJIGCSBU-FYYLOGMGSA-N,CCN(CC)C(=O)O[C@H]1CN[C@H](C#Cc2cc3ncnc(Nc4ccc(OCc5cccc(F)c5)c(Cl)c4)c3s2)C1,CHEMBL505626,False,7.2,,1
LSHMOEOLVFEUHJ-UHFFFAOYSA-N,COc1cc2c(Nc3ccc(Cl)cc3F)ncnc2cc1OCCCN1CCN(C)CC1,CHEMBL1744347,False,7.12,,1
TZBJGXHYKVUXJN-UHFFFAOYSA-N,O=c1c(-c2ccc(O)cc2)coc2cc(O)cc(O)c12,CHEMBL44,False,6.0,0.6466838485689897,5
ACZLAVUSXSLQRQ-OAQYLSRUSA-N,Nc1cccc(-c2c(-c3ccccc3)oc3ncnc(N[C@H](CO)c4ccccc4)c23)c1,CHEMBL2346678,False,6.69,,1
WLLKPDBSPXZCTG-UHFFFAOYSA-N,C#Cc1cccc(Nc2ncnc3ccc(OCCCCNCCS(C)(=O)=O)cc23)c1,CHEMBL517907,False,7.96,0.0,2
PEBATQNNPRRNAH-UHFFFAOYSA-N,CS(=O)(=O)CCNCCCCOc1ccc2ncnc(Nc3ccc(S(=O)(=O)c4ccccc4)cc3)c2c1,CHEMBL460732,False,7.03,0.0,2
NFCDGHRKDYRHJM-UHFFFAOYSA-N,CCc1c(CC(=O)O)cn2ncnc(Nc3ccc4c(cnn4Cc4ccccc4)c3)c12,CHEMBL372692,False,5.8,,1
RVFNMWDKGFLUFT-UHFFFAOYSA-N,CCc1c(CO)cn2ncnc(Nc3ccc4c(cnn4Cc4ccccc4)c3)c12,CHEMBL373025,False,6.31,,1
XLQRPZAGFWJWJE-UHFFFAOYSA-N,CCNCc1cn2ncnc(Nc3ccc4c(cnn4Cc4ccccc4)c3)c2c1CC,CHEMBL369967,False,5.13,,1
CKOIOGZBUCBMQF-UHFFFAOYSA-N,C=CC(=O)Nc1cccc(Oc2nc(Nc3ccc(N4CCN(CC(=O)OCCCCOc5no[n+]([O-])c5S(=O)(=O)c5ccccc5)CC4)cc3OC)ncc2Cl)c1,CHEMBL2381508,True,6.76,,1
ANVSBKWSKKMDIN-UHFFFAOYSA-N,C=CC(=O)Nc1cccc(Oc2nc(Nc3ccc(N4CCN(CC(=O)OCCOc5no[n+]([O-])c5S(=O)(=O)c5ccccc5)CC4)cc3OC)ncc2Cl)c1,CHEMBL2381506,True,7.23,,1
HCTZFBVISJHBHE-UHFFFAOYSA-N,Cn1c(SSc2c(C(=O)Nc3ccccc3)c3cccnc3n2C)c(C(=O)Nc2ccccc2)c2cccnc21,CHEMBL62701,False,4.65,,1
SDHREFOYUVJXGW-UHFFFAOYSA-N,COc1cc(N2CCN(C)CC2)ccc1Nc1ncc(C(=O)Oc2ccc(F)cc2)c(-c2cn(C)c3ccccc23)n1,CHEMBL5285052,False,9.55,,1
WARNUQMBQKGCIR-UHFFFAOYSA-N,COc1cc(N2CCC(N(C)C)CC2)ccc1Nc1ncc(C(=O)OC(C)C)c(-c2cn(C(C)=O)c3ccccc23)n1,CHEMBL5288276,False,9.07,,1
RLCCESPCQUPJAN-UHFFFAOYSA-N,C=CC(=O)Nc1cc2c(Nc3ccc(Br)cc3F)ncnc2cc1SCCNC(C)=O,CHEMBL3671516,True,6.96,0.0,2
RBVDARIRGNJNFG-UHFFFAOYSA-N,C=CC(=O)Nc1cc2c(Nc3ccc(Br)cc3F)ncnc2cc1OCCNC(=O)C=CCN(C)C,CHEMBL6028594,True,7.8,0.0,2
CUKHNNMXTRUTGY-UHFFFAOYSA-N,C=CC(=O)Nc1cc2c(Nc3ccc(Br)cc3F)ncnc2cc1OCCNC(=O)CC,CHEMBL3676390,True,6.23,0.0,2
YLOOVLOMQTYREV-UHFFFAOYSA-N,C=CC(=O)Nc1cc2c(Nc3ccc(Br)cc3F)ncnc2cc1OCCNC(=O)CCN(C)C,CHEMBL3671533,True,8.05,0.0,2
ZUDNAVLBOYSKME-UHFFFAOYSA-N,C=CC(=O)Nc1cc2c(Nc3ccc(Br)cc3F)ncnc2cc1OC1CCN(C(C)=O)C1,CHEMBL3671558,True,7.03,0.0,2
KARDRLFZPWJXEI-UHFFFAOYSA-N,C=CC(=O)Nc1cc2c(Nc3ccc(Br)cc3F)ncnc2cc1OCCNC(=O)c1cccs1,CHEMBL3671562,True,7.33,0.0,2
HFETUOIHWSJPSY-UHFFFAOYSA-N,C=CC(=O)Nc1cc2c(Nc3ccc(Br)cc3F)ncnc2cc1OCCNC(=O)C1CCCN1,CHEMBL3671567,True,5.71,0.0,2
PDIFYYQHVFGSAI-UHFFFAOYSA-N,C=CC(=O)Nc1cc2c(Nc3ccc(Cl)cc3F)ncnc2cc1OCCNC(=O)CN(C)C,CHEMBL3671585,True,6.38,0.0,2
GANZOBRZAGYPGJ-UHFFFAOYSA-N,C=CC(=O)Nc1cc2c(Nc3cc(Cl)c(Cl)cc3Cl)ncnc2cc1OCCNC(C)=O,CHEMBL3676342,True,6.06,0.0,2
LAPPKGYTRPDHPM-UHFFFAOYSA-N,C=CC(=O)Nc1cc2c(Nc3cc(Cl)c(Cl)cc3F)ncnc2cc1OCCNCC(C)=O,CHEMBL3676357,True,8.4,0.0,2
VGJRVAUEDBYNMP-UHFFFAOYSA-N,CCS(=O)(=O)CC(=O)NCCn1ccc2ncnc(Nc3ccc(Oc4cccc(C(F)(F)F)c4)c(Cl)c3)c21,CHEMBL2148045,False,7.51,,1
OKAKGUBQEBNENZ-UHFFFAOYSA-N,CCOC(=O)c1sc(N2N=C(c3ccc(Cl)cc3Cl)CC2c2ccc(OC)cc2)nc1C,CHEMBL5523623,False,7.39,,1
FBXXNXXLSPMLIC-UHFFFAOYSA-N,CCOC(=O)C(C#N)=C(c1ccc(O)cc1)n1cc(O)n(N=C(C)c2ccc(O)cc2O)c1=S,CHEMBL5557998,False,4.94,,1
AIANAUPKJGDVRP-UHFFFAOYSA-N,CN1CCN(c2ccc(Nc3ncc(Br)c(Nc4ccc5c[nH]nc5c4)n3)cc2)CC1,CHEMBL5173070,False,5.94,0.011547005383792334,3
UIEREVFTNLDBIE-UHFFFAOYSA-N,CN1CCN(c2ccc(Nc3ncc(Br)c(Nc4ccc5nccnc5c4)n3)cc2)CC1,CHEMBL5272206,False,6.39,,1
HQXBDRFBFAACQK-UHFFFAOYSA-N,C=CC(=O)Nc1cc(Nc2ncc(Br)c(Nc3ccc4cc[nH]c4c3)n2)ccc1N(C)CCN(C)C,CHEMBL5289059,True,8.06,,1
WOFIZAYJDLKJBI-ZZXKWVIFSA-N,COc1cc2ncc(C#N)c(Nc3ccc(F)c(Cl)c3)c2cc1NC(=O)/C=C/C(C)N1CCOCC1,CHEMBL114073,True,4.975,0.007071067811866266,2
RESICFNPLNQAOX-SNAWJCMRSA-N,COc1cc2ncnc(Nc3ccc(F)c(Cl)c3)c2cc1NC(=O)/C=C/n1cc(F)c(=O)[nH]c1=O,CHEMBL5429059,True,5.6,0.0,2
HKLOKSUROGEMSK-UHFFFAOYSA-N,C=CC(=O)Nc1cc2c(Nc3cccc(Br)c3)c(C#N)cnc2cc1OC,CHEMBL324718,True,6.09,0.0,2
LCQWLDFAXQYZBN-UHFFFAOYSA-N,C=CC(=O)Nc1ccc2ncnc(Nc3ccc(Br)cc3C)c2c1,CHEMBL3133902,True,5.66,,1
ITQFZYHSSUVBRB-UHFFFAOYSA-N,C=CC(=O)Nc1ccc2ncnc(Nc3cccc(C)c3F)c2c1,CHEMBL3133904,True,5.82,,1
GPZYOXSTUTWPHB-UHFFFAOYSA-N,O=c1oc2cc3ncnc(NCc4ccccc4)c3cc2n1CCCN1CCOCC1,CHEMBL2064400,False,4.19,,1
JOFXBKKTSVGEOP-UHFFFAOYSA-N,COc1cc2ncc(C#N)c(Nc3ccc(F)c(C(F)(F)F)c3)c2cc1OC,CHEMBL111688,False,6.8,,1
IKOYWGLBVGPRAG-UHFFFAOYSA-N,CCOc1cc2c(Nc3cccc(Br)c3)c(C#N)cnc2cc1OC,CHEMBL110065,False,4.48,,1
YSDJJHLEMPHMFB-UHFFFAOYSA-N,N#Cc1cnc2ccc(NC(=O)C#CCN3CCSCC3)cc2c1Nc1cccc(Br)c1,CHEMBL327023,False,6.26,0.0,3
WLEIXJUVTKOBDP-UHFFFAOYSA-N,Nc1cnc(C#Cc2cc3c(Nc4ccc(OCc5cccc(F)c5)c(Cl)c4)ncnc3s2)cn1,CHEMBL3416636,False,6.43,,1
DKOJJTJTHLDNCA-APSNUPSMSA-N,COc1cc2ncnc(Nc3cccc(Br)c3)c2cc1NC(=O)/C(F)=C/CN(C)C,CHEMBL3357654,True,8.59,,1
UUAOWKSAEYOOIY-UHFFFAOYSA-N,C=CC(=O)Nc1cccc(Oc2nc(Nc3ccc(N4CCN(C(C)=O)CC4)cc3OC(F)F)ncc2SC)c1,CHEMBL3798128,True,7.41,,1
YDWRFDRHSNTINI-UHFFFAOYSA-N,C=CC(=O)Nc1cccc(Oc2nc(Nc3ccc(N4CCN(C(=O)CC)CC4)cc3OC(F)F)ncc2SC)c1,CHEMBL3799428,True,7.33,,1
AEMMKQSFEPMYMC-UHFFFAOYSA-N,Fc1ccc(Oc2ncnc3ccccc23)cc1Cl,CHEMBL3628800,False,6.23,,1
VBMBJOHIWDFAKN-UHFFFAOYSA-N,CC=C1C(=NC(=O)OCCN2CCCCC2)NC2N=CN=C(Nc3ccc4c(cnn4Cc4ccccc4)c3)C12,CHEMBL566350,False,7.42,,1
AFUSGRPTOLBVBL-QJOMJCCJSA-N,Cc1ncc([N+](=O)[O-])n1C/C(=N/NC(=O)c1ccc(N)cc1)c1ccc(Br)cc1,CHEMBL3088219,False,6.37,,1
CEYLERMRBKSAND-UHFFFAOYSA-N,Cc1cccc(Nc2ncnc3[nH]c4c(c23)CCCC4)c1,CHEMBL307062,False,6.09,,1
YLOVBNCIDYKIDW-UHFFFAOYSA-N,Cn1c(=O)c(-c2c(Cl)cccc2Cl)cc2cnc(Nc3cccc(O)c3)nc21,CHEMBL321193,False,6.82,,1
HEFUQOMXBZIABJ-UHFFFAOYSA-N,C=CC(=O)N1CCC(C2CCNc3c(C(N)=O)c(-c4cc(OC)c(Oc5ccccc5)c(OC)c4)nn32)CC1,CHEMBL5266785,True,5.33,,1
UZGZLCVPKWOCDZ-UHFFFAOYSA-N,CNc1ncc2cc(-c3c(Cl)cccc3Cl)c(=O)n(C)c2n1,CHEMBL107472,False,5.12,,1
VJXPAFUFNWABLT-UHFFFAOYSA-N,COc1cc(-c2nc3ccccc3s2)ccc1OCC(=O)NNC(=O)CNC(Cc1c[nH]c2ccccc12)C(=O)O,CHEMBL5171983,False,6.68,,1
UATWOAYHIISFBR-UHFFFAOYSA-N,CCC(=O)Nc1ccc2nccc(Nc3cccc(Br)c3)c2c1,CHEMBL1092382,False,7.8,,1
RFZCRPOSLBJMCF-UHFFFAOYSA-N,Cc1[nH]c2ncnc(Nc3cccc(Cl)c3)c2c1-c1ccccc1,CHEMBL308593,False,6.64,,1
YZOFLYUAQDJWKV-UHFFFAOYSA-N,N#CC(C#N)=Cc1cc(O)c(O)c(O)c1,CHEMBL310798,False,5.52,,1
KNAJKXGUAHBQTI-UHFFFAOYSA-N,COc1cc2c(Nc3ccc(Cl)cc3F)ncnc2cc1OCC1CCN(C)CC1,CHEMBL2448065,False,6.52,,1
YDFSDWFVXLJPNL-UHFFFAOYSA-N,COc1cc2ncnc(Nc3ccc(N4Cc5ccccc5C4)cc3)c2cc1OC,CHEMBL491677,False,5.8,,1
ATFMIAUVGADIRH-UHFFFAOYSA-N,Cn1c(-c2csc(NN=C3CCCC3)n2)nc2ccccc21,CHEMBL4780058,False,6.96,,1
QGTZVPJSLUGONA-NHDPSOOVSA-N,COc1ccc(/C=N\Nc2nc(-c3nc4ccccc4n3C)cs2)cc1OC,CHEMBL4740646,False,6.68,,1
HXUNBLWPPKQBAN-UHFFFAOYSA-N,COc1ccccc1Nc1nccc(-c2cc3c([nH]2)C2(CCN(C(=O)C#CN(C)C)CC2)CNC3=O)n1,CHEMBL5088102,False,8.28,,1
BOURCKXZYDOVSP-UHFFFAOYSA-N,O=C1CCN(Cc2ccn3ncnc(Nc4ccc5c(cnn5Cc5cccc(F)c5)c4)c23)CCN1,CHEMBL233324,False,6.62,,1
ISWJWVDIXBDXGN-UHFFFAOYSA-N,OC1CCN(Cc2ccn3ncnc(Nc4ccc5c(cnn5Cc5cccc(F)c5)c4)c23)CC1,CHEMBL401443,False,7.17,,1
IUDNEWGUEHBBOQ-ISKFKSNPSA-N,O=C(O[C@H]1CN[C@H](C#Cc2cc3ncnc(Nc4ccc5c(Oc6ccccn6)cccc5c4)c3s2)C1)N1CCOCC1,CHEMBL452716,False,5.98,,1
XGLISBDQVHVZBR-UHFFFAOYSA-N,Nc1ncnc2ncn(CC(=O)c3c[nH]c4ccccc34)c12,CHEMBL485246,False,4.09,,1
JIEAIEPFEUNUQF-UHFFFAOYSA-N,O=C(CCc1c(SSc2[nH]c3ccccc3c2CCC(=O)NCc2ccccc2)[nH]c2ccccc12)NCc1ccccc1,CHEMBL293261,False,6.07,0.0,2
LSYOWFCFCUXBCR-UHFFFAOYSA-N,OB(O)c1ccc(COc2ccc3ncnc(Nc4cccc(Cl)c4)c3c2)cc1,CHEMBL3347498,False,6.07,,1
GYXVNTAYSSWZCJ-UHFFFAOYSA-N,CC(=O)c1nn(-c2ccccc2)cc1C(=O)c1c(C)[nH]c(-c2ccccc2)c1-c1ccccc1,CHEMBL3739750,False,5.33,,1
YTFRDKYCZHOSMM-UHFFFAOYSA-N,COc1cc(C2=C(c3c[nH]c4ccccc34)CNC2=O)cc(OC)c1OC,CHEMBL529663,True,4.64,,1
KLBORDPMVQMMRO-UHFFFAOYSA-N,CN1CCCN(Cc2ccn3ncnc(Nc4ccc5c(cnn5Cc5cccc(F)c5)c4)c23)CC1,CHEMBL234577,False,6.89,,1
QHGVESLEXVDJPY-UHFFFAOYSA-N,COC(=O)C1CCN(Cc2ccn3ncnc(Nc4ccc5c(cnn5Cc5cccc(F)c5)c4)c23)CC1,CHEMBL231663,False,6.0,,1
CIAUVJBQJHPXQG-UHFFFAOYSA-N,Cc1cc2cc(Nc3ccnc4cc(-c5ccc(CN(C)CCO)cc5)sc34)ccc2[nH]1,CHEMBL81375,False,6.85,,1
AVBDTONYELTCBP-UHFFFAOYSA-N,CCOc1cc2ncnc(Nc3cccc(-c4nccs4)c3)c2cc1OCC,CHEMBL126192,False,8.7,,1
HANZKDSBPBFJQB-XMMPIXPASA-N,CN(C)CC(=O)Nc1cccc(-c2c(-c3ccccc3)oc3ncnc(N[C@H](CO)c4ccccc4)c23)c1,CHEMBL2347966,False,7.32,,1
ZJHGIJPRXGNXSH-UHFFFAOYSA-N,COCCOc1cc(OC2CCOCC2)c2c(Nc3ccc(F)c(Cl)c3)ncnc2c1,CHEMBL382041,False,6.17,,1
BXHASRYUULFTCY-UHFFFAOYSA-N,COc1cc(OC2CCOCC2)c2c(Nc3ccc(F)c(Cl)c3)ncnc2c1,CHEMBL205783,False,5.86,,1
YKKHGAQJLNLGMM-UHFFFAOYSA-N,N#CC(=Cc1cc(O)c(O)c(CSc2nc3ccccc3s2)c1)C(N)=O,CHEMBL333553,True,5.345000000000001,0.21920310216782976,2
YOKVZXZOOHPMFL-UHFFFAOYSA-N,CN(C)CCNc1cc2ncnc(Nc3cccc(Br)c3)c2cn1,CHEMBL128432,False,7.35,0.0,2
OETCDAITXCDXIB-UHFFFAOYSA-N,O=C(C#CCCN1CCOCC1)Nc1ccc2ncnc(Nc3ccc(F)c(Cl)c3)c2c1,CHEMBL204085,False,8.77,,1
RCUSFXIASRCUQJ-UHFFFAOYSA-N,Nc1ncnc(Nc2ccc3c(cnn3Cc3cccc(F)c3)c2)c1C=NN1CCCCC1,CHEMBL524457,False,7.52,,1
DWZFIFZYMHNRRV-UHFFFAOYSA-N,COc1cc(C=C(C#N)C#N)cc(O)c1O,CHEMBL80155,False,5.22,,1
ATUGWBRHDFGSKE-UHFFFAOYSA-N,Cc1cc(C)c(O)c(CN(Cc2ccc(O)cc2)C(=S)Nc2ccccc2)c1,CHEMBL592247,False,5.23,,1
HBCSFXYVXXYAFA-UHFFFAOYSA-N,CCCCN(Cc1cccc(Cl)c1O)C(=S)Nc1ccccc1,CHEMBL589413,False,4.74,,1
ZWTDGNAYZGJMGN-UHFFFAOYSA-N,Oc1csc(=NN=Cc2cc(F)ccc2O)[nH]1,CHEMBL602328,False,6.01,,1
AYMYWHCQALZEGT-UHFFFAOYSA-N,O=C(C=Cc1ccc(O)c(O)c1)c1ccc(O)cc1O,CHEMBL128000,False,4.949999999999999,0.21213203435596445,2
PARGQTASVFTBFK-HPNDGRJYSA-N,NCCCCCCC(=S)N/N=C1\CC2(CCCCC2)Oc2c1ccc1ccccc21,CHEMBL4244030,False,5.85,,1
XXSQNJQHHHVCBG-UHFFFAOYSA-N,COc1cc2c(Nc3ccc(-c4nc5ccccc5s4)cc3O)ncnc2cc1OCCCN1CCN(C)CC1,CHEMBL595142,False,6.46,,1
MZWALFBOTNMRTP-UHFFFAOYSA-N,COc1cc2c(Nc3ccc(-c4nc5ccccc5s4)c(C)c3)ncnc2cc1OCCCN1CCN(C)CC1,CHEMBL596087,False,7.5,,1
NSXLLHJZQNFGCH-UHFFFAOYSA-N,COc1cc2c(N(C)c3ccc(-c4nc5ccccc5s4)c(OC)c3)ncnc2cc1OCCCN1CCN(C)CC1,CHEMBL593770,False,5.85,,1
BYQCSRHAARJJML-UHFFFAOYSA-N,O=S(=O)(O)CCNc1c(Br)cccc1Nc1ncnc2ccncc12,CHEMBL270895,False,8.85,,1
RYYYBFUXSZRPRD-UHFFFAOYSA-N,OCCN(CCO)CCNc1c(Br)cccc1Nc1ncnc2ccncc12,CHEMBL271623,False,8.03,,1
QMOSIXMIXVFZRG-UHFFFAOYSA-N,Cc1cccc(Nc2ncnc3cnc(Cl)nc23)c1,CHEMBL52823,False,6.42,,1
KIJZNASQHHBSGG-UHFFFAOYSA-N,Clc1ncc2ncnc(Nc3cccc(Br)c3)c2n1,CHEMBL53311,False,7.08,,1
CYDSVLVEOYKRBO-UHFFFAOYSA-N,CN(C)c1ccc2c(Nc3cccc(Br)c3)ncnc2n1,CHEMBL50245,False,6.48,,1
DVVACVMEJKXNQG-UHFFFAOYSA-N,Fc1ccc2c(Nc3cccc(Br)c3)ncnc2n1,CHEMBL291701,False,6.16,,1
QKKBUEUVYPZNQC-UHFFFAOYSA-N,Nc1cc(Br)ccc1Nc1ncnc2ccncc12,CHEMBL271617,False,7.59,,1
CUGIQQYIIZWZGE-WUXMJOGZSA-N,COc1ccc(/C=N/N=c2[nH]c(O)cs2)cc1,CHEMBL592708,False,5.24,,1
XNBMKLASHVMECR-UYAOXDASSA-N,CNC(=O)O[C@H]1CN[C@H](C#Cc2cc3ncnc(Nc4ccc(OCc5cccc(F)c5)c(Cl)c4)c3s2)C1,CHEMBL466586,False,7.3,0.0,2
YNAWKCAJCGIVQB-UHFFFAOYSA-N,CS(=O)(=O)CCNCCCCOc1ccc2ncnc(Nc3ccc(OCc4ccccc4)cc3)c2c1,CHEMBL15346,False,7.13,0.0,2
OZCTZZBPWFFISD-UHFFFAOYSA-N,C=CC(=O)Nc1cc2c(Nc3ccc(Br)cc3F)ncnc2cc1OCCNC(=O)CNC,CHEMBL3671532,True,6.87,0.0,2
GRBIBILPWGFKCS-UHFFFAOYSA-N,C=CC(=O)Nc1cc2c(Nc3ccc(Br)c(Cl)c3F)ncnc2cc1OCC(C)NC(=O)CN(C)C,CHEMBL3676375,True,7.06,0.0,2
BKFLJXMODULWTK-UHFFFAOYSA-N,COc1cc(N2CCN(C)CC2)ccc1Nc1ncc(Cl)c(Oc2cccc(NC(=O)CCN3CCN(CCO)CC3)c2)n1,CHEMBL3237936,False,5.62,,1
SMOUXXKBECLANC-HNNXBMFYSA-N,CC[C@H](C)Nc1cc(Nc2ccnc(-c3cnn(S(=O)(=O)C4CC4)c3)n2)ncc1C(=O)NCCCF,CHEMBL5405737,False,7.26,,1
PDXYGSYLHJULFZ-UHFFFAOYSA-N,Fc1cccc(Cn2ncc3cc(Nc4ncnn5ccc(CN6CCCC6)c45)ccc32)c1,CHEMBL391675,False,6.3,,1
KLQFKOVDEHUNHU-UHFFFAOYSA-N,CC(C)n1nc(-c2ccc(O)cc2)c2c(N)ncnc21,CHEMBL1241241,False,6.04,,1
ZXLCCABWVQDAOS-UHFFFAOYSA-N,COc1cccc(-c2nn(C(C)C)c3ncnc(N)c23)c1OC,CHEMBL1242751,False,5.44,,1
ZSMLGVFRQDVJPG-GQCTYLIASA-N,CCOc1cc2ncc(C#N)c(Nc3ccc(F)c(Cl)c3)c2cc1NC(=O)/C=C/c1cn(CCF)nn1,CHEMBL1243346,True,8.39,,1
ADXSZLCTQCWMTE-UHFFFAOYSA-N,Nc1cc2ncnc(Nc3cccc(Br)c3)c2cc1N,CHEMBL328216,False,9.92,0.47920072342739006,3
GUHJZZKAWYPNAQ-OWOJBTEDSA-N,O=C(/C=C/CN1CCC1CO)Nc1cc2c(Nc3ccc(F)c(Cl)c3)ncnc2cc1OCC1CC1,CHEMBL5760776,True,8.02,,1
ONIUQGNHYUWMOG-UHFFFAOYSA-N,C=c1cc(C(=O)N2CCOCC2)[nH]c1=Cc1c(O)[nH]c2ncnc(Nc3ccc4c(cnn4Cc4ccccc4)c3)c12,CHEMBL67003,True,8.74,,1
CCHZXKUIBPNVKD-UHFFFAOYSA-N,COc1ccc(Nc2ncnc3cc(OC)c(OC)cc23)cc1OC,CHEMBL544833,False,6.46,,1
DLSREUWBAOWMKZ-UHFFFAOYSA-N,COc1cc2ncnc(Sc3cccc(Cl)c3)c2cc1OC,CHEMBL135902,False,8.0,,1
ONOZVTJDHKAIOL-UHFFFAOYSA-N,Cc1cccc(Nc2ncnc3ccc(NC(=O)N(CCCl)N=O)cc23)c1,CHEMBL210502,False,5.97,,1
IZQHULBHKPGOAP-UHFFFAOYSA-N,Nc1ccc2ncnc(Nc3cccc(Br)c3)c2c1,CHEMBL52765,False,7.36,0.2059935274064049,3
QZLWDYINRJTWPO-UHFFFAOYSA-N,Cc1ncnc(Nc2ccc(OCc3cccc(F)c3)c(Cl)c2)c1C=Cc1ccc(CN2CCOCC2)cc1,CHEMBL1683964,False,6.92,,1
RPEVJAKUNSLTDG-SOFGYWHQSA-N,Cc1c(NC(=O)/C=C/CN(C)C)ccc2ncnc(Nc3ccc(OCc4ccccn4)c(Cl)c3)c12,CHEMBL5571416,True,9.27,,1
NXVZNVMICNOVJM-FNORWQNLSA-N,CN(C)C/C=C/C(=O)Nc1ccc2ncnc3c2c1C=CN3c1ccc(OCc2ccccn2)c(Cl)c1,CHEMBL5572514,True,9.09,,1
MHRLVGRDCBMEMM-NBILRRPASA-N,CN1CCC[C@@H]1/C=C/C(=O)Nc1ccc2ncnc3c2c1C=CN3c1ccc(OCc2ccccn2)c(Cl)c1,CHEMBL5572660,True,8.72,,1
LLEGONWDLMTBGZ-UHFFFAOYSA-N,Fc1ccc(-c2csc(N3N=C(c4ccc(N5CCOCC5)cc4)CC3c3ccc(Cl)cc3)n2)cc1,CHEMBL4516916,False,4.63,,1
ZJSVPMISCNDWRC-UHFFFAOYSA-N,COc1cc2ncnc(Nc3ccc(F)c(Cl)c3)c2cc1OCCCCCCNCc1c(OC)cc(OCc2cccc(-c3ccccc3)c2C)cc1OC,CHEMBL5562753,False,6.08,,1
UBFGEBRNWJXDQR-UHFFFAOYSA-N,COc1cc2ncnc(-c3c[nH]nc3-c3cccc(OCc4ccc5c(c4)CN(C)C5=O)c3)c2cc1OC,CHEMBL5566816,False,6.43,,1
IFVCDWBELOLOON-VWLOTQADSA-N,C=CC(=O)N1CC[C@H](n2cc(-c3ccncc3)c(-c3cccc(COc4ccc5c(c4)CN(C)C5=O)c3)n2)C1,CHEMBL5555813,True,5.43,,1
SNGQUXXOIHSAPK-UHFFFAOYSA-N,COc1cc2ncnc(Nc3ccc(F)c(Cl)c3)c2cc1NC(=O)CCCCCCC(O)=NO,CHEMBL597773,False,8.68,,1
NEZCKIVFZVYNMQ-UHFFFAOYSA-N,COc1cc2ncnc(NCc3ccc(Cl)c(F)c3)c2cc1OCCCCCCC(O)=NO,CHEMBL596957,False,7.14,,1
VBHAKJWIPATPSB-UHFFFAOYSA-N,ON=C(O)c1sccc1Nc1nc(Nc2ccc(N3CCOCC3)cc2)ncc1Cl,CHEMBL5542997,False,7.79,,1
TVQHGTHLBVLBIA-UHFFFAOYSA-N,O=C(C#CCO)Nc1ccc2ncnc(Nc3ccc(F)c(Cl)c3)c2c1,CHEMBL202411,False,8.85,,1
VAEVBQSUBIGLJX-UHFFFAOYSA-N,O=C(Nc1cnn(-c2ccccc2)c1)c1ccc(NS(=O)(=O)c2ccccc2)cc1,CHEMBL4445843,False,4.59,,1
ZJFHPZCFLNJSIZ-UHFFFAOYSA-N,COc1cccc(-n2cc(NC(=O)c3cccc(NS(=O)(=O)c4ccccc4)c3)cn2)c1,CHEMBL4520103,False,4.64,,1
YBTGSICVFTUYDM-UHFFFAOYSA-N,Oc1csc(=NN=C2CCCCC2)[nH]1,CHEMBL591053,False,4.39,,1
SCJAFDTZIMGDML-LGJNPRDNSA-N,COc1cc(/C=N/NC(=O)COc2nc(C)nc3c2c(C)nn3-c2ccccc2)cc(OC)c1OC,CHEMBL4786003,False,5.38,0.0,2
JIUUXRCORNFWPR-UHFFFAOYSA-N,CC1=NNC2Oc3ncn(N)c(=N)c3C(c3ccccc3Br)C12,CHEMBL5400975,False,7.22,,1
ZEXVIFSUAXRZBO-UHFFFAOYSA-N,C=c1cc(C(=O)NCC(O)CN(CC)CC)[nH]c1=Cc1c(O)[nH]c2ncnc(Nc3ccc(F)c(Cl)c3)c12,CHEMBL304271,True,9.35,,1
LYJHHXBOBVEKHY-YLJYHZDGSA-N,O=C(O[C@H]1CN[C@H](C#Cc2cc3ncnc(Nc4ccc(OCc5cscn5)c(Cl)c4)c3s2)C1)N1CCOCC1,CHEMBL508760,False,6.92,,1
HRADRJGXRLBLGD-ISKFKSNPSA-N,O=C(O[C@H]1CN[C@H](C#Cc2cc3ncnc(Nc4ccc5c(cnn5Cc5cc(F)ccc5F)c4)c3s2)C1)N1CCOCC1,CHEMBL500072,False,7.48,,1
NTFALCNBJWUTSW-LXEPAOBVSA-N,CC=C1C(=NC(=O)O[C@H]2CC[C@@](C)(N)CC2)NC2N=CN=C(Nc3ccc4c(cnn4Cc4ccccc4)c3)C12,CHEMBL567197,False,7.72,,1
TXSZGBMOPCXBTP-UHFFFAOYSA-N,C=CC(=O)N1CCCC1C(=O)Nc1cc2c(Nc3cccc(Cl)c3F)ncnc2cc1OCCOC,CHEMBL571040,True,7.89,,1
FOTCGZPFSUWZBN-UHFFFAOYSA-N,C=CC(=O)c1ccc2ccccc2c1,CHEMBL154580,False,5.0,,1
GCUMNDWPHKJKFB-UHFFFAOYSA-N,COc1cc(C2NCCc3c2[nH]c2ccccc32)ccc1OCc1ccc(F)c(Br)c1,CHEMBL5555183,False,4.29,,1
BLPCFKNVCFEYJU-UHFFFAOYSA-N,CN(C)CCCCCNc1c(Br)cccc1Nc1ncnc2ccncc12,CHEMBL411243,False,8.07,,1
KASWPNVHJFXSKQ-UHFFFAOYSA-N,CN(C)CCNc1c(Br)cccc1Nc1ncnc2ccncc12,CHEMBL270713,False,7.34,,1
CQIDHXOFSYZJNX-UHFFFAOYSA-N,OCC(O)CNc1c(Br)cccc1Nc1ncnc2ccncc12,CHEMBL270695,False,9.03,,1
CZMCXMIIVHUIPE-UHFFFAOYSA-N,Oc1cc2ncnc(Nc3cccc(Br)c3)c2cc1O,CHEMBL93032,False,9.76,,1
MYOUXQLHWTWXON-VZYCLNPTSA-O,CO[C@H]1[C@@H]([N+](C)(C)C)C[C@@H]2O[C@@]1(C)n1c3ccccc3c3c4c(c5c6ccccc6n2c5c31)C(=O)NC4,CHEMBL335648,False,7.72,,1
GRENHRYHWHSBLM-VZYCLNPTSA-N,CO[C@H]1[C@@H](N(C)C(C)=O)C[C@@H]2O[C@@]1(C)n1c3ccccc3c3c4c(c5c6ccccc6n2c5c31)C(=O)NC4,CHEMBL130163,False,5.58,,1
PDVPMUDAAPKQBR-UHFFFAOYSA-N,COc1cc2c(Oc3ccc(NS(=O)(=O)c4cccc(-c5ccoc5)c4)cc3F)ccnc2cc1OCCCN1CCOCC1,CHEMBL3263960,False,5.41,,1
DCZPJWOVYXWMRG-UHFFFAOYSA-N,COc1cc2c(Oc3ccc(NS(=O)(=O)c4ccc(-c5cnn(C)c5)cc4)cc3F)ccnc2cc1OCCCN1CCN(C)CC1,CHEMBL3263966,False,5.36,,1
JZHLJSQRMBQYME-UHFFFAOYSA-N,COc1cc2c(Oc3ccc(NS(=O)(=O)c4cccc(-c5cccs5)c4)cc3F)ccnc2cc1OCCCN1CCN(C)CC1,CHEMBL3263968,False,5.98,,1
DNGKMKTZKCGWMO-FYYLOGMGSA-N,O=C(O[C@H]1CN[C@H](C#Cc2cc3ncnc(Nc4ccc5c(cnn5S(=O)(=O)c5cccc(F)c5)c4)c3s2)C1)N1CCOCC1,CHEMBL451074,False,6.64,,1
JOAKGRBKTPJXHB-XNMGPUDCSA-N,O=C(O[C@H]1CN[C@H](C#Cc2cc3ncnc(Nc4ccc5c(ccn5CCc5ccccc5)c4)c3s2)C1)N1CCOCC1,CHEMBL447720,False,5.5,,1
VNYKLXOIIZFVQW-UHFFFAOYSA-N,COc1cccc(-c2cn(C3CC(C(=O)NCCO)C3)c3ncnc(N)c23)c1,CHEMBL354310,False,6.48,,1
OMQOMUUJUACRFX-NFBKMPQASA-N,O=C(O[C@H]1CN[C@H](C#Cc2cc3ncnc(Nc4ccc5c(ccn5Cc5cscn5)c4)c3s2)C1)N1CCOCC1,CHEMBL451347,False,6.17,,1
BDKWLPNYCJDNMC-UHFFFAOYSA-N,Nc1ncnc2c1ncn2CC(=O)c1ccccc1,CHEMBL520515,False,4.12,,1
TURWKCNNQKWOTA-UHFFFAOYSA-N,O=C(C#CCN1CCOCC1)Nc1ccc2ncnc(Nc3ccc(F)c(Cl)c3)c2c1,CHEMBL202621,False,7.07,,1
JCUNURGXJBYRFK-UHFFFAOYSA-N,CCCCN(CC#CC(=O)Nc1ccc2ncnc(Nc3ccc(F)c(Cl)c3)c2c1)CCCC,CHEMBL202398,False,7.4,,1
CJRAVDZBPHZSKH-GTNRWADMSA-N,C[C@H]1CN(Cc2ccc(C(=O)N[C@@H]3[C@H]4Oc5ccc(Oc6ccnc7c6CCC(=O)N7)cc5[C@@H]34)cc2C(F)(F)F)CCN1,CHEMBL5773114,False,9.52,0.32005207909546973,3
LAGLTBCHFAHIEE-UHFFFAOYSA-N,COC(=O)c1c(OCCN(C)C)c2ccccc2c2oc3c(c12)C(=O)c1ccccc1C3=O,CHEMBL201865,False,4.51,,1
KZHGNEQISTYYRV-UHFFFAOYSA-N,COc1ccc(OC)c(Nc2cc(NCCc3cccs3)ncn2)c1,CHEMBL4283097,False,6.9,,1
AUFNWHLGERWYHJ-UHFFFAOYSA-N,Clc1ccc(Nc2cc(Nc3cccc(Cl)n3)ncn2)cc1,CHEMBL4288262,False,6.49,,1
FDPQKRUPPHXZMQ-UHFFFAOYSA-N,O=C(O)CCCC(=O)Nc1cc(N2CCOCC2)ncn1,CHEMBL4283970,False,7.28,,1
XYGDYCMPYIUPHS-UHFFFAOYSA-N,CONC(=O)c1cc(Nc2ncnn3cc(NC(=O)OCC4CCCO4)c(C(C)C)c23)c(F)cc1F,CHEMBL370266,False,5.26,,1
GGPWWEAGMSDXFA-UHFFFAOYSA-N,CON=Cc1c(N)ncnc1Nc1ccc(OCc2cccc(F)c2)c(Cl)c1,CHEMBL256297,False,7.92,,1
TUVKKBPRVDBWKZ-UHFFFAOYSA-N,CON=Cc1c(N)ncnc1Nc1ccc2c(cnn2Cc2ccccc2)c1,CHEMBL402113,False,7.36,,1
ZQYQKUIFZATHRG-UHFFFAOYSA-N,C#Cc1cccc(Nc2ccnc3cc(OCCOC)c(OCCOC)cc23)c1,CHEMBL1089203,False,7.52,,1
NBPZAZKNOBYORP-AWCRTANDSA-N,CCN1CCN(Cc2ccc(C(=O)N[C@@H]3[C@H]4Oc5ccc(Oc6ccnc7c6CCC(=O)N7)cc5[C@@H]34)cc2OC(F)(F)F)CC1,CHEMBL5798869,False,8.92,0.5330415868704179,3
KTEIFNKAUNYNJU-GFCCVEGCSA-N,C[C@@H](Oc1cc(-c2cnn(C3CCNCC3)c2)cnc1N)c1c(Cl)ccc(F)c1Cl,CHEMBL601719,False,6.17,,1
SCHZJSMNFSXTPZ-UHFFFAOYSA-N,C=CC(=O)N1CCC(Oc2nc(Nc3ccc(N4CCOCC4)cc3)nc3[nH]cc(-c4cncc(NC)n4)c23)CC1,CHEMBL4443805,True,5.9,,1
ZTIZNUWTTGLAGF-UHFFFAOYSA-N,COc1ccc(NC(=O)c2ccc(N(CCCl)CCCl)cc2)cc1,CHEMBL589588,False,7.1,,1
MKBPBVLIFVBKCV-TZIWHRDSSA-N,CCC(=O)O[C@H]1CN[C@H](C#Cc2cc3ncnc(Nc4ccc(OCc5cccc(F)c5)c(Cl)c4)c3s2)C1,CHEMBL500381,False,7.2,,1
VCCJAEXPICPGMM-QKDODKLFSA-N,O=C1CCc2c(Oc3ccc4c(c3)[C@H]3[C@H](NC(=O)c5ccc(CN6CCNCC6)c(C(F)(F)F)c5)[C@H]3O4)ccnc2N1,CHEMBL5786132,False,9.27,0.31262330900515534,3
SCGBVARXTMVSJL-DTXPUJKBSA-N,CCN1CCN(Cc2ccc(C(=O)N[C@@H]3[C@H]4Oc5ccc(Oc6ccnc7c6CCC(=O)N7)cc5[C@@H]34)cc2C)CC1,CHEMBL5845171,False,8.82,0.3980368492154133,3
NZFZJXGMCMWQJQ-HJOGWXRNSA-N,Cc1cc(C(=O)N[C@@H]2[C@H]3Oc4ccc(Oc5ccnc6c5CCC(=O)N6)cc4[C@@H]23)ccc1CO,CHEMBL5945719,False,8.21,0.31942656954820375,3
XOWXEYBPOGNLJY-DTXPUJKBSA-N,CN1C(C)(C)CC(Oc2ccc(C(=O)N[C@@H]3[C@H]4Oc5ccc(Oc6ccnc7c6CCC(=O)N7)cc5[C@@H]34)cc2C(F)(F)F)CC1(C)C,CHEMBL5895307,False,7.869999999999999,0.21213203435596445,2
FBHYBOKWBSZCDR-GSDHBNRESA-N,CN1CCN(Cc2ccc(C(=O)N[C@@H]3[C@H]4Oc5ccc(Oc6ccnc7c6CNC(=O)N7)cc5[C@@H]34)cc2C(F)(F)F)CC1,CHEMBL5972309,False,9.82,0.46872166581031877,3
ATEFPOUAMCWAQS-UHFFFAOYSA-N,O=c1ccc2ccc(O)c(O)c2o1,CHEMBL244948,False,5.12,0.0,2
PBBRWFOVCUAONR-UHFFFAOYSA-N,CC(C)(C)n1nc(-c2ccc(Cl)cc2)c2c(N)ncnc21,CHEMBL406845,False,6.32,,1
HDRKTFQABULLHE-UHFFFAOYSA-N,O=C(Nc1ccc(Br)cc1)Nc1ncnc2nn3ccccc3c12,CHEMBL178488,False,5.0,,1
WDHFTVGVBNGSLV-UHFFFAOYSA-N,C=CC(=O)NC1=CC=C2N=CN=C(Nc3ccc(Oc4ccccc4)cc3)C21,CHEMBL474343,True,8.24,,1
IGDHQJMAOBJFFR-UHFFFAOYSA-N,CN(C)Cc1c[nH]c2cc3ncnc(Nc4cccc(Br)c4)c3cc12,CHEMBL287007,False,8.3,0.4101219330881982,2
FKFFXIBNVYSRTJ-UHFFFAOYSA-N,CN(C)c1cc2ncnc(Nc3cccc(Br)c3)c2cn1,CHEMBL53428,False,10.05,0.0,2
WPUBKZIJROOKPL-UHFFFAOYSA-N,Brc1cccc(Nc2ncnc3cc(NCCCN4CCOCC4)ncc23)c1,CHEMBL126623,False,8.72,0.0,2
NZOUYCUXQQRUNF-UHFFFAOYSA-N,COc1cc2ncnc(Nc3ccc(F)c(Cl)c3)c2cc1CN(C)C(C)C(N)=O,CHEMBL461968,False,8.075,0.035355339059325995,2
QNBDIJUSIIMDQQ-UHFFFAOYSA-N,CCOC(=O)c1ccc(N2CCOCC2)c(NS(=O)(=O)c2cc(Br)c(Cl)s2)c1,CHEMBL461782,False,4.96,,1
ZHGLJJSISHRVHL-SOFGYWHQSA-N,COc1cc2ncc(C#N)c(Nc3ccc(OCc4ccccn4)c(Cl)c3)c2cc1NC(=O)/C=C/CN(C)C,CHEMBL5665391,True,7.779999999999999,1.0465180361560904,2
QMVUXJFOCASEQU-UHFFFAOYSA-N,Nc1nc(Nc2cccc(Br)c2)c2cc(CCc3cccc4ccccc34)[nH]c2n1,CHEMBL484108,False,5.32,,1
PRGQUWCDXPFMCG-UHFFFAOYSA-N,COc1cc(C2=C(c3cn(COCc4ccccc4)c4ccccc34)CNC2=O)cc(OC)c1OC,CHEMBL453336,True,4.85,,1
OBFNFWMFLWGMPB-UHFFFAOYSA-N,COc1cc(C2=C(c3cn(COCC[Si](C)(C)C)c4ccccc34)CNC2=O)cc(OC)c1OC,CHEMBL486437,True,4.66,,1
UJOLEOSCPIKNFG-UHFFFAOYSA-N,COc1c(Br)cccc1Nc1ncnc2ccncc12,CHEMBL441333,False,7.4,,1
MUDNFYFQYCKQEI-UHFFFAOYSA-N,NC1CCN(Cc2ccn3ncnc(Nc4ccc(OCc5ccccn5)c(Cl)c4)c23)CC1,CHEMBL248116,False,7.44,,1
PQSHNUPLASBIBU-UHFFFAOYSA-N,CON=Cc1c(N)ncnc1Nc1ccc(OCc2cc(F)cc(F)c2)c(Cl)c1,CHEMBL256529,False,7.48,,1
XALBFMNZSNKUKP-AATRIKPKSA-N,COc1cc2ncnc(Nc3cccc(Cl)c3F)c2cc1Oc1ccnc(/C=C/CN(C)C)c1,CHEMBL5646965,False,9.4,0.5416025603090642,4
CXLKPXBPOPTFNY-UHFFFAOYSA-N,COc1ccc(CNc2cc3c(Nc4cccc(Br)c4)ncnc3cn2)cc1,CHEMBL53299,False,8.63,,1
DFSDQJWWAXBBHO-UHFFFAOYSA-N,COCCOc1cc2ncnc(Nc3cccc(OS(=O)(=O)F)c3)c2cc1OCCOC,CHEMBL5633067,False,9.08,1.1648748144471723,3
OJTHZXQYOZHIGN-UHFFFAOYSA-N,C=CS(=O)(=O)Oc1cccc(Nc2ncnc3cc(OCCOC)c(OCCOC)cc23)c1,CHEMBL5631882,False,6.23,,1
JMXAEGILRYCLRR-UHFFFAOYSA-N,COCCOc1cc2ncnc(Nc3ccc(O)c(C=O)c3)c2cc1OCCOC,CHEMBL5632485,False,6.71,,1
JNQVLMKZVXBKIK-UHFFFAOYSA-N,C=Cc1ccnc(Oc2cc3c(Nc4cccc(Cl)c4F)ncnc3cc2OC)c1,CHEMBL5647150,False,8.705,0.8414570696119924,2
YKWQMQSCCFKVSX-UHFFFAOYSA-N,NP(=O)(Oc1ccc2ncnc(Nc3cccc(Br)c3)c2c1)N(CCCl)CCCl,CHEMBL4077956,False,8.04,,1
QINSOUANYOEWLZ-UHFFFAOYSA-N,NP(=O)(OCCCOc1ccc2ncnc(Nc3cccc(Br)c3)c2c1)N(CCCl)CCCl,CHEMBL4069003,False,8.52,,1
GQKBKXCKNKSJGG-UHFFFAOYSA-N,NP(=O)(OCCCCCOc1ccc2ncnc(Nc3cccc(Br)c3)c2c1)N(CCCl)CCCl,CHEMBL4060320,False,8.64,,1
PRHCQSIFZOASTC-UHFFFAOYSA-N,COc1cccc(-c2nnc(Cc3nc4ccccc4[nH]3)o2)c1OC,CHEMBL4065301,False,4.21,0.0,2
NRTDESOZDQQZNE-UHFFFAOYSA-N,C=CC(=O)C(C)c1cc2c(Nc3cccc(Br)c3)ncnc2cn1,CHEMBL491083,False,9.77,,1
CKKXVDUFLGRWTH-UHFFFAOYSA-N,CC=CC(=O)Cc1ccc2ncnc(Nc3cccc(Br)c3)c2c1,CHEMBL491085,False,9.26,,1
CCLOLDJDODCDTH-VOTSOKGWSA-N,O=C(/C=C/C(F)(F)F)Cc1ccc2ncnc(Nc3cccc(Br)c3)c2c1,CHEMBL507827,False,8.76,,1
MNTPHEDYAYAHDF-UHFFFAOYSA-N,OCC(O)CN1Cc2cc3c(Nc4cccc(Br)c4)ncnc3cc21,CHEMBL521572,False,8.8,,1
TVSKFMAUUMEPPY-RTBURBONSA-N,COC[C@H]1Oc2cc3ncnc(Nc4cccc(I)c4)c3cc2O[C@@H]1COC,CHEMBL516979,False,8.78,,1
VJCSJCNFHDFCJI-VMPITWQZSA-N,COc1cc2nccc(Nc3ccc(F)c(Cl)c3)c2cc1NC(=O)/C=C/C(C)N(C)C,CHEMBL472943,True,5.28,,1
RSVNNWQHWIOIOC-UHFFFAOYSA-N,COc1cc2ncnc(Nc3cccc(C)c3)c2cc1OC,CHEMBL56802,False,8.32,0.028284271247461298,2
IYCITBYBDPSBBJ-UHFFFAOYSA-N,Cc1ccc(NC(=O)c2ccc(CN3CCN(C)CC3)cc2)cc1-c1ccc2ccncc2c1,CHEMBL521887,False,6.16,,1
BMSYYYVQJGFDHW-HSZRJFAPSA-N,CC(=O)Nc1ccc(-c2c(-c3ccccc3)oc3ncnc(N[C@H](CO)c4ccccc4)c23)cc1,CHEMBL2347964,False,6.75,,1
CYVRFHRDWQAJGA-XYPYZODXSA-N,COc1cc2ncc(N[C@H]3CC[C@H](O)CC3)nc2cc1OC,CHEMBL104466,False,5.43,,1
CZUVMGAHFHQKLM-UHFFFAOYSA-N,c1ccc2sc(-c3ccc(Nc4ncnc5[nH]ccc45)cc3)nc2c1,CHEMBL518803,False,5.89,,1
CXJQAZDGOBZGLJ-UHFFFAOYSA-N,COc1cc(Nc2ncnc3[nH]ccc23)ccc1-c1nc2ccccc2s1,CHEMBL462162,False,6.14,,1
WDMOOFMBMGLZGY-UHFFFAOYSA-N,CC(C)n1nc(-c2cccc(S(N)(=O)=O)c2)c2c(N)ncnc21,CHEMBL1242031,False,4.0,,1
WXCKXLFOEBUZDO-UHFFFAOYSA-N,Nc1ncnc2c1c(-c1ccc(Cl)c(O)c1)nn2CC1CCNCC1,CHEMBL1241859,False,4.0,,1
VBUMOGXFBGYXDV-UHFFFAOYSA-N,CC(C)n1nc(-c2ccc(O)c(F)c2)c2c(N)ncnc21,CHEMBL1241945,False,5.98,,1
HWDOWDDBEOZIIE-MRXNPFEDSA-N,C=CC(=O)N1CCc2c(sc3ncnc(N[C@H](CC)c4ccccc4)c23)C1,CHEMBL1272223,True,7.34,,1
BCBRJDZMKPNHMU-UHFFFAOYSA-N,Fc1ccc(Nc2ncnn3cccc23)cc1Cl,CHEMBL185637,False,6.96,,1
SJLCKPQILXEAQP-UHFFFAOYSA-N,Cc1cc2c(Nc3ccc(F)c(Cl)c3)ncnn2c1,CHEMBL186080,False,6.82,,1
QUMXZLSLZVWESB-UHFFFAOYSA-N,Cc1ccn2ncnc(Nc3ccc4c(cnn4Cc4ccccc4)c3)c12,CHEMBL429827,False,7.07,,1
YZSXZMHGIYILFK-UHFFFAOYSA-N,Cc1ccn2ncnc(Nc3ccc4[nH]ncc4c3)c12,CHEMBL247100,False,6.68,,1
GZOONDSECSSONX-QFIPXVFZSA-N,c1ccc(Cn2ncc3cc(Nc4ncnn5ccc(COC[C@@H]6CNCCO6)c45)ccc32)nc1,CHEMBL396079,False,6.3,,1
KAKJQMPMDALLHT-RMKNXTFCSA-N,CN(C)C/C=C/C(=O)N1CCC(n2nc(-c3ccc(Oc4ccccc4)cc3)c3c(N)ncnc32)CC1,CHEMBL3917698,True,6.57,0.0,2
XJKTUTUQMCPTDY-UHFFFAOYSA-N,NC1CCN(Cc2ccn3ncnc(Nc4ccc(OCc5cccc[n+]5[O-])c(Cl)c4)c23)CC1,CHEMBL248322,False,7.16,,1
VTBGXVHIEWGJBV-UHFFFAOYSA-N,NC1CCN(Cc2ccn3ncnc(Nc4ccc(OCc5cccnc5)c(Cl)c4)c23)CC1,CHEMBL391387,False,6.82,,1
DBBVLPYZSAWTHY-UHFFFAOYSA-N,NC1CCN(Cc2ccn3ncnc(Nc4ccc5c(cnn5Cc5ccncc5)c4)c23)CC1,CHEMBL247916,False,6.28,,1
BXYUWIKGVQXGEA-ZUURVNMSSA-N,CCOc1cc2ncc(C#N)c(Nc3ccc(OCc4ccccn4)c(Cl)c3)c2cc1NC(=O)/C=C/[C@@H]1CCCN1,CHEMBL3647418,True,8.22,0.0,3
CLVSAAPONJRSGJ-UHFFFAOYSA-N,CN1CCN(CCCNc2ncc3cc(-c4c(Cl)cccc4Cl)c(NC(=O)NC4CCCCC4)nc3n2)CC1,CHEMBL51028,False,6.06,,1
SGAPFIIMUCHBHJ-UHFFFAOYSA-N,ON=C(O)c1ccsc1Nc1nc(Nc2ccc(N3CCOCC3)cc2)ncc1Cl,CHEMBL5563885,False,7.46,,1
QXIJLZUHVBQWAZ-UHFFFAOYSA-N,Nc1ncnc(Nc2ccc(OCc3ccccc3)c(Cl)c2)c1C(=O)NNC(=O)CCN1CCOCC1,CHEMBL472544,False,6.21,,1
LBJMYNVKLCTMEK-UHFFFAOYSA-N,NNC(=O)c1c(N)ncnc1Nc1ccc(OCc2ccccc2)c(Cl)c1,CHEMBL511478,False,6.34,,1
HNEORRPIDMAPCB-UHFFFAOYSA-N,Cn1c([Se][Se]c2c(C(=O)O)c3ccccc3n2C)c(C(=O)O)c2ccccc21,CHEMBL334915,False,5.46,,1
RLICCWOKSVSSOF-UHFFFAOYSA-N,COc1ccc(CC(CO)n2cc(-c3cccc(O)c3)c3c(N)ncnc32)cc1,CHEMBL169467,False,5.47,,1
RRXSXSCXMPQLTP-UHFFFAOYSA-N,Cc1ncnc(Nc2ccc(OCc3cccc(F)c3)c(Cl)c2)c1C#Cc1ccc(CN(C)C)cc1,CHEMBL1934625,False,8.15,,1
MCIKCKGVVBUURA-UHFFFAOYSA-N,Cc1ncnc(Nc2ccc(OCc3cccc(F)c3)c(Cl)c2)c1C#Cc1ccc(CN2CCCC2)c(F)c1,CHEMBL1934626,False,6.72,,1
PYEJINQLXNJQOF-UHFFFAOYSA-N,NC(=S)NN=C(C=Cc1ccccc1Br)c1ccccc1,CHEMBL1830259,False,4.58,,1
ZRLIMAZFTOPXOJ-UHFFFAOYSA-N,COc1ccc(C(C=Cc2ccccc2)=NNC(N)=S)cc1,CHEMBL1830275,False,5.06,,1
JOEZGPVMIDNCJZ-UHFFFAOYSA-N,COc1cccc(-c2cn(C3CCCC3)c3ncnc(N)c23)c1,CHEMBL168382,False,6.34,,1
IYINYGZMZPUBOK-FPOVZHCZSA-N,CCNC(=O)O[C@@H]1CN[C@@H](C#Cc2cc3ncnc(Nc4ccc(OCc5cccc(F)c5)c(Cl)c4)c3s2)C1,CHEMBL461869,False,7.3,,1
NKOJMDRKLJSOJR-GGAORHGYSA-N,O=C(O[C@@H]1CN[C@H](C#Cc2cc3ncnc(Nc4ccc(OCc5cccc(F)c5)c(Cl)c4)c3s2)C1)N1CCOCC1,CHEMBL447365,False,7.1,,1
YEIAMNOHYKXSFB-PZJWPPBQSA-N,CN(C)C(=O)O[C@H]1CN[C@@H](C#Cc2cc3ncnc(Nc4ccc(OCc5cccc(F)c5)c(Cl)c4)c3s2)C1,CHEMBL466175,False,7.1,,1
SVZZZOQIVCYFKH-UHFFFAOYSA-N,COC(=O)C1=Cc2c(ncnc2Nc2ccc(Oc3cccc(C(F)(F)F)c3)c(Cl)c2)NCC1,CHEMBL2348419,False,6.96,,1
ANVYMDPUMZNGLO-UHFFFAOYSA-N,OCC(CO)Nc1cc2ncnc(Nc3cccc(Br)c3)c2cn1,CHEMBL125568,False,7.85,0.0,2
HQIGZYYYFPXURI-UHFFFAOYSA-N,O=[N+]([O-])c1ccc2c(Nc3cccc(F)c3)ncnc2c1,CHEMBL329183,False,5.21,,1
MJMYCJSNBBYTCT-UHFFFAOYSA-N,Nc1ccc2ncnc(Nc3ccccc3)c2c1,CHEMBL89940,False,6.11,,1
CAZQZPUZMIOJCR-UHFFFAOYSA-N,Clc1cc(Nc2ncnc3[nH]nc(OCCN4CCNCC4)c23)ccc1OCc1ccccn1,CHEMBL257430,False,8.1,,1
PXOQNEQRSUORAM-UHFFFAOYSA-N,COc1cc(Nc2ncnc3[nH]nc(OCCN4CCC(O)CC4)c23)ccc1OCc1cccc(F)c1,CHEMBL402339,False,7.89,,1
MAVKGSSRIBVAGI-UHFFFAOYSA-N,O=[N+]([O-])c1ccc2ncnc(Nc3cccc(Br)c3)c2c1,CHEMBL329161,False,6.04,,1
LKHXJJMDMFKAPD-UHFFFAOYSA-N,N#CC(=Cc1ccc(O)c(O)c1)C(=O)N1CCN(c2ccccc2)CC1,CHEMBL291986,True,4.8149999999999995,0.7848885271170677,2
FCUQJIQLHXSQHY-UHFFFAOYSA-N,COc1ccccc1Nc1ncc2cc(-c3c(Cl)cccc3Cl)c(=O)n(C)c2n1,CHEMBL320705,False,7.18,,1
DDCRNOXQNBDLGB-UHFFFAOYSA-N,CC(C)(C)OC(=O)N1CCC(n2cc(-c3cccc(O)c3)c3c(N)ncnc32)C1,CHEMBL168921,False,5.66,,1
SRVDBASMNUCPHD-UHFFFAOYSA-N,COc1cccc(-c2cn(C3CCN(CC(N)=O)C3)c3ncnc(N)c23)c1,CHEMBL355322,False,6.36,,1
BCURFDAGXNHOAX-UHFFFAOYSA-N,COc1cc2ncc(C(=O)NC3CC(C)(C)N([O])C(C)(C)C3)c(Nc3cccc(Br)c3)c2cc1OC,CHEMBL1947127,False,6.47,,1
GSMUJALDXITLGR-UHFFFAOYSA-N,CC(=O)Nc1cccc(Oc2cc(Nc3ccc(OCc4cccc(F)c4)c(Cl)c3)ncn2)c1,CHEMBL1928946,False,6.97,,1
JYPMMJJOYSIIGV-NTCAYCPXSA-N,O=C(/C=C/c1ccccc1)Nc1cccc(Oc2cc(Nc3ccc(OCc4cccc(F)c4)c(Cl)c3)ncn2)c1,CHEMBL1928954,True,5.78,,1
YVUDJQPCWZYLTL-UHFFFAOYSA-N,CN(C)CCCNC(=O)C=CC(=O)Cc1ccc2ncnc(Nc3cccc(Br)c3)c2c1,CHEMBL461797,True,9.36,,1
OTMPOVZNMVTURI-UHFFFAOYSA-N,CN(C)CC#CC(=O)Nc1ccc2ncnc(Nc3cccc(Br)c3)c2c1,CHEMBL329856,False,8.22,0.0,2
MPRSBSDBHFWKDM-UHFFFAOYSA-N,C=CC(=O)Nc1cccc(NC(=O)Nc2ccnc(Nc3ccc(N4CCOCC4)cc3OC)n2)c1,CHEMBL4226702,True,6.65,,1
CJCSPKMFHVPWAR-JTQLQIEISA-N,C[C@](N)(Cc1ccc(O)c(O)c1)C(=O)O,CHEMBL459,False,5.28,,1
BARFMAOTOPEJFY-UHFFFAOYSA-N,CN1CCN(c2ccc3c(n2)nc(-c2ccc(F)cc2)n3-c2ccnc(NC3CCCC3)n2)CC1,CHEMBL120185,False,5.06,,1
AMERZUAKIAGPBA-UHFFFAOYSA-N,CCOc1ccc(-c2nn(C(C)C)c3ncnc(N)c23)cc1OC,CHEMBL1242472,False,5.22,,1
SBMUEVUTJNFWAJ-UHFFFAOYSA-N,CCOC(=O)CCCn1c(=O)oc2cc3ncnc(Nc4ccc(O)cc4)c3cc21,CHEMBL3612594,False,7.7,,1
RFSWRECRAQFFST-UHFFFAOYSA-N,CCOC(=O)CCCn1c(=O)oc2cc3ncnc(Nc4ccc(OC(C)C)cc4)c3cc21,CHEMBL3612596,False,6.8,,1
VZWFMKNQIBUWGS-KGVSQERTSA-N,NC(=O)c1cnc2ccc(C(=O)/C=C/c3ccc(Cl)cc3)cc2c1Nc1ccc(Br)cc1,CHEMBL3613695,False,5.32,,1
BTYYWOYVBXILOJ-UHFFFAOYSA-N,CC#CC(=O)Nc1ccc2ncnc(Nc3cccc(Br)c3)c2c1,CHEMBL91867,False,9.43,0.7507596153230406,6
CFVOLTWOOMEMAM-DUXPYHPUSA-N,C/C=C/C(=O)Nc1ccc2ncc(C#N)c(Nc3cccc(Br)c3)c2c1,CHEMBL326811,True,5.79,0.0,3
TYLKNORJFZPIPX-UHFFFAOYSA-N,O=C1NC(=O)c2cc(Nc3ccc(O)cc3)c(Nc3ccc(O)cc3)cc21,CHEMBL267019,False,5.6,,1
VNUNBNIYPOLHHO-UHFFFAOYSA-N,COCCn1c(=O)oc2cc3ncnc(Nc4ccc(OC)cc4)c3cc21,CHEMBL3612564,False,5.29,,1
CBIJGNHFFWAGLZ-UHFFFAOYSA-N,Cn1c(=O)c(-c2c(Cl)cccc2Cl)cc2cnc(Nc3ccc(CCCC(=O)O)cc3)nc21,CHEMBL113070,False,7.1,,1
LGSDRHSXDZDRLH-UHFFFAOYSA-N,COc1cc(C=C(C#N)C(N)=O)cc(CSc2ccccc2NC(C)=O)c1O,CHEMBL115895,True,4.66,0.34063665882187905,3
NBBJLHJHLMMMKM-UHFFFAOYSA-N,Cc1cc(C=C(C#N)C#N)cc(O)c1O,CHEMBL116423,False,4.21,0.6004442799572111,3
JRRBFBKACYJFKD-UHFFFAOYSA-N,CC(C)Oc1cc2ncnc(Nc3ccc(F)c([N+](=O)[O-])c3)c2c2c1OCCO2,CHEMBL3805383,False,7.08,,1
WGTILZRWWWHQLO-UHFFFAOYSA-N,CCOc1cc2ncnc(Nc3cccc(-c4nc[nH]n4)c3)c2cc1OCC,CHEMBL127367,False,6.41,,1
HNPNLQMPXJTXIQ-UHFFFAOYSA-N,O=C(O)C=Cc1c(Cc2c(O)[nH]c3ccc(C(=O)O)cc23)[nH]c2c1CCCC2,CHEMBL431996,True,4.25,,1
ZLNBJDSAGVBJSP-UHFFFAOYSA-N,Cc1ccc(Nc2ncc3cc(-c4c(Cl)cccc4Cl)c(=O)n(C)c3n2)cc1,CHEMBL111339,False,6.32,,1
OTBZFLSTHDGZLB-UHFFFAOYSA-N,CC(C)Nc1cc(Nc2ccnc(-c3cnn(S(=O)(=O)C4CC4)c3)n2)ncc1C(=O)N1CC(C(C)(C)O)C1,CHEMBL5403085,False,6.26,,1
QFEGUXCVHFPAEW-UHFFFAOYSA-N,Clc1cccc(CNc2[nH]nc3ncnc(Nc4cccc(Cl)c4)c23)c1,CHEMBL333231,False,7.58,,1
CPXCUSISXFTYFB-UHFFFAOYSA-N,N#CC(=Cc1ccc(O)c(O)c1)C(=O)c1cccs1,CHEMBL55994,False,4.51,0.5773502691896258,3
MXOPSZOIOVSYKI-UHFFFAOYSA-N,COc1cc2ncc(C#N)c(Nc3ccc(Br)c(C)c3)c2cc1OC,CHEMBL110055,False,6.21,,1
JXLUYPNXIHHINO-UHFFFAOYSA-N,COc1cc2ncc(C#N)c(Nc3ccc(C)cc3)c2cc1OC,CHEMBL109476,False,5.56,,1
DPCPGZUYFHEOOS-UHFFFAOYSA-N,COc1cc2ncc(C#N)c(Nc3ccccc3C(C)C)c2cc1OC,CHEMBL112096,False,6.44,,1
NYRBHASTRFCNHY-UHFFFAOYSA-N,CCCN(CC#CC(=O)Nc1ccc2ncc(C#N)c(Nc3cccc(Br)c3)c2c1)CCC,CHEMBL115187,False,6.89,0.0,3
XXOLFZCJKCTSFL-ZZXKWVIFSA-N,COc1cc2ncc(C#N)c(Nc3cccc(Br)c3)c2cc1NC(=O)/C=C/CN1CCOCC1,CHEMBL332497,True,5.42,0.0,2
QROTXBMVKQDLPG-ZZXKWVIFSA-N,COc1cc(NC(=O)/C=C/CN2CCOCC2)cc2c(Nc3cccc(Br)c3)c(C#N)cnc12,CHEMBL113985,True,5.27,0.0,2
RAKHHLWOXRVOCS-NSCUHMNNSA-N,COc1cc2ncc(C#N)c(Nc3ccc(F)c(Cl)c3)c2cc1NC(=O)/C=C/CN1CCOCC1,CHEMBL113996,True,4.87,0.0,2
JRWZLRBJNMZMFE-UHFFFAOYSA-N,CC(CCc1ccc(O)cc1)NCCc1ccc(O)c(O)c1,CHEMBL926,False,5.26,,1
BQKAPRHCWWQTIM-OKFCBPFISA-N,CCOc1cc2ncnc(Nc3ccc(Oc4cc5nncn5cn4)c(C)c3)c2cc1NC(=O)/C(F)=C\[C@@H]1CCCN1C,CHEMBL5181694,True,7.59,,1
FHOMWNVSSMYQJF-SNAWJCMRSA-N,Cc1cc(Nc2ncnc3ccc(NC(=O)/C=C/CN(C)C)cc23)ccc1Oc1cc2nncn2cn1,CHEMBL5175873,True,8.67,,1
FKTDPTZOFGBLDH-UHFFFAOYSA-N,CCOC(=O)c1cn2ncnc(NCc3ccccc3)c2c1CC,CHEMBL371863,False,6.7,,1
WHYDOZDJTWFLEP-UHFFFAOYSA-N,CCc1c(C(=O)O)cn2ncnc(Nc3ccc4c(cnn4Cc4ccccc4)c3)c12,CHEMBL196438,False,7.7,,1
CQTPFJKIPFEALQ-UHFFFAOYSA-N,CCc1c(C(=O)OCCCn2ccnc2)cn2ncnc(Nc3ccc4c(cnn4Cc4ccccc4)c3)c12,CHEMBL193368,False,6.77,,1
LGNHZHXEPGBZSM-UHFFFAOYSA-N,NS(=O)(=O)c1ccc(Nc2nc3ncnc(Nc4cccc(Cl)c4)c3s2)cc1,CHEMBL513418,False,8.15,,1
QMAYPCNOXVCKRW-UHFFFAOYSA-N,NS(=O)(=O)c1ccc(Nc2nc3ncnc(Nc4ccc(F)c(Cl)c4)c3s2)cc1,CHEMBL469355,False,8.05,,1
PXVOZEZXKFLOOY-UHFFFAOYSA-N,COCCOc1cc2ncnc(Nc3c(Cl)ccc4c3OCO4)c2cc1NC(=O)C1CCCN1,CHEMBL523122,False,5.15,,1
NBTIZPGKEWLXFV-KRWDZBQOSA-N,OC[C@@H]1CCCN1Cc1ccc(Nc2nc3ncnc(Nc4ccc(F)c(Cl)c4)c3s2)cc1,CHEMBL511990,False,7.96,,1
DKCJHJKLYAZBHE-UHFFFAOYSA-N,Cc1cccc(Nc2ncnc3nc(Nc4ccc(S(N)(=O)=O)cc4)sc23)c1,CHEMBL513362,False,7.85,,1
AMIDDZHJRZVVOK-UHFFFAOYSA-N,COCCN(CCOC)S(=O)(=O)c1ccc(Nc2nc3ncnc(Nc4ccc(F)c(Cl)c4)c3s2)cc1,CHEMBL470010,False,7.6,,1
VLZLKHGQUWVLCJ-UHFFFAOYSA-N,C#Cc1cccc(Nc2ncnc3nc(Nc4ccc(CN5CCOCC5)cc4)sc23)c1,CHEMBL470391,False,7.37,,1
LQQPCDIBBWIEBS-UHFFFAOYSA-N,Fc1ccc(Nc2ncnc3nc(NCCN4CCOCC4)sc23)cc1Cl,CHEMBL511623,False,6.04,,1
ZUMNLSFJINJANM-UHFFFAOYSA-N,Nc1ncnc2c1c(-c1cccc(O)c1)cn2C1CCC1,CHEMBL355330,False,6.52,,1
DMFJBVALHABPES-UHFFFAOYSA-N,Brc1cccc(Nc2ncnc3cnc(NCCn4ccnc4)nc23)c1,CHEMBL271328,False,8.63,,1
NDEFXZOKPREYOV-PMACEKPBSA-N,COc1ccc(N2Cc3cnc(Nc4ccccc4)nc3N([C@H]3CC[C@H](O)C3)C2=O)cc1,CHEMBL1952211,False,6.44,,1
CEUNWOFTYKAWDL-UHFFFAOYSA-N,O=C(NCCc1ccccc1)c1cc2ccc(O)c(O)c2cn1,CHEMBL49350,False,5.85,,1
ZXEVFSPNUIEQJL-UHFFFAOYSA-N,COc1ccc2ncnc(Nc3cccc(Br)c3)c2n1,CHEMBL50519,False,8.36,,1
FMTSNECBYBECGH-UHFFFAOYSA-N,Cc1[nH]c2ncnc(Nc3ccccc3Cl)c2c1C,CHEMBL73625,False,4.12,,1
NOFICVMLKCZZHJ-UHFFFAOYSA-N,COC(=O)c1cc(NCc2cc(O)ccc2O)ccc1O,CHEMBL131653,False,4.61,,1
YASYSLUSCVNMAJ-UHFFFAOYSA-N,Nc1nc(N)c2c(Nc3cccc(Cl)c3)[nH]nc2n1,CHEMBL122068,False,6.66,,1
ZWVZORIKUNOTCS-OAQYLSRUSA-N,Cc1cc(N2CCOCC2)cc2[nH]c(-c3c(NC[C@@H](O)c4cccc(Cl)c4)cc[nH]c3=O)nc12,CHEMBL401930,False,5.8,,1
JMDDILOQKYWRNN-LHHJGKSTSA-N,CN(C)c1ccc(/C=C/C(=O)c2ccc3ncc(C(N)=O)c(Nc4ccc(Cl)cc4)c3c2)cc1,CHEMBL3613691,False,5.28,0.0,2
YTBZQGYFOZNNDW-UHFFFAOYSA-N,COc1cc(N2CCN(C)CC2)ccc1Nc1ncc(Cl)c(Oc2ccccc2NC(=O)COCc2ccccc2)n1,CHEMBL4215496,False,5.45,,1
BZWCTAHNQXJHAM-UHFFFAOYSA-N,COc1cc(N2CCN(C)CC2)ccc1Nc1ncc(Cl)c(Oc2ccccc2N=[N+]=[N-])n1,CHEMBL4203110,False,5.2,,1
ZSDTULCLIFGBRY-UHFFFAOYSA-N,COc1cc(N2CCN(C)CC2)ccc1Nc1ncc(Cl)c(Oc2ccccc2NC(=O)CCOCc2ccccc2)n1,CHEMBL4218320,False,5.51,,1
FNYHTKUCTLSINN-GOSISDBHSA-N,Fc1cccc(COc2ccc(Nc3ncnc4cc(C#C[C@H]5CCCN5)sc34)cc2Cl)c1,CHEMBL496174,False,8.15,0.0,2
LEIOJTYVBRZCNZ-HWKANZROSA-N,C/C=C/C(=O)Nc1cc2c(Oc3ccc(NC(=O)CCCc4ccc(F)cc4)cc3F)ncnc2cc1OC,CHEMBL5569952,True,5.34,,1
MQKLARRXBCCDGZ-GQCTYLIASA-N,C/C=C/C(=O)Nc1cc2c(Oc3ccc(NC(=O)CCCc4ccc(C)cc4)cc3F)ncnc2cc1OC,CHEMBL5563703,True,5.12,,1
HIWJANFZFXOFCC-BTZRARBUSA-N,C=CC(=O)N1C[C@H]2C[C@@H](n3nc(-c4ccc(Oc5ccc6c(c5)ncn6C)c(C)c4)c4c(C)ncnc43)[C@@H]1C2,CHEMBL5558817,True,5.38,,1
ZXHDZUMGUKNNLF-UHFFFAOYSA-N,O=C(CN1CCCC1)Nc1ccc2ncnc(Nc3ccc(OCc4cccc(F)c4)cc3)c2c1,CHEMBL4170916,False,7.15,,1
QKYBBNMPJXASCG-QPJJXVBHSA-N,Cc1ncc([N+](=O)[O-])n1CCOC(=O)/C=C/c1ccc(Cl)cc1,CHEMBL1172803,False,5.44,,1
JONMXSMABKQCRS-FMIVXFBMSA-N,Cc1ncc([N+](=O)[O-])n1CCOC(=O)/C=C/c1ccc(OCc2ccccc2)cc1,CHEMBL1173783,False,5.9,,1
OXGPOTGNEOKMQX-VOTSOKGWSA-N,Cc1ncc([N+](=O)[O-])n1CCOC(=O)/C=C/c1ccccc1Br,CHEMBL1172947,False,4.61,,1
NYLURTZYLDYWMN-VOTSOKGWSA-N,COc1cccc(/C=C/C(=O)OCCn2c([N+](=O)[O-])cnc2C)c1,CHEMBL1173014,False,4.86,,1
GLXWISPNCBRJLS-SFHVURJKSA-N,C=CC(=O)N1CC[C@H](n2cc(-c3ncnc4cc(OC)c(OC)cc34)c(-c3cccc(OC)c3)n2)C1,CHEMBL5559367,True,7.76,1.3293607486307086,2
AZSRSNUQCUDCGG-UHFFFAOYSA-N,C=CC(=O)Nc1cc(Nc2ncc(C(=O)OC(C)C)c(-c3cn(C)c4ccccc34)n2)c(OC)cc1N(C)CCN(C)C,CHEMBL4650319,True,7.52,1.5051546353084373,7
YZRLWPBYTMKRQR-LJAQVGFWSA-N,CN1CCN([C@H]2CC(F)(F)c3cc(NC(=O)c4ccc(F)c(C#Cc5cncc(N6CCC6)c5)c4)ccc32)CC1,CHEMBL5570514,False,6.43,,1
FQIRYXKZWMEKES-UHFFFAOYSA-N,COc1cc2c(Oc3ccc(NC(=O)NN4C(=O)CSC4c4c(F)cccc4F)c(F)c3)ccnc2cc1OCCCN1CCCC1,CHEMBL4171115,False,6.09,,1
NRCCVAAPDNQWEP-VOTSOKGWSA-N,Cc1ncc([N+](=O)[O-])n1CCOC(=O)/C=C/c1ccccc1F,CHEMBL1172877,False,4.57,,1
XYNBROWABUHURG-UHFFFAOYSA-N,COc1cc(Nc2ncc(Cl)c(Nc3ccccc3C(=O)C(=O)N(C)C)n2)ccc1N1CCC(N(C)C)CC1,CHEMBL5857101,False,7.11,0.7196387982870294,5
OOGYSLFGZKWAGF-UHFFFAOYSA-N,NC(=S)NN=C(C=Cc1cccc(F)c1)c1ccccc1,CHEMBL1830261,False,5.68,,1
RWRYVPUMPZVZSS-UHFFFAOYSA-N,CCN(CC)CC#CC(=O)Nc1ccc2ncnc(Nc3cccc(Br)c3)c2c1,CHEMBL328704,False,7.92,,1
CJOUJBUBPDSJKA-UHFFFAOYSA-N,NC(=S)NN=C(C=Cc1ccc(F)cc1)c1ccccc1,CHEMBL1830264,False,4.72,,1
LVXDKUJAZOQDKH-UHFFFAOYSA-N,NC(=S)NN=C(C=Cc1ccc(-c2ccccc2)cc1)c1ccccc1,CHEMBL1830270,False,5.29,,1
NDBMDZDTZIULHW-UHFFFAOYSA-N,NC(=S)NN=C(C=Cc1cccc2ccccc12)c1ccccc1,CHEMBL1830280,False,6.39,,1
ZNAZTNSMMJFJLP-UHFFFAOYSA-N,CC(C)n1nc(-c2ccc(S(N)(=O)=O)cc2)c2c(N)ncnc21,CHEMBL1242032,False,4.0,,1
WTHITBDGABQSRK-AHKGRUIUSA-N,CN(C)C/C=C/C(=O)N1CCc2c(sc3ncnc(N[C@H](CO)c4ccccc4)c23)C1,CHEMBL1272276,True,7.16,,1
RUEMCYBCUGHERT-UHFFFAOYSA-N,CC(C)(C)S(=O)(=O)CC(=O)NCCn1ccc2ncnc(Nc3ccc(Oc4cccc(C(F)(F)F)c4)c(Cl)c3)c21,CHEMBL2148047,False,7.25,,1
YLHDUHADRCEDQH-UHFFFAOYSA-N,C=c1c(CCC(=O)O)c(C)[nH]c1=Cc1c(O)[nH]c2ncnc(Nc3ccc(F)c(Cl)c3)c12,CHEMBL305782,True,6.75,,1
YRCZLINBIJRMBH-UHFFFAOYSA-N,C=c1cc(C(=O)NCCN(CC)CC)[nH]c1=Cc1c(O)[nH]c2ncnc(Nc3ccc(Cl)cc3F)c12,CHEMBL308672,True,6.35,,1
HQSBUBYPWIUFIL-VABKMULXSA-N,CCCCCCC(=O)N[C@@H]1[C@H]2Oc3ccc(Oc4ccnc5c4CCC(=O)N5)cc3[C@@H]12,CHEMBL6000502,False,7.02,0.07810249675906705,3
IWIONOUUGJGBPE-HJOGWXRNSA-N,CCCCCCCC(=O)N[C@@H]1[C@H]2Oc3ccc(Oc4ccnc5c4CCC(=O)N5)cc3[C@@H]12,CHEMBL5900414,False,6.93,0.47634021455258224,3
VGAJUPSWPIGTMF-UHFFFAOYSA-N,NCCCNC(=O)c1cccc(Nc2nccc(-c3cccnc3)n2)c1,CHEMBL59099,False,4.35,,1
FODAAEGGNDJNFL-UHFFFAOYSA-N,C=CC(=O)Nc1cc2c(Nc3ccc(F)c(Cl)c3)c(C#N)cnc2cc1OCCCN1CCOCC1,CHEMBL95774,True,7.1,,1
YBCQFRVZDQPKRA-UHFFFAOYSA-N,COc1cc2ncnc(Nc3ccc(F)c(Cl)c3)c2cc1OCCN1CC2(CSC2)C1,CHEMBL2425089,False,7.28,,1
ALHCPRCDPYVWCG-UHFFFAOYSA-N,COc1cc2ncnc(Nc3ccc(F)c(Cl)c3)c2cc1OCCCN1CC(O)C1,CHEMBL2425084,False,7.6,,1
IXOVKVHWGKDXKQ-HRWXUNOHSA-N,COc1ccc(C(=O)N(C)[C@H]2C[C@@H]3O[C@](C)([C@H]2OC)n2c4ccccc4c4c5c(c6c7ccccc7n3c6c42)C(=O)NC5)cc1,CHEMBL132169,False,5.44,,1
XHBPHEXPTIFHND-UHFFFAOYSA-N,N#CC(C#N)C(=O)c1cc(O)c(O)c(O)c1,CHEMBL309598,False,4.87,,1
OXPJZVZBEOYHAJ-GFCCVEGCSA-N,C=C(C(=O)N1CCN(C(=O)Oc2cc3c(Nc4ccc(Cl)c(Cl)c4F)ncnc3cc2OC)[C@H](C)C1)C(F)(F)F,CHEMBL5178898,True,9.42,,1
VJHQVUCFLDPONP-UHFFFAOYSA-N,N#CC1C(c2ccccc2)=Nc2c(c(-c3cccs3)nn2-c2ccccc2)C12C(=O)Nc1ccc(Cl)cc12,CHEMBL5173862,False,6.92,,1
JNXAHUQUDHQPOY-QHCPKHFHSA-N,C=CC(=O)N1CCCC[C@H]1c1nc(-c2ccc(C(=O)Nc3cc(-c4ccc(F)cc4)ccn3)cc2)c(C(N)=O)n1N,CHEMBL4863913,True,6.95,,1
SJNOIJITAJHKOV-OAQYLSRUSA-N,CC(=O)N1CCC[C@@H]1C#Cc1cc2ncnc(Nc3ccc(OCc4cccc(F)c4)c(Cl)c3)c2s1,CHEMBL495734,False,7.24,,1
WEUCCQODBSFSNN-IBGZPJMESA-N,C=CC(=O)N[C@H]1CCN(c2nc(Nc3ccc(N4CCN(C)CC4)cc3)c3ncn(CCO)c3n2)C1,CHEMBL3608431,True,5.38,,1
REGWEYNSZPBUMQ-UHFFFAOYSA-N,Nc1ncnc2c1ncn2CC(=O)c1cccnc1,CHEMBL501256,False,4.03,,1
NYISQBMJXBCDEP-UHFFFAOYSA-N,CC(C(=O)C=CC(=O)NCCCN(C)C)c1cc2c(Nc3cccc(Br)c3)ncnc2cn1,CHEMBL460894,True,8.84,,1
BNVCHCSZEJOIPQ-UHFFFAOYSA-N,C=CS(=O)(=O)c1cc2c(Nc3cccc(Br)c3)ncnc2cn1,CHEMBL336264,False,9.37,,1
KRDUCGPVYRTRJL-UHFFFAOYSA-N,O=C(CCCN1Cc2cc3c(Nc4cccc(Br)c4)ncnc3cc21)N1CCOCC1,CHEMBL489307,False,8.06,,1
OUDUEUZRZJNOKY-UHFFFAOYSA-N,CN(CC(O)C(O)C(O)C(O)CO)c1cc2ncnc(Nc3cccc(Br)c3)c2cn1,CHEMBL127611,False,8.49,0.0,2
PFJRPGGNJFXXDJ-UHFFFAOYSA-N,Brc1cccc(Nc2ncnc3cc(NCCc4c[nH]cn4)ncc23)c1,CHEMBL338114,False,9.04,,1
YBNNPKWJNJBQNZ-UHFFFAOYSA-N,Cc1cccc(Nc2ncnc3cc(NCCCN4CCOCC4)ncc23)c1,CHEMBL129509,False,8.03,0.0,2
OKJBKEUQKDDCKF-UHFFFAOYSA-N,Cc1cccc(Nc2ncnc3cc(NCCCn4ccnc4)ncc23)c1,CHEMBL340898,False,8.46,,1
NRPVSNDNVFALQU-UHFFFAOYSA-N,C=CC(=O)Nc1cccc(N2C(=O)OC(C)c3cnc(Nc4ccc(N5CCN(C)CC5)cc4OC)nc32)c1,CHEMBL5200275,True,7.32,0.0,2
YTEVJLKCRWIESE-UHFFFAOYSA-N,Cc1cccc(Nc2ncnc3cc(NCCc4c[nH]cn4)ncc23)c1,CHEMBL340399,False,8.14,,1
RNOAOAWBMHREKO-UHFFFAOYSA-N,C=CC(=O)N1CCC(C2CCNc3c(C(N)=O)c(-c4ccc(Oc5ccccc5)cc4)nn32)CC1,CHEMBL3973435,True,7.675,1.7606958851545034,2
MZPVEMOYADUARK-UHFFFAOYSA-N,C=CC(=O)N1CCC(c2ccc(C(N)=O)c(-c3ccc(Oc4ccccc4)cc3)n2)CC1,CHEMBL4650321,True,5.23,,1
ZFVANSRVZVDYRK-UHFFFAOYSA-N,CCOC(=O)C(=O)Oc1ccc(-c2c(C(=O)OCC)oc3cc(O)cc(O)c3c2=O)cc1,CHEMBL1202061,False,6.0,,1
VWELCPLMPPEKOL-UHFFFAOYSA-N,Cc1cc(C2CCN(CCCF)CC2)cc2[nH]c(-c3c(NCCn4cc(Cl)cn4)cc[nH]c3=O)nc12,CHEMBL459729,False,4.68,,1
YJCSNOSZBTYSKS-UHFFFAOYSA-N,Fc1ccc(Nc2ncnc3nc(Nc4ccc(CCN5CCOCC5)cc4)sc23)cc1Cl,CHEMBL470012,False,7.82,,1
FJJRVJOTLKWVLC-UHFFFAOYSA-N,Nc1ncnc2c1ncn2CC(=O)c1c[nH]c2ccccc12,CHEMBL521155,False,4.46,,1
DMQAKAYWBRHCDT-UHFFFAOYSA-N,Brc1cccc(Nc2ncnc3ncccc23)c1,CHEMBL54475,False,6.16,,1
PZRORGSXNABIFH-UHFFFAOYSA-N,Nc1c(O)cccc1Nc1ncnc2ccncc12,CHEMBL402452,False,7.15,,1
DPYCOPAWVTYLFC-UHFFFAOYSA-N,Nc1cc(C(F)(F)F)ccc1Nc1ncnc2ccncc12,CHEMBL408351,False,5.32,,1
SIBSADYFORJTDQ-UHFFFAOYSA-N,CNc1cc2ncnc(Nc3cccc(Br)c3)c2cc1[N+](=O)[O-],CHEMBL92936,False,7.16,,1
JJABWYFSIMYYRT-UHFFFAOYSA-N,CCOc1cc(C=C2CCNC2=O)cc(CSc2ccccc2)c1O,CHEMBL490780,True,6.05,,1
UHGZPHGGTGUXMI-UHFFFAOYSA-N,N#CC(=Cc1cc(Cc2ccccc2)c(O)c(Cc2ccccc2)c1)C(N)=O,CHEMBL538909,True,6.22,,1
IYINYGZMZPUBOK-PZJWPPBQSA-N,CCNC(=O)O[C@H]1CN[C@@H](C#Cc2cc3ncnc(Nc4ccc(OCc5cccc(F)c5)c(Cl)c4)c3s2)C1,CHEMBL466174,False,7.5,,1
MTSNDBYBIZSILH-UHFFFAOYSA-N,c1ccc(Nc2ncnc3ccccc23)cc1,CHEMBL289959,False,6.46,,1
IFRKWZRENNXHNA-UHFFFAOYSA-N,Cc1cccc(Nc2ncnc3ccncc23)c1NCCCN1CCOCC1,CHEMBL271410,False,8.03,,1
SQNOHKBMRLLDPB-JJFYIABZSA-N,COc1cc(/C=N\Nc2nc(-c3nc4ccccc4n3C)cs2)cc(OC)c1OC,CHEMBL4758204,False,6.21,,1
DLQXAWIVHRHOQT-MEMLXQNLSA-N,CN1CCN([C@H]2CC[C@H](n3nc(-c4ccc(Nc5nc6cccc(Cl)c6o5)cc4)c4c(N)ncnc43)CC2)CC1,CHEMBL1257998,False,5.64,,1
PQJQRBWLIHKVMV-HXUWFJFHSA-N,COC(=O)N1CCC[C@@H]1C#Cc1cc2ncnc(Nc3ccc(OCc4cccc(F)c4)c(Cl)c3)c2s1,CHEMBL497803,False,6.85,,1
SUSUDFJYOFEUFG-IEBWSBKVSA-N,O[C@H]1CN[C@H](C#Cc2cc3ncnc(Nc4ccc(OCc5cccc(F)c5)c(Cl)c4)c3s2)C1,CHEMBL497804,False,7.85,,1
CJMLMPDJPIEEHV-UHFFFAOYSA-N,NC1CCc2[nH]c3ccc(OCCc4ccc(O)cc4)cc3c2C1,CHEMBL1097190,False,4.82,,1
DOTUMOAINSRLGC-UHFFFAOYSA-N,COc1cc2c(Oc3ccc(NS(=O)(=O)c4cccc(-c5ccsc5)c4)cc3F)ccnc2cc1OCCCN1CCN(C)CC1,CHEMBL3263964,False,7.03,,1
XYMFZAWLOAIXSJ-UHFFFAOYSA-N,Clc1ccc(C2=NN(c3ccccc3)C(c3ccc4ccccc4c3)C2)cc1,CHEMBL2325097,False,6.96,,1
HADVGAWGEIOCTD-UHFFFAOYSA-N,NC(=S)N1N=C(c2ccc(Br)cc2)CC1c1ccc2ccccc2c1,CHEMBL2324871,False,6.46,,1
OWNJEKOHKGBOIG-UHFFFAOYSA-N,COC(=O)CC(=O)Nc1cc2c(Nc3ccc(F)c(Cl)c3)ncnc2s1,CHEMBL3233759,False,5.3,,1
CQZRHVILVDPGCV-UHFFFAOYSA-N,C=CC(=O)Nc1cc2c(Nc3ccc(F)c(Cl)c3)ncnc2s1,CHEMBL3233767,True,7.8,,1
ADKLWTJYNHIZGI-UHFFFAOYSA-N,O=C1NCc2cccc(Oc3ccc(Nc4ncnc5ccn(CCO)c45)cc3Cl)c21,CHEMBL2048794,False,7.68,,1
TVQSEOBXKSIHNK-UHFFFAOYSA-N,O=C(NCCO)C1=Cc2c(ncnc2Nc2ccc(Oc3cccc(C(F)(F)F)c3)c(Cl)c2)NCC1,CHEMBL2348414,True,7.42,,1
XYASHXPUZJDWIO-UHFFFAOYSA-N,O=C(NCCCN1CCOC1=O)c1cnc(NCc2cc(Cl)ccc2Cl)nc1NC1CCCC1,CHEMBL2312304,False,5.39,,1
VHGGLPYMJXZJFI-ZZXKWVIFSA-N,COC/C=C/C(=O)Nc1ccc2ncnc(Nc3cccc(Br)c3)c2c1,CHEMBL92882,True,5.95,,1
ARSLABFLEJRETK-UHFFFAOYSA-N,C=CC(=O)Nc1cc(Nc2nccc(-c3c[nH]c4ccccc34)n2)c(OC)cc1N1CCN(C)CC1,CHEMBL2426279,True,5.904999999999999,0.021213203435596916,2
SOSWXMRNLZWISK-UHFFFAOYSA-N,C=CC(=O)Nc1cc(Nc2ncc(Cl)c(-c3cnn4ccccc34)n2)c(OC)cc1N1CCN(C)CC1,CHEMBL2426277,True,4.92,0.0,2
GSPQFYBPSWLZAZ-UHFFFAOYSA-N,Cc1ccc(Nc2ncnc3[nH]c4c(c23)CCCC4)cc1,CHEMBL74481,False,6.96,,1
BJKBZKFIXRDJFX-UHFFFAOYSA-N,S=C(NNc1nncc2ccccc12)Nc1ccccc1,CHEMBL3924500,False,7.19,,1
UOQUXSNSYHWJQN-QHHAFSJGSA-N,O=C(/C=C/Cn1cccn1)Nc1ccc2ncnc(Nc3cccc(Br)c3)c2c1,CHEMBL93754,True,5.95,,1
XARWOHKDCBRPBQ-UHFFFAOYSA-N,CN1CCN(CCCNc2ncc3cc(-c4c(Cl)cccc4Cl)c(NC(=O)NCc4ccccc4)nc3n2)CC1,CHEMBL51485,False,6.01,,1
QBKFKKGORMOFFU-UHFFFAOYSA-N,N#CC(=Cc1ccc(O)c(O)c1)C(=O)c1ccccc1,CHEMBL56132,False,4.85,0.6004442799572108,3
MFCUDKAWMIOPID-HNNXBMFYSA-N,COCCCNC(=O)Nc1cc2c(Nc3ccc(F)c(Cl)c3)ncnc2cc1O[C@H]1CCOC1,CHEMBL3092311,False,6.71,,1
NOXUXCSVXGPNOC-AWEZNQCLSA-N,COCCNC(=O)Nc1cc2c(Nc3ccc(F)c(Cl)c3)ncnc2cc1O[C@H]1CCOC1,CHEMBL3092323,False,6.32,,1
DSIYWLPXNDMRKR-UHFFFAOYSA-N,C=c1cc(C(=O)NCCN(CC)CC)[nH]c1=Cc1c(O)[nH]c2ncnc(Nc3ccc(F)c(Cl)c3)c12,CHEMBL69358,True,8.92,,1
LAOIBIIMKUINJL-YWXKVOIDSA-N,COC(=O)CN(C)[C@H]1C[C@@H]2O[C@](C)([C@H]1OC)n1c3ccccc3c3c4c(c5c6ccccc6n2c5c31)C(=O)NC4,CHEMBL444337,False,5.89,,1
YUDPMMGOENEEFA-UHFFFAOYSA-N,CN(C)c1nc(Cl)nc(N=C2CC(c3ccc(C(F)(F)F)cc3)N(c3ccc(Br)cc3)N2)n1,CHEMBL5612514,False,6.54,,1
RHVQWSMLJGXEQH-CWWFIGIMSA-N,COC[C@@H]1CCCN1C/C=C\C(=O)Nc1ccc2ncnc(Nc3cccc(Br)c3)c2c1,CHEMBL2112369,True,6.71,,1
FVRZFCMLFWKZNU-UHFFFAOYSA-N,CCN(CC)c1nc2oc(C)c(C(=O)NN)c2c(=O)n1-c1ccccc1,CHEMBL5573322,False,4.49,,1
DHKTWHZTJSHHPM-UHFFFAOYSA-N,COc1cc2ncnc(Nc3ccc(F)c(Cl)c3)c2cc1OCCN1CC2(C1)CS(=O)(=O)C2,CHEMBL2424664,False,6.8,,1
NFRDLORGBPIOJT-UHFFFAOYSA-N,Cc1cccc(Nc2ncnc3ccc(N(C)C(=O)N(CCCl)N=O)cc23)c1,CHEMBL209818,False,5.94,,1
SXUTWMUWKOLBDA-UHFFFAOYSA-N,CCOC(=O)c1cn2ncnc(Nc3ccc(Oc4ccccc4)cc3)c2c1CC,CHEMBL194349,False,6.21,,1
CBDBASHBUAODSV-UHFFFAOYSA-N,CCOCc1cn2ncnc(Nc3ccc4c(cnn4Cc4ccccc4)c3)c2c1CC,CHEMBL196548,False,6.02,,1
FNBJMQJWFBTPGJ-UHFFFAOYSA-N,CCNc1ncc2cc(-c3c(Cl)cccc3Cl)c(=O)n(C)c2n1,CHEMBL109296,False,5.35,,1
NLSULBLCONKOIY-YRNVUSSQSA-N,COc1cccc(-c2c(NC(=O)/C=C/CN(C)C)ccc3ncnc(Nc4ccc(OCc5ccccn5)c(Cl)c4)c23)c1,CHEMBL5562735,True,8.53,,1
RDZPGHUQXAWIOQ-UHFFFAOYSA-N,COc1cc2c(Nc3ccc(F)c(Cl)c3)ncnc2cc1OCCCCCCn1ccnc1[N+](=O)[O-],CHEMBL3360605,False,8.84,,1
RWGIYOGVCTYDNX-UHFFFAOYSA-N,C#Cc1cccc(Nc2ncnc3cc(OCCCCCCn4ccnc4[N+](=O)[O-])c(OC)cc23)c1,CHEMBL3360610,False,9.24,,1
FGBTUBUYENCTAY-UHFFFAOYSA-N,COc1cc2ncnc(Nc3ccc(F)c(Cl)c3)c2cc1OCCCCn1ccnc1[N+](=O)[O-],CHEMBL3355875,False,9.33,,1
SVXFOLMQBCUDSL-UHFFFAOYSA-N,Clc1cccc(Nc2ncnc3[nH]c4c(c23)CCCC4)c1,CHEMBL75177,False,7.54,0.0,2
NCSULLSYUMTAPU-BCYQGVSMSA-N,CCOc1ccc2oc(=O)cc(C3SC(N(C(C)=O)[C@@H]4O[C@H](COC(C)=O)[C@H](OC(C)=O)[C@H](OC(C)=O)[C@H]4OC(C)=O)=NN3C(C)=O)c2c1,CHEMBL5561026,False,6.66,,1
KBUPLFGNIRSTAA-SBGCJBKISA-N,CCCCCOc1ccc2oc(=O)cc(C3SC(N(C(C)=O)[C@@H]4O[C@H](COC(C)=O)[C@@H](OC(C)=O)[C@H](OC(C)=O)[C@H]4OC(C)=O)=NN3C(C)=O)c2c1,CHEMBL5557850,False,6.66,,1
JPSJPPZPXIVVJV-SBGCJBKISA-N,CC(=O)OC[C@H]1O[C@@H](N(C(C)=O)C2=NN(C(C)=O)C(c3cc(=O)oc4cc(OCCC(C)C)ccc34)S2)[C@H](OC(C)=O)[C@@H](OC(C)=O)[C@@H]1OC(C)=O,CHEMBL5562309,False,6.66,,1
VVJJLWLIPDNSHN-MZJWZYIUSA-N,CC(C)(C)c1ccc(/C=N/NC(=O)Cc2csc3nc(-c4ccc(C#N)cc4)cn23)cc1,CHEMBL5612077,False,4.78,,1
NVXHDNJLPNPKQF-UHFFFAOYSA-N,O=S(=O)(c1ccc2[nH]c(O)c(N=Nc3ccccc3)c2c1)N1CCOCC1,CHEMBL4281426,False,7.34,,1
RPXDEHYEUCFVOM-UHFFFAOYSA-N,N#CCC(=O)N=Nc1c(O)[nH]c2ccc(S(=O)(=O)N3CCOCC3)cc12,CHEMBL4282506,False,7.64,,1
GFPQRHXCPZSHRH-SOFGYWHQSA-N,COc1cc2ncnc(Nc3ccc(Cc4ccccn4)cc3)c2cc1NC(=O)/C=C/CN1CCCC1,CHEMBL3930965,True,7.1850000000000005,0.5020458146424484,2
ZHNZZAFDNOFVRY-UHFFFAOYSA-N,C=CC(=O)Nc1ccc(OC)c(Nc2ncc(Cl)c(-c3cnn4ccccc34)n2)c1,CHEMBL2426286,True,4.89,,1
UIVCMCJROZMDFB-UHFFFAOYSA-N,Fc1ccc(Nc2ncnc3ccc(-c4cnn(C5CCNCC5)c4)cc23)cc1Cl,CHEMBL3828092,False,7.5,,1
LNWSYCUKHBLOIW-UHFFFAOYSA-N,COc1cc2ncc(C#N)c(Nc3ccc(F)c(Cl)c3)c2cc1OC,CHEMBL109372,False,5.779999999999999,0.6929646455628166,2
HAQCJWCZBZBVHO-UHFFFAOYSA-N,NC(=O)Nc1ccc2ncnc(Nc3ccc(F)c(Cl)c3)c2c1,CHEMBL3814211,False,7.785,1.8172644276494274,2
UMGYMAXDIGYRMA-AWEZNQCLSA-N,C[C@H](N)C#Cc1cc2c(Nc3ccc(OCc4cccc(F)c4)c(Cl)c3)ncnc2s1,CHEMBL3416633,False,7.16,,1
OQENDKCOJPNMNO-GFCCVEGCSA-N,CC[C@@H](Nc1ncnc2sc(Br)cc12)c1ccccc1,CHEMBL3416608,False,6.74,,1
AYNCWLOKRFSIND-UHFFFAOYSA-N,COc1cc2ncnc(Nc3cccc(Cl)c3F)c2cc1CN(CCN(C)C)C(C)C(N)=O,CHEMBL376967,False,6.92,,1
CFQAZHZKWMMXOV-AWEZNQCLSA-N,COc1cc2ncnc(Nc3cccc(Cl)c3F)c2cc1CN1CCC[C@H]1CC(N)=O,CHEMBL377772,False,6.77,,1
QAAOTANJKRXNSC-UHFFFAOYSA-N,COc1cc2ncnc(Nc3cccc(Cl)c3F)c2cc1CN1CCCC1,CHEMBL437885,False,6.44,,1
SFZSLQNVKFDVLY-UHFFFAOYSA-N,CNc1ccc2ncnc(Nc3cccc(Cl)c3)c2c1,CHEMBL209343,False,8.4,,1
GXEGTVQATHKFDH-OAQYLSRUSA-N,CC(C)(N)c1cc(C(=O)N[C@@H]2CCc3ccc(Oc4ccnc5c4CCC(=O)N5)cc3C2)cc(C(F)(F)F)c1,CHEMBL1688861,False,6.72,,1
IYBAQZSLFMVGQZ-UHFFFAOYSA-N,COc1cc2ncnc(Nc3ccc(C)c(NC(=O)c4ccccc4)c3)c2cc1OC,CHEMBL186747,False,5.5,,1
OQUOTBSSEUPKNG-UHFFFAOYSA-N,COc1cc2ncnc(Nc3cccc(NC(=O)c4ccccc4)c3F)c2cc1OC,CHEMBL182397,False,5.55,,1
YAYKCQATWACEFT-UHFFFAOYSA-N,COc1cc2ncnc(Nc3ccc(Cl)c(NC(=O)c4ccccc4)c3)c2cc1OC,CHEMBL360209,False,5.66,,1
RZBBKHCMKJSCKV-UHFFFAOYSA-N,O=[N+]([O-])c1ccc2c(Nc3cccc(Br)c3)ncnc2c1,CHEMBL94275,False,6.0,,1
LBFLLUZYNSZHHG-UHFFFAOYSA-N,Brc1cccc(Nc2ncnc3ccncc23)c1NCCCN1CCOCC1,CHEMBL271334,False,8.72,,1
WDMFQNOTWHKYOA-UHFFFAOYSA-N,COc1ccccc1CON=Cc1c(N)ncnc1Nc1ccc2c(cnn2Cc2cccc(F)c2)c1,CHEMBL255236,False,7.33,,1
PRTPANUTPYMUDM-UHFFFAOYSA-N,C=CC(=O)NCc1coc(-c2c(N)ncnc2Nc2ccc(OCc3ccccn3)c(Cl)c2)n1,CHEMBL2035810,True,8.48,,1
LQVXXMBNQOFZDU-GDAWTGGTSA-N,COc1cc(/C=C2\CCC/C(=C\c3ccccc3)C2=O)cc(OC)c1,CHEMBL2316140,False,5.78,,1
RQYVKBOWLRVISJ-UHFFFAOYSA-N,COc1cc2ncnc(Nc3ccc(F)c(Cl)c3)c2cc1OCCCCCCC(O)=NO,CHEMBL598377,False,8.51,0.0,2
KFULDVUYUMOVAX-UHFFFAOYSA-N,CSc1nc(-c2ccc(F)cc2)c(-c2ccnc(Nc3ccccc3)c2)[nH]1,CHEMBL321494,False,7.62,,1
AKDDPMDJFJJCDW-UHFFFAOYSA-N,COc1ccc(C(=O)n2nc(-c3cccnc3)nc2N)cc1,CHEMBL4216765,False,5.44,,1
UNZHPVUBBKLAJR-UHFFFAOYSA-N,COc1cc(Nc2c(C#N)cnc3cc4cc(OCCN5CCOCC5)c(OC)cc4cc23)c(Cl)cc1Cl,CHEMBL195029,False,5.57,,1
UBJGLXSFXKIIFY-SECBINFHSA-N,Nc1ncnc2c1c(-c1ccc(Cl)c(O)c1)nn2[C@@H]1CCNC1,CHEMBL1241677,False,4.91,,1
COAQRADEUYYCDG-SECBINFHSA-N,Nc1ncnc2c1c(-c1ccc(Cl)c(O)c1)nn2[C@@H]1CCOC1,CHEMBL1241768,False,5.85,,1
RRDIEPDENZRYJK-UHFFFAOYSA-N,C=CC(=O)N1CCC(C2CCNc3c(C(N)=O)c(-c4cc(OC)c5ccoc5c4)nn32)CC1,CHEMBL5288582,True,6.57,,1
FIFWWQUQNGQSLH-UHFFFAOYSA-N,O=C1Nc2ccccc2C1=Cc1cc2c([nH]1)CCC(Br)C2,CHEMBL408565,True,4.88,,1
VMDUWDNQTGHKSN-UHFFFAOYSA-N,COc1cc(Nc2ncnc3[nH]nc(OCCN4CCC(O)CC4)c23)ccc1OCc1ccccn1,CHEMBL401713,False,6.98,,1
WAFFZBGYOIPMFM-JOCHJYFZSA-N,COCCN1CCC[C@@H]1C#Cc1cc2ncnc(Nc3ccc(OCc4cccc(F)c4)c(Cl)c3)c2s1,CHEMBL523573,False,6.89,,1
YAFRPXJMYXBTOY-HNNXBMFYSA-N,C=CC(=O)N1CCc2c(sc3ncnc(N[C@@H](CO)c4ccccc4)c23)C1,CHEMBL1272168,True,5.51,,1
GIEXNCMKIOORCR-UHFFFAOYSA-N,NS(=O)(=O)c1ccc2[nH]c(O)c(C=c3[nH]c4c(c3=CCC(=O)O)CCCC4)c2c1,CHEMBL86531,True,4.54,,1
AULCRCVNIWNUTH-UHFFFAOYSA-N,CC(C)n1nc(-c2ccc3occc3c2)c2c(N)ncnc21,CHEMBL1241490,False,6.02,,1
JJHXVSSJRMTBMC-UHFFFAOYSA-N,O=C(C#CCCN1CCOCC1)Nc1cc2c(Nc3ccc(F)c(Cl)c3)ncnc2cn1,CHEMBL203661,False,8.89,,1
QAWQPXUVEVTPDR-UHFFFAOYSA-N,CC(C)N(CC#CC(=O)Nc1cc2c(Nc3ccc(F)c(Cl)c3)ncnc2cn1)C(C)C,CHEMBL383499,False,7.36,,1
FQGVUAQWOXXERW-UHFFFAOYSA-N,CCN(CC)CC#CC(=O)Nc1ccc2ncnc(Nc3ccc(F)c(Cl)c3)c2c1,CHEMBL373207,False,8.51,,1
PLZVTPONFFMTDM-UHFFFAOYSA-N,Cc1cccc(Nc2ncnc3[nH]nc(Nc4cccc(Cl)c4)c23)c1,CHEMBL120069,False,6.89,,1
LDXBWPMFKPDDPV-UHFFFAOYSA-N,COc1cc(Nc2ncc(Cl)c(Nc3ccccc3P(C)(C)=O)n2)ccc1N1CCC(N2CCN(C)CC2)CC1,CHEMBL5086894,False,7.29,,1
YVGYDPFKZQBIRJ-UHFFFAOYSA-N,CN1CCN(C2CCN(c3ccc(Nc4ncc(Cl)c(Nc5ccccc5P(C)(C)=O)n4)cc3Cl)CC2)CC1,CHEMBL5076986,False,7.42,,1
QCDZPARUOUZGLL-UHFFFAOYSA-N,CN1CCN(CCCCNc2ncc3cc(-c4c(Cl)cccc4Cl)c(=O)n(C)c3n2)CC1,CHEMBL104244,False,6.68,,1
UYXXIXVMSUKWBN-UHFFFAOYSA-N,Clc1cccc(Nc2ncnc3[nH]c(-c4ccccc4)c(-c4ccccc4)c23)c1,CHEMBL307209,False,7.02,,1
BHQZGGSZRHDQFZ-UHFFFAOYSA-N,Cc1ccc(F)c(C(=O)n2nc(Nc3ccc(S(N)(=O)=O)cc3)nc2C)c1F,CHEMBL363607,False,4.34,,1
AHOQUNYTDVRQHT-UHFFFAOYSA-N,C=CC(=O)Nc1cc(Nc2nccc(Nc3cn(C)c4ccccc34)n2)c(OC)cc1N(C)CCN(C)C(=O)OC,CHEMBL5084983,True,5.54,,1
IEUIFNRSXNCVOU-UHFFFAOYSA-N,C=CC(=O)Nc1cc(Nc2nccc(Nc3cn(C)c4ccccc34)n2)c(OC)cc1N(C)CCN(C)Cc1ccccc1,CHEMBL5089161,True,6.39,,1
MJGOASKYDRKUGY-UHFFFAOYSA-N,Cn1c(SSc2c(C(=O)Nc3ccccc3)c3cc(C#N)ccc3n2C)c(C(=O)Nc2ccccc2)c2cc(C#N)ccc21,CHEMBL291979,False,4.27,,1
NKJLYFQDEGKIAY-HSZRJFAPSA-N,C=CC(=O)Nc1ccc(-c2c(-c3ccccc3)oc3ncnc(N[C@H](CO)c4ccccc4)c23)cc1,CHEMBL1172773,True,7.09,,1
VKLXZJHDWCEUPE-YCRREMRBSA-N,C/C=C(\C)C(=O)Nc1cc2c(Nc3ccc(F)c(Cl)c3)ncnc2s1,CHEMBL3233768,True,5.19,,1
PMBVRSBBPUXLED-NSCUHMNNSA-N,CN1CCN(C/C=C/C(=O)Nc2cc3c(Nc4ccc(F)c(Cl)c4)ncnc3s2)CC1,CHEMBL3233789,True,6.91,,1
KVCFBSPPQNDXTQ-UHFFFAOYSA-N,Cn1ncc2cc(Nc3ncnn4ccc(CN5CCC(N)CC5)c34)ccc21,CHEMBL1645464,False,6.02,,1
IGTJYNJVGNSKLF-UHFFFAOYSA-N,C=CC(=O)N1CCc2c(sc3ncnc(Nc4ccc(CC)cc4)c23)C1,CHEMBL3133899,True,5.13,,1
RFZUJPCONIQJEF-UHFFFAOYSA-N,C=CC(=O)N1CCc2c(sc3ncnc(Nc4ccc(Br)cc4F)c23)C1,CHEMBL3133896,True,5.43,,1
HTWQUJPHCWCSKV-UHFFFAOYSA-N,C=CC(=O)Nc1ccc2ncnc(Nc3ccc(OC)cc3OC)c2c1,CHEMBL3133906,True,4.27,,1
PBDJWRUCRSLDEM-UHFFFAOYSA-N,CC#CC(=O)Nc1ccc2ncc(C#N)c(Nc3cccc(Br)c3)c2c1,CHEMBL283682,False,6.03,0.27999999999999997,4
DBGZNJVTHYFQJI-RIYZIHGNSA-N,COc1ccc(/C=C(\C#N)c2cccnc2)cc1OC,CHEMBL67027,False,6.16,,1
AQBOZCORBWWYIG-UHFFFAOYSA-N,C=CC(=O)Nc1cc(Nc2cc(-c3cccc(NC(=O)c4ccc(N(C)C)cc4)c3C)cn(C)c2=O)ccc1C(=O)N1CCOCC1,CHEMBL4085868,True,5.23,,1
BRCXEKGENXSPDA-UHFFFAOYSA-N,CC(C)(O)C#Cc1ccc2ncnc(Nc3ccc(F)c(Cl)c3)c2c1,CHEMBL251497,False,6.82,,1
HGYWASHVHJLXJJ-UHFFFAOYSA-N,CC(O)C#Cc1ccc2ncnc(Nc3ccc(F)c(Cl)c3)c2c1,CHEMBL399928,False,7.03,,1
PNZSTSKDYDRMIY-UHFFFAOYSA-N,C=CCOc1ccc2ncnc(Nc3ccc(OCc4ccccc4)cc3)c2c1,CHEMBL540701,False,7.1,0.0,2
DUTQQQQGZMCEIA-DHZHZOJOSA-N,C#Cc1cccc(Nc2ncnc3cc4c(cc23)N(C(=O)/C=C/CN(CC)CC)CCO4)c1,CHEMBL3114687,True,7.84,0.650538238691624,2
OWUREEFSSOCYKL-VMPITWQZSA-N,C#Cc1cccc(Nc2ncnc3cc4c(cc23)N(C(=O)/C=C/CN2CCC(C)CC2)CCO4)c1,CHEMBL3114701,True,7.695,0.8555992052357231,2
LKWYXKBTCVQGAD-QPJJXVBHSA-N,C#Cc1cccc(Nc2ncnc3cc4c(cc23)N(C(=O)/C=C/CN2CCOCC2)CCO4)c1,CHEMBL3114699,True,7.055,1.2232947314527272,2
MWFMVXZUTVIRRN-UHFFFAOYSA-N,CCC(=O)Nc1cc2c(Nc3ccc(Oc4cccc(F)c4)cc3)ncnc2cc1OC,CHEMBL3944572,False,6.05,,1
VIVGTLWPQZQFPV-UHFFFAOYSA-N,CCC(=O)Nc1cc2c(Nc3ccc(Oc4cccnc4)cc3)ncnc2cc1OC,CHEMBL3951754,False,6.28,,1
MWFCPZVRFPHQKV-UHFFFAOYSA-N,CCC(=O)Nc1cc2c(Nc3ccc(Cc4ccncc4)cc3)ncnc2cc1OC,CHEMBL3942999,False,6.41,,1
IQOJCGLNXTVHOS-UHFFFAOYSA-N,CCC(=O)Nc1cc2c(Nc3ccc(C(O)c4ccccc4)cc3)ncnc2cc1OC,CHEMBL3972605,False,6.46,,1
NYCRPERPKUAEHF-DHZHZOJOSA-N,CCOc1cc2ncnc(Nc3ccc4c(cnn4Cc4ccccc4)c3)c2cc1NC(=O)/C=C/CN1CCCC1,CHEMBL3923228,True,8.335,0.26162950903902144,2
WJGBEIOIHHBCIV-RRSRKQOQSA-N,CCOc1cc2ncnc(Nc3ccc4c(cnn4Cc4ccccc4)c3)c2cc1NC(=O)/C=C/CN1[C@H](C)CNC[C@@H]1C,CHEMBL3971413,True,7.14,,1
KPSPYNLYPZNCGV-DHZHZOJOSA-N,CCOc1cc2ncnc(Nc3ccc4c(ccn4S(=O)(=O)c4ccccc4)c3)c2cc1NC(=O)/C=C/CN(C)C,CHEMBL3899132,True,7.609999999999999,0.2687005768508883,2
CZRDEUGQKBEMMH-VQHVLOKHSA-N,CCOc1cc2ncnc(Nc3ccc(OCc4ccccn4)cc3)c2cc1NC(=O)/C=C/CN1CCCC1,CHEMBL3977926,True,7.465,0.6434671708797584,2
GCUYIMVZVRRUPD-ONEGZZNKSA-N,CN(C)C/C=C/C(=O)Nc1cc2c(Nc3ccc(F)c(Cl)c3)ncnc2cn1,CHEMBL3968417,True,8.85,0.21213203435596475,2
JABKEJXCSLSSEV-FNORWQNLSA-N,CN(C)C/C=C/C(=O)Nc1cc2c(Nc3ccc(Cc4ccccn4)cc3)ncnc2cn1,CHEMBL3969056,True,7.26,1.0465180361560906,2
KLPFPTSVYVEKOL-UHFFFAOYSA-N,COc1c(NC(=O)Nc2ccc(-c3ccc(CN4CCOCC4)nc3)c3ccccc23)cc(C(C)(C)C)cc1NS(C)(=O)=O,CHEMBL451523,False,5.27,,1
RXAQHRQLIGQSEF-UHFFFAOYSA-N,C=CC(=O)Nc1ccc2ncnc(Cc3cccc(C)c3)c2c1,CHEMBL522134,True,9.38,,1
HAPCXWXXDHZDQW-UHFFFAOYSA-N,C=CC(=O)Nc1nc2c(Cc3ccc(F)c(Cl)c3)ncnc2cc1OC,CHEMBL490497,True,9.02,,1
FETFZHLVPOJEBR-UHFFFAOYSA-N,O=C1NC(=O)c2c1c1c3cccc(O)c3[nH]c1c1[nH]c3c(O)cccc3c21,CHEMBL279481,False,4.54,,1
PULNRPJMZJFXLC-UHFFFAOYSA-N,NC(=S)NN=C(C=Cc1ccccc1Cl)c1ccccc1,CHEMBL1830258,False,4.63,,1
ZYDDEOOLLYRAPA-UHFFFAOYSA-N,COc1ccccc1C=CC(=NNC(N)=S)c1ccccc1,CHEMBL1830260,False,4.48,,1
XVPWAAHQFRCQNH-UHFFFAOYSA-N,NC(=S)NN=C(C=Cc1cccc([N+](=O)[O-])c1)c1ccccc1,CHEMBL1830263,False,5.43,,1
OFJWPGHGYOEOEJ-UHFFFAOYSA-N,COc1ccc(C=CC(=NNC(N)=S)c2ccccc2)cc1,CHEMBL1830268,False,4.83,,1
ILVOMMRNKIWJHI-UHFFFAOYSA-N,NC(=S)NN=C(C=Cc1ccc([N+](=O)[O-])cc1)c1ccccc1,CHEMBL1830269,False,5.8,,1
YCDLIADNLQNFRV-UHFFFAOYSA-N,NC(=S)NN=C(C=Cc1ccccc1)c1ccc(Cl)c(Cl)c1,CHEMBL1830277,False,5.01,,1
LLKMIHRTMINQDO-UHFFFAOYSA-N,COc1cc(N2CCC(N3CCN(C)CC3)CC2)ccc1Nc1ncc(Cl)c(Nc2ccccc2NS(N)(=O)=O)n1,CHEMBL5176129,False,8.55,0.526133696570241,6
ZABBRQASQVBFDE-UHFFFAOYSA-N,CCc1cc(Nc2ncc(Br)c(Nc3ccc4nccnc4c3P(C)(C)=O)n2)c(OC)cc1N1CCC(N2CCN(C)CC2)CC1,CHEMBL5174418,False,8.94,0.7743384273042383,4
BKGAQRNSVMXWHB-UHFFFAOYSA-N,C=CC(=O)Nc1cccc(Oc2nc(Nc3ccc(N4CCN(C(C)=O)CC4)cc3OC)ncc2C(F)(F)F)c1,CHEMBL3699588,True,6.9350000000000005,0.3323401871576775,2
HEGYYHJXZKEXOV-UHFFFAOYSA-N,C=CC(=O)Nc1cccc(NC(=O)Nc2ccnc(Nc3ccc(N(C)CCN(C)C)cc3OC)n2)c1,CHEMBL4225255,True,7.31,,1
TYKIRTOCIRMODO-UHFFFAOYSA-N,C=CC(=O)Nc1cccc(NC(=O)Nc2ccnc(Nc3ccc(C(=O)N4CCN(C)CC4)cc3OC)n2)c1,CHEMBL4226177,True,6.01,,1
HIONRJFCDLKILS-UHFFFAOYSA-N,C=CC(=O)Nc1cc2c(Nc3ccc(F)c(Br)c3)ncnc2cn1,CHEMBL54091,True,9.14,,1
NFDDLNNYPCZJSB-UHFFFAOYSA-N,CC(=O)N1CCN(Cc2ccn3ncnc(Nc4ccc5c(cnn5Cc5cccc(F)c5)c4)c23)CC1,CHEMBL231885,False,6.15,,1
BVMZNZPGSFCWPC-UHFFFAOYSA-N,O=C1CN(Cc2ccn3ncnc(Nc4ccc5c(cnn5Cc5cccc(F)c5)c4)c23)CCN1,CHEMBL265629,False,6.46,,1
YRLXEVJADNDLHA-UHFFFAOYSA-N,NC(=O)C1CCN(Cc2ccn3ncnc(Nc4ccc5c(cnn5Cc5cccc(F)c5)c4)c23)CC1,CHEMBL398388,False,6.85,,1
BWTAXIQGZRMUBO-HAVVHWLPSA-N,O=C(N/N=C1\CC2(CCCC2)Oc2ccccc21)Nc1ccc(Cl)cc1,CHEMBL4241867,False,5.72,,1
SGZWKWDDCXXCAG-QCWLDUFUSA-N,O=C(N/N=C1\CC2(CCCCC2)Oc2c1ccc1ccccc21)C1C2CC3CC(C2)CC1C3,CHEMBL4241486,False,5.92,,1
PBDZUUYDHCFPJM-UHFFFAOYSA-N,COc1ccc(Nc2ncc3cc(-c4c(Cl)cccc4Cl)c(=O)n(C)c3n2)cc1C,CHEMBL113023,False,6.6,,1
PIRRCCINNCBLGG-UHFFFAOYSA-N,COc1cc2c(cc1OC)Oc1ncnc(Nc3ccc(F)c(Cl)c3)c1NC2,CHEMBL202970,False,6.04,0.16970562748477155,2
KUQKYMFIGLVQMY-UHFFFAOYSA-N,COc1cc(OC2CCN(S(C)(=O)=O)CC2)c2c(Nc3ccc(F)c(Cl)c3)ncnc2c1,CHEMBL379017,False,5.02,,1
JCKYGUUVRSHCJN-UHFFFAOYSA-N,CS(=O)(=O)Nc1ccc2c(c1)CNc1c(Nc3cccc(Br)c3)ncnc1O2,CHEMBL382186,False,5.275,0.1626345596729053,2
GACPHRAIWYJVFZ-UHFFFAOYSA-N,Brc1cccc(Nc2ncnc3c2NCc2cc(Br)ccc2O3)c1,CHEMBL383614,False,5.57,0.6081118318204308,2
TVWAYYKSTVUYBC-UHFFFAOYSA-N,COc1cc(N2CCN(C(C)C)CC2)ccc1Nc1nccc(-c2c(-c3ccc(OC)c(C(=O)Nc4c(F)cccc4F)c3)nc3ccccn23)n1,CHEMBL3915202,False,6.0,,1
BAJQSTXNGISSEP-LBPRGKRZSA-N,C=CC(=O)N1CC[C@H](Oc2cc3c(Nc4ccc(F)c(Cl)c4F)ncnc3cc2OC)C1,CHEMBL3965391,True,8.52,,1
RAHSHQQWQIMPOG-LBPRGKRZSA-N,C=CC(=O)N1CC[C@H](Oc2cc3c(Nc4ccc(Cl)c(Cl)c4F)ncnc3cc2OC)C1,CHEMBL3968784,True,8.15,,1
QIYKORVSWNMNRD-YJJYDOSJSA-N,C=CC(=O)N1CC[C@@H](Oc2cc3c(Nc4ccc(F)c(Cl)c4F)ncnc3cc2OC)CC1C(=O)OC,CHEMBL3972168,True,8.36,,1
QTRVZMFRXOALDJ-UHFFFAOYSA-N,O=C(C#CCN1CCOCC1)Nc1cc2c(Nc3ccc(F)c(Cl)c3)ncnc2cn1,CHEMBL202556,False,8.51,,1
KJDFHCUXSFQUTK-UHFFFAOYSA-N,CS(=O)(=O)CCNC(=O)NCc1cccc(C#Cc2cncnc2Nc2ccc(OCc3cccc(F)c3)c(Cl)c2)n1,CHEMBL206029,False,7.82,,1
IJCQFRPHONNGRV-UHFFFAOYSA-N,Fc1cccc(COc2ccc(Nc3ncncc3C#Cc3cc[nH]n3)cc2Cl)c1,CHEMBL205284,False,7.38,,1
HPHUGTTXFHEACH-UHFFFAOYSA-N,Fc1cccc(COc2ccc(Nc3ncncc3C#Cc3ncccn3)cc2Cl)c1,CHEMBL207869,False,7.11,,1
PTARQPWAPBTGAG-UHFFFAOYSA-N,Nc1ccc(C#Cc2cncnc2Nc2ccc(OCc3cccc(F)c3)c(Cl)c2)cc1,CHEMBL205966,False,7.52,,1
SGSZBDPHZWMJPU-UHFFFAOYSA-N,COc1cc2ncnc(Nc3cccc(Cl)c3F)c2cc1CN(C)C1(C(N)=O)CN(C)C1,CHEMBL207718,False,7.7,,1
DFMFCXGQTUDQBA-UHFFFAOYSA-N,COc1cc2ncnc(Nc3cccc(Cl)c3F)c2cc1CN(C)C1(C(N)=O)CCN(C(C)C)CC1,CHEMBL383246,False,7.6,,1
KBHNVEWVXSQNJH-UHFFFAOYSA-N,COCCC(C(N)=O)N(C)Cc1cc2c(Nc3cccc(Cl)c3F)ncnc2cc1OC,CHEMBL207445,False,8.0,,1
MRMPJCJPMMLVBE-UHFFFAOYSA-N,COc1cc2ncnc(Nc3cccc(Cl)c3F)c2cc1CN1CCOCC1C(N)=O,CHEMBL207674,False,7.3,,1
YMFWMHNWDMYUDT-UHFFFAOYSA-N,COc1cc(Nc2nccc(-c3ccc(Cl)cc3)n2)cc(OC)c1OC,CHEMBL3134612,False,5.67,,1
VZMZAYAKDHWCNK-UHFFFAOYSA-N,C=CC(=O)Nc1cc2c(Nc3ccc(Br)cc3F)ncnc2cc1OCC1CCN(C(=O)C=C)CC1,CHEMBL3671479,True,8.52,0.0,2
FROYTOQPRFQLJH-UHFFFAOYSA-N,C=CC(=O)Nc1cc2c(Nc3ccc(Br)cc3F)ncnc2cc1OCCNC(=O)C(C)N(C)C,CHEMBL3671530,True,6.9,0.0,2
QEEAABFVJCOYPN-UHFFFAOYSA-N,C=CC(=O)Nc1cc2c(Nc3ccc(Br)cc3F)ncnc2cc1OC(C)CNC(C)=O,CHEMBL3671550,True,7.44,0.0,2
KXWGCUQJTHVLTN-UHFFFAOYSA-N,C=CC(=O)Nc1cc2c(Nc3ccc(Br)c(F)c3F)ncnc2cc1OCCNC(=O)CCN1CCCCC1,CHEMBL3676346,True,6.05,0.0,2
YSZALBLOXLXRCK-UHFFFAOYSA-N,C=CC(=O)Nc1cc2c(Nc3cc(Cl)c(Cl)cc3F)ncnc2cc1OCCNC(=O)COC,CHEMBL3676358,True,7.7,0.0,2
SHRZDXFZUPQARN-UHFFFAOYSA-N,C=CC(=O)Nc1cc2c(Nc3cc(Cl)c(Cl)cc3F)ncnc2cc1OCCNC(=O)CN(C)C,CHEMBL3676360,True,8.05,0.0,2
VWQXQDDNEBTKBV-UHFFFAOYSA-N,COc1cc2nc(Cl)nc(Nc3ccc(S(=O)(=O)N(C)C)cc3)c2cc1OC,CHEMBL3098312,False,4.17,,1
HOPOBKDALJITRH-UHFFFAOYSA-N,NS(=O)(=O)c1ccc(Nc2nc(Cl)nc3cc4c(cc23)OCO4)cc1,CHEMBL3098318,False,4.46,,1
ICNWLCWFTRGJDM-UHFFFAOYSA-N,CNS(=O)(=O)c1ccc(Nc2nc(Cl)nc3cc(OC)c(OC)cc23)cc1,CHEMBL3098321,False,5.79,,1
YEDFJQFXFLQVAC-UHFFFAOYSA-N,O=C1Nc2ccc(S(=O)(=O)N3CCOCC3)cc2C1=Nc1ccc(N=C2C(=O)Nc3ccc(S(=O)(=O)N4CCOCC4)cc32)cc1,CHEMBL4280749,False,5.93,,1
ZFXYTVIPXWJZDW-UHFFFAOYSA-N,COc1cc2ncnc(Nc3ccc(OCc4cccc(F)c4)c(Cl)c3)c2cc1OCCCCCn1ccnc1[N+](=O)[O-],CHEMBL3355885,False,7.29,,1
DYIICXFXKBQODD-UHFFFAOYSA-N,COc1cc2ncnc(Nc3ccc(F)c(Cl)c3)c2cc1OCCCCn1c([N+](=O)[O-])cnc1C,CHEMBL3355889,False,9.28,,1
UYDDASUEYNUOFR-UHFFFAOYSA-N,C=CC(=O)Nc1cccc(Oc2nc(Nc3ccc(N4CCN(CC(=O)N5CCC(Oc6no[n+]([O-])c6S(=O)(=O)c6ccccc6)CC5)CC4)cc3OC)ncc2Cl)c1,CHEMBL2381504,True,7.38,,1
RWTVBTMCWHUZPO-UHFFFAOYSA-N,O=C1COc2cc3ncnc(Nc4ccccc4)c3cc2N1CCCN1CCOCC1,CHEMBL3775148,False,6.29,,1
XWYZBBVWCBKIKG-UHFFFAOYSA-N,COc1cccc(Nc2ncnc3ccncc23)c1N,CHEMBL441335,False,6.88,,1
NFMNEASECHTBTP-UHFFFAOYSA-N,C=C1CC(CBr)(c2ccc(F)cc2)OC1=O,CHEMBL4640482,False,4.19,,1
LRFQOHDLAVEYSZ-UHFFFAOYSA-N,C=C1CC(CI)(c2ccccc2)OC1=O,CHEMBL4642842,False,4.33,,1
ZZRGSHVUZJRFKX-UHFFFAOYSA-N,NC1CCN(Cc2ccn3ncnc(Nc4ccc(OCc5cccc(F)c5)c(Cl)c4)c23)CC1,CHEMBL247710,False,7.42,,1
NLZSXRKDMHPVOQ-UHFFFAOYSA-N,CN(C)C1CCN(Cc2ccn3ncnc(Nc4ccc5c(cnn5Cc5cccc(F)c5)c4)c23)CC1,CHEMBL247309,False,7.0,,1
FOZKWAUFYAUUMI-UHFFFAOYSA-N,C=C1CC(CI)(c2ccc(F)cc2)OC1=O,CHEMBL4634317,False,4.62,,1
UGWOQEABVJFWIV-UHFFFAOYSA-N,CC(C)c1cc(C=C2C(=O)Nc3ccccc32)cc(C(C)C)c1O,CHEMBL85021,True,5.61,1.1172287142747452,2
WZZYKYGLTRDTLP-UHFFFAOYSA-N,CCOc1cc(C=C(C#N)C(N)=O)cc(CSc2cccc(OC)c2)c1O,CHEMBL483232,True,5.4,,1
AXVKGZLOECWENV-UHFFFAOYSA-N,CS(=O)(=O)CCNCc1nc(-c2ccc3ncnc(Nc4ccc(OCc5ccccc5)c(Cl)c4)c3c2)cs1,CHEMBL515082,False,8.1,,1
SJLWTBDKYQGYLP-UHFFFAOYSA-N,C=CC(=O)Nc1cc2c(Cc3cccc(C)c3)ncnc2cc1OCCCN1CCOCC1,CHEMBL489111,True,8.82,,1
YIDDHYKMJJSDHC-UHFFFAOYSA-N,C=CC(=O)Nc1ccc2ncnc(Cc3ccc(F)c(Cl)c3)c2c1,CHEMBL447223,True,9.12,,1
PUUPCRMBNKAVOV-MDZDMXLPSA-N,O=C(/C=C/c1ccccc1)Cc1cc2c(Nc3cccc(Br)c3)ncnc2cn1,CHEMBL509914,False,8.04,,1
ZUYBWCDJBOILFC-UHFFFAOYSA-N,C=CC(=O)C(CCCN1CCOCC1)c1ccc2ncnc(Nc3cccc(Br)c3)c2c1,CHEMBL517127,False,8.48,,1
QXZZPHCKEWLNBI-UHFFFAOYSA-N,CN(C)CCCNC(=O)C=CC(=O)Cc1cc2c(Nc3cccc(Br)c3)ncnc2cn1,CHEMBL460743,True,8.96,,1
RTCNGBCVMDIFBX-UHFFFAOYSA-N,C=CC(=O)NC1=CC=C2N=CN=C(Nc3cccc(Cl)c3)C21,CHEMBL460735,True,8.8,,1
FXWAFRDJXXFRPI-UHFFFAOYSA-N,CN(CCO)c1cc2ncnc(Nc3cccc(Br)c3)c2cn1,CHEMBL341319,False,8.59,0.0,2
CTAHCBONHHOZRK-BQYQJAHWSA-N,COc1ccccc1/C=C/C(=O)OCCn1c([N+](=O)[O-])cnc1C,CHEMBL1171273,False,4.5,,1
XPQGFWNRDJTDAQ-HSZRJFAPSA-N,C=CC(=O)N1CCC[C@@H](Oc2nc(Nc3ccc(N4CCN(CC)CC4)cc3)nc3[nH]cc(-c4cncc(NC)n4)c23)C1,CHEMBL4457018,True,8.06,,1
JRDNHFDLZZTKPR-UHFFFAOYSA-N,CN1CCN(c2ccc(Nc3nc(Nc4ccccc4N(C)S(C)(=O)=O)c4cc[nH]c4n3)cc2F)CC1,CHEMBL5641539,False,5.82,,1
MLXUDJPUEMLBKJ-UHFFFAOYSA-N,C=CC(=O)Nc1cc(Nc2ncc(F)c(Nc3ccccc3S(=O)(=O)C(C)C)n2)c(OC)cc1N(C)CCN(C)C,CHEMBL4448107,True,7.34,,1
YVXVVBRYZHAWFN-UHFFFAOYSA-N,CN(C)CCOc1ccc(Nc2ncc3nc(Sc4ccc(F)cc4)n(C4CCOCC4)c3n2)cc1,CHEMBL4228518,False,8.6,,1
QNHQLBLUWHLFSC-UHFFFAOYSA-N,CCc1c(C(=O)NC(CO)Cc2ccccc2)[nH]c2ccc(C(F)(F)F)cc12,CHEMBL4207316,False,6.05,,1
ILYBFMOXMXGGJH-UHFFFAOYSA-N,COc1cc(N2CCN(C)CC2)ccc1Nc1ncc(Cl)c(Oc2cccc(NC(=O)CCN3CCN(C)CC3)c2)n1,CHEMBL3237934,False,5.13,,1
SUBVZPCNUYJADP-UHFFFAOYSA-N,CCOc1cc2ncnc(Nc3ccc(F)c(Cl)c3)c2cc1OC(=O)CSc1ncccn1,CHEMBL4558356,False,7.57,,1
BBQZPRCLSSOWJW-UHFFFAOYSA-N,CCOc1cc2ncnc(Nc3ccc(F)c(Cl)c3)c2cc1OC(=O)CSc1nccn1C,CHEMBL4572315,False,7.96,,1
KGOOREPKBVDWJO-UHFFFAOYSA-N,CCOc1cc2ncnc(Nc3ccc(F)c(Cl)c3)c2cc1OC(=O)CSc1nc2ccccc2n1C,CHEMBL4556799,False,7.92,,1
ZJDFSKSBQBPOSK-UHFFFAOYSA-N,COc1ccc(Cn2ncc(NC(=O)c3cc(NC(=O)Nc4ccc(Cl)c(C(F)(F)F)c4)ccc3C)c2N)cc1,CHEMBL1684800,False,6.99,,1
WDVLOKNHMBINOL-UHFFFAOYSA-N,O=C(Nc1ccccc1)c1ccc(Nc2ncnc3[nH]ccc23)cc1,CHEMBL5632112,False,4.47,,1
GRAWSTNUDRSLLQ-UHFFFAOYSA-N,N#Cc1cnc(Nc2cccc(Br)c2)c2cc(NC(=O)c3ccco3)ccc12,CHEMBL1641996,False,4.25,,1
DAAAITFDPKRTSZ-UHFFFAOYSA-N,N#Cc1cnc(Nc2cccc(Br)c2)c2cc(NC(=O)CCN3CCOCC3)ccc12,CHEMBL1641993,False,5.16,,1
AJHJEQWEJUXGIF-LUOAPIJWSA-N,CC(C)S(=O)(=O)c1ccccc1Nc1nc(N/N=C/c2ccc(C(F)(F)F)cc2)ncc1Cl,CHEMBL3893810,False,6.23,,1
JBOWGDDXNMVXGT-UHFFFAOYSA-N,CC(C)C(NC(=O)OC(C)(C)C)C(=O)Nc1ccc2ncnc(Nc3cccc(C(F)(F)F)c3)c2c1,CHEMBL4092491,False,5.99,,1
RSXRHKPNAUVVRK-UHFFFAOYSA-N,Brc1cc2c(NCc3cccs3)ncnc2s1,CHEMBL3416619,False,5.86,,1
JBZOSUQWTMOZNC-UHFFFAOYSA-N,COC(=O)CNC(=O)c1ccc(Nc2ncnc3cc(OCCCN4CCOCC4)c(OC)cc23)cc1,CHEMBL3904787,False,6.12,,1
YRRBEGBNIWCLLB-UHFFFAOYSA-N,COc1cc2c(Nc3ccc(NC(=O)Nc4ccc(Cl)cc4)cc3)ncnc2cc1OCCCN1CCN(C)CC1,CHEMBL3905242,False,6.63,,1
DNJLGPOTNUZJMO-UHFFFAOYSA-N,N#Cc1c(N)ncnc1Nc1ccc(OCc2ccccc2)c(Cl)c1,CHEMBL500591,False,7.57,,1
PIXGREVHVGOWSM-UHFFFAOYSA-N,COc1cc2ncnc(Nc3cccc(Cl)c3F)c2cc1OC1CCN(C(=O)CO)CC1,CHEMBL3900054,False,6.69,,1
HBUNDVGEPXMCBH-UHFFFAOYSA-N,C=c1c(C(=O)NCCN(CC)CC)c(C)[nH]c1=Cc1c(O)[nH]c2ccc(Cl)cc12,CHEMBL13485,True,5.52,,1
MPSMEEDGQBLMNI-UHFFFAOYSA-N,CNCCOc1[nH]nc2ncnc(Nc3ccc(OCc4ccccn4)c(Cl)c3)c12,CHEMBL255135,False,7.77,,1
GEPQNFKJFRAQAV-CYBMUJFWSA-N,C[C@@H](Nc1ncnc2[nH]c(-c3ccc(C(N)=O)cc3)cc12)c1ccccc1,CHEMBL4791195,False,9.1,,1
GAUBIWZQEGWAKV-OAHLLOKOSA-N,CCOc1ccccc1-c1cc2c(N[C@H](C)c3ccccc3)ncnc2[nH]1,CHEMBL4785569,False,9.52,,1
RUAPZOBQPDJGAM-CQSZACIVSA-N,COc1cc(NS(C)(=O)=O)ccc1-c1cc2c(N[C@H](C)c3ccccc3)ncnc2[nH]1,CHEMBL4778894,False,9.15,,1
KKROQQUFNCLGRA-LJQANCHMSA-N,CS(=O)(=O)Nc1ccc(-c2cc3c(N[C@H](CO)c4ccccc4)ncnc3[nH]2)cc1,CHEMBL4763315,False,9.3,,1
YMEGPZYEQXKMQM-RUZDIDTESA-N,COc1cc(CNCCN2CCNCC2)ccc1-c1cc2c(N[C@H](CO)c3ccccc3)ncnc2[nH]1,CHEMBL4742081,False,10.0,,1
GGQZFLJRNIIHJT-HSZRJFAPSA-N,CN(C)CCNCc1ccc(-c2cc3c(N[C@H](CO)c4ccccc4)ncnc3[nH]2)cc1F,CHEMBL4748367,False,10.0,,1
XNKMNBXGVDBVPN-UHFFFAOYSA-N,c1ccc(-c2ccc3c(Nc4ccc5scnc5c4)ccnc3c2)cc1,CHEMBL4876135,False,5.6,,1
HQODWLCNCDNJDJ-UHFFFAOYSA-N,COCCOc1cc2ncnc(Sc3nc[nH]n3)c2cc1OCCOC,CHEMBL4868123,False,5.28,,1
AMFPVVQTYDTMMN-UHFFFAOYSA-N,C=CC(=O)Nc1cccc(N2C(=O)N(C3CC3)Cc3cnc(Nc4ccc(N5CCN(C)CC5)cc4OC)nc32)c1,CHEMBL2029435,True,9.24,,1
QSMLEYYCYZLPGW-UHFFFAOYSA-N,C=CC(=O)Nc1cccc(N2C(=O)N(c3ccccc3)Cc3cnc(Nc4ccc(N5CCN(C)CC5)cc4OC)nc32)c1,CHEMBL2029436,True,9.52,,1
CAAQIXNRUIJYOQ-UHFFFAOYSA-N,C=CC(=O)Nc1cccc(N2C(=O)N(c3ccc4ccccc4c3)Cc3cnc(Nc4ccc(N5CCN(C)CC5)cc4OC)nc32)c1,CHEMBL2029437,True,9.1,,1
FLBNHSJGJQDKOU-UHFFFAOYSA-N,COc1cc2c(Nc3ccc(NC(=O)c4cccc(Cl)c4)cc3)ncnc2cc1OCCCN1CCOCC1,CHEMBL3759015,False,6.64,,1
BLKLWUAZLLDUJP-SANMLTNESA-N,CCC(=O)N1CC[C@H](N2C(=O)N(c3cccc(F)c3)Cc3cnc(Nc4ccc(N5CCN(C)CC5)c(C)c4)nc32)C1,CHEMBL4070404,False,7.45,,1
HCJQCTLLGILCCL-DEOSSOPVSA-N,CCC(=O)N1CC[C@H](N2C(=O)N(c3cc(OC)ccc3F)Cc3cnc(Nc4ccc(N5CCN(C)CC5)cc4)nc32)C1,CHEMBL4095071,False,5.96,,1
FDDRAKJBCBUOAW-HJYWNDIWSA-N,CCC(=O)N1CC[C@H](N2C(=O)N(c3cc(OC)ccc3F)Cc3cnc(Nc4ccc(N5CCC6(CCN(C)C6)C5)c(C)c4)nc32)C1,CHEMBL4086821,False,6.53,,1
JRBHAMSQIVUWKS-GSLIJJQTSA-N,CCC(=O)N1CC[C@H](N2C(=O)N(c3cc(OC)ccc3F)Cc3cnc(Nc4ccc(N5C[C@H]6CN(C)C[C@H]6C5)c(C)c4)nc32)C1,CHEMBL4096988,False,6.67,,1
AQEJOYTVPDGMEW-RRSRKQOQSA-N,CCOc1cc2ncnc(Nc3ccc4c(cnn4Cc4ccccc4)c3)c2cc1NC(=O)/C=C/CN1C[C@@H](C)N[C@@H](C)C1,CHEMBL3941823,True,7.744999999999999,0.03535533905932694,2
YBZDFXKFZUDAAC-UHFFFAOYSA-N,C=CC(=O)Nc1ccc2ncnc(Cc3ccc(F)c(Cl)c3)c2n1,CHEMBL524117,True,9.12,,1
YBTFLZMYDPWTKC-UHFFFAOYSA-N,C=CC(=O)Nc1nc2c(Cc3ccc(F)c(Cl)c3)ncnc2cc1CCCCN1CCOCC1,CHEMBL521601,True,8.57,,1
ITUYHIVMFHHMAY-UHFFFAOYSA-N,C=CC(=O)NC1=CC=C2N=CN=C(Nc3cccc(C(F)(F)F)c3)C21,CHEMBL474342,True,9.04,,1
ZLXVPMQQQPHAHP-UHFFFAOYSA-N,Cc1ccc(C2=NN(c3ccccc3)C(c3ccc(OC4CCCC4)cc3)C2)cc1,CHEMBL4578764,False,5.67,,1
MSUDQKVPOYLRAK-UHFFFAOYSA-N,O=C1Nc2ccc(S(=O)(=O)N3CCOCC3)cc2C1=Nc1ccc(O)cc1,CHEMBL4288648,False,6.12,,1
LZKHGZOJRVSIFE-UHFFFAOYSA-N,C=CC(=O)Nc1cccc(NC(=O)Nc2ccnc(Nc3ccc(N4CCOCC4)cc3)n2)c1,CHEMBL4227278,True,6.19,,1
KGMVZSJAPXYTKH-UHFFFAOYSA-N,Cc1nc2c(F)cc(-c3nc(Nc4ccc5c(n4)CCN(CCN(C)C)C5)ncc3F)cc2n1C(C)C,CHEMBL4448494,False,5.71,,1
JCZWCPLKQPNPTP-UHFFFAOYSA-N,C=CC(=O)Nc1cc2c(Nc3ccc(Br)cc3F)ncnc2cc1OCCCNCC(C)=O,CHEMBL3671554,True,7.58,0.0,2
PJTNXYFSQNXMMA-UHFFFAOYSA-N,C=CC(=O)Nc1cc2c(Nc3ccc(Br)cc3F)ncnc2cc1OCC1CNC(=O)O1,CHEMBL3671561,True,7.77,0.0,2
GDFLCARWFPGROU-UHFFFAOYSA-N,C=CC(=O)Nc1cc(Nc2nccc(-c3c4n(c5ccccc35)CCOC4)n2)c(OC)cc1N(C)CCN(C)C,CHEMBL5266896,True,6.54,,1
ZKGCHTUYVMLBSI-UHFFFAOYSA-N,N=C(Nc1ccccc1)SCCCN1C(=O)C2=C(C1=O)n1ccc3cccc(c31)C1Cc3ccccc3N21,CHEMBL487254,True,5.02,,1
RUTCIZOQGCWURK-UHFFFAOYSA-N,N=C(N)SCCCn1c(=O)c2c(c1=O)n1c3ccccc3cc1c1cccc3ccn2c31,CHEMBL489083,False,5.34,,1
AYLLCQPKGAMNHX-UHFFFAOYSA-N,O=C(Nc1ccc2ncnc(Nc3cccc(Cl)c3)c2c1)C1CCC2(CC1)OCC1(OO2)C2CC3CC(C2)CC1C3,CHEMBL4082840,False,6.975,0.06363961030678918,2
KXLRVRIKQJRVCZ-UHFFFAOYSA-N,C=CC(=O)Nc1ccc2ncnc(Nc3ccc(F)c(Cl)c3)c2n1,CHEMBL28418,True,9.12,,1
WWJCUWFXTOOHRX-UHFFFAOYSA-N,NC1=NC(=NCCS(=O)(=O)O)C(CC(O)CNC(=O)c2cc(Br)c(Br)[nH]2)=N1,CHEMBL1095259,False,4.35,,1
KYIOPHOSYULFRB-UHFFFAOYSA-N,Fc1cccc(COc2ccc(Nc3ncnc4ccc(-c5ccc(CN6CCOCC6)o5)cc34)cc2Cl)c1,CHEMBL3436354,False,7.58,,1
FHRFXRXFROWCGZ-UHFFFAOYSA-N,CN1CCN(Cc2ccc(-c3ccc4ncnc(Nc5ccc(OCc6cccc(F)c6)c(Cl)c5)c4c3)o2)CC1,CHEMBL3436355,False,7.9,,1
BHVRWHBURXJQCE-UHFFFAOYSA-N,COCCOc1cc2ncnc(Nc3cccc(NC(=O)C45CC6CC(CC(C6)C4)C5)c3)c2cc1OCCOC,CHEMBL3764603,False,8.79,,1
VBXDUSMRNQVJRO-UHFFFAOYSA-N,O=C(CCl)Nc1ccc2ncnc(Nc3cc(Cl)c(Cl)cc3F)c2c1,CHEMBL275762,False,7.82,,1
QYZCYYQLUANKGJ-VOTSOKGWSA-N,CCOc1cc2ncnc(NC3=CC(=O)C(OC)=CC3=O)c2cc1NC(=O)/C=C/CN(C)C,CHEMBL428039,True,6.1,,1
YVRPTYQSCAYFMF-UHFFFAOYSA-N,Cc1[nH]c2ncnc(Nc3cccc(O)c3)c2c1C,CHEMBL74778,False,5.9,,1
GHRNBCMJJKMYNR-UHFFFAOYSA-N,CNc1ncnc(-c2cccnc2Oc2cc(NC(=O)c3cccc(OC(F)(F)C(F)F)c3)ccc2C)n1,CHEMBL246356,False,4.6,,1
LQUXOZIJMPWQAA-UHFFFAOYSA-N,CC(C)n1nc(-c2cccc(CC#N)c2)c2c(N)ncnc21,CHEMBL1241583,False,4.77,,1
BRHYQUCKSLQDHX-UHFFFAOYSA-N,COc1cc2ncnc(Nc3ccc(F)c(Cl)c3)c2cc1OCCN1CC2(COC2)C1,CHEMBL2425087,False,7.8,,1
ZGFXAJBFDCMHTM-UHFFFAOYSA-N,CC(C)n1nc(-c2cccnc2)c2c(N)ncnc21,CHEMBL1241390,False,4.0,,1
TXZDVQGUIJKUMP-UHFFFAOYSA-N,Nc1ncnc2c1c(-c1ccc(Cl)c(O)c1)nn2CCC1CCCNC1,CHEMBL1241943,False,4.69,,1
QHENDTBDHPTJQT-UHFFFAOYSA-N,CC=C1C(=NC(=O)OCCN2CCOCC2)NC2N=CN=C(Nc3ccc4c(cnn4Cc4ccccc4)c3)C12,CHEMBL578255,False,6.96,,1
BRPCQCNGNFEDIO-UHFFFAOYSA-N,NC(=S)NNc1nncc2ccccc12,CHEMBL3977192,False,7.11,,1
FGBWIPBEKQBXCP-UHFFFAOYSA-N,O=C(O)c1ccc(Nc2nncc3ccccc23)cc1,CHEMBL3937949,False,8.21,,1
MHHVDHLBNLIXLU-CYBMUJFWSA-N,COc1ccc(-c2cc3c(N[C@H](C)c4ccccc4F)ncnc3o2)cc1,CHEMBL3925584,False,7.62,,1
LFOZAGZOWUEXKO-UHFFFAOYSA-N,C=CC(=O)Nc1cc(Nc2ncc(Cl)c(Nc3ccccc3S(=O)(=O)C(C)C)n2)c(OC)cc1N1CCCN(C)CC1,CHEMBL4159909,True,6.97,,1
PQMRVBDJKHPGRM-UHFFFAOYSA-N,O=C(Nc1ccc2ncnc(Nc3cccc(Br)c3)c2c1)c1ccco1,CHEMBL4097369,False,8.08,,1
CPISIOQAKTUKSO-UHFFFAOYSA-N,S=C(Nc1ccc(Cl)cc1)Nc1ccc2ncnc(Nc3cccc(Br)c3)c2c1,CHEMBL4097862,False,7.71,,1
RHWWACRDHYXVHE-UHFFFAOYSA-N,Oc1ccc(NC(=S)Nc2ccc3ncnc(Nc4cccc(Br)c4)c3c2)cc1,CHEMBL4075530,False,8.05,,1
QTZSYEFHGBRFQD-UHFFFAOYSA-N,CNC(=S)Nc1ccc2ncnc(Nc3cccc(Br)c3)c2c1,CHEMBL4092951,False,8.04,,1
QSOAFXAKXAVTQH-UHFFFAOYSA-N,S=C(Nc1ccc2ncnc(Nc3cccc(Cl)c3)c2c1)Nc1ncc(Cl)s1,CHEMBL4072986,False,6.92,,1
RVUPEWVGGKZLBK-UHFFFAOYSA-N,S=C(Nc1cccc(Cl)c1)Nc1ccc2ncnc(Nc3cccc(Br)c3)c2c1,CHEMBL4078182,False,7.54,0.21213203435596475,2
ZKTBVCBTPKBWDX-YPXUMCKCSA-N,O=C(N/N=C/c1ccc(F)cc1Cl)N1CCc2ncnc(Nc3cccc(Br)c3)c2C1,CHEMBL4226907,False,7.75,,1
BHQDAUJABYYOCH-UHFFFAOYSA-N,Cc1cc2cc(Nc3ncnc4cc(-c5ccccc5)sc34)ccc2[nH]1,CHEMBL80302,False,7.0,0.0,2
ZFLPXKSPNADKJF-UHFFFAOYSA-N,COc1cc(Nc2ncnc3cc(-c4ccccc4)sc23)cc(OC)c1OC,CHEMBL4541014,False,7.64,,1
RVYZYLPGEYDXNK-UHFFFAOYSA-N,O=C(Nc1cccc(C(O)c2ccccc2)c1)c1cc2ccccc2[nH]1,CHEMBL3798658,False,4.82,,1
RAWATNKHBZVOJZ-UHFFFAOYSA-N,Cc1[nH]c(-c2ccccc2)c(-c2ccccc2)c1-c1nnc(C)c2nn(-c3ccc(Cl)cc3)cc12,CHEMBL3741655,False,5.59,,1
UTTWFQUHUQLZGF-GOSISDBHSA-N,C=CC(=O)N1CCC[C@@H](n2nc(-c3ccc4ccccc4c3)c3c(N)ncnc32)C1,CHEMBL4090601,True,7.8,0.0,2
KHIJZOQIPUVEBP-UHFFFAOYSA-N,Fc1ccc(Nc2ncnc3nn4ccccc4c23)cc1Cl,CHEMBL181275,False,6.7,0.0,2
BULITYBNVIHSDM-UHFFFAOYSA-N,C=CC(=O)Nc1cccc(Oc2nc(Nc3ccc(N4CCN(S(C)(=O)=O)CC4)cc3OC)ncc2SC)c1,CHEMBL3797963,True,6.14,,1
YOLVGSGGIWJSLQ-UHFFFAOYSA-N,CCC(=O)Nc1cc2c(Nc3ccc4c(ccn4Cc4ccco4)c3)ncnc2cc1OC,CHEMBL3964380,False,7.07,,1
DLCOHYNRTMTHQE-UHFFFAOYSA-N,CCC(=O)Nc1cc2c(Nc3ccc(CCc4ccccc4)cc3)ncnc2cc1OC,CHEMBL3916141,False,6.13,,1
GAYUJMWHGBAPKD-UHFFFAOYSA-N,CCC(=O)Nc1cc2c(Nc3ccc4c(ccn4Cc4ccccc4)c3)ncnc2cc1OC,CHEMBL3977326,False,7.68,,1
LWXXXBLCUHRMAR-UHFFFAOYSA-N,CCC(=O)Nc1cc2c(Nc3ccc(F)c(Cl)c3)ncnc2cc1OC,CHEMBL3930316,False,8.7,,1
CECSTOQTHLNIFZ-CQSZACIVSA-N,COc1ccccc1-c1cc2c(N[C@H](C)c3ccccc3)ncnc2o1,CHEMBL3947406,False,8.4,,1
BSZRKJMBYMVWOM-CQSZACIVSA-N,C[C@@H](Nc1ncnc2oc(-c3ccc(C#N)cc3)cc12)c1ccccc1,CHEMBL3975699,False,7.36,,1
AHAJMDDSMVHMGD-UHFFFAOYSA-N,COc1cccc2c(C(=O)Nc3ccccc3)c(SSc3c(C(=O)Nc4ccccc4)c4cccc(OC)c4n3C)n(C)c12,CHEMBL292323,False,5.19,,1
XELFLRFPUQAHBD-UHFFFAOYSA-N,COc1cc(N(C)CCN(C)C)c(NC(=O)c2ccnc(Cl)c2)cc1Nc1nccc(-c2cn(CCCO)c3ccccc23)n1,CHEMBL5173534,False,6.13,0.0,2
HUROJPARIBKVDY-UHFFFAOYSA-N,NC(=O)Nc1ccc2ncnc(Nc3ccc(OCc4cccc(F)c4)c(Cl)c3)c2c1,CHEMBL3633928,False,7.0,1.0622774276681834,3
IUIZAFLRGSJNCN-UHFFFAOYSA-N,O=C(NCCN1CCCCC1)Nc1ccc2ncnc(Nc3cccc(Br)c3)c2c1,CHEMBL3814882,False,8.395,1.0111626970967629,2
HNTRYOBVOOQKFI-UHFFFAOYSA-N,CC(=O)Nc1ccc2ncnc(Nc3ccc(F)c(Cl)c3)c2c1,CHEMBL3814257,False,7.88,1.8384776310850233,2
LGBSKUTVIKIYQF-UHFFFAOYSA-N,Fc1ccc(Nc2ncnc3ccc(NC(=S)NCCN4CCOCC4)cc23)cc1Cl,CHEMBL3814445,False,7.735,1.294005409571382,2
XKKGXXXXAQKVRW-UHFFFAOYSA-N,Fc1cccc(COc2ccc(Nc3ncnc4ccc(NC(=S)NCCN5CCCCC5)cc34)cc2Cl)c1,CHEMBL3814940,False,6.53,,1
IBMXICUELWPXBV-CYBMUJFWSA-N,COc1ccc(-c2cc3c(N[C@H](C)c4cccc(F)c4)ncnc3o2)cc1,CHEMBL3953210,False,7.62,,1
VSUSOVZFENSCKA-UHFFFAOYSA-N,Brc1cccc(Nc2ncnc3cc4c(cc23)OCCOCOCOCCO4)c1,CHEMBL2087356,False,8.3,,1
CISJSHMLWNAAOC-UHFFFAOYSA-N,Cc1cccc(Nc2ncnc3ccncc23)c1NCCCCN(C)C,CHEMBL271587,False,8.26,,1
BVLYSNMAQHJAEH-UHFFFAOYSA-N,NNc1c(Br)cccc1Nc1ncnc2ccncc12,CHEMBL272634,False,8.14,,1
GXSDLXKBKLYVBH-HAVVHWLPSA-N,COc1cc(N2CCN(C)CC2)ccc1Nc1ncc(Cl)c(Oc2cccc(NC(=O)/C(C#N)=C/c3ccc(SC)cc3)c2)n1,CHEMBL3425656,True,5.32,,1
YDVIAGSHBLLFHC-GFCCVEGCSA-N,COc1ccccc1-c1cc2c(N[C@H](C)c3cccs3)ncnc2s1,CHEMBL3416623,False,7.26,,1
CYMHTPZELLVORX-UHFFFAOYSA-N,COc1ccccc1-c1cc2c(NCc3cccnc3)ncnc2s1,CHEMBL3416598,False,6.56,,1
MVWNHQVCPRDVLY-CYBMUJFWSA-N,COc1ccccc1-c1cc2c(N[C@H](C)c3ccc(F)cc3)ncnc2s1,CHEMBL3416596,False,7.57,,1
HZRJJOQMJFPVPP-UHFFFAOYSA-N,C#Cc1cccc(Nc2ncnc3sc(Br)cc23)c1,CHEMBL3416439,False,7.64,,1
VRNQAFKWBFDABH-SECBINFHSA-N,C[C@@H](Nc1ncnc2sc(Br)cc12)c1ccccc1,CHEMBL3416600,False,7.42,,1
ANAALSGXUQLWEW-DEOSSOPVSA-N,CCC(=O)N1CC[C@H](N2C(=O)N(c3cc(OC)ccc3Cl)Cc3cnc(Nc4ccc(N5CCN(C)CC5)c(C)c4)nc32)C1,CHEMBL4084726,False,6.43,,1
NBDUYVCAGYKHNT-UHFFFAOYSA-N,COc1cc2c(Nc3ccc(NC(=O)Nc4ccc(C)c(C)c4)c(Cl)c3)ncnc2cc1OCCCN1CCN(C)CC1,CHEMBL3968039,False,9.0,,1
ZTWYTYUOHYGWSG-UHFFFAOYSA-N,Cc1ccc(-c2[nH]nc3ncnc(N)c23)cc1O,CHEMBL1241270,False,4.91,,1
GRWJFKQBVQNWQW-UHFFFAOYSA-N,Cc1ccc(-c2nn(C)c3ncnc(N)c23)cc1O,CHEMBL1241271,False,4.72,,1
YKDLGDBIORZVLP-UHFFFAOYSA-N,CCC(C)n1nc(-c2ccc(C)c(O)c2)c2c(N)ncnc21,CHEMBL1242109,False,5.78,,1
RXNGGTYNZUEFOM-UHFFFAOYSA-N,CC(C)n1nc(-c2cccc(O)c2F)c2c(N)ncnc21,CHEMBL1242110,False,5.43,,1
FKONWDUEJYSGTF-UHFFFAOYSA-N,COc1cc(N2CCN(C)CC2)ccc1Nc1ncc(Cl)c(Oc2ccccc2N)n1,CHEMBL4216784,False,5.01,,1
SCZWBTGOWFCNSG-UHFFFAOYSA-N,COc1cc(N2CCN(C)CC2)ccc1Nc1ncc(Cl)c(Oc2cccc(N=C=S)c2)n1,CHEMBL4218052,False,4.65,,1
GHORRHODUODRLJ-UHFFFAOYSA-N,COc1cc(N2CCN(C)CC2)ccc1Nc1ncc(Cl)c(Oc2cccc(N=[N+]=[N-])c2)n1,CHEMBL4214620,False,5.22,,1
BDRGASDZHYYQHQ-UHFFFAOYSA-N,COc1cc(N2CCN(C)CC2)ccc1Nc1ncc(Cl)c(Oc2ccc(N=[N+]=[N-])cc2)n1,CHEMBL4216025,False,4.57,,1
KSJZGAARSPDRCW-AATRIKPKSA-N,COc1cc(N2CCN(C)CC2)ccc1Nc1ncc(Cl)c(Oc2ccc(NC(=O)/C=C/CN(C)C)cc2)n1,CHEMBL4216551,True,5.3,,1
KKPLVYMQNDOYMQ-UHFFFAOYSA-N,CC(C)n1nc(-c2ccc(C#N)c(F)c2)c2c(N)ncnc21,CHEMBL1241771,False,5.05,,1
WGYPOAXANMFHMT-UHFFFAOYSA-N,CC(C)n1nc(-c2cccc(C(=O)N=C3NCCS3)c2)c2c(N)ncnc21,CHEMBL1242115,False,6.24,,1
SXHXSFDRRRWGRB-UHFFFAOYSA-N,O=C1NCc2ccc(Oc3ccc(Nc4ncnc5ccn(CCO)c45)cc3Cl)cc21,CHEMBL2048789,False,8.11,,1
DAXOOIRHYYCDDH-UHFFFAOYSA-N,N#CCCCCn1nc(-c2ccc(F)c(O)c2)c2c(N)ncnc21,CHEMBL1242470,False,4.96,,1
QNLDNZHJFQMGHT-UHFFFAOYSA-N,NC(=S)N1N=C(c2ccc(Cl)c(Cl)c2)CC1c1ccc(O)cc1,CHEMBL1173667,False,5.28,,1
IFBBHVRVNLEUFC-UHFFFAOYSA-N,COc1cc(OC)cc(C2CC(c3ccc(C)c(C)c3)=NN2C(C)=O)c1,CHEMBL1173105,False,4.76,,1
LJSLKPUUEAZXGK-UHFFFAOYSA-N,COc1cc(NC(=O)CCCCCCCCCCC(O)=NO)ccc1Nc1nccc(-c2cn(C)c3ccccc23)n1,CHEMBL4870955,False,5.24,,1
WVNNKWMXNNPTIF-UHFFFAOYSA-N,CC(C)=NNc1nc(-c2ccc(Cl)cc2)cs1,CHEMBL3114107,False,5.7,,1
FCAVKAMZQCESHE-UHFFFAOYSA-N,O=C(CCOc1ccccc1)Nc1ccc2ncnc(Nc3cccc(Br)c3)c2c1,CHEMBL2425737,False,7.66,0.1587450786638755,3
XMEHBIOLAPILQC-UHFFFAOYSA-N,C#Cc1cccc(Nc2ncnc3cc4c(cc23)OCCO4)c1F,CHEMBL4750375,False,7.7,0.014142135623730649,2
WRQKYTMPGPMLPI-UHFFFAOYSA-N,Brc1ccc(C2=NN(c3ccccc3)C(c3cccc4ccccc34)C2)cc1,CHEMBL2325091,False,6.31,,1
VCKUIQTVATWJTK-UHFFFAOYSA-N,Cc1cc(=O)n(-c2ccc(F)cc2)nc1C(=O)Nc1ccc(Oc2ncnc3ccsc23)c(F)c1,CHEMBL4215703,False,5.16,,1
MMBDYESCJSEQHC-UHFFFAOYSA-N,Oc1csc(=NN=Cc2cc(Br)cc(Br)c2O)[nH]1,CHEMBL590875,False,5.91,,1
ZMEAZVJWHIWUFB-VZUCSPMQSA-N,O=[N+]([O-])c1ccc(/C=N/Nc2nc(O)cs2)cc1,CHEMBL604671,False,5.17,,1
DILJFOSYSGEXSI-LFYBBSHMSA-N,Oc1csc(=N/N=C/c2cccc(Br)c2)[nH]1,CHEMBL590524,False,5.13,,1
WDERUQXIJOCLKD-LFYBBSHMSA-N,Oc1csc(=N/N=C/c2cccc(Cl)c2)[nH]1,CHEMBL592139,False,4.97,,1
JDCXOQKEPCGFLF-LFYBBSHMSA-N,CCC/C=C/C(=O)Nc1cc2c(N3CCCc4ccccc43)ncnc2cc1OC,CHEMBL4162530,True,7.48,,1
OMTVOJFWRBBVMU-UHFFFAOYSA-N,CN1CCN(c2ccc(Nc3nc(Nc4ccc5[nH]ccc5c4)c4c[nH]nc4n3)cc2)CC1,CHEMBL5267161,False,6.9,,1
LTZADKANMDZUFP-UHFFFAOYSA-N,Nc1ncnc(Nc2ccc3c(cnn3Cc3cccc(F)c3)c2)c1C=NN1CCOCC1,CHEMBL498133,False,7.8,,1
USHKEDVAEAQBPH-UHFFFAOYSA-N,COc1cc2ncnc(Nc3cccc(Cl)c3)c2cc1B(O)O,CHEMBL3219507,False,6.34,,1
JCPTUEQWBLSUEB-UHFFFAOYSA-N,COc1cc2ncnc(Nc3ccc(F)c(Cl)c3)c2cc1B(O)O,CHEMBL3219508,False,6.29,,1
ADFZKKWKESWUFY-UHFFFAOYSA-N,COc1cc2nccc(Oc3ccc(NC(=O)C4(C(=O)NC5CC5)CC4)c(Cl)c3)c2cc1C(N)=O,CHEMBL5201128,False,5.19,,1
YDNBYAXJHJQIHX-UHFFFAOYSA-N,Nc1c(Br)cccc1Nc1ncnc2ccncc12,CHEMBL258598,False,8.0,,1
DKKLUAKZWKFXMH-UHFFFAOYSA-N,O=[N+]([O-])c1cc2c(Nc3cccc(Br)c3)ncnc2cc1Cl,CHEMBL66409,False,7.6,,1
LQWYNTJSHSREKZ-UHFFFAOYSA-N,NS(=O)(=O)c1ccc(Nc2nc3ncnc(Nc4ccc(N5CCOCC5)c(Cl)c4)c3s2)cc1,CHEMBL469996,False,5.48,,1
AXJOZZUCODVBKN-UHFFFAOYSA-N,COc1cc(C(=O)c2csc(-c3ccc4[nH]ccc4c3)n2)cc(OC)c1OC,CHEMBL1830231,False,8.1,,1
FMLXGZSFXGIAIH-UHFFFAOYSA-N,C=CC(=O)Nc1cc(Nc2nccc(-c3ccc4c(C)nccn34)n2)c(OC)cc1N(C)CCN(C)C,CHEMBL5631083,True,7.58,,1
VWYWHQKPHALPKU-UHFFFAOYSA-N,C=CC(=O)N1CCC(C2CCNc3c(C(N)=O)c(-c4ccc(Oc5ccccc5)c(O)c4)nn32)CC1,CHEMBL5274187,True,7.21,,1
NVDXHXCRQAOJQR-SFHVURJKSA-N,C=CC(=O)N1CCC([C@@H]2CCNc3c(C(N)=O)c(-c4cc(OC)c(C5CC5)c(OC)c4)nn32)CC1,CHEMBL5288751,True,6.35,,1
NCEZXFYYHDEYFJ-UHFFFAOYSA-N,C=CC(=O)Nc1ccccc1C1CCNc2c(C(N)=O)c(-c3cc(OC)c(C4CC4)c(OC)c3)nn21,CHEMBL5272404,True,7.19,,1
KOEUOFPEZFUWRF-LJQANCHMSA-N,C=CC(=O)N1CCC[C@@H](n2c(=O)n(-c3ccc(Oc4ccccc4)cc3)c3c(N)nccc32)C1,CHEMBL4650323,True,7.13,,1
SYFFKWAKQHJCOM-YEALQQFWSA-N,CN(C)C/C=C/C(=O)N[C@H]1CC[C@@H](n2nc(-c3ccc(Oc4ccccc4)cc3)c3c(N)ncnc32)CC1,CHEMBL3889694,True,7.08,0.0,2
MWNASUNUUFWMNK-GOSISDBHSA-N,C=CC(=O)N1CCC[C@@H]1Cn1nc(-c2ccc(Oc3ccccc3)cc2)c2c(N)ncnc21,CHEMBL4109796,True,7.73,0.0,2
AWFCPTZKALKFEK-UHFFFAOYSA-N,O=C(O)C1CCN(Cc2ccn3ncnc(Nc4ccc5c(cnn5Cc5cccc(F)c5)c4)c23)CC1,CHEMBL234772,False,6.66,,1
MCHPKOULFPNIOZ-IBGZPJMESA-N,CC#CC(=O)N1CCC[C@H]1Cn1nc(-c2ccc(Oc3ccccc3)cc2)c2c(N)ncnc21,CHEMBL3905432,False,5.55,0.0,2
QWEKIGQOBHAQDZ-WWBGYUKBSA-N,Nc1ncnc2c1c(-c1ccc(Oc3ccccc3)cc1)nn2[C@H]1CC[C@@H](NC(=O)/C=C/CN2CCOCC2)CC1,CHEMBL3894102,True,6.56,0.0,2
ZBXSBJBGXGZDPD-UHFFFAOYSA-N,C=CC(=O)Nc1cc(Nc2ncc(-c3ncco3)c(-c3cn4c5c(cccc35)CCC4)n2)c(OC)cc1N(C)CCN(C)C,CHEMBL5271640,True,7.35,,1
KKPSVRBMKZDYCS-UHFFFAOYSA-N,CCOc1ccc(-c2cc(C(F)(F)F)c(C#N)c(SCC(=O)NCC(=O)O)n2)cc1,CHEMBL2029694,False,5.08,,1
RCVYWSLFNFGKPE-MRXNPFEDSA-N,C=C(NN=Cc1c[nH]nc1-c1ccccc1)[C@H](C)Cc1ccccc1,CHEMBL2029698,False,4.58,,1
CNRMVFRKCDVXKW-JXMROGBWSA-N,COCCOc1cc2ncnc(Nc3ccc4c(cnn4Cc4ccccc4)c3)c2cc1NC(=O)/C=C/CN(C)C,CHEMBL3959248,True,8.225000000000001,0.10606601717798302,2
JGLZFCYSDWVBJK-SOFGYWHQSA-N,CCOc1cc2ncnc(Nc3ccc(OCc4ccccn4)cc3)c2cc1NC(=O)/C=C/CN1CCN(C)CC1,CHEMBL3922922,True,7.0,0.2969848480983499,2
HNYGKXWZBOTZFA-RMKNXTFCSA-N,CN(C)C/C=C/C(=O)Nc1cc2c(Nc3ccc(Oc4ccccc4)cc3)ncnc2cn1,CHEMBL3977504,True,7.275,0.8131727983645296,2
DFXACJCBWLFSNJ-UHFFFAOYSA-N,CON=Cc1c(N)ncnc1Nc1ccc2[nH]c(Cc3cccc(F)c3)nc2c1,CHEMBL402316,False,7.32,,1
DGVCIMUJVPVQEX-UHFFFAOYSA-N,CON=Cc1c(N)ncnc1Nc1ccc2c(ccn2Cc2cccc(F)c2)c1,CHEMBL257816,False,7.89,,1
SRECGCFCXBFPTP-UHFFFAOYSA-N,CON=Cc1c(N)ncnc1Nc1ccc2c(cnn2Cc2ccc(F)cc2)c1,CHEMBL256527,False,6.98,,1
NTGHOCDQFNLSLU-UHFFFAOYSA-N,CON=Cc1c(N)ncnc1Nc1ccc2[nH]ncc2c1,CHEMBL255866,False,6.51,,1
OCXORRCMDXTOHV-UHFFFAOYSA-N,CON=Cc1c(N)ncnc1Nc1cccc(Br)c1,CHEMBL402149,False,7.62,,1
OJBMEBMIUCBAAE-UHFFFAOYSA-N,COc1nc(Nc2ccc(-c3nc4ccccc4s3)cc2)c2cc[nH]c2n1,CHEMBL462338,False,5.11,,1
RARTTYYZTRKYDS-UHFFFAOYSA-N,COc1ccc2ncnc(Nc3ccc(OCc4ccccc4)cc3)c2c1,CHEMBL15202,False,7.17,0.0,2
IVNIGGUBKAEFHI-UHFFFAOYSA-N,c1ccc(Cc2nc3cc(Nc4ncnc5nn6ccccc6c45)ccc3[nH]2)cc1,CHEMBL361322,False,5.3,0.0,2
RKLRBLPEQCNXFE-UHFFFAOYSA-N,N#Cc1cccc(NC(=O)Nc2ncnc3nn4ccccc4c23)c1,CHEMBL178953,False,5.0,,1
SCZGGXAQLKXIRE-UHFFFAOYSA-N,C=CC(=O)Nc1ccc2ncnc(Cc3ccc(OCCN(C)C)c(Br)c3)c2c1,CHEMBL510357,True,7.57,,1
VDPASZIGNMILMX-UHFFFAOYSA-N,C=CC(=O)Nc1cc2c(Cc3cccc(Br)c3)ncnc2cc1OCCCN1CCC(C)CC1,CHEMBL516365,True,8.77,,1
UGJRKPCGNBRYNZ-UHFFFAOYSA-N,C=CC(=O)Nc1ccc2ncnc(Cc3ccc(F)c(Br)c3)c2c1,CHEMBL521571,True,9.16,,1
AQMRDIZFWYYMBQ-UHFFFAOYSA-N,C=CC(=O)Cc1cc2c(Nc3cccc(Br)c3)ncnc2cn1,CHEMBL524115,False,9.04,,1
AIGYSQMRSKIHTM-UHFFFAOYSA-N,C=C(C)C(=O)Cc1cc2c(Nc3cccc(Br)c3)ncnc2cn1,CHEMBL508481,False,8.8,,1
NVSHPIRDGRDDOB-UHFFFAOYSA-N,O=C(O)C=CC(=O)Cc1ccc2ncnc(Nc3cccc(Br)c3)c2c1,CHEMBL510396,False,9.43,,1
XDSBIBMMFWAPMJ-UHFFFAOYSA-N,C=CS(=O)(=O)Nc1ccc2ncnc(Nc3cccc(Br)c3)c2c1,CHEMBL136511,False,8.85,,1
BCBLTQCGXQNLIE-UHFFFAOYSA-N,C=CC(=O)Nc1cc2ncnc(Nc3ccc(F)c(Br)c3)c2[nH]1,CHEMBL474143,True,8.92,,1
VMZQBBNGXKVWNT-UHFFFAOYSA-N,Brc1cccc(Nc2ncnc3cc4c(cc23)CN4)c1,CHEMBL447331,False,9.36,,1
SLSYLVMPULFUBI-UHFFFAOYSA-N,O=C(CCN1Cc2cc3c(Nc4cccc(Br)c4)ncnc3cc21)N1CCOCC1,CHEMBL489313,False,8.43,,1
LLRYWSSZZNXGSL-UHFFFAOYSA-N,COc1cc2ncnc(Nc3ccc(F)c(Cl)c3)c2cc1CNC(=O)C1CCCCN1C,CHEMBL461967,False,8.1,,1
CANSHISPWMMZOH-HWKANZROSA-N,C/C=C/C(=O)Nc1cc2c(Nc3ccc(F)c(Cl)c3)ccnc2cc1CC,CHEMBL490687,True,5.12,,1
ZYQMWLIENUFZCY-UHFFFAOYSA-N,COC(=O)Nc1ccc(Nc2ncnc3cc(OC)c(OC)cc23)cc1C,CHEMBL3221552,False,5.4,,1
LILZTFBVEZLTID-UHFFFAOYSA-N,O=C(CCN1CCCCC1)Nc1ccc2ncnc(Nc3cccc(Br)c3)c2c1,CHEMBL2031298,False,9.57,,1
DRBYRIHQPVZFMW-UHFFFAOYSA-N,CCOc1cc2ncc(C#N)c(Nc3ccc(F)c(Cl)c3)c2cc1NC(=O)CCN(C)C,CHEMBL2031307,False,9.17,,1
ABNJTLJOBGFVGE-UHFFFAOYSA-N,CCOc1cc2ncc(C#N)c(Nc3ccc(F)c(Cl)c3)c2cc1NC(=O)CCN1CCOCC1,CHEMBL2031309,False,8.7,,1
YQKMPOKWRHBWLE-UHFFFAOYSA-N,Nc1nc(Nc2ccc(F)c(Cl)c2)c2cc(CCc3ccccc3)[nH]c2n1,CHEMBL504416,False,4.64,,1
ZFOINLDOMHQFOQ-UHFFFAOYSA-N,Nc1nc(Nc2cccc(Br)c2)c2cc(CCc3ccccc3Cl)[nH]c2n1,CHEMBL482489,False,5.47,,1
ITWPODZEFMSAEW-CYBMUJFWSA-N,COc1cc(C(N)=O)ccc1-c1cc2c(N[C@H](C)c3ccccc3)ncnc2s1,CHEMBL3758278,False,8.7,,1
AARBVSHAOOSSTN-CQSZACIVSA-N,COC(=O)c1ccc(OC)c(-c2cc3c(N[C@H](C)c4ccccc4)ncnc3s2)c1,CHEMBL3758758,False,8.15,,1
TVZHKACIUDGIDJ-CQSZACIVSA-N,COC(=O)c1cc(OC)c(-c2cc3c(N[C@H](C)c4ccccc4)ncnc3s2)c(OC)c1,CHEMBL3760071,False,8.4,,1
IVSHHGRRDLCTLF-CYBMUJFWSA-N,C[C@@H](Nc1ncnc2sc(-c3ccc(C(=O)O)cc3)cc12)c1ccccc1,CHEMBL3759980,False,7.72,,1
YVUKGISJTJAKGC-UHFFFAOYSA-N,S=C(NCc1ccccc1)Nc1ccc2ncnc(Nc3cccc(Br)c3)c2c1,CHEMBL4088718,False,7.76,0.0,2
GHTFRQMATAGSFE-UHFFFAOYSA-N,FC(F)(F)c1cccc(NC(=S)Nc2ccc3ncnc(Nc4cccc(Br)c4)c3c2)c1,CHEMBL4085352,False,7.22,,1
ZAJXXUDARPGGOC-UHFFFAOYSA-N,C=CC(=O)Nc1cc2c(Nc3ccc(F)c(Cl)c3)ncnc2cc1C#CC(C)(C)N1CCN(C)CC1,CHEMBL2138625,True,8.85,,1
IWZBRDQHSFANGJ-UHFFFAOYSA-N,C=CC(=O)Nc1cccc(Cn2c(=O)ccc3cnc(Nc4ccc(N5CCN(C)CC5)cc4)nc32)c1,CHEMBL5194482,True,6.58,,1
SUYLCJGAXOXVPQ-UHFFFAOYSA-N,C#CC(=O)N1CCC(c2c[nH]n3c(C(N)=O)c(-c4ccc(Oc5ccc(F)cc5F)cc4)nc23)CC1,CHEMBL4857353,False,7.48,,1
QMRSZKRJQUFALC-UHFFFAOYSA-N,CNC(=O)c1ccc(Sc2cccc(NC(=S)Nc3ccc(Cl)c(C(F)(F)F)c3)c2)nc1,CHEMBL4225828,False,6.22,,1
NOVRNVMLNCWCAO-UHFFFAOYSA-N,C=CC(=O)Nc1cccc(N2C(=O)N(C)Cc3cnc(Nc4ccc(N5CCN(C)CC5)c(OC)c4)nc32)c1,CHEMBL2029429,True,9.39,,1
FDEKMPDQEHGRKB-UHFFFAOYSA-N,C=CC(=O)Nc1cccc(N2C(=O)N(C)Cc3cnc(Nc4ccc(N5CCN(C)CC5)cc4OC(C)C)nc32)c1,CHEMBL2029431,True,8.05,,1
HXIOWWFZWFQOMH-UHFFFAOYSA-N,C=CC(=O)Nc1cccc(N2C(=O)N(c3ccc(OCc4ccccc4)cc3)Cc3cnc(Nc4ccc(N5CCN(C)CC5)cc4OC)nc32)c1,CHEMBL2029441,True,8.78,,1
QXXYOYCCHAEKLL-UHFFFAOYSA-N,O=C(CCN1CCOCC1)Nc1ccc2ncnc(Nc3cccc(Br)c3)c2c1,CHEMBL2031299,False,9.29,,1
WDOOPIKZEIHEIG-UHFFFAOYSA-N,CN(C)CCC(=O)N(C)c1ccc2ncnc(Nc3cccc(Br)c3)c2c1,CHEMBL2031301,False,7.76,,1
GGLPOFNLJZZVAX-UHFFFAOYSA-N,C=CC(=O)Nc1cc(Nc2nccc(Nc3cn(C)c4ccccc34)n2)c(OC)cc1N(C)CCN(C)CC(=C)C,CHEMBL5085816,True,6.74,,1
KNTXXLCLNJBCPL-DDKZFYNRSA-N,CC(C)c1ccc(N2C[C@H](O)[C@H]2C)c2cnc(Nc3ccnc(N4CC[C@@H](O)[C@@](C)(F)C4)n3)cc12,CHEMBL5185207,False,5.125,0.7424621202458754,2
YUAWUNMKPARPJD-VZYCLNPTSA-N,CCN(C)[C@H]1C[C@@H]2O[C@](C)([C@H]1OC)n1c3ccccc3c3c4c(c5c6ccccc6n2c5c31)C(=O)NC4,CHEMBL129946,False,6.48,,1
MMIVMSNIAOAVSX-UHFFFAOYSA-N,C=CC(=O)Nc1cccc(NC(=O)Nc2ccnc(Nc3ccc(N4CCC(N(CC)CC)CC4)cc3OC)n2)c1,CHEMBL4228176,True,7.44,,1
YKJMMLPNQSTDLZ-UHFFFAOYSA-N,c1csc(-c2cc3nccc(Nc4ccc5[nH]ccc5c4)c3s2)c1,CHEMBL310853,False,9.0,,1
XYZWQPFTGADMOX-UHFFFAOYSA-N,C=CC(=O)N1CCC2(CC1)CNC(=O)c1cc(-c3ccnc(-c4cccc(OC)c4)n3)[nH]c12,CHEMBL5083976,True,7.5,,1
UFILBQITWGTWAA-UHFFFAOYSA-N,CCC(=O)Nc1cc(Nc2ncc(Cl)c(N3CCc4sccc4C3)n2)c(OC)cc1N(C)CCN(C)C,CHEMBL5082394,False,6.77,,1
FNHOMRUJSBDFQG-UHFFFAOYSA-N,C=CC(=O)Nc1cccc(N2C(=O)C3CCCCN3C(=O)c3cnc(Nc4ccc(N5CCN(C)CC5)cc4OC)nc32)c1,CHEMBL3219127,True,8.61,,1
HXABAPFOIPDXTC-UHFFFAOYSA-N,C=CC(=O)Nc1cccc(N2C(=O)C(C(C)C)N(C)C(=O)c3cnc(Nc4ccc(N5CCN(C)CC5)cc4OC)nc32)c1,CHEMBL3219129,True,7.61,,1
SIABKVPDKZOJCK-UHFFFAOYSA-N,COc1cc2c(Nc3cc(O)c(C)cc3F)ncnc2cc1OCC1CCN(C)CC1,CHEMBL1202473,False,6.52,,1
APEBZRPPOOOJJN-UHFFFAOYSA-N,COc1cc2ncnc(Nc3cccc(Br)c3)c2cc1NC(=O)C1COC(=O)N1,CHEMBL3818015,False,9.33,,1
VISDQUKQUGPQNV-UHFFFAOYSA-N,Nc1ncnc2c1c(-c1ccccc1)cn2C1CCC(O)C1,CHEMBL168285,False,6.1,,1
CKEJPGSKHUMMNJ-UHFFFAOYSA-N,COc1cc2ncnc(Oc3ccc(NC(=O)Nc4cccc(C(F)(F)F)c4)c4ccccc34)c2cc1OC,CHEMBL4077930,False,5.57,2.107178207935911,2
JDUVITZLJUDMKX-UHFFFAOYSA-N,O=C(Nc1ccc2nccc(Nc3cccc(Cl)c3)c2c1)C1CCC2(CC1)OCC1(OO2)C2CC3CC(C2)CC1C3,CHEMBL4091166,False,6.77,,1
NTDQQZYCCIDJRK-UHFFFAOYSA-N,CCCCCCCCc1ccc(O)cc1,CHEMBL195437,False,4.79,,1
NAGVBGIELGZTQM-SFHVURJKSA-N,O=C(NN=Cc1ccc(O)cc1)Nc1cc2c(Nc3ccc(F)c(Cl)c3)ncnc2cc1O[C@H]1CCOC1,CHEMBL4064776,False,7.25,,1
MYTTUHJKUWGZNX-QGZVFWFLSA-N,C[C@@H](Nc1ncnc2cc3oc(=O)n(CCCN4CCOCC4)c3cc12)c1ccccc1,CHEMBL2064398,False,5.35,,1
KPTUKIAZZFDEOC-AREMUKBSSA-N,CN(C)CCCC(=O)Nc1cccc(-c2c(-c3ccccc3)oc3ncnc(N[C@H](CO)c4ccccc4)c23)c1,CHEMBL2347960,False,7.54,,1
BMZQKFIGQSREGD-UHFFFAOYSA-N,C=CC(=O)Nc1cccc(NC(=O)Nc2ccnc(Nc3ccc(N4CCN(C)CC4)cc3OC)n2)c1,CHEMBL4228473,True,7.77,,1
BSFRRHNDBNCWNZ-YJEKIOLLSA-N,C=CC(=O)N[C@@H]1CN(c2nc(Nc3cn(C4CCN(C)C4)nc3OC)c3ncn(C(C)C)c3n2)C[C@H]1F,CHEMBL3608433,True,6.85,,1
SNGTXEQRZGNNJM-SANMLTNESA-N,CCC(=O)N1CC[C@H](N2C(=O)N(c3ccc(F)cc3)Cc3cnc(Nc4ccc(N5CCN(C)CC5)c(C)c4)nc32)C1,CHEMBL4097682,False,7.14,,1
HPEQWSNSVPKPGP-SANMLTNESA-N,CCC(=O)N1CC[C@H](N2C(=O)N(c3ccc(OC)cc3)Cc3cnc(Nc4ccc(N5CCN(C)CC5)c(C)c4)nc32)C1,CHEMBL4081252,False,6.82,,1
YZBAHRMGWPUUEC-VWLOTQADSA-N,CCC(=O)N1CC[C@H](N2C(=O)N(c3cccc(OC(F)F)c3)Cc3cnc(Nc4ccc(N5CCN(C)CC5)c(C)c4)nc32)C1,CHEMBL4067916,False,6.59,,1
WROFFEHIKCXWMZ-UHFFFAOYSA-N,COCCn1c(=O)oc2cc3ncnc(Nc4ccc(F)c(Cl)c4)c3cc21,CHEMBL3612561,False,6.33,,1
TYIAEQRPJACAIN-UHFFFAOYSA-N,COC(=O)Nc1ccc(Nc2ncnc3cc(OC)c(OC)cc23)cc1Cl,CHEMBL3221558,False,5.21,,1
UGIDCLXLYXVXLN-UHFFFAOYSA-N,CN(C)CCCC(=O)Nc1cc2c(Nc3ccc(F)c(Cl)c3)ncnc2s1,CHEMBL3233761,False,6.1,,1
YQCQHFDLJTZTRD-NSCUHMNNSA-N,CS(=O)(=O)CCNC/C=C/C(=O)Nc1cc2c(Nc3ccc(F)c(Cl)c3)ncnc2s1,CHEMBL3233773,True,8.52,,1
XRVDBHKTILUKOO-UHFFFAOYSA-N,C#Cc1cccc(Nc2ncnc3cc(OCCOCCn4ccnc4[N+](=O)[O-])c(OC)cc23)c1,CHEMBL3360611,False,9.27,,1
WZOUZPGXWHMMHZ-UHFFFAOYSA-N,COc1cc2c(Nc3cccc(Br)c3)ncnc2cc1OCCCCCCn1ccnc1[N+](=O)[O-],CHEMBL3352899,False,9.11,,1
GADDOFDYJUJMFY-UHFFFAOYSA-N,COc1cc2nc(Cl)nc(Nc3ccc(O)cc3)c2cc1OC,CHEMBL3098322,False,5.37,,1
RLPIYJHRUPAEHW-UHFFFAOYSA-N,COc1cc2nc(Cl)nc(Nc3ccc(C(N)=O)cc3)c2cc1OC,CHEMBL3098325,False,6.05,,1
IWGLXKVBQSBQMC-UHFFFAOYSA-N,Nc1ncnc2c1c(-c1cc(O)cc(F)c1)nn2C1CCCC1,CHEMBL1242199,False,6.12,,1
FXCRGRHHHOSJRE-UHFFFAOYSA-N,COc1cc(Br)cc(-c2nn(C(C)C)c3ncnc(N)c23)c1,CHEMBL1242200,False,4.96,,1
ULLIAFSPUSWCIL-UHFFFAOYSA-N,COc1ccc(-c2nn(C3CCCC3)c3ncnc(N)c23)cc1OC,CHEMBL1240553,False,5.48,,1
KAANTKMOHHINMM-UHFFFAOYSA-N,COc1cc(-c2nn(C(C)C)c3ncnc(N)c23)ccc1NC(C)CO,CHEMBL1241486,False,5.27,,1
RHFWTFDTRBFIHU-UHFFFAOYSA-N,COc1ccc(-c2nn(C3CCC(C)C3)c3ncnc(N)c23)cc1O,CHEMBL1242202,False,6.57,,1
IXPOSFVTGQUOAI-UHFFFAOYSA-N,Cn1nc(-c2ccc3occc(=O)c3c2)c2c(N)ncnc21,CHEMBL1242117,False,5.0,,1
OEOIRLZBJMOEMP-UHFFFAOYSA-N,C=CC(=O)Nc1cccc(N2C(=O)C(Cc3ccc(F)cc3)N(C)C(=O)c3cnc(Nc4ccc(N5CCN(C)CC5)cc4OC)nc32)c1,CHEMBL3219347,True,8.24,,1
VVLOLXBDTFEURK-UHFFFAOYSA-N,CC(C)n1nc(-c2cc(F)c3c[nH]nc3c2)c2c(N)ncnc21,CHEMBL1242573,False,5.92,,1
DBZCDBKTCUKQPQ-UHFFFAOYSA-N,Nc1ncnc2c1c(-c1ccc3ncccc3c1)nn2C1CCCC1,CHEMBL1241681,False,5.68,,1
TVPWCFIAQIHELW-UHFFFAOYSA-N,CC(C)n1nc(-c2ccc3[nH]c(=O)ccc3c2)c2c(N)ncnc21,CHEMBL1241863,False,5.17,,1
AUDDREUYBAHNSP-UHFFFAOYSA-N,C=CC(=O)Nc1ccc2ncnc(Nc3cccc(Br)c3)c2n1,CHEMBL296168,True,8.96,,1
RDWYRIOEHIKPRE-INIZCTEOSA-N,CC[C@H](C)n1nc(N2CC(C(C)(C)O)C2)c2cnc(Nc3ccnc(-c4cnn(S(=O)(=O)C5CC5)c4)n3)cc21,CHEMBL5282118,False,6.66,,1
QAEQSYBSVNAKON-UHFFFAOYSA-N,Cc1ccc(C2=NN(C(N)=S)C(c3ccc4ccccc4c3)C2)cc1,CHEMBL2324873,False,6.28,,1
DRTZXIIFBAIOBW-UHFFFAOYSA-N,Fc1cccc(COc2ccc(Nc3ncncc3C#Cc3cccnc3)cc2Cl)c1,CHEMBL438440,False,7.13,,1
IWKYADYEFPLAEG-UHFFFAOYSA-N,CC(=O)NCc1cccc(C#Cc2cncnc2Nc2ccc(OCc3cccc(F)c3)c(Cl)c2)c1,CHEMBL207247,False,7.22,,1
MLUORATXQGKELU-UHFFFAOYSA-N,Brc1cccc(Nc2ncnc3cc4c(cc23)OCCCO4)c1,CHEMBL1198361,False,7.07,,1
ITIUGXULOLVCPV-UHFFFAOYSA-N,Brc1cccc(Nc2ncnc3cc4c(cc23)OCCOCCO4)c1,CHEMBL2087353,False,7.26,,1
XSONJYMNNFECBU-UHFFFAOYSA-N,C#Cc1cccc(Nc2ncnc3cc(OC)c(OCCCCCCN=C(N=c4cc[nH]cc4)NC#N)cc23)c1,CHEMBL4860398,False,9.46,,1
ZKOBDTJAZIVUSK-UHFFFAOYSA-N,COc1cc2ncnc(Nc3cccc(Cl)c3F)c2cc1OCCCCC(=O)Nc1ccc(S(N)(=O)=O)cc1,CHEMBL4855080,False,7.46,,1
BUWHCUHUJIETCP-UHFFFAOYSA-N,Nc1ccc2c(Nc3cccc(C(F)(F)F)c3)ncnc2c1,CHEMBL433205,False,8.48,,1
HUSRTGBJPIPAKE-UHFFFAOYSA-N,CCc1ccc(C(=O)Nc2ccc(CN3CCN(C)CC3)c(C(F)(F)F)c2)cc1NC(=O)c1cnc2[nH]ccc2c1,CHEMBL3234756,False,7.0,,1
IGFKANFJGLNSMJ-UHFFFAOYSA-N,OCCn1ccc2ncnc(Nc3ccc(Oc4ccc5[nH]c(O)cc5c4)c(Cl)c3)c21,CHEMBL2048791,False,6.02,,1
CVOBHHJUXHKVTR-UHFFFAOYSA-N,COc1cc(C=C(C#N)C(N)=O)cc(Sc2nc3ccccc3s2)c1O,CHEMBL290389,True,6.46,,1
HMLQHJRJKQDTKW-UHFFFAOYSA-N,CC(C)c1cc(C=C(C#N)C(N)=O)cc(C(C)C)c1O,CHEMBL504173,True,6.0,,1
AWSSEZZFRHDSBL-UHFFFAOYSA-N,Cn1c(NCc2cccc(C(F)(F)F)c2)cc(=O)n(C)c1=O,CHEMBL2029695,False,4.08,,1
BMWSFCOIWKFNTM-ATVHPVEESA-N,Cc1cccc(N2NC(=O)/C(=C/c3ccc(-c4ccccc4F)o3)C2=O)c1,CHEMBL2029693,True,4.64,,1
YPVCBABCFLLSLU-LVWGJNHUSA-N,O=C(Nn1c(-c2ccc(Br)cc2)cs/c1=N\c1ccc([N+](=O)[O-])cc1)c1ccc(Cl)cc1,CHEMBL5269346,False,5.08,,1
WZUJQAJDFCNKQS-UHFFFAOYSA-N,C=CC(=O)Nc1ccc(-n2c(=O)c(C)nc3cnc(Nc4ccc(OC)cc4)nc32)cc1,CHEMBL2437470,True,4.79,,1
BMYBPXJXNNXUJF-UHFFFAOYSA-N,C=CC(=O)Nc1ccc(-n2c(=O)cnc3cnc(Nc4ccc(N5CCN(C)CC5)cc4OC)nc32)cc1,CHEMBL2437468,True,6.4,,1
YQVNLEYHEXIBNV-UHFFFAOYSA-N,C=CC(=O)Nc1ccc(-n2c(=O)cnc3cnc(Nc4ccc(Cl)cc4)nc32)cc1,CHEMBL2437457,True,6.43,,1
JPMRHXDBDPGKGU-UHFFFAOYSA-N,CCS(=O)(=O)NNC(=O)CSc1nc2ccccc2c(=O)n1Cc1ccc2c(c1)OCO2,CHEMBL4845732,False,6.83,,1
IRGAHACBXIFFNJ-UHFFFAOYSA-N,COc1cc(C=C(C#N)C(N)=O)cc(CSc2cccc3ccccc23)c1O,CHEMBL143212,True,5.77,,1
BNJHLXRPLVJJDL-UHFFFAOYSA-N,Cc1cc2c(Nc3ccc(C)c(O)c3)ncnn2c1,CHEMBL184750,False,6.29,0.141421356237309,2
SQUSZMTZUQQFKO-UHFFFAOYSA-N,COc1cc2ncnc(NCCOc3ccccc3F)c2cc1OC,CHEMBL5270270,False,7.36,,1
RDWYRIOEHIKPRE-MRXNPFEDSA-N,CC[C@@H](C)n1nc(N2CC(C(C)(C)O)C2)c2cnc(Nc3ccnc(-c4cnn(S(=O)(=O)C5CC5)c4)n3)cc21,CHEMBL5280589,False,6.24,,1
AWXKATNXTVAFSM-UHFFFAOYSA-N,COc1cc2ncnc(Nc3cccc(Br)c3)c2cc1OCCCOP(N)(=O)N(CCCl)CCCl,CHEMBL4078431,False,9.52,,1
JTZXTHGTQRHIRO-UHFFFAOYSA-N,COc1cc2ncnc(Nc3ccc(F)c(Cl)c3)c2cc1OCCCOP(N)(=O)N(CCCl)CCCl,CHEMBL4080720,False,9.3,,1
ICPHLXAHKNXIGM-UHFFFAOYSA-N,Nc1ncnc2c1c(-c1ccc(F)c(O)c1)nn2Cc1ocnc1-c1ccccc1,CHEMBL1241482,False,4.0,,1
PLNCBERXTZFKGL-ONEGZZNKSA-N,CCOc1cc2ncc(C#N)c(Nc3ccc(F)c(Cl)c3)c2cc1NC(=O)/C=C/CNCc1cn(CCF)nn1,CHEMBL1243283,True,8.74,,1
PNEGWAQERPTPDN-UHFFFAOYSA-N,CC(C)n1nc(-c2ccc3[nH]ccc3c2)c2c(N)ncnc21,CHEMBL1242294,False,6.75,,1
FVPBLAKABVRLRX-UHFFFAOYSA-N,Nc1ncnc2c1c(-c1cnc3ccccc3c1)nn2C1CCCC1,CHEMBL1242755,False,6.27,,1
KTUFNOKKBVMGRW-UHFFFAOYSA-N,Cc1ccc(NC(=O)c2ccc(CN3CCN(C)CC3)cc2)cc1Nc1nccc(-c2cccnc2)n1,CHEMBL941,False,9.96,,1
FJDXHNZKIIFDOG-JXMROGBWSA-N,COc1ccc2nc(Cl)c(/C=C/C(=O)c3ccc(C)cc3)cc2c1,CHEMBL5274305,False,7.43,,1
OYZHDWUFYBWZDO-UHFFFAOYSA-N,COc1cc2c(Oc3ccc(NS(=O)(=O)c4ccc(-c5ccsc5)cc4)cc3F)ccnc2cc1OCCCN1CCN(C)CC1,CHEMBL3263967,False,5.92,,1
IZXAWICOIQJFFX-UHFFFAOYSA-N,C=CC(=O)Nc1cccc(NC(=O)Nc2ccnc(Nc3ccc(OC)cc3OC)n2)c1,CHEMBL4227812,True,6.46,,1
VQALIWXXIVOORF-UHFFFAOYSA-N,CC(C)Oc1ccccc1C(=O)NCc1ccc(-c2nn(C3CCCC3)c3ncnc(N)c23)cc1,CHEMBL5750602,False,5.26,,1
UBMDHWMFMHXDEX-UHFFFAOYSA-N,COc1c(C)cccc1C(=O)NCc1ccc(-c2nn(C3CCCC3)c3ncnc(N)c23)cc1,CHEMBL5956631,False,5.26,0.0,2
RSRXBVWNKGZONJ-UHFFFAOYSA-N,NNC(=O)Cc1nc2ccc(Br)cc2[nH]c1=O,CHEMBL5192318,True,5.81,,1
ACOOGNWCLUIBMF-UHFFFAOYSA-N,CCCOCCSc1nc(-c2ccccc2Cl)nn1CCOCCC,CHEMBL5284528,False,6.06,,1
KMEXVVGZNMJBQL-UHFFFAOYSA-N,C#Cc1cccc(Nc2ncnc3cc(OCCCCn4ccnc4[N+](=O)[O-])c(OC)cc23)c1,CHEMBL3360608,False,9.59,,1
SUPQPCQJBYPRPC-UHFFFAOYSA-N,C=CC(=O)Nc1cc(Nc2ncc(Cl)c(-c3c[nH]c4ccccc34)n2)c(OC)cc1N(C)CCN(C)C,CHEMBL3353408,True,4.96,,1
BGHXZIFCCVTXMJ-RCZVLFRGSA-N,O=C(O[C@H]1CN[C@H](C#Cc2cc3ncnc(NCc4cccc(Oc5ccccc5)c4)c3s2)C1)N1CCOCC1,CHEMBL455433,False,6.75,,1
SDHRCQGCPUPURT-ILBGXUMGSA-N,O=C(O[C@H]1CN[C@H](C#Cc2cc3ncnc(Nc4ccc5c(cnn5Cc5ccccc5)c4)c3s2)C1)N1CCOCC1,CHEMBL507821,False,7.1,,1
VYFHNRNVXOWMLR-WUXMJOGZSA-N,COc1cccc(/C=N/N=c2[nH]c(O)cs2)c1,CHEMBL592141,False,4.5,,1
KIWKXIDEBINNAK-UHFFFAOYSA-N,COc1cc2c(Nc3c(F)cc(Br)cc3F)ncnc2cc1OCC1CCN(C)CC1,CHEMBL416191,False,6.52,,1
WPCUQWCGLJALCN-UHFFFAOYSA-N,COc1cc2c(Nc3ccc(C)cc3F)ncnc2cc1OCC1CCN(C)CC1,CHEMBL281990,False,6.0,,1
ZTHXTCUTPBRCGU-UHFFFAOYSA-N,COc1cc2c(Nc3ccc(Br)cc3F)ncnc2cc1OCCCN1CCN(C)CC1,CHEMBL1202477,False,7.0,,1
PWLPHODRHOUKAZ-UHFFFAOYSA-N,c1ccc(CCc2cc3c(Nc4ccc5[nH]ccc5c4)ncnc3[nH]2)cc1,CHEMBL1097368,False,4.25,,1
KTYVAFOTAYILKZ-UHFFFAOYSA-N,CSc1ccc(CCCCCn2cc(CCN)c3cc(OCCc4ccc(O)cc4)ccc32)cc1,CHEMBL1094194,False,5.72,,1
FVGFBWAPMMXCST-UHFFFAOYSA-N,COc1ccc(-c2ccc(Cn3cc(CCN)c4cc(OCCc5ccc(O)cc5)ccc43)cc2)cc1,CHEMBL1094196,False,5.9,,1
HRJXHKGZTPPKQX-UHFFFAOYSA-N,NC1CCc2c(c3cc(OCCc4ccc(O)cc4)ccc3n2CCCCCc2ccccn2)C1,CHEMBL3216699,False,5.64,,1
CTCXKWWYXMCWMT-UHFFFAOYSA-N,CCCCN(Cc1cccc(Br)c1O)C(=S)Nc1ccccc1,CHEMBL606027,False,4.66,,1
GGLLZEGVMRMANJ-UHFFFAOYSA-N,C#Cc1cccc(Nc2ncnc3cc(OCCCCCCC(O)=NO)c(OC)cc23)c1,CHEMBL598611,False,8.09,,1
CCGBAJCQZPJWCS-OAQYLSRUSA-N,OC[C@@H](Nc1ncnc2oc(-c3ccccc3)c(-c3ccccc3)c12)c1ccccc1,CHEMBL1172781,False,6.65,0.12000000000000016,4
WUPDRBBYEINKAK-UHFFFAOYSA-N,COc1cc(NC(=O)CCCCCCC(O)=NO)ccc1Nc1nccc(-c2cn(C)c3ccccc23)n1,CHEMBL5191956,False,5.24,0.00499999999999977,4
CGTJZAKCIVQOPI-UHFFFAOYSA-N,Brc1cccc(Nc2ncnc3[nH]ccc23)c1,CHEMBL5181237,False,8.43,0.0,3
RENFOOCUNGUUHO-QHCPKHFHSA-N,CS(=O)(=O)C[C@H](N)c1ccc(-c2ccc3ncnc(Nc4ccc(OCc5cccc(F)c5)c(Cl)c4)c3c2)o1,CHEMBL3344220,False,7.87,,1
BGPAHUNSGVWHIG-AREMUKBSSA-N,CN(C)[C@H](CS(C)(=O)=O)c1ccc(-c2ccc3ncnc(Nc4ccc(OCc5cccc(F)c5)c(Cl)c4)c3c2)o1,CHEMBL3344216,False,8.39,,1
ATRMIGVAAPIRJO-UHFFFAOYSA-N,Nc1ncnc2c1c(-c1ccccc1)cn2C(CO)Cc1ccc(O)cc1,CHEMBL170438,False,4.88,,1
FWVUUGWQEZWWHV-UHFFFAOYSA-N,COc1cccc(-c2cn(C3CCN(CCN(C)CCO)CC3)c3ncnc(N)c23)c1,CHEMBL168661,False,6.53,,1
IACLWEVYVPVQAK-NSCUHMNNSA-N,COCCNC/C=C/C(=O)Nc1cc2c(Nc3ccc(F)c(Cl)c3)ncnc2s1,CHEMBL3233771,True,5.98,,1
GHUWFLVPFJFULA-VOTSOKGWSA-N,CCN(CC)CCN(C)C/C=C/C(=O)Nc1cc2c(Nc3ccc(F)c(Cl)c3)ncnc2s1,CHEMBL3233780,True,6.86,,1
JKABMGXBBVXKDI-OWOJBTEDSA-N,O=C(/C=C/CN1CC(O)C1)Nc1cc2c(Nc3ccc(F)c(Cl)c3)ncnc2s1,CHEMBL3233782,True,7.42,,1
URIYZCBXTNEXJL-IBVKSMDESA-N,CNC(=O)C1CN(c2ncc(C(C)C)c3cc(Nc4ccnc(N5CC[C@@H](O)[C@@](C)(F)C5)n4)ncc23)C1,CHEMBL5187021,False,4.8,0.2828427124746193,2
DBTXTRWBTMBPLO-INNPVCQVSA-N,CC(C)c1cnc(N2C[C@H](CS(C)(=O)=O)[C@H]2C)c2cnc(Nc3ccnc(N4CC[C@@H](O)[C@@](C)(F)C4)n3)cc12,CHEMBL5200991,False,6.34,0.32526911934581154,2
IPDHOLSNSRKAHB-RGNVDHMSSA-N,CC(C)c1nnc(N2CC[C@H]2C)c2cnc(Nc3ccnc(N4CC[C@@H](O)[C@@](C)(F)C4)n3)cc12,CHEMBL5184941,False,4.845,0.34648232278140845,2
CBDFEHZTEPLMIJ-JXMROGBWSA-N,C#Cc1cccc(Nc2ncnc3cc4c(cc23)N(C(=O)/C=C/CN2CCCCC2)CCO4)c1,CHEMBL3114688,True,7.890000000000001,0.7212489168102791,2
DLRIIBCMCAFNRE-YRNVUSSQSA-N,C#Cc1cccc(Nc2ncnc3cc4c(cc23)N(C(=O)/C=C/CN2CCCCC2C)CCO4)c1,CHEMBL3114686,True,7.735,0.7990306627407993,2
RUQDSCKLVMLTGG-RMKNXTFCSA-N,C#Cc1cccc(Nc2ncnc3cc(OC)c(NC(=O)/C=C/CN(C)C4CC4)cc23)c1,CHEMBL3622674,True,8.48,,1
IMLBZWHQWRDARS-FMIVXFBMSA-N,C#Cc1cccc(Nc2ncnc3cc(OCC)c(NC(=O)/C=C/CN4CCCCC4)cc23)c1,CHEMBL3622673,True,8.21,,1
NAVGIMRWOWYNEP-DHZHZOJOSA-N,C#Cc1cccc(Nc2ncnc3cc(OC)c(NC(=O)/C=C/CN4CCCCC4)cc23)c1,CHEMBL3622672,True,8.115,0.6434671708797584,2
VWXKRRPPMLCBGB-NSCUHMNNSA-N,COc1cc2ncnc(Nc3ccc(F)c(Cl)c3)c2cc1NC(=O)/C=C/CNC1CC(F)(F)C1,CHEMBL3622669,True,6.85,,1
KOMMDNGJCLCAHZ-ONEGZZNKSA-N,CCOc1cc2ncnc(Nc3ccc(F)c(Cl)c3)c2cc1NC(=O)/C=C/CNC1CC1,CHEMBL3622664,True,9.05,,1
QQRIPCOSROOLJG-SNAWJCMRSA-N,CCOc1cc2ncnc(Nc3ccc(F)c(Cl)c3)c2cc1NC(=O)/C=C/CN(C)C1CC1,CHEMBL3622655,True,8.26,,1
DXFHXLCLPLZJME-SOFGYWHQSA-N,COCCOc1cc2ncnc(Nc3ccc(OCc4ccccn4)cc3)c2cc1NC(=O)/C=C/CN(C)C,CHEMBL3622638,True,8.0,,1
DEHYOWDSFWSILS-VMPITWQZSA-N,COCCOc1cc2ncnc(Nc3ccc(OCc4cccc(F)c4)cc3)c2cc1NC(=O)/C=C/CN(C)C,CHEMBL3622636,True,7.04,,1
MTSCCALHTIRYSN-SNAWJCMRSA-N,COCCOc1cc2ncnc(Nc3ccc(Cl)c(C(F)(F)F)c3)c2cc1NC(=O)/C=C/CN(C)C,CHEMBL3622633,True,6.24,,1
GVOPMIJWESGYMJ-UHFFFAOYSA-N,COc1cc2ncnc(Nc3ccc(-c4cc(-c5ccc(Br)cc5)c(C#N)c(N)n4)cc3)c2cc1OC,CHEMBL4294264,False,5.71,0.0,2
JRSZALGWRNBPBW-UHFFFAOYSA-N,Cc1[nH]c(-c2ccccc2)c(-c2ccccc2)c1-c1nnc(C)c2nn(-c3ccccc3)cc12,CHEMBL3740582,False,5.41,,1
PBFFTWJHTSVERV-UHFFFAOYSA-N,S=C(NNc1nncc2ccccc12)Nc1ccc(Cl)cc1,CHEMBL3896476,False,7.19,,1
ZWQDXBPIQJKHSL-CYBMUJFWSA-N,C[C@@H](Nc1ncnc2oc(-c3ccc(Br)cc3)cc12)c1ccccc1,CHEMBL3937527,False,7.25,,1
GEVOOZNHXCBXLI-GOSISDBHSA-N,C[C@@H](Nc1ncnc2oc(-c3ccccc3)c(-c3ccccc3)c12)c1ccccc1,CHEMBL2348194,False,5.52,,1
YCOCXFQEUHIFJW-UHFFFAOYSA-N,NC(=S)N1N=C(c2ccc(Cl)c(Cl)c2)CC1c1ccc(Cl)cc1,CHEMBL1172980,False,5.13,,1
LXVQPXNSHGAJCM-UHFFFAOYSA-N,O=C(NCCN1CCOCC1)Nc1ccc2ncnc(Nc3ccc(OCc4cccc(F)c4)c(Cl)c3)c2c1,CHEMBL3814460,False,6.59,,1
MDZUGYWTXFSAGX-UHFFFAOYSA-N,Cc1ccc(C2=NN(c3ccccc3)C(c3ccc4ccccc4c3)C2)cc1,CHEMBL2325100,False,7.22,,1
HZSFWOABFOFUGI-UHFFFAOYSA-N,Fc1ccc(C2=NN(c3ccccc3)C(c3ccc4ccccc4c3)C2)cc1,CHEMBL2325096,False,6.52,,1
RGUNUECSTMHJBW-UHFFFAOYSA-N,NC(=S)N1N=C(c2ccc(Cl)cc2)CC1c1ccc2ccccc2c1,CHEMBL2324870,False,6.28,,1
DURYAAKIQVDWGP-UHFFFAOYSA-N,NC(=S)N1N=C(c2ccc(Cl)c(Cl)c2)CC1c1cccc2ccccc12,CHEMBL2325108,False,6.68,,1
RDNWDRUSXRDQOG-UHFFFAOYSA-N,NC(=S)N1N=C(c2ccc(Br)cc2)CC1c1cccc2ccccc12,CHEMBL2325105,False,5.25,,1
MXWHQDKBDRIKNI-UHFFFAOYSA-N,NC(=S)N1N=C(c2ccc(Cl)cc2)CC1c1cccc2ccccc12,CHEMBL2325104,False,6.03,,1
VNZHZFJLBHXDBU-UHFFFAOYSA-N,CC(C)Oc1cccc(Nc2ncnc3cc4oc(=O)n(CCCN5CCOCC5)c4cc23)c1,CHEMBL2064390,False,5.52,,1
JHRFCGXRLWMAKU-UHFFFAOYSA-N,S=C(NCCN1CCOCC1)Nc1ccc2ncnc(Nc3cccc(Br)c3)c2c1,CHEMBL3815163,False,7.97,0.8103291512301244,3
GHBSEBSMHLRBTM-UHFFFAOYSA-N,CC(=O)Nc1ccc2ncnc(Nc3ccc(OCc4cccc(F)c4)c(Cl)c3)c2c1,CHEMBL3814846,False,7.395,1.4212846301849613,2
YEOQLUSHLPPCDY-UHFFFAOYSA-N,CC1(C)OOC2(CCC(C(=O)Nc3ccc4ncnc(Nc5cccc(Cl)c5)c4c3)CC2)OO1,CHEMBL4100647,False,7.94,,1
CHBBYOIXEZCTDF-UHFFFAOYSA-N,CCOc1cc2ncnc(Nc3ccc(C)cc3)c2c2c1OCCO2,CHEMBL3805859,False,8.44,,1
AHONPWLSTJWLMC-UHFFFAOYSA-N,CCC(=O)Nc1cc2c(Nc3ccc(OCc4ccccn4)cc3)ncnc2cc1OC,CHEMBL3925158,False,6.94,,1
NBXCNCMWLZADMG-GQCTYLIASA-N,CN1CCN(C/C=C/C(=O)Nc2cc3c(Nc4ccc(Cc5ccccn5)cc4)ncnc3cn2)CC1,CHEMBL3921446,True,6.535,0.657609306503489,2
WMAOMQUWVSXRPR-UHFFFAOYSA-N,C#Cc1cccc(Nc2ccnc3cc(OC)c(OC)cc23)c1,CHEMBL1092250,False,7.72,,1
OUQACONAQJDNGJ-QFIPXVFZSA-N,CCC(=O)N1CC[C@H](N2C(=O)N(c3cc(OC)ccc3F)Cc3cnc(Nc4ccc(N5CCN(C)CC5)c(Cl)c4)nc32)C1,CHEMBL4103761,False,5.92,,1
DTIQXKPOEJQPMK-UHFFFAOYSA-N,S=C(Nc1ccc(Br)cc1)Nc1ccc2ncnc(Nc3cccc(Br)c3)c2c1,CHEMBL4088760,False,7.45,,1
LGMCNQXMZUITBG-UHFFFAOYSA-N,S=C(Nc1ccc2ncnc(Nc3cccc(Br)c3)c2c1)Nc1ccc(Cl)cc1Cl,CHEMBL4067514,False,7.31,,1
IOUMFXYNKGJRCF-UHFFFAOYSA-N,S=C(Nc1ccc(Cl)c(Cl)c1)Nc1ccc2ncnc(Nc3cccc(Br)c3)c2c1,CHEMBL4072928,False,6.88,,1
FQQXXGPMRNGLEN-UHFFFAOYSA-N,S=C(Nc1cc(Cl)cc(Cl)c1)Nc1ccc2ncnc(Nc3cccc(Br)c3)c2c1,CHEMBL4077419,False,6.83,,1
HXCCVHJPYCRHIK-UHFFFAOYSA-N,S=C(NCc1ccc(Cl)cc1)Nc1ccc2ncnc(Nc3cccc(Br)c3)c2c1,CHEMBL4071170,False,7.55,,1
KBJCTAIADOTYHC-UHFFFAOYSA-N,COc1cc2c(Nc3ccc(-c4nc5ccc(F)cc5s4)cc3)ncnc2cc1OCCCN1CCN(C)CC1,CHEMBL604992,False,6.14,,1
QHDKABQHBSLPIX-UHFFFAOYSA-N,CC(=O)Nc1nc(C(=O)NNC(=O)CCN2CCN(C)CC2)cs1,CHEMBL5276173,False,6.88,,1
XZRDMNLZYKHBEF-WUXMJOGZSA-N,Cc1cccc(/C=N/N=c2[nH]c(O)cs2)c1,CHEMBL590568,False,4.63,,1
JMVKDDRQAFAHIR-FPYGCLRLSA-N,C/C=C/C(=O)Nc1cc2c(Oc3ccc(NC(=O)CCCc4ccccc4)cc3F)ncnc2cc1OC,CHEMBL5569064,True,5.54,,1
RHCDLLXHPFKAGP-UHFFFAOYSA-N,C=CC(=O)Nc1cc2c(Oc3ccc(NC(=O)CCCc4ccc(C)cc4)cc3F)ncnc2cc1OC,CHEMBL5570611,True,5.75,,1
MBWDNCFTSFBVMY-UHFFFAOYSA-N,C=CC(=O)Nc1cc2c(Oc3ccc(NC(=O)CCCc4ccc(OC)cc4)cc3F)ncnc2cc1OC,CHEMBL5568662,True,6.25,,1
QNVCSCOPGDYDIB-UHFFFAOYSA-N,C=CC(=O)Nc1cc2c(Oc3ccc(NC(=O)NCCc4csc(Br)c4)cc3F)ncnc2cc1OC,CHEMBL5589706,True,5.68,,1
JPOSFPUHBHRUAX-UHFFFAOYSA-N,NCCn1cc(-c2cc(-c3cc4ccccc4s3)c3[nH]ncc3c2)c2nc(N)ncc21,CHEMBL590109,False,6.03,,1
POJGLMCWEBQVGJ-QFIPXVFZSA-N,C=CC(=O)Nc1cc2c(Nc3ccc(OCc4cccc(F)c4)cc3)ncnc2cc1O[C@H]1CCOC1,CHEMBL3622622,True,7.14,,1
NABVLMHESOKZLJ-DHZHZOJOSA-N,COc1cc(N2CCN(C)CC2)ccc1Nc1ncc(Cl)c(Oc2cccc(NC(=O)/C=C/C3CC3)c2)n1,CHEMBL3425672,True,5.25,,1
KOQXIMMOAUHZFN-UHFFFAOYSA-N,Clc1cc(Nc2ncnc3[nH]nc(OCCN4CCCC4)c23)ccc1OCc1ccccn1,CHEMBL402553,False,8.1,,1
YSULEGHESGUMPH-UHFFFAOYSA-N,CCOC(=O)c1ccc(Nc2cc(NC(=O)CCCC(=O)O)ncn2)cc1,CHEMBL4290750,False,7.32,,1
OPMJZYMIFGATSR-UHFFFAOYSA-N,COc1ccc(OC)c(Nc2cc(NC(=O)CCCC(=O)O)ncn2)c1,CHEMBL4282879,False,7.17,,1
JSGQKTYZIOFSIG-UHFFFAOYSA-N,O=c1oc2cc3ncnc(Nc4ccc(OCc5ccc(Cl)cc5)cc4)c3cc2n1CCCN1CCOCC1,CHEMBL2064384,False,6.0,,1
VWZARPVBYSMNCU-UHFFFAOYSA-N,CN(c1ccccc1)c1ncnc2cc3oc(=O)n(CCCN4CCOCC4)c3cc12,CHEMBL2064397,False,5.14,,1
REHVINSVSMZXOT-QHCPKHFHSA-N,Cc1cc(Nc2ncc3c(n2)N([C@H]2CCN(C(=O)CO)C2)C(=O)N(c2ccccc2Cl)C3)ccc1N1CCN(C)CC1,CHEMBL4062178,False,8.15,,1
NXBDRZNDPDCAAE-UHFFFAOYSA-N,Cn1ncc2c(Oc3ccc(Nc4ncnc5ccn(CCO)c45)cc3Cl)cccc21,CHEMBL2048904,False,7.44,,1
CRIFOQALUXKQGH-UHFFFAOYSA-N,C=CC(=O)N1CCC(Oc2cc3c(Nc4ccc(F)c(Cl)c4F)ncnc3cc2OC)CC1,CHEMBL3970231,True,8.96,,1
IIFQNOCMFDBNKE-UHFFFAOYSA-N,C=CC(=O)N1CC(Oc2cc3c(Nc4cccc(Cl)c4F)ncnc3cc2OC)C1,CHEMBL3954587,True,8.22,,1
IKWLVVCCHHCVIA-WYMPLXKRSA-N,COc1ccc(/C=N/NC(=O)Cc2csc3nc(-c4ccc(C#N)cc4)cn23)cc1,CHEMBL5613746,False,4.89,,1
MOPYOARXHGMORV-UHFFFAOYSA-N,CCOC(=O)CCCn1c(=O)oc2cc3ncnc(Nc4cccc(O)c4)c3cc21,CHEMBL3612595,False,8.06,,1
VFZGFLQJVHZUBY-UHFFFAOYSA-N,COc1cc(N2CCN(C(C)=O)CC2)ccc1Nc1ncc(Cl)c(-c2c[nH]c3ccccc23)n1,CHEMBL2426280,False,6.1,0.0,2
ZAXKBBJFFSPEFV-UHFFFAOYSA-N,C=CC(=O)Nc1cc2c(Cc3cccc(Br)c3)ncnc2cc1OCCCCN(C)C,CHEMBL473748,True,8.41,,1
RQRNKMXIBFTWNC-UHFFFAOYSA-N,O=C(C=CCC(=O)Nc1ccc2c(Nc3cccc(Br)c3)ncnc2c1)Nc1ccc2ncnc(Nc3cccc(Br)c3)c2c1,CHEMBL447850,True,9.35,,1
ZGDBKHJMLZCBJH-UHFFFAOYSA-N,CN(C)CCN(C)Cc1c[nH]c2cc3ncnc(Nc4cccc(Br)c4)c3cc12,CHEMBL39811,False,7.6049999999999995,0.7283199846221434,2
NRDFOMRXSXXTEM-NSCUHMNNSA-N,COc1cc2nccc(Nc3ccc(F)c(Cl)c3)c2cc1NC(=O)/C=C/CN1CCOCC1,CHEMBL472942,True,4.87,,1
BPENWXBDNSHEHD-UHFFFAOYSA-N,C=CC(=O)Nc1ccc(-n2c(=O)cnc3cnc(Nc4ccc(OC)cc4)nc32)cc1,CHEMBL2437478,True,5.29,,1
GWLRNLPJEBRBCZ-UHFFFAOYSA-N,Cn1c(=O)c(-c2c(Cl)cccc2Cl)cc2cnc(NCCCCCC(=O)O)nc21,CHEMBL113863,False,6.0,,1
GWMRHNUZYPNMDU-UHFFFAOYSA-N,CCN(CC)CCNCc1ccc(-c2ccc3ncnc(Nc4ccc(OCc5cccc(F)c5)c(Cl)c4)c3c2)o1,CHEMBL5280092,False,7.81,,1
LLQAFRKQJAOAMO-XJDOXCRVSA-N,N#CC(=Cc1ccc(O)c(O)c1)C(=O)NC1CCCC[C@@H]1NC(=O)C(C#N)=Cc1ccc(O)c(O)c1,CHEMBL144778,True,5.275,0.572756492761103,2
VEOIWTSZBRXBQG-UHFFFAOYSA-N,COc1cc2c(Nc3ccc(Cl)cc3F)ncnc2cc1OCCC1CCN(C)CC1,CHEMBL25425,False,6.52,,1
MCBFSRQOANRJLL-UHFFFAOYSA-N,COc1cc(N(C)CCN(C)C)c(NC(=O)c2cnccn2)cc1Nc1nccc(-c2cn(C)c3ccccc23)n1,CHEMBL5188618,False,6.65,0.0,2
DUQNNMZVFABECU-QPJJXVBHSA-N,CN(C)C/C=C/C(=O)Nc1ccc2ncnc3c2c1CCN3c1cccc(Cl)c1F,CHEMBL5572670,True,8.83,,1
PHBABPPOPBBETK-FNORWQNLSA-N,CC(C)NC/C=C/C(=O)Nc1ccc2ncnc3c2c1C=CN3c1ccc(OCc2ccccn2)c(Cl)c1,CHEMBL5567355,True,9.12,,1
KDWNVZXLHSMELQ-UHFFFAOYSA-N,C=CC(=O)Nc1cccc(Nc2nc(Nc3ccc(N4CCN(C)CC4)cc3)nc3ccc(F)cc23)c1,CHEMBL5404639,True,5.89,,1
AZOXWOCICFEBCQ-PMERELPUSA-N,CN1CCN([C@H]2CC(F)(F)c3cc(NC(=O)c4ccc(F)c(C#Cc5cncc(N6CCOCC6)c5)c4)ccc32)CC1,CHEMBL5571836,False,6.58,,1
UVNCIJBNNRLMGH-VMPITWQZSA-O,Cn1cnc([N+](=O)[O-])c1C[N+](C)(C)C/C=C/C(=O)Nc1ccc2ncnc(Nc3cccc(Br)c3)c2c1,CHEMBL4560430,True,9.66,,1
YEGJSHNUTSTRRM-VMPITWQZSA-O,Cn1ncc([N+](=O)[O-])c1C[N+](C)(C)C/C=C/C(=O)Nc1ccc2ncnc(Nc3cccc(Br)c3)c2c1,CHEMBL4516232,True,9.66,,1
GBYAVSVYSJQDNZ-UHFFFAOYSA-N,O=C(NCCN1CCOCC1)Nc1ccc2ncnc(Nc3ccc(F)c(Cl)c3)c2c1,CHEMBL3815161,False,7.799999999999999,1.0465180361560904,2
IYWCOZMVACEZGO-UHFFFAOYSA-N,Fc1cccc(COc2ccc(Nc3ncnc4ccc(NC(=S)NCCCN5CCOCC5)cc34)cc2Cl)c1,CHEMBL3814812,False,7.695,1.590990257669732,2
XVVQHHNAKHSVCB-LEWJYISDSA-N,COc1ccccc1C(=O)NCc1ccc(-c2nn([C@H]3C=C[C@@H](OC(=O)C(C)(C)C)C3)c3ncnc(N)c23)cc1,CHEMBL6043247,False,5.26,0.0,2
IGOPDJCLCPRANF-UHFFFAOYSA-N,COCCOc1cc2ncnc(Nc3cc(C=O)cc(C=O)c3)c2cc1OCCOC,CHEMBL5632007,False,5.86,,1
BNYOVNBGDHWACL-UHFFFAOYSA-N,COCCOc1cc2ncnc(Nc3ccc(C=O)c(O)c3)c2cc1OCCOC,CHEMBL5633818,False,7.44,,1
QQGZOWNAHJAXCG-UHFFFAOYSA-N,COc1cc2c(Nc3ccc(Cl)c(Cl)c3)ncnc2cc1OCc1csc2ccc(Cl)cc12,CHEMBL3929002,False,7.3,,1
JXMVENNOZUEFQY-UHFFFAOYSA-N,COc1ccc2c(c1)CCCN2c1nc(C)nc2c(Cc3ccccc3)cn(C)c12,CHEMBL4117373,False,8.31,,1
IUNORHVEZRZFIC-UHFFFAOYSA-N,OCCNCc1ccc(-c2cc3nccc(Nc4ccc5[nH]ccc5c4)c3s2)cc1,CHEMBL310740,False,8.7,,1
XGCQKFFIRIFVIZ-UHFFFAOYSA-N,Cc1c(C#Cc2ccc(CN3CCC(CO)CC3)cc2)cc(C(F)F)c2cn(C(C(=O)Nc3nccs3)c3ncn4c3CCC43CC3)nc12,CHEMBL5177023,False,6.25,0.014142135623730649,2
AVXVZHSZWMMNIS-CYBMUJFWSA-N,C#CC(=O)N1CCN(C(=O)Oc2cc3c(Nc4ccc(Cl)c(Cl)c4F)ncnc3cc2OC)[C@H](C)C1,CHEMBL5187762,False,9.49,,1
IUHCHNLQYCBXNR-UHFFFAOYSA-N,COC(=O)CN1CCC(n2cc(-c3cccc(OC)c3)c3c(N)ncnc32)C1,CHEMBL355891,False,6.08,,1
VBQOKKHDJKYLNC-QFIPXVFZSA-N,C=CC(=O)N1CC[C@H](Oc2ccc3ncnc(Nc4ccc(OCc5cccc(F)c5)c(Cl)c4)c3c2)C1,CHEMBL3965087,True,8.1,,1
QIMXUZNKIMFXLS-UHFFFAOYSA-N,C=CC(=O)N1CC(Oc2cc3c(Nc4ccc(Cl)c(Cl)c4F)ncnc3cc2OC)C1,CHEMBL3914159,True,8.735,0.4297320593778669,8
NLOPPFMLPNMFJS-WHUIICBVSA-N,C=CC(=O)N1CC[C@H](Oc2cc3c(Nc4ccc(F)c(Cl)c4F)ncnc3cc2OC)CC1C(N)=O,CHEMBL3929060,True,8.85,,1
JREDDTPLOBGIFI-DVECYGJZSA-N,CC(C)c1cnc(N2CC(O)C2)c2cnc(Nc3ccnc(N4CC[C@@H](O)[C@@](C)(F)C4)n3)cc12,CHEMBL5203267,False,4.93,0.4666904755831215,2
LUEQIDIGIGWGLR-ZCPGDWHISA-N,CC(C)c1cnc(N2CC[C@@H]2C)c2cnc(Nc3ccnc(N4CC[C@@H](O)[C@@](C)(F)C4)n3)cc12,CHEMBL5174629,False,4.8,0.2828427124746193,2
KJOROGDGEGQERG-YSHIBNCASA-N,CC(C)c1cnc(N2C[C@H](O)[C@H]2C)c2cnc(Nc3ccnc(N4CC[C@@H](O)[C@@](C)(F)C4)n3)cc12,CHEMBL5207390,False,5.3149999999999995,0.04949747468305758,2
DASFSPDIWCMVRW-UHFFFAOYSA-N,Nc1ncnn2ccc(C(=O)Nc3ccc(NC(=O)Nc4cccc(F)c4)cc3)c12,CHEMBL1990583,False,5.68,,1
GBJAYAQWPSVFJF-RLWLMLJZSA-N,COCC1CN(c2ncc(C(C)C)c3cc(Nc4ccnc(N5CC[C@@H](O)[C@@](C)(F)C5)n4)ncc23)C1,CHEMBL5198992,False,4.8,0.2828427124746193,2
AOHNZGASXYBKDI-NLFFAJNJSA-N,CC(C)c1cnc(N2CC(C#N)C2)c2cnc(Nc3ccnc(N4CC[C@@H](O)[C@@](C)(F)C4)n3)cc12,CHEMBL5169349,False,5.47,,1
QRJVSLZNMWIKRS-UHFFFAOYSA-N,CC(C)n1nc(-c2ccc3c(C=O)c[nH]c3c2)c2c(N)ncnc21,CHEMBL1242666,False,6.2,,1
AJTNJIJAUQAWSL-UHFFFAOYSA-N,CCS(=O)(=O)n1cc(-c2ccnc(Nc3cc(NC(C)=O)c4c(cnn4CCN(C)C)c3)n2)c2ccccc21,CHEMBL5407309,False,5.97,,1
GTXKSDZLEOURPP-UHFFFAOYSA-N,COc1ncc(-c2nn(C(C)C)c3ncnc(N)c23)c(OC)n1,CHEMBL1242846,False,4.0,,1
ZHBTZVAVYLOIKW-UHFFFAOYSA-N,Nc1ccc(-c2nn(C3CCCC3)c3ncnc(N)c23)cc1O,CHEMBL1241487,False,7.48,,1
OBHMXNAEXVRWTQ-UHFFFAOYSA-N,C=CC(=O)Nc1cccc(Nc2nc(Nc3ccc(N4CCN(C(=O)CCCC(=O)Nc5cccc6c5C(=O)N(C5CCC(=O)NC5=O)C6=O)CC4)cc3OC)ncc2C(F)(F)F)c1,CHEMBL5196498,True,5.49,,1
KAVYNTVJFQWLDL-UHFFFAOYSA-N,O=C(COc1ccccc1)Nc1ccc2ncnc(Nc3cccc(Br)c3)c2c1,CHEMBL604914,False,8.03,,1
RIBKVVLEGYLFLZ-UHFFFAOYSA-N,C=C=CCOc1cc2c(Nc3ccc(F)c(Cl)c3)ncnc2cc1O,CHEMBL597950,False,7.62,,1
QCPPIWXNTVLCAK-UHFFFAOYSA-N,C#CCOc1cc2c(Nc3ccc(F)c(Cl)c3)ncnc2cc1OC,CHEMBL597949,False,7.83,,1
IMDWAIJBGFJDSL-UHFFFAOYSA-N,N#Cc1cnc(Nc2cccc(Br)c2)c2cc(NC(=O)C3CCC(=O)N3)ccc12,CHEMBL1641995,False,5.66,,1
ASCVQXWPIHGQIB-RUZDIDTESA-N,CN(C)CCC(=O)Nc1cccc(-c2c(-c3ccccc3)oc3ncnc(N[C@H](CO)c4ccccc4)c23)c1,CHEMBL2347963,False,8.1,,1
PSTYPEHMIDKSSQ-UHFFFAOYSA-N,COc1cc(N2CCC(N(C)C)CC2)ccc1Nc1ncc(C(=O)OC(C)C)c(-c2c[nH]c3ccccc23)n1,CHEMBL5289859,False,9.8,,1
YNGWGAYBPCOHHO-UHFFFAOYSA-N,O=C(NC1CCCC1)c1ccc(N(CCCl)CCCl)cc1,CHEMBL589503,False,4.45,,1
SAMLUEXYGUANPP-UHFFFAOYSA-N,OC1(c2nc(-c3ccc(F)cc3)c(-c3ccnc(NC4CCCCC4)c3)o2)CCNCC1,CHEMBL121405,False,5.83,0.1838477631085022,2
BXYSRDKXSWUXMU-UHFFFAOYSA-N,COc1cc(C2NCCc3c2[nH]c2ccccc32)ccc1OC(=O)c1ccccc1,CHEMBL5556316,False,4.37,,1
UOFCWAPWSRBYLN-UHFFFAOYSA-N,COc1cc(C2NCCc3c2[nH]c2ccccc32)ccc1OCc1ccc(F)cc1Br,CHEMBL5562728,False,4.13,,1
MOOWKXDYPKYTBJ-UHFFFAOYSA-N,COc1cc(C2NCCc3c2[nH]c2ccccc32)ccc1OCc1cc(C(F)(F)F)cc(C(F)(F)F)c1,CHEMBL5555046,False,4.71,,1
FKMJNNGHKGZJFL-RMKNXTFCSA-N,COc1ccc(NC(=O)/C=C/CN(C)C)cc1Nc1ncc(Cl)c(-c2c[nH]c3ccccc23)n1,CHEMBL2426287,True,5.81,,1
ULTTYPMRMMDONC-UHFFFAOYSA-N,O=C(O)c1cc(N(Cc2ccccc2O)Cc2cc(O)ccc2O)ccc1O,CHEMBL103552,False,5.39,,1
ZLGNBZXKRMZDCF-RPPGKUMJSA-N,COc1ccc(Oc2nc3ccc(C)cc3cc2/C=N/NC(=O)Cn2c([N+](=O)[O-])cnc2C)cc1,CHEMBL3235202,False,6.29,0.8909545442950497,2
LPCWRKLTAPXZDQ-UHFFFAOYSA-N,COc1cc2c(Oc3ccc(NS(=O)(=O)c4cccc(-c5cnn(C)c5)c4)cc3F)ccnc2cc1OCCCN1CCN(C)CC1,CHEMBL3263962,False,7.08,,1
SVRFIUCPQRDGOA-UHFFFAOYSA-N,CC(C)(C(=O)NCCn1ccc2ncnc(Nc3ccc(Oc4cccc5sncc45)c(Cl)c3)c21)S(C)(=O)=O,CHEMBL2048909,False,8.26,,1
RBVREWVCSCUBOY-UHFFFAOYSA-N,OCCn1ccc2ncnc(Nc3ccc(Oc4cccc5[nH]ncc45)c(Cl)c3)c21,CHEMBL2048903,False,8.72,,1
ZFRQPCBLXWLNAT-UHFFFAOYSA-N,OCCn1ccc2ncnc(Nc3ccc(Oc4cccc5sccc45)c(Cl)c3)c21,CHEMBL2048798,False,8.06,,1
GSDQZJWVOBCWHP-UHFFFAOYSA-N,OCCn1ccc2ncnc(Nc3ccc(Oc4cccc5[nH]ccc45)c(Cl)c3)c21,CHEMBL2048797,False,8.51,,1
ZOQWQEXFRVBSMB-UHFFFAOYSA-N,O=S(=O)(c1ccc(N=Cc2cc(Br)ccc2O)cc1)N1CCCCC1,CHEMBL2029689,False,5.01,,1
GQXANOCFKITZIK-UHFFFAOYSA-N,O=C(Cn1c(-c2ccccc2)cc(=O)n2ncnc12)NNC(=S)Nc1ccccc1,CHEMBL2029692,False,5.17,,1
XXCHTWAIBLKTOR-UHFFFAOYSA-N,C=c1c(CCC(=O)O)c(C)[nH]c1=Cc1c(O)[nH]c2ccc(S(N)(=O)=O)cc12,CHEMBL150177,True,4.07,,1
XEGSWNKCRGYRFG-UHFFFAOYSA-N,O=C(NCCc1ccc(O)c(Br)c1)C(Cc1cc(Br)c(O)c(-c2cc(CC(=NO)C(=O)NCCc3ccc(O)c(Br)c3)cc(Br)c2O)c1)=NO,CHEMBL505637,False,5.89,,1
XRYJULCDUUATMC-CYBMUJFWSA-N,C[C@@H](Nc1ncnc2[nH]c(-c3ccc(O)cc3)cc12)c1ccccc1,CHEMBL1914653,False,8.43,,1
OBFXMZKLWIDMSG-GFCCVEGCSA-N,C[C@@H](Nc1ncnc2[nH]c(-c3ccc(O)cc3)cc12)c1cccc(F)c1,CHEMBL1914660,False,8.05,,1
DGXVGHDUNRFLDB-CQSZACIVSA-N,COc1ccc(-c2cc3c(N[C@H](C)c4ccccc4)ncnc3[nH]2)cc1,CHEMBL1914667,False,8.33,,1
BRUXXKMYGZJMRS-GFCCVEGCSA-N,C[C@@H](Nc1ncnc2[nH]c(-c3ccc(F)cc3)cc12)c1ccc(F)cc1,CHEMBL1914672,False,7.57,,1
VPBAXWOWGZTFTQ-LNFVKZLXSA-N,CN(C)C/C=C/C(=O)Nc1cc2c(Nc3ccc(F)c(Cl)c3)ncnc2cc1OC[C@@]12COC[C@@H]1C2,CHEMBL3901296,True,9.29,,1
JCJSAFZMXVQVBR-PMACEKPBSA-N,CN1C[C@@H]2C[C@H]1CN2c1cc(F)c(-c2ccnc3c(-c4cccc5[nH]ncc45)c(-c4ccncc4)nn23)c(F)c1,CHEMBL1276179,False,6.76,,1
GCAJVGAKBPOEBH-UHFFFAOYSA-N,Cn1c(SSc2c(C(=O)Nc3ccccc3)c3cc(Br)ccc3n2C)c(C(=O)Nc2ccccc2)c2cc(Br)ccc21,CHEMBL293251,False,4.94,,1
LOYIMXGRFMZOFX-UHFFFAOYSA-N,COc1cc2ncnc(Nc3ccc(F)c(Cl)c3)c2cc1OCCN1CC(OC)C1,CHEMBL2425091,False,7.03,,1
FGIYTHLMQBFNBW-UHFFFAOYSA-N,COc1cc2ncnc(Nc3ccc(F)c(Cl)c3)c2cc1OCCCN1CC2(CCO2)C1,CHEMBL2425093,False,7.44,,1
CLKSCVWTPNTSNA-UHFFFAOYSA-N,COc1cc2ncnc(Nc3ccc(F)c(Cl)c3)c2cc1OCCCN1CC2(C1)CS(=O)(=O)C2,CHEMBL2425083,False,7.62,,1
YTJPZUZXESULTP-ODPUSEOTSA-N,COc1cc(/C=C2\CCC/C(=C\c3ccc(Cl)cc3)C2=O)cc(OC)c1,CHEMBL2316148,False,4.82,,1
PJXFDSFGZUPIKW-ONEGZZNKSA-N,CN(C)C(=O)N1CCN(C/C=C/C(=O)N2CCc3c(sc4ncnc(Nc5ccc(F)c(Cl)c5)c34)C2)CC1,CHEMBL3655342,True,9.0,0.0,2
MJOCJDMQRCJQJF-UHFFFAOYSA-N,CCOc1ccc2cc(-c3nn(C(C)C)c4ncnc(N)c34)ccc2c1,CHEMBL2070048,False,6.16,,1
HSRXRBPVKROIEI-UHFFFAOYSA-N,Brc1ccc2c(c1)CNc1c(Nc3ccccc3)ncnc1O2,CHEMBL382862,False,5.0,,1
GGBSUWUKBQYWCO-UHFFFAOYSA-N,COc1ccc2c(c1)CNc1c(Nc3cccc(-c4ccccc4)c3)ncnc1O2,CHEMBL206370,False,5.01,,1
YDACLKUOFPGAGO-UHFFFAOYSA-N,COc1cn2ncnc(Nc3ccc4c(cnn4Cc4cccc(F)c4)c3)c2c1CN1CCCNCC1,CHEMBL247711,False,6.72,,1
LOWIJALPIWAMBK-UHFFFAOYSA-N,CCCN(CCS(C)(=O)=O)Cc1ccc(-c2ccc3ncnc(Nc4ccc(OCc5cccc(F)c5)c(Cl)c4)c3c2)o1,CHEMBL212251,False,7.07,,1
WZTHBTBWYVSGPF-UHFFFAOYSA-N,COc1cc2c(Nc3ccc(-c4nc5ccc(Cl)cc5s4)cc3F)ncnc2cc1OCCCN1CCN(C)CC1,CHEMBL593909,False,5.21,,1
VJTVBWNBERHDKM-UHFFFAOYSA-N,CCOc1cc2ncc(C#N)c(Nc3ccc(F)c(Cl)c3)c2cc1OCC,CHEMBL324045,False,6.01,,1
KKTAXCWCKSLCHF-UHFFFAOYSA-N,CNC(=O)c1c([Se][Se]c2c(C(=O)NC)c3ccccc3n2C)n(C)c2ccccc12,CHEMBL137422,False,5.21,,1
PBRVAQVSLKUOCT-UHFFFAOYSA-N,C=CC(=O)Nc1cccc(Oc2nc(Nc3ccc(N4CCN(CC(=O)OCC#CCOc5no[n+]([O-])c5S(=O)(=O)c5ccccc5)CC4)cc3OC)ncc2Cl)c1,CHEMBL2381509,True,7.28,,1
SVZUZSDHGKVQNU-UHFFFAOYSA-N,CC(=O)Nc1ccc2c(c1)C(c1ccccc1Cl)=Nc1c[nH]nc1N2,CHEMBL1257912,False,6.14,,1
VYGITYDONCAYLI-UHFFFAOYSA-N,Cc1c(OCC(F)(F)F)ccnc1COc1ccc(Nc2ncnc3cc4oc(=O)n(CCCN5CCOCC5)c4cc23)cc1,CHEMBL2064392,False,5.11,,1
WUQQSPODIZWQJL-UHFFFAOYSA-N,O=C(NCCn1ccc2ncnc(Nc3ccc(Oc4cccc5sncc45)c(Cl)c3)c21)C1CCCN1,CHEMBL2048911,False,8.52,,1
JFSSINHNDHIGOR-RMKNXTFCSA-N,C#Cc1cccc(Nc2ncnc3cc4c(cc23)N(C(=O)/C=C/CN(C)C)CCO4)c1,CHEMBL3114690,True,7.93,0.8343860018001259,2
CQZZCFVTEOJWAW-UHFFFAOYSA-N,Cc1cccc(Cl)c1NC(=O)c1cnc(NC(=O)C2CC2)s1,CHEMBL131577,False,5.0,,1
DUQGHTXMYYQABR-UHFFFAOYSA-N,CC(C)n1nc(-c2ccc3[nH]c(=O)[nH]c3c2)c2c(N)ncnc21,CHEMBL1241586,False,6.03,,1
KHQLMFFPQINCMZ-UHFFFAOYSA-N,CC(=O)Nc1cccc(C#Cc2cncnc2Nc2ccc(OCc3cccc(F)c3)c(Cl)c2)c1,CHEMBL205798,False,7.92,,1
YFTNIUONYOIXQQ-UHFFFAOYSA-N,Cc1cc(C)c(O)c(CN(Cc2ccc(F)cc2)C(=O)Nc2ccccc2)c1,CHEMBL592210,False,4.56,,1
LEJHECNHNIKBPL-UHFFFAOYSA-N,O=C(Nc1ccccc1)N(Cc1ccc(F)cc1)Cc1cccc(Cl)c1O,CHEMBL592426,False,5.7,,1
UERCBPIXITWGQE-UHFFFAOYSA-N,Oc1c(Cl)cccc1CN(Cc1ccc(F)cc1)C(=S)Nc1ccccc1,CHEMBL589560,False,6.17,,1
DXXVAXOWZWEBHE-UHFFFAOYSA-N,NS(=O)(=O)c1ccc(Nc2nc3ncnc(Nc4cccc(Br)c4)c3s2)cc1,CHEMBL469354,False,8.0,,1
RBURTLAMOSHNGX-UHFFFAOYSA-N,Cn1c(=O)c(-c2c(Cl)cccc2Cl)cc2cnc(Nc3cccc(C(=O)O)c3)nc21,CHEMBL109631,False,6.72,,1
RLNZIWVIDMGNEN-UHFFFAOYSA-N,COCC1CCCN1CC#CC(=O)Nc1ccc2ncnc(Nc3cccc(Br)c3)c2c1,CHEMBL93784,False,7.19,,1
IDRWREDOMOKDQY-UHFFFAOYSA-N,C=CC(=O)Nc1cccc(N2C(=O)OCc3cnc(Nc4ccc(N5CCN(C)CC5)cc4OC)nc32)c1,CHEMBL5203118,True,7.54,0.0,2
UGEGMLHKJYPRKJ-JLHYYAGUSA-N,C#Cc1cccc(Nc2ncnc3ccc(S(=O)(=O)n4ccc(/C=C/C(=O)Nc5ccccc5N)c4)cc23)c1,CHEMBL3218001,True,6.5,0.8626702730475884,2
QHSKAAHDPBBIMT-UHFFFAOYSA-N,CN1CCC=C(C(=O)Nc2ccc3ncnc(Nc4cccc(Br)c4)c3c2)C1,CHEMBL92902,True,6.94,,1
PWEZSVZZNYVITA-UHFFFAOYSA-N,CC(=O)N1CCOc2c1ccc1ncnc(Nc3ccc(F)c(Cl)c3)c21,CHEMBL5269684,False,7.33,,1
HIGXXTJCUDZPMY-UHFFFAOYSA-N,CC(=O)N1CCOc2c1ccc1ncnc(Nc3cccc(Br)c3)c21,CHEMBL5275916,False,7.34,,1
ZNRSOAIMVVRTJR-UHFFFAOYSA-N,C=CC(=O)Nc1cc2c(Nc3ccc(Oc4cc5nncn5cn4)c(C)c3)ncnc2cc1OCC,CHEMBL5175489,True,8.83,,1
LYIUENVBACZSCL-TYOLEZHBSA-N,Cc1cc(Nc2ncnc3ccc(NC(=O)/C=C/[C@H]4CCCN4C)cc23)ccc1Oc1cc2nncn2cn1,CHEMBL5179954,True,8.92,,1
QTJJFCPBQRQZAR-UHFFFAOYSA-N,Fc1cccc(COc2ccc(Nc3ncncc3C#Cc3ccccc3)cc2Cl)c1,CHEMBL379093,False,7.1,,1
ZQHKLPSJKXUYOU-UHFFFAOYSA-N,COC(=O)Nc1cc(Nc2ncnc3cc(OC)c(OC)cc23)ccc1C,CHEMBL3221553,False,5.14,,1
PHFAEZLTGYDQNR-UHFFFAOYSA-N,CN(C)CCCC(=O)Nc1ccc2nccc(Nc3cccc(Br)c3)c2c1,CHEMBL1089524,False,8.77,,1
MUHMCFYZMSUSBK-UHFFFAOYSA-N,C=CC(=O)Nc1cccc(-n2c(=O)c(-c3ccccc3)nc3cnc(Nc4ccc(OC)cc4)nc32)c1,CHEMBL5069689,True,7.74,,1
YSTSGFGNZVLCQE-OAQYLSRUSA-N,Cc1cc(Nc2ncnc3cc(O)c(NC(=O)C=C[C@H]4CCCN4C)cc23)ccc1Oc1ccc2nccn2c1,CHEMBL5201973,True,8.63,,1
JGBFZYXPJYFPPR-UHFFFAOYSA-N,COc1cc2c(Oc3ccc(NS(=O)(=O)c4cc(-c5ccsc5)ccc4F)cc3F)ccnc2cc1OCCCN1CCN(C)CC1,CHEMBL3263965,False,6.24,,1
BQKAPRHCWWQTIM-PDEZOQIOSA-N,CCOc1cc2ncnc(Nc3ccc(Oc4cc5nncn5cn4)c(C)c3)c2cc1NC(=O)/C(F)=C\[C@H]1CCCN1C,CHEMBL5170965,True,7.06,,1
YOADZUQFLAAZQY-UHFFFAOYSA-N,COc1cc2ncnc(Oc3cccc(NC(=S)Nc4ccc(Cl)c(C(F)(F)F)c4)c3)c2cc1OC,CHEMBL5218459,False,7.7,,1
DFLDXWOUVAPGCL-UHFFFAOYSA-N,Nc1ncnc2c1ncn2CC(=O)c1ccccn1,CHEMBL504135,False,4.05,,1
UEJUKJJOSDYORR-HSZRJFAPSA-N,Fc1cccc(Cn2ncc3cc(Nc4ncnn5ccc(COC[C@H]6CNCCO6)c45)ccc32)c1,CHEMBL428046,False,7.08,,1
FWGJXYNVRLAHKP-UHFFFAOYSA-N,C=c1cc(C(=O)O)[nH]c1=Cc1c(O)[nH]c2ncnc(Nc3ccc(F)c(Cl)c3)c12,CHEMBL305194,True,7.54,,1
DPBAOWACXDVJKP-UHFFFAOYSA-N,COc1cc(Nc2ncnc3[nH]cnc23)ccc1-c1nc2ccccc2s1,CHEMBL475352,False,5.58,,1
PZXJFNOGRSYDFV-UHFFFAOYSA-N,CNC(=O)c1cc(Nc2ccc(-c3nc4ccccc4s3)cc2)ccn1,CHEMBL464210,False,5.7,,1
JNCKWWADGCZZGL-UHFFFAOYSA-N,CC(=O)N1CCN(CCOc2[nH]nc3ncnc(Nc4ccc(OCc5ccccn5)c(Cl)c4)c23)CC1,CHEMBL258270,False,8.52,,1
FIRAXHNGIAOCKP-RXMQYKEDSA-N,CO[C@H](C)c1c(O)cc2c(O)c3c(c(O)c2c1O)C(=O)C(=O)C(=O)C3,CHEMBL498249,False,4.39,,1
SGYAQGSCPQGXLC-UUOWRZLLSA-N,C[C@@H](c1cccc(F)c1)n1ncc2cc(Nc3ncnn4ccc(COC[C@@H]5CNCCO5)c34)ccc21,CHEMBL397122,False,6.4,,1
KAQHUJGJYUUQSI-UHFFFAOYSA-N,NP(=O)(OCCCCOc1ccc2ncnc(Nc3cccc(Br)c3)c2c1)N(CCCl)CCCl,CHEMBL4090083,False,8.13,0.0,2
YUHSPIYJWBBMHU-UHFFFAOYSA-N,Cc1ccc(NC(=O)c2ccc(N(CCCl)CCCl)cc2)cc1,CHEMBL601040,False,6.24,,1
JNLAWKYAXVEZSA-UHFFFAOYSA-N,COc1cc2ncc(C#N)c(Nc3ccccc3Br)c2cc1OC,CHEMBL109575,False,5.38,,1
ZCPJQXKRMPRGNF-UHFFFAOYSA-N,COc1cc2ncc(C=O)c(Nc3cccc(Br)c3)c2cc1OC,CHEMBL109332,False,5.47,,1
YJLOLSDWRBWJAG-UHFFFAOYSA-N,COc1cc2ncnc(Nc3ccc(-c4nc5ccccc5s4)cc3O)c2cc1OC,CHEMBL593293,False,5.66,,1
NPJJOUHCDFRVGX-UHFFFAOYSA-N,CCOc1cc2ncnc(Nc3ccc(F)c(Cl)c3)c2cc1NC(=O)CCN1CCCCC1,CHEMBL2031304,False,9.29,,1
CYRAGAWSGXXYDS-UHFFFAOYSA-N,CCOc1cc2ncc(C#N)c(Nc3ccc(OCc4ccccn4)c(Cl)c3)c2cc1NC(=O)CCN1CCOCC1,CHEMBL2031313,False,7.43,,1
HDDRSIIMSWLFOP-UHFFFAOYSA-N,C=CC(=O)Nc1cccc(N2C(=O)CN(Cc3ccccc3)C(=O)c3cnc(Nc4ccc(N5CCN(C)CC5)cc4OC)nc32)c1,CHEMBL3219348,True,8.2,,1
PJJYEJOYFHFLRW-UHFFFAOYSA-N,O=C(Nc1cccc(Nc2ncnc3cc(OCCCN4CCN(CCO)CC4)ccc23)c1)Nc1ccc(Cl)c(C(F)(F)F)c1,CHEMBL3133756,False,7.0,,1
QBBSBGDJPPSSKJ-UHFFFAOYSA-N,C=CC(=O)Nc1cccc(N2C(=O)N(C)Cc3cnc(Nc4ccc(N5CCC(N(C)C)CC5)cc4OC)nc32)c1,CHEMBL2029425,True,8.45,,1
KNLYGYPBXBRBRL-UHFFFAOYSA-N,CC(=O)Nc1nc(C(=O)NNC(=O)CCN2CCOCC2)cs1,CHEMBL5269071,False,6.84,,1
IHEPFUCGBHRUNZ-UHFFFAOYSA-N,COc1ccc(C2CC(c3ccc(Cl)c(Cl)c3)=NN2C(N)=S)cc1,CHEMBL1172915,False,5.24,,1
VQXJJEGSNGGQJK-UHFFFAOYSA-N,C=CC(=O)Nc1cccc(N2C(=O)N(C)Cc3cnc(Nc4ccc(N5CCCN(C)CC5)cc4OC)nc32)c1,CHEMBL2032380,True,8.83,,1
WWCBRVQDHYFJEF-UHFFFAOYSA-N,CC(C)(C)n1cc(-c2cncc3ccccc23)c2c(N)ncnc21,CHEMBL5195321,False,5.79,,1
PSQDBUBGHLWBSE-UHFFFAOYSA-N,CSc1nc(-c2ccc(F)cc2)c(-c2ccnc3[nH]c(-c4ccccc4)cc23)[nH]1,CHEMBL5202381,False,6.54,,1
IASJFAFPMHBSJO-UHFFFAOYSA-N,CN(C)CCCN(C)CC(=O)Nc1cc2c(Nc3ccc(F)c(Cl)c3)ncnc2s1,CHEMBL3233763,False,5.28,,1
XCWJDSNCBZCEQB-OWOJBTEDSA-N,O=C(/C=C/CN1CCC(F)(F)C1)Nc1cc2c(Nc3ccc(F)c(Cl)c3)ncnc2s1,CHEMBL3233783,True,7.55,,1
FRBVMVNBNRSFNA-OWOJBTEDSA-N,O=C(/C=C/CN1CCC(F)CC1)Nc1cc2c(Nc3ccc(F)c(Cl)c3)ncnc2s1,CHEMBL3233786,True,8.4,,1
RXPZOSHFGJWSLQ-UHFFFAOYSA-N,Oc1cccc(Nc2ccnc3[nH]c4ccccc4c23)c1,CHEMBL3133821,False,6.57,,1
RVZPCKKTXIBTBZ-UHFFFAOYSA-N,Cc1ccc(C2=NN(C(N)=S)C(c3ccccc3Cl)C2)cc1C,CHEMBL1173794,False,5.41,,1
CPKOOPNFOWNEFT-AWQFTUOYSA-N,CCOc1cc2ncnc(Nc3ccc(OCC4CC4)c(Cl)c3)c2cc1NC(=O)/C(F)=C\CN(C)C,CHEMBL3357653,True,7.95,,1
FSFYBWMHVKFOOV-UHFFFAOYSA-N,c1ccc(-c2cccc(Nc3ncnc4cc5c(cc34)OCCO5)c2)cc1,CHEMBL3040806,False,7.38,,1
SKBWQUPLWQUWPH-WGSAOQKQSA-N,CN1CCN([C@H]2CC[C@H](n3nc(-c4ccc(Nc5nc6cccc(Cl)c6o5)c(F)c4)c4c(N)ncnc43)CC2)CC1,CHEMBL1256432,False,5.54,,1
ZROBAJVGRYCCGH-QGZVFWFLSA-N,C[C@H](CN(C)C(=O)CO)Oc1cccc2ncnc(Nc3ccc(OCc4ccccn4)c(Cl)c3)c12,CHEMBL250132,False,8.7,,1
FSHWIHXFSFIOAL-FQEVSTJZSA-N,O=C(CO)N1CCC[C@H]1COc1cccc2ncnc(Nc3ccc(OCc4ccccn4)c(Cl)c3)c12,CHEMBL403569,False,6.49,,1
LQNDDQQRHZEHDD-UHFFFAOYSA-N,Cc1nnc(-c2cn3ncnc(Nc4cnc5[nH]ccc5c4)c3c2C(C)C)o1,CHEMBL258694,False,6.82,,1
QWGBPZPZQJJAMU-UHFFFAOYSA-N,C=CC(=O)Nc1cc2c(Nc3ccc(OCc4ccccn4)c(Cl)c3)c(C#N)cnc2cc1OCC,CHEMBL2031310,True,7.29,,1
JKFICPIMSFBOJJ-UHFFFAOYSA-N,Cc1ccc(N2NC(=O)C(=Cc3ccc(-c4cc([N+](=O)[O-])ccc4O)o3)C2=O)cc1C,CHEMBL2029690,True,4.13,,1
IFYGYPZZXIKBMR-HNNXBMFYSA-N,O=C(Cc1ccc(F)cc1)Nc1cc(SC[C@@H](O)CO)cc([N+](=O)[O-])c1,CHEMBL2029691,False,4.31,,1
JNUIQGKVFFMDLX-GDNBJRDFSA-N,O=C1NN(c2ccc(F)c(Cl)c2)C(=O)/C1=C\c1cccc(OC(=O)c2cccs2)c1,CHEMBL1504817,True,5.46,,1
GVCKAAILNIXCRU-UHFFFAOYSA-N,COc1cc2ncnc(Nc3cccc(Cl)c3F)c2cc1CN1CC(C(N)=O)C1,CHEMBL207037,False,7.3,,1
LESFPZSUPOHBIP-UHFFFAOYSA-N,COc1ccc(Nc2cc3c(cc2Nc2ccccc2)C(=O)NC3=O)cc1,CHEMBL8095,False,5.7,,1
FKHGTMQRLLWPJO-FNORWQNLSA-N,CN(C)C/C=C/C(=O)N1Cc2sc3ncnc(Nc4ccc(OCc5ccccn5)c(Cl)c4)c3c2C1,CHEMBL3655346,True,7.72,0.0,2
RVYBEYDDKJTSQR-UHFFFAOYSA-N,COc1cc2ncnc(Nc3cccc(Cl)c3)c2cc1B1OC(C)(C)C(C)(C)O1,CHEMBL3219502,False,6.31,,1
RJWXSWDTSCCVME-UHFFFAOYSA-N,CC1(C)OB(c2ccc3ncnc(Nc4cccc(Cl)c4)c3c2)OC1(C)C,CHEMBL3219504,False,6.23,,1
KHVNXPIYGOSLLQ-UHFFFAOYSA-N,COc1cc2ncnc(Nc3ccc(F)c(Cl)c3)c2cc1B1OC(C)(C)C(C)(C)O1,CHEMBL3219503,False,6.28,,1
PLUOKMHXJSTGCQ-UHFFFAOYSA-N,NP(=O)(OCCCCOc1ccc2ncnc(Nc3ccc(F)c(Cl)c3)c2c1)N(CCCl)CCCl,CHEMBL4087646,False,8.22,,1
DREJCZYHSLQQGT-UHFFFAOYSA-N,CCc1c(C(=O)NCCc2ccc(N3CCOCC3)cc2)[nH]c2ccc(C)cc12,CHEMBL5280635,False,7.07,,1
JUKRBPQFJFOIDS-UHFFFAOYSA-N,Clc1cccc(Nc2[nH]nc3ncnc(Nc4cccc(Br)c4)c23)c1,CHEMBL120319,False,6.89,,1
QYXDMOYCHRRSMH-UHFFFAOYSA-N,C=CC(=O)Nc1cc2c(Nc3ccc(Br)cc3F)ncnc2cc1OCC1CCN(C(=O)NCC)CC1,CHEMBL3676387,True,7.7,0.0,2
KMKJCARZYATNHK-UHFFFAOYSA-N,COc1cc2ncnc(Nc3ccc(C(C)(F)F)cc3)c2cc1OC,CHEMBL2333985,False,5.33,,1
GYFJBUOSPWKVQK-OPEKNORGSA-N,CCOc1cc2ncnc(Nc3ccc(Oc4ccc(C)nc4)c(Cl)c3)c2cc1NC(=O)/C(F)=C\CN1CCCCC1,CHEMBL3357648,True,7.41,,1
GYFJBUOSPWKVQK-GATIEOLUSA-N,CCOc1cc2ncnc(Nc3ccc(Oc4ccc(C)nc4)c(Cl)c3)c2cc1NC(=O)/C(F)=C/CN1CCCCC1,CHEMBL3357647,True,7.89,,1
RFXHNJBBKBSDIB-GRKMDYAMSA-N,O=C(Nc1cc2c(Nc3ccc(F)c(Cl)c3)ncnc2cc1O[C@H]1CCOC1)/C(F)=C/CN1CCCCC1,CHEMBL3357645,True,8.59,,1
HZBHTRUJNPPRNW-PVYRDDNUSA-N,CN(C)C/C=C(/F)C(=O)Nc1cc2c(Nc3ccc(F)c(Cl)c3)ncnc2cc1O[C@H]1CCOC1,CHEMBL3357642,True,9.51,,1
BDLBQHQWRICEGB-UHFFFAOYSA-N,CS(=O)(=O)CCNC(=O)C1=Cc2c(ncnc2Nc2ccc(Oc3cccc4sccc34)c(Cl)c2)NCC1,CHEMBL2348418,True,7.33,,1
PMNCGPKTYMEYRZ-UHFFFAOYSA-N,NC(=S)N1N=C(c2ccc(Cl)c(Cl)c2)CC1c1ccc2ccccc2c1,CHEMBL2325087,False,6.18,,1
UKGLEIJYSJCQAB-MUUNZHRXSA-N,CN(C)CCCCCC(=O)Nc1cccc(-c2c(-c3ccccc3)oc3ncnc(N[C@H](CO)c4ccccc4)c23)c1,CHEMBL2347962,False,5.36,,1
PJEIORHBQLYUQM-HHHXNRCGSA-N,CN(C)CCCCC(=O)Nc1cccc(-c2c(-c3ccccc3)oc3ncnc(N[C@H](CO)c4ccccc4)c23)c1,CHEMBL2347961,False,7.47,,1
WMXPSZOEUWJJHU-VMPITWQZSA-N,C#Cc1cccc(Nc2ncnc3cc4c(cc23)N(C(=O)/C=C/CN2CCN(C)CC2)CCO4)c1,CHEMBL3114689,True,6.955,1.195010460205265,2
CXAHRFUHLAWAPM-LJQANCHMSA-N,OC[C@@H](Nc1ncnc2oc(-c3ccccc3)c(-c3ccoc3)c12)c1ccccc1,CHEMBL2347971,False,6.45,,1
ONTNXTUNUMDCEQ-UHFFFAOYSA-N,COC(=O)C(Nc1ncnc2oc(-c3ccccc3)c(-c3ccccc3)c12)c1ccccc1,CHEMBL2347973,False,5.1,,1
MPZQGVLXKADGSM-RMKNXTFCSA-N,C#Cc1cccc(Nc2ncnc3cc4c(cc23)N(C(=O)/C=C/CN2CCCC2)CCO4)c1,CHEMBL3114700,True,7.869999999999999,0.9192388155425113,2
AGTPOONMTANNPL-VOTSOKGWSA-N,O=C(/C=C/N1CCOCC1)Nc1ccc2ncnc(Nc3cccc(Br)c3)c2c1,CHEMBL94123,True,6.67,,1
SDEAXTCZPQIFQM-UHFFFAOYSA-N,Cc1cc(Nc2ncnc3ccc(N=C4NC(C)(C)CO4)cc23)ccc1Oc1ccn2ncnc2c1,CHEMBL3989868,False,6.35,0.0,2
NQNUHMDWOFATCW-UHFFFAOYSA-N,C=c1c(C(=O)N2CCN(C)CC2)c[nH]c1=Cc1c(O)[nH]c2ncnc(Nc3ccc(F)c(Cl)c3)c12,CHEMBL304971,True,6.39,,1
UFLUWNRWPWDTEF-ZZXKWVIFSA-N,CN(C/C=C/C(=O)Nc1ccc2ncnc(Nc3cccc(Br)c3)c2c1)CCO,CHEMBL93783,True,7.85,,1
QIGGJMQSVPHSJB-YRNVUSSQSA-N,ON=C(O)/C=C/c1ccc(-c2ccc3ncnc(Nc4ccc(OCc5cccc(F)c5)c(Cl)c4)c3c2)o1,CHEMBL1630107,True,8.6,,1
DNZYOZKYEXTOPJ-UHFFFAOYSA-N,ON=C(O)c1ccc(-c2ccc3ncnc(Nc4ccc(OCc5cccc(F)c5)c(Cl)c4)c3c2)s1,CHEMBL1630118,False,8.66,,1
NQAMTZUVRFRJCZ-NTCLMWMPSA-N,CN(C)C/C=C/C(=O)Nc1cccc(-c2c(-c3ccccc3)oc3ncnc(N[C@@H](CO)c4ccccc4)c23)c1,CHEMBL4450843,True,6.25,,1
YOWWEQRTMDLMLL-UHFFFAOYSA-N,Fc1ccc(C2=NN(c3ccccc3)C(c3cccc4ccccc34)C2)cc1,CHEMBL2325089,False,5.97,,1
XFEHHJQRPUGUMO-UHFFFAOYSA-N,NC(=S)N1N=C(c2ccc(F)cc2)CC1c1ccc2ccccc2c1,CHEMBL2325110,False,5.48,,1
NTUVEMUMVHHACY-SSRZRBEUSA-N,CNC(=S)N(C)[C@H]1C[C@@H]2O[C@](C)([C@H]1OC)n1c3ccccc3c3c4c(c5c6ccccc6n2c5c31)C(=O)NC4,CHEMBL337035,False,4.9,,1
ONSZEUCTVQJHOZ-UHFFFAOYSA-N,COc1cc2c(Oc3ccc(-c4cnc(Nc5ccc(F)cc5)n(C)c4=O)cc3F)ccnc2cc1OCCCN1CCOCC1,CHEMBL453737,False,5.77,,1
BWXISLRRARTIGU-UHFFFAOYSA-N,COc1cc2c(cc1OC)Nc1ncnc(Oc3ccc(NC(=O)C4(C(=O)Nc5ccc(F)cc5)CC4)cc3F)c1NC2,CHEMBL4210100,False,6.57,,1
HWZKUDPVOFVABK-UHFFFAOYSA-N,CCOC(C)Oc1cc2ncnc(Nc3ccc(C)c([N+](=O)[O-])c3)c2c2c1OCCO2,CHEMBL3805260,False,6.44,,1
TUOAPNJJVOHHOI-UHFFFAOYSA-N,CC(C)Oc1cc2ncnc(Nc3ccc(F)c(C#N)c3)c2c2c1OCCO2,CHEMBL3805949,False,6.5,,1
HWDZTPJUIVHFEY-UHFFFAOYSA-N,CC(=O)c1cccc(NC(=O)c2cc3ccccc3[nH]2)c1,CHEMBL3800262,False,4.24,,1
ZTMDQDIPQCDPLB-UHFFFAOYSA-N,CNc1cncc(-c2c[nH]c3nc(Nc4ccc(N5CCN(C(C)=O)CC5)cc4)nc(Oc4ccccc4)c23)n1,CHEMBL4465231,False,5.98,,1
KHYZKBJXOMWJCB-UHFFFAOYSA-N,COc1ccc(-c2c(C#N)c(N)n(N=C3C(=O)Nc4ccc(S(=O)(=O)N5CCOCC5)cc43)c(=O)c2C#N)cc1,CHEMBL4289083,False,5.71,,1
PDXFYKHCQHPMFZ-UHFFFAOYSA-N,CC(C)(O)CC(=O)NCCc1ccc2ncnc(Nc3ccc(Oc4cccc(C(F)(F)F)c4)c(Cl)c3)c2c1,CHEMBL4290869,False,8.01,0.0,2
WTDRDQBEARUVNC-UHFFFAOYSA-N,NC(Cc1ccc(O)c(O)c1)C(=O)O,CHEMBL1009,False,5.54,,1
NELOELKXGMSYHF-DHZHZOJOSA-N,COc1cc2ncnc(Nc3ccc(Oc4ccccc4)cc3)c2cc1NC(=O)/C=C/CN1CCCCC1,CHEMBL3958482,True,7.34,0.6505382386916236,2
KCHHPNMKOHRFDK-RMKNXTFCSA-N,O=C(/C=C/CN1CCCC1)Nc1cc2c(Nc3ccc(Oc4ccccc4)cc3)ncnc2cn1,CHEMBL3896779,True,7.425,0.9545941546018389,2
UHGKHVDHBHYHFY-NFAHFFEMSA-N,COC[C@H](C)Oc1cc2ncnc(Nc3ccc(F)c(Cl)c3)c2cc1NC(=O)/C=C/CN(C)C,CHEMBL4443188,True,8.56,0.0,2
FUAWEXVTNBAJGV-UHFFFAOYSA-N,CS(=O)(=O)CCNCCCCOc1ccc2ncnc(Nc3ccc(OCc4cccc(F)c4)c(Cl)c3)c2c1,CHEMBL514436,False,7.57,0.0,2
LZEVYDMMVXULHO-DEOSSOPVSA-N,CCC(=O)N1CC[C@H](N2C(=O)N(c3ccccc3Cl)Cc3cnc(Nc4ccc(N5CCN(C)CC5)c(C)c4)nc32)C1,CHEMBL4098507,False,7.8,,1
AOJIGFAFVGOLES-DEOSSOPVSA-N,CC(=O)N1CC[C@H](N2C(=O)N(c3ccccc3Cl)Cc3cnc(Nc4ccc(N5CCN(C)CC5)c(C)c4)nc32)C1,CHEMBL4074601,False,7.92,,1
FIVZUBNSIXULHJ-SANMLTNESA-N,Cc1cc(Nc2ncc3c(n2)N([C@H]2CCN(C(=O)CC(C)C)C2)C(=O)N(c2ccccc2Cl)C3)ccc1N1CCN(C)CC1,CHEMBL4087375,False,7.65,,1
VKIHZJQIFUFAEP-VWLOTQADSA-N,Cc1cc(Nc2ncc3c(n2)N([C@H]2CCN(C(=O)C(C)(C)C)C2)C(=O)N(c2ccccc2Cl)C3)ccc1N1CCN(C)CC1,CHEMBL4092632,False,7.53,,1
UYAQPKAVZLNZHI-VWLOTQADSA-N,Cc1cc(Nc2ncc3c(n2)N([C@H]2CCN(C(=O)CN(C)C)C2)C(=O)N(c2ccccc2Cl)C3)ccc1N1CCN(C)CC1,CHEMBL4083904,False,7.58,,1
NDJZXLAHGBUGMU-SANMLTNESA-N,CCC(=O)N1CC[C@H](N2C(=O)N(c3ccccc3C)Cc3cnc(Nc4ccc(N5CCN(C)CC5)c(C)c4)nc32)C1,CHEMBL4089951,False,8.12,,1
ZQJUNCGAKUAWPF-SANMLTNESA-N,CCC(=O)N1CC[C@H](N2C(=O)N(c3cccc(Cl)c3)Cc3cnc(Nc4ccc(N5CCN(C)CC5)c(C)c4)nc32)C1,CHEMBL4079649,False,6.84,,1
ANDZLYGRJHEVKY-SANMLTNESA-N,CCC(=O)N1CC[C@H](N2C(=O)N(c3ccc(Cl)cc3)Cc3cnc(Nc4ccc(N5CCN(C)CC5)c(C)c4)nc32)C1,CHEMBL4105392,False,6.42,,1
WIFRTVKXBSHILU-QHCPKHFHSA-N,CCC(=O)N1CC[C@H](N2C(=O)N(c3cc(OC)ccc3F)Cc3cnc(Nc4ccc(N5CCOCC5)c(C)c4)nc32)C1,CHEMBL4102288,False,6.2,,1
HCHMHAYLMSMRRJ-SANMLTNESA-N,CCC(=O)N1CC[C@H](N2C(=O)N(c3cc(OC)ccc3F)Cc3cnc(Nc4ccc(N5CCC(N(C)C)CC5)c(C)c4)nc32)C1,CHEMBL4076405,False,6.54,,1
ALJUOQUASATKRZ-SANMLTNESA-N,CCC(=O)N1CC[C@H](N2C(=O)N(c3cc(OC)ccc3F)Cc3cnc(Nc4ccc(N5CC6(CCN(C)CC6)C5)c(C)c4)nc32)C1,CHEMBL4078973,False,6.66,,1
LMDGFDDDFTWRAK-TUXUZCGSSA-N,CCC(=O)N1CC[C@H](N2C(=O)N(c3cc(OC)ccc3F)Cc3cnc(Nc4ccc(N5CCN(C)C(C)C5)c(C)c4)nc32)C1,CHEMBL4093535,False,6.15,,1
IYVUNPAVFASLSV-UHFFFAOYSA-N,Cc1nn(-c2ccccc2)nc1Cn1nc(-c2ccc(F)c(O)c2)c2c(N)ncnc21,CHEMBL1242845,False,4.0,,1
QODZCSPDZVDCSD-UHFFFAOYSA-N,COc1cc2c(Oc3ccc(NC(=O)c4nc5ccccc5n(-c5ccc(F)cc5)c4=O)cc3F)ccnc2cc1OCCCN1CCN(C)CC1,CHEMBL4082724,False,6.01,,1
OGWFAERQSXEIRH-UHFFFAOYSA-N,C#Cc1cccc(Nc2ncnc3cc(OC4CCOCC4)c4c(c23)OCCO4)c1,CHEMBL3806145,False,7.24,,1
APCFVCIEZAMJBU-FQEVSTJZSA-N,Fc1cccc(Cn2ncc3cc(Nc4ncnn5ccc(COC[C@H]6CCCNC6)c45)ccc32)c1,CHEMBL246073,False,6.72,,1
IGODIYJKZLOCRX-UHFFFAOYSA-N,NCCCOCc1ccn2ncnc(Nc3ccc4c(cnn4Cc4cccc(F)c4)c3)c12,CHEMBL245667,False,7.19,,1
QKLWVDQKXUTTEU-UHFFFAOYSA-N,O=C(O)COCc1ccn2ncnc(Nc3ccc4c(cnn4Cc4cccc(F)c4)c3)c12,CHEMBL394057,False,7.52,,1
AFYKJRQINKZASH-UHFFFAOYSA-N,Fc1ccc(Nc2ncnc3ccc(C#Cc4ccccc4)cc23)cc1Cl,CHEMBL249511,False,6.48,,1
RNDLPHMGJNBQHR-UHFFFAOYSA-N,Cc1ccc(-n2cc(NC(=O)c3cccc(NS(=O)(=O)c4ccc(Cl)cc4)c3)cn2)cc1,CHEMBL4460897,False,5.06,,1
SHKUAPXRIWEEIV-UHFFFAOYSA-N,Cn1cc(NC(=O)c2cccc(NS(=O)(=O)c3ccc(Cl)cc3)c2)cn1,CHEMBL4455321,False,4.52,,1
XFAPFAAZEZMALN-UHFFFAOYSA-N,C=CC(=O)Nc1cc(Nc2ncc(C(=O)OC)c(-c3cn4c5c(cccc35)CCC4)n2)c(OC)cc1N(C)CCN(C)C,CHEMBL5286091,True,7.4,,1
PBOYHYLBDARXMU-UHFFFAOYSA-N,COc1cc2c(Nc3ccc(Br)cc3F)ncnc2cc1OCCOCCOCCNC(=O)Cn1cnc([N+](=O)[O-])n1,CHEMBL4435233,False,8.3,,1
ZTFLPLUQKZDWQE-UHFFFAOYSA-N,C#Cc1cccc(Nc2ncnc3cc(OC4CCOC4)c4c(c23)OCCO4)c1,CHEMBL3806170,False,7.78,,1
ZWNCQIXWOVNQET-UHFFFAOYSA-N,Cc1ccc(Nc2ncnc3cc(OC(C)C)c4c(c23)OCCO4)cc1C#N,CHEMBL3806321,False,6.38,,1
MBMAILZVMBYPRI-UHFFFAOYSA-N,CC(C)Oc1cc2ncnc(Nc3ccc(Cl)c([N+](=O)[O-])c3)c2c2c1OCCO2,CHEMBL3805177,False,6.99,,1
KCRPGGNYGKRTRF-UHFFFAOYSA-N,C#Cc1cccc(Nc2ncnc3cc(OCC4CCCO4)c4c(c23)OCCO4)c1,CHEMBL3805325,False,7.56,,1
HYAOSZCIKQDSNH-UHFFFAOYSA-N,C#Cc1cccc(Nc2ncnc3cc(OC)c4c(c23)OCCO4)c1,CHEMBL3805236,False,7.96,,1
RCXVRYYLBZGIFP-UHFFFAOYSA-N,COc1ccc(C#CC(C)(C)N)cc1C(=O)c1ccc(Nc2ccc(F)cc2F)cc1,CHEMBL419409,False,5.21,0.21213203435596475,2
QIHUWGQYPLGFPI-RUDMXATFSA-N,CC/C=C/C(=O)Nc1cc2c(N3CCc4ccccc43)ncnc2cc1OC,CHEMBL4162882,True,7.77,,1
QJHMREZWKKASBI-JXMROGBWSA-N,COc1cc2ncnc(N3CCc4ccccc43)c2cc1NC(=O)/C=C/CN1CCCCC1,CHEMBL4161396,True,7.34,,1
QVKVCKWOXKTLCP-UHFFFAOYSA-N,Cc1ncnc(Nc2ccc(OCc3cccc(F)c3)c(Cl)c2)c1C#CCCCN1CCOCC1,CHEMBL1683961,False,7.47,,1
QXIYODYFHMPKBX-CUPSYUBQSA-N,O=C1CCc2c(Oc3ccc4c(c3)[C@H]3[C@H](NC(=O)c5ccc(CN6CCC[C@@H](O)C6)c(C(F)(F)F)c5)[C@H]3O4)ccnc2N1,CHEMBL6026192,False,8.24,0.4614469994845929,3
YDBGJXSBVYKNNA-KCHLEUMXSA-N,CN1CCN(Cc2ccc(C(=O)N[C@@H]3[C@H]4Oc5ccc(Oc6ccnc7c6CCC(=O)N7)cc5[C@@H]34)cc2F)CC1,CHEMBL6033024,False,8.89,0.5217598425840514,3
SGGCXJXLKGOOEM-KCHLEUMXSA-N,CN1CCN(Cc2ccc(C(=O)N[C@@H]3[C@H]4Oc5ccc(Oc6ccnc7c6CCC(=O)N7)cc5[C@@H]34)cc2Cl)CC1,CHEMBL5746876,False,9.33,0.27098585448936885,3
NQSNNAVTPSOCHY-FKBYEOEOSA-N,O=C1CCc2c(Oc3ccc4c(c3)[C@H]3[C@H](NC(=O)c5cccc(C(F)(F)F)c5)[C@H]3O4)ccnc2N1,CHEMBL6039541,False,7.75,0.3431229128655403,3
PUGPTATVELXSCS-UHFFFAOYSA-N,CN(C)CCn1ccc2cc3c(Nc4cccc(Br)c4)ncnc3cc21,CHEMBL37373,False,6.84,,1
HLBGGOYPNRIHFH-UHFFFAOYSA-N,COc1cc2ncc(C#N)c(Nc3cccc(Cl)c3)c2cc1OC,CHEMBL109428,False,6.74,,1
AZGVCABJHURYHG-UHFFFAOYSA-N,COc1cc2ncc(C#N)c(Nc3ccc(Cl)cc3F)c2cc1OC,CHEMBL111664,False,4.86,,1
DUDXBCAIXIMAKI-UHFFFAOYSA-N,COc1cc2ncc(C#N)c(Nc3ccc(O)c(Cl)c3)c2cc1OC,CHEMBL110945,False,5.04,,1
GRSMJKZUNQCQJN-UHFFFAOYSA-N,COc1cc2ncc(C#N)c(Nc3ccc(C(C)C)cc3)c2cc1OC,CHEMBL323424,False,6.64,,1
BYEZGHDYNSABOZ-VOTSOKGWSA-N,CCN(CC)C/C=C/C(=O)Nc1cc2c(Nc3ccc(F)c(Cl)c3)c(C#N)cnc2cc1OC,CHEMBL424252,True,5.72,0.0,2
VDAKPUKXYCLOOX-UHFFFAOYSA-N,COc1cc2ncnc(Nc3cc(Cl)ccc3F)c2cc1OC1CCN(C)CC1,CHEMBL214631,False,6.97,,1
ZLQLCQDRTGSFPU-UHFFFAOYSA-N,COc1cc2ncnc(Nc3ccc(F)c(Cl)c3)c2cc1OCC1CCN(C)CC1,CHEMBL215786,False,8.52,,1
KAOLDBWIRKVRIC-UHFFFAOYSA-N,COc1cc2c(Oc3ccc(C4SCC(=O)N4NC(=O)Nc4ccc(F)cc4F)cc3)ccnc2cc1OCCCN1CCOCC1,CHEMBL4160329,False,5.47,,1
JIKYFUDCMJVAKP-VMPITWQZSA-N,C#Cc1cccc(Nc2ncnc3cc(OC)c(NC(=O)/C=C/CNC4CC4)cc23)c1,CHEMBL3622677,True,8.1,,1
IGJWJUSLCTWOTR-UHFFFAOYSA-N,CC(=O)N1N=C(c2ccc(C(F)(F)F)cc2)CC1c1ccc(C(=O)OCCn2c([N+](=O)[O-])cnc2C)cc1,CHEMBL3746557,False,6.55,0.0424264068711932,2
UWERUQQBFCQSFI-UHFFFAOYSA-N,CC(=O)N1N=C(c2ccc(C(F)(F)F)cc2)CC1c1ccc(C(=O)OC(C)Cn2c([N+](=O)[O-])cnc2C)cc1,CHEMBL3746421,False,5.175,0.007071067811865324,2
AMGFBSMVLAHKRN-UHFFFAOYSA-N,CC(=O)N1N=C(c2ccc(F)cc2)CC1c1ccc(C(=O)OC(C)Cn2c([N+](=O)[O-])cnc2C)cc1,CHEMBL3747152,False,5.18,0.0,2
HOXUUWIOGRJBDT-NTEUORMPSA-N,O=C(/C=C/c1ccc(F)cc1)Nc1cccc(Oc2cc(Nc3ccc(OCc4cccc(F)c4)c(Cl)c3)ncn2)c1,CHEMBL1928957,True,6.09,,1
XSVCKBHBQOJBFL-VAWYXSNFSA-N,CCOC(=O)/C=C/C(=O)Nc1cccc(Oc2cc(Nc3ccc(OCc4cccc(F)c4)c(Cl)c3)ncn2)c1,CHEMBL1928948,True,6.89,,1
QWIUMUFIKLQVQM-UHFFFAOYSA-N,C=CC(=O)Nc1cc2c(Nc3ccc(Br)cc3F)ncnc2cc1OCCNC(=O)CN1CC=CC1,CHEMBL3671577,True,7.5,0.0,2
GFMMDHSSOIPFTF-SNAWJCMRSA-N,O=C(/C=C/CN1CCCCC1)Nc1cc2c(Nc3ccc(F)c(Cl)c3)ncnc2cc1OCCF,CHEMBL3680373,True,8.19,0.0,2
YEDYIUXXVIDJPB-UHFFFAOYSA-N,C=CC(=O)Nc1cc2c(Nc3ccc(Br)cc3F)ncnc2cc1OCCCNCCC=O,CHEMBL3671557,True,7.4,0.0,2
BTPLSIKGAWEYCG-VMPITWQZSA-O,Cn1cc([N+](=O)[O-])nc1C[N+](C)(C)C/C=C/C(=O)Nc1ccc2ncnc(Nc3cccc(Br)c3)c2c1,CHEMBL4473277,True,9.66,,1
WLEZAWMTXUDFLE-UHFFFAOYSA-N,CN1CCN(c2ccc(Nc3ncc(Cl)c(Nc4ccc5[nH]ccc5c4)n3)cc2)CC1,CHEMBL5284972,False,6.25,,1
AHSHLCHRUOLDSB-VQHVLOKHSA-N,CCOc1cc2ncc(C#N)c(Nc3ccc(OCc4ccccn4)c(F)c3)c2cc1NC(=O)/C=C/CN(C)C,CHEMBL4578466,True,7.04,,1
WPKVIBFJECQBCV-RMKNXTFCSA-N,CCOc1cc2ncnc(Nc3ccc4c(cnn4Cc4ccccc4)c3)c2cc1NC(=O)/C=C/CN1CCOCC1,CHEMBL3907533,True,7.99,0.5798275605729691,2
OMVRJIWYIOEXTO-JXMROGBWSA-N,COCCOc1cc2ncnc(Nc3ccc4c(cnn4Cc4ccccc4)c3)c2cc1NC(=O)/C=C/CN1CCCC1,CHEMBL3890186,True,8.05,0.07071067811865513,2
LZOXKAMRMJSFJT-VMPITWQZSA-N,CCOc1cc2ncnc(Nc3ccc(OCc4cccc(F)c4)c(Cl)c3)c2cc1NC(=O)/C=C/CN1CCN(C)CC1,CHEMBL3939985,True,7.82,0.25455844122715765,2
WXPVUXPDOICCSW-HXUWFJFHSA-N,C[C@@H](Nc1ncnc2oc(-c3ccc(NCCN4CCCCC4)cc3)cc12)c1ccccc1,CHEMBL3891846,False,9.22,,1
QJXSNAGEGZAXGL-QGZVFWFLSA-N,C[C@@H](Nc1ncnc2oc(-c3ccc(NCCN(C)C)cc3)cc12)c1ccccc1,CHEMBL3901622,False,9.4,,1
BUUHXXGQXFYORG-OAHLLOKOSA-N,C=Cc1ccc(-c2cc3c(N[C@H](C)c4ccccc4)ncnc3o2)cc1,CHEMBL3929584,False,7.54,,1
MJDGWMQMQUKVMK-UHFFFAOYSA-N,COc1ccc(NC(=S)NNc2nncc3ccccc23)cc1,CHEMBL3927914,False,7.28,,1
DSXFIYYALIAZRY-RELWKKBWSA-N,COc1ccc(-n2c(O)cs/c2=N/Nc2nncc3ccccc23)cc1,CHEMBL3974626,False,7.44,,1
IUZQUGLOCXBWCX-UHFFFAOYSA-N,C(=Cc1ccccc1)C(=NNc1nncc2ccccc12)c1ccccc1,CHEMBL3903713,False,8.25,,1
CXKCTOXFNFRIPX-QJOMJCCJSA-N,Cc1ncc([N+](=O)[O-])n1C/C(=N/NC(=O)c1ccc(Cl)cc1)c1ccc(Br)cc1,CHEMBL3088223,False,4.91,,1
ALDCNHLMTCRENB-UHFFFAOYSA-N,COc1cc(C=C(C#N)C(N)=O)cc(CSc2ccccn2)c1O,CHEMBL119156,True,5.47,0.5022947341949745,3
HNVQCOJZTIBBPB-VOTSOKGWSA-N,COc1cc2ncnc(Nc3ccc(F)c(Cl)c3)c2cc1NC(=O)/C=C/CN1CCCCCC1,CHEMBL3680378,True,7.92,0.0,2
ATULKYAWEUGYSF-UHFFFAOYSA-N,CCC(=O)Nc1cc2c(Nc3ccc4c(cnn4Cc4ccccc4)c3)ncnc2cc1OC,CHEMBL3948084,False,7.77,,1
OSZVTHKMNPNPPE-UHFFFAOYSA-N,CCC(=O)Nc1cc2c(Nc3ccc4[nH]ncc4c3)ncnc2cc1OC,CHEMBL3921347,False,7.1,,1
UVEBHXRRTIKHPI-UHFFFAOYSA-N,CCC(=O)Nc1cc2c(Nc3ccc4[nH]ccc4c3)ncnc2cc1OC,CHEMBL3963723,False,8.22,,1
RSJGJVCLGCMCLO-UHFFFAOYSA-N,CCC(=O)Nc1cc2c(Nc3ccc4c(c3)CCN4Cc3ccccn3)ncnc2cc1OC,CHEMBL3960911,False,6.29,,1
QZDUIPPQFKHLHS-UHFFFAOYSA-N,CCC(=O)Nc1cc2c(Nc3ccc4c(ccn4CC(C)C)c3)ncnc2cc1OC,CHEMBL3962032,False,6.38,,1
QYBXJSPKRPAHQB-UHFFFAOYSA-N,CCC(=O)Nc1cc2c(Nc3ccc(Oc4ccccc4)cc3)ncnc2cc1OC,CHEMBL3943512,False,7.19,,1
QSGIGRAFESHIBA-NSCUHMNNSA-N,CN1CCN(C/C=C/C(=O)Nc2cc3c(Nc4ccc(F)c(Cl)c4)ncnc3cn2)CC1,CHEMBL3921555,True,7.885,0.2333452377915617,2
AUMBQDJVOLYTCC-QPJJXVBHSA-N,CN(C)C/C=C/C(=O)Nc1cc2c(Nc3ccc(OCc4cccc(F)c4)c(Cl)c3)ncnc2cn1,CHEMBL3981551,True,7.779999999999999,0.25455844122715765,2
YGLZMKQGBSVVAE-AATRIKPKSA-N,COc1cc2ncnc(Nc3ccc(F)c(Cl)c3)c2cc1OC(=O)/C=C/CN1CCCCC1,CHEMBL5440872,False,5.3,0.0,2
IOZJLZBMTWUYKE-UHFFFAOYSA-N,COc1cc(Nc2ncnc3cc(OC)c(OC)cc23)cc(OC)c1,CHEMBL543661,False,5.52,,1
DJAMFWBXWBHEQD-LSHDLFTRSA-N,CCOc1cc2ncnc(Nc3ccc(Oc4ccc(C)nc4)c(Cl)c3)c2cc1NC(=O)/C(F)=C\CN(C)C,CHEMBL3357651,True,8.02,,1
RAYBDIRNWWZVBG-UHFFFAOYSA-N,CC(=O)c1ccc(NC(=O)c2cc3ccccc3[nH]2)cc1,CHEMBL3797839,False,4.3,,1
MFRSLBCAYUHKEI-UHFFFAOYSA-N,N#Cc1ccc(-c2csc(N3N=C(c4ccc(N5CCOCC5)cc4)CC3c3ccc(Cl)cc3)n2)cc1,CHEMBL4516736,False,5.36,,1
DMDUKQXJILCWQN-UHFFFAOYSA-N,C=c1c(C(=O)NCCN(CC)CC)c(C)[nH]c1=Cc1c(O)[nH]c2ncnc(Nc3ccc(F)c(Cl)c3)c12,CHEMBL432903,True,6.7,,1
QAGYKUNXZHXKMR-RHMILFQJSA-N,Cc1c(O)cccc1C(=O)N[C@@H](CSc1ccccc1)[C@H](O)CN1C[C@H]2CCCC[C@H]2CC1C(=O)NC(C)(C)C,CHEMBL584,False,4.25,,1
ZUXFIRWLAQBCCS-UHFFFAOYSA-N,COc1cc2c(Nc3ccc(-c4nc5ccccc5s4)c(F)c3)ncnc2cc1OCCCN1CCN(C)CC1,CHEMBL593987,False,6.37,,1
GJZHHQPHMYGRDQ-RMKNXTFCSA-N,COc1cc2ncnc(N3CCc4ccccc43)c2cc1NC(=O)/C=C/CN1CCCC1,CHEMBL4165894,True,8.52,,1
PAMONGFFBXYNAH-UHFFFAOYSA-N,COc1cccc(-n2cc(NC(=O)c3cccc(NS(=O)(=O)c4ccc(Cl)cc4)c3)cn2)c1,CHEMBL4554486,False,4.81,,1
ODUHDKRYKFSJAH-UHFFFAOYSA-N,Fc1ccc(Nc2ncnc3ccccc23)cc1Cl,CHEMBL1688539,False,7.52,,1
MGXQRBDSSCCBIV-UHFFFAOYSA-N,O=C(CCc1c(SSc2[nH]c3ccccc3c2CCC(=O)Nc2ccccc2)[nH]c2ccccc12)Nc1ccccc1,CHEMBL156797,False,5.335,1.0394469683442253,2
GWENPWVERROOLI-UHFFFAOYSA-N,COc1cc2ncnc(Nc3ccc(F)c(Cl)c3)c2cc1OCCCN1CCNCCNCCNCC1,CHEMBL4534611,False,8.18,,1
ACALVKSHYQWUFA-UHFFFAOYSA-N,C=CC(=O)N(c1ccc(F)c(Cl)c1)c1ncnc2cc(OC)c(OCCCN3CCOCC3)cc12,CHEMBL4453748,True,7.19,,1
XQAGTHUVMXMRDQ-UHFFFAOYSA-N,N#Cc1cnc(Nc2cccc(Br)c2)c2cc(NC(=O)CCc3cc4ccccc4[nH]3)ccc12,CHEMBL1641998,False,4.55,,1
DWLVUAOJOFAURW-UHFFFAOYSA-N,Nc1ccccc1NC(=O)c1ccc(-c2ccc3ncnc(Nc4ccc(OCc5cccc(F)c5)c(Cl)c4)c3c2)o1,CHEMBL1630111,False,8.54,,1
GGVWIGDCUUVFSZ-UHFFFAOYSA-N,COc1cc2c(Oc3ccc(NS(=O)(=O)c4ccccc4C(F)(F)F)cc3F)ccnc2cc1OCCCN1CCN(C)CC1,CHEMBL4587811,False,6.55,,1
HXSDKMUJXCRATG-HLENTGRASA-N,[2H]C([2H])([2H])Oc1ccccc1-c1cc2c(N[C@H](CO)c3ccccc3)ncnc2[nH]1,CHEMBL4793053,False,9.4,,1
AHZHKZBDSLBFFP-UHFFFAOYSA-N,COc1ccc(Nc2ncnc3cc(OC)c(OC)cc23)cc1,CHEMBL542733,False,6.6,,1
KKIBGZAKMLYCDQ-UHFFFAOYSA-N,Nc1nc(Nc2cccc(Br)c2)c2cc(Cc3ccc(Cl)cc3Cl)[nH]c2n1,CHEMBL1095761,False,6.64,,1
NBYJQDZZRITHTA-UHFFFAOYSA-N,Cc1cc2cc(Nc3ccnc4cc(-c5ccc(CNCCO)cc5)sc34)ccc2[nH]1,CHEMBL80164,False,6.0,,1
KIUAMDPDOOLKMH-UHFFFAOYSA-N,C#Cc1cncnc1Nc1ccc(OCc2cccc(F)c2)c(Cl)c1,CHEMBL205870,False,7.07,,1
FFMVKPOWYKTXJH-UHFFFAOYSA-N,C=CC(=O)Nc1cc2c(Nc3ccc(Br)cc3F)ncnc2cc1OCCNC(=O)NCC,CHEMBL3671496,True,8.7,0.0,2
RZLHXVSQWOPUOD-UHFFFAOYSA-N,C=CC(=O)Nc1cc2c(Nc3ccc(Br)cc3F)ncnc2cc1OCCN,CHEMBL3671502,True,8.4,0.0,2
RHPPSEKINPIOTC-UHFFFAOYSA-N,C=CC(=O)Nc1cc2c(Nc3ccc(Br)cc3F)ncnc2cc1OCCNS(C)(=O)=O,CHEMBL3671506,True,7.6,0.0,2
VXXSTZLCZOCSDY-UHFFFAOYSA-N,C=CC(=O)Nc1cc2c(Nc3ccc(Br)c(Cl)c3F)ncnc2cc1OCCNC(=O)CCO,CHEMBL3676365,True,7.39,0.0,2
BNKGZNXIORHJHK-UHFFFAOYSA-N,C=CC(=O)Nc1cc2c(Nc3ccc(Br)cc3F)ncnc2cc1OCCNC(=S)NCC,CHEMBL3671509,True,7.04,0.0,2
HFPYKICVHQECPZ-UHFFFAOYSA-N,C=CC(=O)Nc1cc2c(Nc3ccc(Br)cc3F)ncnc2cc1OCCN(C)C(C)=O,CHEMBL3671515,True,7.23,0.0,2
RFLCMWQKNNQDPU-UHFFFAOYSA-N,C=CC(=O)Nc1cc2c(Nc3ccc(Br)cc3F)ncnc2cc1OCCNC(=O)CSC,CHEMBL3671519,True,7.41,0.0,2
WKGRZWRDIRBFPN-UHFFFAOYSA-N,C=CC(=O)Nc1cc2c(Nc3ccc(Br)cc3F)ncnc2cc1OCC(C)NC(=O)NCCC,CHEMBL3671555,True,7.54,0.0,2
MPRJXIBHCLPEPI-UHFFFAOYSA-N,COC(=O)c1c(OCCN2CCCC2)c2ccccc2c2oc3c(c12)C(=O)c1ccccc1C3=O,CHEMBL202244,False,5.05,,1
WCOVFXVCWRMHFE-UHFFFAOYSA-N,O=C(Nc1ccc2ncnc(Nc3cccc(Br)c3)c2c1)c1ccc(C(F)(F)F)cc1O,CHEMBL4286374,False,6.92,0.0,3
SUTRLYZWRGPLSJ-UHFFFAOYSA-N,Brc1cccc(Nc2ncnc3ccccc23)c1,CHEMBL290096,False,7.56,,1
MFRZHGSWQHNIEA-LCYFTJDESA-N,CCc1ccc(/C=C2\C(=O)Nc3ccccc32)s1,CHEMBL314146,True,4.36,,1
YAPKZXYUODCTSV-UHFFFAOYSA-N,COc1cc2ncnc(Nc3ccc(F)c(Cl)c3)c2cc1OCCCCCCn1ccnc1[N+](=O)[O-],CHEMBL3355877,False,9.49,,1
NAVSDCAWPLOBEL-UHFFFAOYSA-N,C#Cc1cccc(Nc2ncnc3cc(OC)c(OCCCn4ccnc4[N+](=O)[O-])cc23)c1,CHEMBL3355879,False,8.97,,1
OORLRVZGPYWNNO-UHFFFAOYSA-N,COc1cc2ncnc(Nc3ccc(OCc4cccc(F)c4)c(Cl)c3)c2cc1OCCCn1ccnc1[N+](=O)[O-],CHEMBL3355883,False,7.42,,1
VLAQSKWPNCIIML-UHFFFAOYSA-N,COc1cc2ncnc(Nc3ccc(OCc4cccc(F)c4)c(Cl)c3)c2cc1OCCCCCCn1ccnc1[N+](=O)[O-],CHEMBL3355886,False,7.82,,1
DCVITXJMCYHCFL-UHFFFAOYSA-N,C=CC(=O)Nc1cc(Nc2ncc(Cl)c(-c3cn(C)c4ccccc34)n2)c(OC)cc1N(C)CCN(C)C,CHEMBL3353407,True,4.24,,1
XPTBKXUITCLALC-QKDODKLFSA-N,CNC(=O)c1cc(Oc2ccc3c(c2)[C@H]2[C@H](NC(=O)c4ccc(CN5CCN(C)CC5)c(C(F)(F)F)c4)[C@H]2O3)ccn1,CHEMBL5808072,False,8.17,0.1365039681962887,3
IQAJTNLGBRIUOZ-UHFFFAOYSA-N,O=c1sc(O)cn1-c1nc(Nc2ccccc2[N+](=O)[O-])nc(Nc2ccccc2[N+](=O)[O-])n1,CHEMBL5612046,False,5.07,,1
QASOHECZVDQOIK-UHFFFAOYSA-N,C=CC(=O)Nc1cc2c(Nc3ccc(Br)c(Cl)c3F)ncnc2cc1OCCNC(=O)CCN(CC)CC,CHEMBL3676364,True,8.15,0.0,2
GRBIBILPWGFKCS-ZDUSSCGKSA-N,C=CC(=O)Nc1cc2c(Nc3ccc(Br)c(Cl)c3F)ncnc2cc1OC[C@H](C)NC(=O)CN(C)C,CHEMBL3676376,True,7.779999999999999,0.16165807537309554,4
XAISGNDPHUTFTD-UHFFFAOYSA-N,C=CC(=O)Nc1cc2c(Nc3ccc(Br)cc3F)ncnc2cc1OCCNC(=O)C(=C)C,CHEMBL3671522,True,7.16,0.0,2
HEYAJCDUBCQMPG-UHFFFAOYSA-N,C=CC(=O)Nc1cc2c(Nc3ccc(Br)cc3F)ncnc2cc1OCCNC(=O)C(C)CN(C)C,CHEMBL3671544,True,6.6,0.0,2
ZEPDLDKXAUOXBS-UHFFFAOYSA-N,C=CC(=O)Nc1ccc2ncnc(Nc3ccc4[nH]ccc4c3)c2c1,CHEMBL5169547,True,7.86,,1
WTWFBKFNVCFROY-UHFFFAOYSA-N,O=C(CCCl)Nc1ccc2ncnc(Nc3ccc4[nH]cc(Br)c4c3)c2c1,CHEMBL5208454,False,9.14,0.0,2
REJGYEAFJGXQCJ-UHFFFAOYSA-N,COc1cc(N2CCN(C)CC2)ccc1Nc1ncc(Cl)c(Oc2cccc(NC(=O)CCO)c2)n1,CHEMBL4215164,False,4.74,,1
ZQAIYVKPDMZOOX-UHFFFAOYSA-N,C=CC(=O)Nc1cc2c(Nc3cccc(C)c3)ncnc2cn1,CHEMBL54088,True,9.32,,1
RMPVKBBFQRDYJT-UHFFFAOYSA-N,CS(=O)(=O)CCOCc1ccc(-c2ccc3ncnc(Nc4ccc(OCc5cccc(F)c5)c(Cl)c4)c3c2)o1,CHEMBL215171,False,7.58,,1
RRURVOSFXQLYQR-UHFFFAOYSA-N,CS(=O)(=O)CCNCc1ccc(-c2ccc3ncnc(Nc4ccc(OCc5ccccc5)c(Br)c4)c3c2)o1,CHEMBL214689,False,7.6,,1
VBSAUYYXDSRILF-UHFFFAOYSA-N,COc1cc2c(Nc3ccc(F)cc3Cl)ncnc2cc1OCCOCCOCCNC(=O)Cn1cnc([N+](=O)[O-])n1,CHEMBL4531912,False,7.89,,1
SSXUHQYVBBBZEF-MMQQXXMXSA-N,CC(C)=CC[C@@H](OC(=O)/C=C\C(=O)c1ccc(Br)cc1)C1=CC(=O)c2c(O)ccc(O)c2C1=O,CHEMBL4519860,False,6.92,,1
VWHZWDRIMLETBG-JAVUZYRSSA-N,CO[C@H]1[C@@H](N(C)C(=O)C(F)(F)F)C[C@@H]2O[C@@]1(C)n1c3ccccc3c3c4c(c5c6ccccc6n2c5c31)C(=O)NC4,CHEMBL335932,False,5.19,,1
TVIALAOHRQNPOI-FYTQPZCRSA-N,COC(=O)c1ccc(C(=O)N(C)[C@H]2C[C@@H]3O[C@](C)([C@H]2OC)n2c4ccccc4c4c5c(c6c7ccccc7n3c6c42)C(=O)NC5)cc1,CHEMBL336192,False,5.13,,1
QQQXEUOUDIWAIJ-UHFFFAOYSA-N,Oc1cc2cc(-c3cccnc3)cnc2cc1O,CHEMBL63356,False,6.3,,1
VQLJIZZYDFSRTB-UHFFFAOYSA-N,COc1cc(Nc2ncnc3ccc(-c4cn(CCCCCC(O)=NO)nn4)cc23)ccc1Oc1ccccc1,CHEMBL3921816,False,8.24,,1
OQSTWXKHTZWKLD-SSRZRBEUSA-N,COC(=O)N(C)[C@H]1C[C@@H]2O[C@](C)([C@H]1OC)n1c3ccccc3c3c4c(c5c6ccccc6n2c5c31)C(=O)NC4,CHEMBL130049,False,5.62,,1
MXFUQFIEHKHLRL-UHFFFAOYSA-N,O=C(C#CCN1CCSCC1)Nc1ccc2ncnc(Nc3cccc(Br)c3)c2c1,CHEMBL328977,False,7.02,,1
ANGBZYNNANAOBU-UHFFFAOYSA-N,CN1CCN(Cc2ccc(Nc3nc4ncnc(Nc5ccc(OCc6cccc(F)c6)c(Cl)c5)c4s3)cc2)CC1,CHEMBL503418,False,8.05,,1
BZHGWJFQGLQTNX-UHFFFAOYSA-N,Clc1cccc(Nc2ncnc3nc(Nc4ccccc4)sc23)c1,CHEMBL470003,False,7.57,,1
IYINYGZMZPUBOK-CTNGQTDRSA-N,CCNC(=O)O[C@@H]1CN[C@H](C#Cc2cc3ncnc(Nc4ccc(OCc5cccc(F)c5)c(Cl)c4)c3s2)C1,CHEMBL466614,False,6.9,,1
CLXOEYRLLVMPJB-UHFFFAOYSA-N,C=CC(=O)Nc1cc(Nc2nccc(-c3cn4c5c(cccc35)CCC4)n2)c(OC)cc1N(C)CCN(C)C,CHEMBL4104658,True,6.39,,1
GYFHWHMKICJOJM-UHFFFAOYSA-N,CCC(=O)Nc1cccc(-c2c(-c3ccc(N4CCN(C)CC4)cc3)[nH]c3ncnc(OCC(C)C)c23)c1,CHEMBL5220529,False,9.55,0.21213203435596414,2
MPISIZFSGAZROV-UHFFFAOYSA-N,COc1cc(N2CCC(N3CCN(C)CC3)CC2)ccc1Nc1ncc(Cl)c(Nc2ccccc2NS(C)(=O)=O)n1,CHEMBL5172794,False,6.74,1.4565582393992709,7
HVDALGYOLPTPBQ-UHFFFAOYSA-N,Cc1[nH]c2ncnc(Oc3cccc(Cl)c3)c2c1C,CHEMBL76116,False,5.6,,1
AHLNGYPZYMUEFB-UHFFFAOYSA-N,Cc1cccc(Nc2ncnc3[nH]c(C)c(C)c23)c1,CHEMBL307026,False,6.24,,1
GGHJFMZZBAABTI-UHFFFAOYSA-N,COc1cc(N(C)CCN(C)C)c(NC(=O)c2ccncn2)cc1Nc1nccc(-c2cn(CCCO)c3ccccc23)n1,CHEMBL5206298,False,6.23,0.0,2
JXZIZOIXGMUPSK-HIFRSBDPSA-N,CCn1cnc2c(Nc3cccc(Cl)c3)nc(N[C@H]3CCC[C@@H](N)C3)nc21,CHEMBL368278,False,5.28,,1
CGDCJUNSPFHRTH-UHFFFAOYSA-N,COc1ccc2[nH]c3ncnc(Nc4cccc(Br)c4)c3c2c1,CHEMBL153206,False,8.92,,1
MHRKNNUUCCNFPI-UHFFFAOYSA-N,Brc1cccc(Nc2ncnc3[nH]c4ccccc4c23)c1,CHEMBL423224,False,7.51,,1
SNPLCMYCBIYMEV-GOSISDBHSA-N,OC[C@@H](Nc1ncnc2oc(-c3ccccc3)c(-c3ccco3)c12)c1ccccc1,CHEMBL2347970,False,6.36,,1
GEYLKEHPEKRUTC-UHFFFAOYSA-N,CNC(=O)c1nc(-c2ccc(Cl)c(S(=O)(=O)Nc3cccc(F)c3F)c2)cnc1N,CHEMBL2152252,False,6.13,,1
MQEVIMGKHUODPP-UHFFFAOYSA-N,Fc1ccc(Nc2ncnc3c2NCc2ccccc2O3)cc1Cl,CHEMBL425402,False,5.765000000000001,0.275771644662753,2
QBXBZNIQLIPRLA-UHFFFAOYSA-N,COc1cc2c(cc1OC)Oc1ncnc(Nc3cccc(Br)c3)c1NC2,CHEMBL380972,False,6.4,0.09899494936611673,2
SKHNDANTAUGBJJ-UHFFFAOYSA-N,C=C(CN(C)C)C(=O)Nc1cc2c(Nc3ccc(F)c(Cl)c3)c(C#N)cnc2cc1OCC,CHEMBL117326,True,6.25,0.0,2
GLDIGKHKFSWTRF-UHFFFAOYSA-N,COc1cc2ncnc(Nc3ccc(C(=O)NC45CC6CC(CC(C6)C4)C5)c(Cl)c3)c2cc1OCCCN1CCOCC1,CHEMBL3763405,False,8.19,,1
CBBJKEWGUCYSAO-UHFFFAOYSA-N,O=C(CCl)OCCn1c(=O)oc2cc3ncnc(Nc4ccc(F)c(F)c4)c3cc21,CHEMBL3902295,False,5.33,,1
GHDLYUNTQJYIGQ-UHFFFAOYSA-N,COCCOc1cc2ncnc(Nc3ccc(F)cc3)c2c2c1OCCO2,CHEMBL3806005,False,6.7,,1
XYGJPSHVCKGCKO-UHFFFAOYSA-N,CCOc1cc2ncnc(Nc3ccc(C)c(Cl)c3)c2c2c1OCCO2,CHEMBL3804868,False,8.17,,1
KTTDTUIJRYQELA-UHFFFAOYSA-N,Fc1cccc(Nc2ncnc3cc(OCCCN4CCOCC4)c4c(c23)OCCO4)c1,CHEMBL3804886,False,7.08,,1
WDGCQQKABPWBPZ-UHFFFAOYSA-N,O=C(Nc1cccc(Oc2ccc(Nc3ncnc4ccn(CCOCCO)c34)cc2Cl)c1)NC1CCCCC1,CHEMBL2322330,False,8.16,,1
YGIZUQMAEGKTKP-UHFFFAOYSA-N,O=C1COc2cc3ncnc(Nc4ccc(F)cc4)c3cc2N1CCCN1CCOCC1,CHEMBL3774471,False,6.36,,1
JTFRWVFFXGWODA-UHFFFAOYSA-N,CC(=O)N1N=C(c2ccc(Cl)c(Cl)c2)CC1c1ccc(Br)cc1,CHEMBL1173816,False,4.73,,1
BROYMMFRLLTITA-UHFFFAOYSA-N,COC1CCN(c2nccc(Nc3cc4c(cn3)nc(CO)n4C(C)C)n2)CC1,CHEMBL3734877,False,5.63,,1
BJQBLOLTVCVLLZ-CJNGLKHVSA-N,CO[C@H]1CCN(c2nccc(Nc3cc4c(cn3)nc(CO)n4C(C)C)n2)C[C@H]1F,CHEMBL3734933,False,6.54,,1
CQFUQADMAQYBOB-SDHOMARFSA-N,CN(C)Cc1ccc(C(=O)N[C@@H]2[C@H]3Oc4ccc(Oc5ccnc6c5CCC(=O)N6)cc4[C@@H]23)cc1C(F)(F)F,CHEMBL5858630,False,8.57,0.4166933324800543,3
LOOADDNERSICKU-UHFFFAOYSA-N,CS(=O)(=O)CCNCc1ccc(-c2cc3c(Nc4ccc(OCc5ccccc5)cc4)ncnc3cn2)o1,CHEMBL3409484,False,7.6,,1
CAGIQISZZASCGO-UHFFFAOYSA-N,COc1cc2ncnc(Nc3cccc(C(=O)NC45CC6CC(CC(C6)C4)C5)c3)c2cc1OCCCN1CCOCC1,CHEMBL3765263,False,8.95,,1
HEDMOKXPKLNHRS-UHFFFAOYSA-N,COc1ccc2c(c1)CCc1c-2nc(N)c(C#N)c1-c1ccc(OC)cc1OC,CHEMBL5573631,False,6.89,,1
WWDDDOSRSGQRNL-UHFFFAOYSA-N,C=CC(=O)Nc1cc(Nc2nccc(-c3csc4ccccc34)n2)c(OC)cc1N(C)CCN(C)C,CHEMBL5591885,True,8.39,,1
HLTYCCLCGLFCRN-UHFFFAOYSA-N,CC1(C)CC(C(=O)Nc2ccc3ncnc(Nc4cccc(Cl)c4)c3c2)CC(C)(C)N1[O],CHEMBL1947125,False,7.19,,1
PTFCDOFLOPIGGS-UHFFFAOYSA-N,[Zn+2],CHEMBL1200679,False,5.66,,1
IOVAIZPMGLENIU-UHFFFAOYSA-N,CC1(C)CC(C(=O)Nc2ccc3ncnc(Nc4ccc(F)c(Cl)c4)c3c2)CC(C)(C)N1[O],CHEMBL1947124,False,7.82,,1
FGPPXNCHKYRZCI-UHFFFAOYSA-N,C=CC(=O)Nc1cccc(-n2c(=O)c(C)nc3cnc(Nc4ccc(OC)cc4)nc32)c1,CHEMBL2437471,True,8.28,0.0,2
YJAJTLZIWHYGPF-UHFFFAOYSA-N,C=CC(=O)Nc1cccc(-n2c(=O)cnc3cnc(Nc4ccc(N5CCN(C)CC5)cc4OC)nc32)c1,CHEMBL2437469,True,8.42,,1
HKNZEEWNPHTWIR-UHFFFAOYSA-N,C=CC(=O)Nc1cccc(-n2c(=O)cnc3cnc(Nc4ccc(N5CCCC5)cc4)nc32)c1,CHEMBL2437464,True,7.82,,1
UFEYPVTVHUTYJF-UHFFFAOYSA-N,C=CC(=O)Oc1ccc(-n2c(=O)cnc3cnc(Nc4ccc(OC)cc4)nc32)cc1,CHEMBL2437482,False,7.22,,1
ZIQFYVPVJZEOFS-UHFFFAOYSA-N,Cn1c(=O)c(-c2c(Cl)cccc2Cl)cc2cnc(Nc3cccc(CO)c3)nc21,CHEMBL327127,False,7.07,0.028284271247461613,2
KKISNJGIWVVAJH-VLRJHWBUSA-N,CC(C)=CC[C@@H](OC(=O)/C=C\C(=O)c1cc(Cl)ccc1C)C1=CC(=O)c2c(O)ccc(O)c2C1=O,CHEMBL4584651,False,6.83,,1
DFUIAUMNSYRTOL-UHFFFAOYSA-N,C=CC(=O)N1CCC(C2CCNc3c(C(N)=O)c(-c4ccc(Oc5ccc(F)cc5F)cc4)nn32)CC1,CHEMBL3935034,True,7.75,,1
MODKQWIWLUEOCI-UHFFFAOYSA-N,C=CC(=O)N1CCC(C2CCNc3c(C(N)=O)c(-c4ccc(Oc5ccccc5)c(Cl)c4)nn32)CC1,CHEMBL3902845,True,8.77,,1
MPFUPSNMAKEAKB-UHFFFAOYSA-N,Cc1[nH]c2ncnc(Nc3cccc(C#N)c3)c2c1C,CHEMBL75208,False,6.7,,1
SXKKJDFMAPGQSG-UHFFFAOYSA-N,Clc1cc(Nc2ncnc3nn4ccccc4c23)ccc1OCc1ccccc1,CHEMBL181742,False,7.3,0.0,2
JHEAPNWORYVPON-UHFFFAOYSA-N,Fc1c(Cl)cccc1Nc1ncnc2cc3c(cc12)OCCO3,CHEMBL4744655,False,8.370000000000001,0.05656854249492323,2
NTRKLEJSJWDUKK-UHFFFAOYSA-N,CCCCN(Cc1cc(Br)cc(Br)c1O)C(=S)Nc1ccccc1,CHEMBL589590,False,4.5,,1
NVSBIEBPBPVGSV-UHFFFAOYSA-N,O=c1oc2cc3ncnc(Nc4ccc(F)c(Cl)c4)c3cc2n1CCCN1CCOCC1,CHEMBL2064372,False,7.11,,1
XBUNTIFKJLRDJJ-UHFFFAOYSA-N,C#Cc1cccc(Nc2ncnc3cc4oc(=O)n(CCCN5CCOCC5)c4cc23)c1,CHEMBL2064373,False,6.42,,1
GVSVSAQRMKOFQW-UHFFFAOYSA-N,CCOC(=O)c1ccc(Nc2ncnc3cc4oc(=O)n(CCCN5CCOCC5)c4cc23)cc1,CHEMBL2064374,False,5.24,,1
JWCDLHQKCFXQIY-UHFFFAOYSA-N,O=c1oc2cc3ncnc(Nc4ccc(F)c(F)c4)c3cc2n1CCCN1CCOCC1,CHEMBL2064389,False,6.24,,1
RDRNBLXUDTUCRQ-UHFFFAOYSA-N,COc1cc2ncnc(Nc3cc(NC(=O)c4ccccc4)c(F)cc3F)c2cc1OC,CHEMBL186580,False,6.31,,1
DXUCAMWEVMMXHE-UHFFFAOYSA-N,COc1cc2ncnc(Nc3cc(NC(=O)c4ccccc4)ccc3Cl)c2cc1OC,CHEMBL185327,False,4.96,,1
CXXCKESOBLFJAE-UHFFFAOYSA-N,COc1cc2ncnc(Nc3cc(NC(=O)c4cccc(N(C)C)c4)ccc3Cl)c2cc1OC,CHEMBL187007,False,4.54,,1
AEFNXPBFFTWXPE-UHFFFAOYSA-N,COc1cc2ncnc(Nc3ccc(Cl)c(NC(=O)c4cccc(N(C)C)c4)c3)c2cc1OC,CHEMBL184682,False,6.0,,1
MQUDAGONIFHBJH-UHFFFAOYSA-N,Cc1ccn2ncnc(Nc3ccc(F)c(Cl)c3)c12,CHEMBL188304,False,7.0,0.0,2
WSOCBHDTRCSWRH-UHFFFAOYSA-N,O=C1NCCc2cc(Br)c(O)c(c2)Oc2c(Br)cc(cc2Br)CCNC(=O)C(=NO)Cc2cc(Br)c(O)c(c2)Oc2c(Br)cc(cc2Br)CC1=NO,CHEMBL510730,False,5.7,,1
DPIINTIJKISSQT-OWOJBTEDSA-N,O=C(/C=C/Cn1ccnc1)N1CCOc2cc3ncnc(Nc4ccc(F)c(Cl)c4)c3cc21,CHEMBL4465727,True,6.26,,1
CROUCCLWECZKHT-PXPVJAHISA-N,O=C(/C=C/CN1CCCCC1)Nc1cc2c(Nc3ccc(F)c(Cl)c3)ncnc2cc1O[C@H]1CCOC1,CHEMBL3622650,True,8.28,,1
LAGOMBUWVFIOGF-UHFFFAOYSA-N,COCCOc1cc2ncnc(Nc3ccc(NC(=O)C45CC6CC(CC(C6)C4)C5)c(OC)c3)c2cc1OCCOC,CHEMBL3763757,False,8.23,,1
JUDAYKXYGKKYTB-UHFFFAOYSA-N,COc1cc2ncnc(Nc3ccc(F)c(Cl)c3)c2cc1OCCCn1c([N+](=O)[O-])cnc1C,CHEMBL3355888,False,8.46,,1
JJQDZMPHVLCCFS-UHFFFAOYSA-N,C=CC(=O)Nc1cccc(-n2c(=O)cnc3cnc(Nc4ccc(N5CCN(C)CC5)cc4)nc32)c1,CHEMBL2437462,True,8.92,,1
JXNSKQIOTGMCHY-UHFFFAOYSA-N,C#Cc1cccc(Nc2ncnc3cc(OCCCCCn4ccnc4[N+](=O)[O-])c(OC)cc23)c1,CHEMBL3360609,False,9.33,,1
QQNYFZMXLDOHEF-UHFFFAOYSA-N,C=CC(=O)Nc1cc2c(Nc3ccc(Br)c(Cl)c3F)ncnc2cc1OCCNC(=O)OC,CHEMBL3676381,True,7.01,0.0,2
SUPFKVRCENJLNR-UHFFFAOYSA-N,C=CC(=O)Nc1cc2c(Nc3ccc(Br)cc3F)ncnc2cc1OCCCNC(=O)CN(C)C,CHEMBL3671486,True,8.7,0.0,2
RVHJFVOVALAVIJ-UHFFFAOYSA-N,C=CC(=O)Nc1cc2c(Nc3ccc(Br)cc3F)ncnc2cc1OCCCNC(=O)C(F)(F)F,CHEMBL3671488,True,7.23,0.0,2
FZPKPBLYVQTKPP-UHFFFAOYSA-N,C=CC(=O)Nc1cc2c(Nc3ccc(Br)cc3F)ncnc2cc1OCCN(C)C,CHEMBL3671492,True,8.05,0.0,2
YOHNLHXVSFTRLR-UHFFFAOYSA-N,C=CC(=O)NCCOc1cc2ncnc(Nc3ccc(Br)cc3F)c2cc1NC(=O)C=C,CHEMBL3671499,True,8.3,0.0,2
DDQQLDVFRBXYBU-UHFFFAOYSA-N,C=CCCOc1cc2ncnc(Nc3ccc(Br)cc3F)c2cc1NC(=O)C=C,CHEMBL3671504,True,7.05,0.0,2
RHNPQUDHHOMHDW-UHFFFAOYSA-N,C=CC(=O)Nc1cc2c(Nc3ccc(Br)cc3F)ncnc2cc1OCCNC(=O)CN,CHEMBL3671529,True,7.05,0.0,2
GUFBSFFWXVLWCF-UHFFFAOYSA-N,C=CC(=O)Nc1cc2c(Nc3ccc(Br)cc3F)ncnc2cc1OCCNC(=O)OC,CHEMBL3671535,True,6.8,0.0,2
AVINRNFZBJEYNB-UHFFFAOYSA-N,C=CC(=O)Nc1cc2c(Nc3ccc(Br)cc3F)ncnc2cc1OCCNC(=O)CC(C)N(C)C,CHEMBL3671545,True,6.49,0.0,2
UQBFLJPRNOOVSR-UHFFFAOYSA-N,C=C(C)C(=O)Nc1cc2c(Nc3ccc(Br)cc3F)ncnc2cc1OCCNC(C)=O,CHEMBL3671546,True,5.99,0.0,2
GENOBEOZZLHYRL-UHFFFAOYSA-N,C=CC(=O)Nc1cc2c(Nc3ccc(Br)c(Cl)c3F)ncnc2cc1OCCNC(C)=O,CHEMBL3676361,True,7.89,0.0,2
DDJVPPJAZUNTIE-UHFFFAOYSA-N,C=CC(=O)Nc1cc2c(Nc3ccc(Br)cc3F)ncnc2cc1OCC(C)(C)NC(=O)CN(C)C,CHEMBL3676373,True,6.65,0.0,2
LYDMZKUPEIUXHG-UHFFFAOYSA-N,C=CC(=O)Nc1cc2c(Nc3ccc(Br)cc3F)ncnc2cc1OCCNC(=O)CN(CC)CC,CHEMBL3676383,True,7.58,0.0,2
UVUWLFQIXSVZBI-UHFFFAOYSA-N,C=CC(=O)Nc1cc2c(Nc3cc(OC)c(Cl)cc3OC)ncnc2cc1OCCNC(C)=O,CHEMBL3676388,True,7.06,0.0,2
LQZIDSSLBIXXRD-UHFFFAOYSA-N,C=CC(=O)N(C)c1cc2c(Nc3ccc(Br)cc3F)ncnc2cc1OCCNC(C)=O,CHEMBL3671548,True,6.41,0.0,2
UQILHDPEYNQZHG-UHFFFAOYSA-N,CCC(=O)Nc1cc2c(Nc3ccc(NCc4ccccc4)cc3)ncnc2cc1OC,CHEMBL3944095,False,6.42,,1
PWLHYVUELGJGPD-QPJJXVBHSA-N,O=C(/C=C/CN1CCCC1)Nc1cc2c(Nc3ccc(OCc4cccc(F)c4)c(Cl)c3)ncnc2cn1,CHEMBL3904257,True,7.615,0.2616295090390223,2
DTTIJFZDEJYJJU-UHFFFAOYSA-N,C=CC(=O)Nc1cc2c(Nc3ccc(Br)cc3F)ncnc2cc1OCCNC(=O)CN1CCOCC1,CHEMBL3671572,True,7.5,0.0,2
AHAJHWAHRBXVFH-UHFFFAOYSA-N,C=CC(=O)Nc1cc2c(Nc3ccc(Br)cc3F)ncnc2cc1OCCNC(=O)N1CCNCC1,CHEMBL3671564,True,6.16,0.0,2
ROLISRUBXWRDMG-OJLWIZQOSA-N,CCN(CC)C/C=C/C(=O)N1CCc2c(sc3ncnc(N[C@H](CO)c4ccccc4)c23)C1,CHEMBL1272324,True,8.05,,1
IUBKYBMKRBNWRR-WKOQKXSESA-N,CN1CCN(C/C=C/C(=O)N2CCc3c(sc4ncnc(N[C@H](CO)c5ccccc5)c34)C2)CC1,CHEMBL1271507,True,7.05,,1
CSLIGEUJAPEVBH-UHFFFAOYSA-N,NC(=S)NN=C(C=Cc1ccccc1)c1ccc(Br)cc1,CHEMBL1830273,False,4.91,,1
CUHZYMQBPHMOEZ-UHFFFAOYSA-N,COc1ccc(C(C=Cc2ccccc2Cl)=NNC(N)=S)cc1,CHEMBL1830279,False,5.11,,1
ILBWRMNLPWIYND-LZYBPNLTSA-N,Clc1nc2ccccc2c2nnc(/N=C/c3ccco3)n12,CHEMBL4649213,False,6.13,,1
MIGHANUESSBMSI-UHFFFAOYSA-N,CCN1CCN(CCCNc2ccc(Oc3nc4ccccc4c4nncn34)cc2)CC1,CHEMBL4649833,False,5.02,,1
ZJEUDIZHIOQKSL-UHFFFAOYSA-N,COc1cc(OCc2cccc(-c3ccccc3)c2C)ccc1CNCCCCOc1cc2c(Nc3ccc(F)c(Cl)c3)ncnc2cc1OC,CHEMBL5558740,False,6.65,,1
DRGUAWBWMQFXCR-UHFFFAOYSA-N,COc1cc(OCc2cccc(-c3ccccc3)c2C)ccc1CNCCCOc1cc2c(Nc3ccc(F)c(Cl)c3)ncnc2cc1OC,CHEMBL5565051,False,6.08,,1
FRCYUJLTCPHQMY-UHFFFAOYSA-N,COc1cc2ncnc(Nc3ccc(F)c(Cl)c3)c2cc1OCCCCCNCc1ccc(-c2cccc(-c3ccccc3)c2C)nc1OC,CHEMBL5555620,False,7.0,,1
BSQVOGJQFJOXFW-UHFFFAOYSA-N,COc1cc2ncnc(Nc3ccc(F)c(Cl)c3)c2cc1OCCCCCCNC(=O)CCN(C)Cc1ccc(-c2cccc(-c3ccccc3)c2C)nc1OC,CHEMBL5558514,False,6.46,,1
YZDWKDOVDHNQFC-DFHVBEEKSA-N,CC1(C)CC[C@]2(C(=O)OCCO[N+](=O)[O-])CC[C@]3(C)C(=CC[C@@H]4[C@@]5(C)CC[C@H](O)C(C)(C)[C@@H]5CC[C@]43C)[C@@H]2C1,CHEMBL4437863,False,6.96,,1
RXZMYLDMFYNEIM-UHFFFAOYSA-N,CNC(=O)c1nn(C)c2c1C(C)(C)Cc1cnc(Nc3ccc(N4CCN(C)CC4)cc3)nc1-2,CHEMBL564829,False,5.51,,1
HFOOHVUKODGHBP-UHFFFAOYSA-N,N#Cc1cnc2ccc(NCc3c[nH]cn3)cc2c1Nc1ccc(F)c(Cl)c1,CHEMBL220037,False,7.52,,1
REFJWTPEDVJJIY-UHFFFAOYSA-N,O=c1c(O)c(-c2ccc(O)c(O)c2)oc2cc(O)cc(O)c12,CHEMBL50,False,5.4399999999999995,0.8626702730475875,2
NMCRRFLWJZUPRE-UHFFFAOYSA-N,COC(=O)CN1CCC(n2cc(-c3cccc(O)c3)c3c(N)ncnc32)C1,CHEMBL355019,False,6.13,,1
HLHLPDQKZORUSE-UHFFFAOYSA-N,O=CN=CCc1ccc(O)c(O)c1,CHEMBL46946,False,5.16,,1
YBRIVXKFUFUDFB-UHFFFAOYSA-N,COc1ccc(Nc2ncc3c(n2)-c2ccc(Cl)cc2SC3)cc1,CHEMBL3628817,False,4.67,,1
XYDCOTYCNVYKFQ-UHFFFAOYSA-N,Cn1cc(NC(=O)c2cccc(NS(=O)(=O)c3ccccc3)c2)cn1,CHEMBL4552065,False,4.46,,1
BMTLGYPQYJNECV-UHFFFAOYSA-N,COc1cc(N2CCC(N3CCCCC3)CC2)ccc1Nc1nccc(-c2c(-c3cccc(C(=O)Nc4ccc(F)cc4Cl)c3)nc3ccccn23)n1,CHEMBL3905921,False,6.0,,1
PWRDPDGMDCFLLS-UHFFFAOYSA-N,COc1cc(N2CCC(N3CCCCC3)CC2)ccc1Nc1nccc(-c2c(-c3cccc(C(=O)Nc4ccc(F)cc4F)c3)nc3ccccn23)n1,CHEMBL3955829,False,6.0,,1
QOCNMTYFAXITAU-UHFFFAOYSA-N,CCCN1CCN(c2ccc(Nc3nccc(-c4c(-c5ccc(OC)c(C(=O)Nc6c(F)cccc6F)c5)nc5ccccn45)n3)c(OC)c2)CC1,CHEMBL3976571,False,6.0,,1
KFCRTTVBDHATAJ-UHFFFAOYSA-N,O=C(c1cc2ccccc2s1)c1cc2c(Nc3ccc(F)c(Cl)c3)ncnc2s1,CHEMBL1928315,False,7.97,,1
RQYVHBZWMYJJAJ-UHFFFAOYSA-N,O=c1c(-c2cccc(Cl)c2)coc2cc(O)ccc12,CHEMBL7699,False,4.23,,1
LGGXKYNJQDCCPN-UHFFFAOYSA-N,Clc1ccc(C2=NN(c3ccccc3)C(c3cccc4ccccc34)C2)cc1Cl,CHEMBL2325094,False,6.85,,1
IRZMVHVAKKIUEZ-UHFFFAOYSA-N,NC(=S)N1N=C(c2ccccc2)CC1c1ccc2ccccc2c1,CHEMBL2325109,False,5.52,,1
XUXNEGDCCYQQNC-UHFFFAOYSA-N,CNC(=O)c1c(SSc2c(C(=O)NC)c3ccccc3n2C)n(C)c2ccccc12,CHEMBL342929,False,5.16,,1
GVGLTLSHSVZGHM-UHFFFAOYSA-N,Oc1ccc(-c2cc3c(NCc4ccccc4)ncnc3[nH]2)cc1,CHEMBL1914461,False,8.48,,1
WJBHZXXFAJKTRU-CQSZACIVSA-N,C[C@@H](Nc1ncnc2[nH]c(-c3ccc(C#N)cc3)cc12)c1ccccc1,CHEMBL1914670,False,7.92,,1
HOZUXBLMYUPGPZ-UHFFFAOYSA-N,COc1cc2ncnc(Nc3ccc(O)cc3)c2cc1OC,CHEMBL555201,False,7.0,,1
BVVPEBFYUMLMNE-UHFFFAOYSA-N,COc1ccc2ncnc(Nc3cc(OC)c(OC)c(OC)c3)c2c1,CHEMBL542729,False,7.0,,1
DXXYYRWQONRABV-UHFFFAOYSA-N,COc1cc(N2CCN(C)CC2)ccc1Nc1ncc(Cl)c(Oc2cccc(NC(=O)CCOCc3ccccc3)c2)n1,CHEMBL4204937,False,4.75,,1
JPEBHFDPUUEBJJ-UHFFFAOYSA-N,C=CC(=O)Nc1ccc(Oc2nc(Nc3ccc(N4CCN(C)CC4)cc3OC)ncc2Cl)cc1,CHEMBL4213082,True,5.61,,1
QTVUEQZXBRDKNW-HSZRJFAPSA-N,CC(=O)Nc1cccc(-c2c(-c3ccccc3)oc3ncnc(N[C@H](CO)c4ccccc4)c23)c1,CHEMBL2347965,False,6.66,,1
LFWHFZJPXXOYNR-UHFFFAOYSA-N,CSc1ccc(C=C2C(C)=C(CC(=O)O)c3cc(F)ccc32)cc1,CHEMBL18797,False,4.62,,1
YHVZLNLFIBENSL-UHFFFAOYSA-N,Cc1ccc(-n2cc3c(-c4c(C)[nH]c(-c5ccccc5)c4-c4ccccc4)nnc(C)c3n2)cc1,CHEMBL3742060,False,5.26,,1
LFJRDQBYPYZMLW-UHFFFAOYSA-N,CS(=O)(=O)CCNc1nc(-c2ccc3ncnc(Nc4ccc(OCc5ccccc5)cc4)c3c2)cs1,CHEMBL422347,False,7.09,,1
LIIKVLQCCBBGGR-LJQANCHMSA-N,COc1cc(NS(C)(=O)=O)ccc1-c1cc2c(N[C@H](CO)c3ccccc3)ncnc2[nH]1,CHEMBL4740573,False,9.52,,1
LSKMQVVNBHCIOJ-HSZRJFAPSA-N,CN(C)CCNCc1cc(-c2cc3c(N[C@H](CO)c4ccccc4)ncnc3[nH]2)ccc1F,CHEMBL4749064,False,8.92,,1
VFWLWDWLLFXUHQ-GOSISDBHSA-N,OCC[C@@H](Nc1ncnc2[nH]c(-c3ccccc3)cc12)c1ccccc1,CHEMBL4786776,False,9.3,,1
OGUDTVHIYRYVBO-UHFFFAOYSA-N,COc1ccc2c3oc(=O)cc(O)c3c(=O)n(C)c2c1,CHEMBL1944928,False,4.12,,1
UAJLSLYNXZTXHH-UHFFFAOYSA-N,NC(=S)NN=C(C=Cc1ccc(Br)cc1)c1ccccc1,CHEMBL1830266,False,4.58,,1
MDSJWBBQCSEPDO-UHFFFAOYSA-N,OCCCNCc1ccc(-c2cc3nccc(Nc4ccc5[nH]ccc5c4)c3s2)cc1,CHEMBL77452,False,8.05,,1
VNFPBHJOKIVQEB-UHFFFAOYSA-N,Clc1ccccc1C(c1ccccc1)(c1ccccc1)n1ccnc1,CHEMBL104,False,4.16,,1
AEPFNBDPODWKEH-UHFFFAOYSA-N,CN1CCN(CCCNc2cc3ncnc(Nc4cccc(Br)c4)c3cn2)CC1,CHEMBL340484,False,8.31,0.0,2
HOBHTUUIQQNJOF-LJQANCHMSA-N,C=CC(=O)Nc1cccc(-c2c(C)sc3ncnc(N[C@H](CO)c4ccccc4)c23)c1,CHEMBL4447962,True,6.97,,1
WZUVPPKBWHMQCE-FQNRMIAFSA-N,Oc1cc2c(cc1O)C1c3ccc(O)c(O)c3OC[C@]1(O)C2,CHEMBL477197,False,5.47,,1
BYBLEWFAAKGYCD-UHFFFAOYSA-N,Clc1ccc(COC(Cn2ccnc2)c2ccc(Cl)cc2Cl)c(Cl)c1,CHEMBL91,False,4.53,,1
FCNOOCZWZIUGIT-UHFFFAOYSA-N,Cc1[nH]c2ncnc(Nc3cccc(Br)c3)c2c1C,CHEMBL74722,False,7.6,,1
XWWYHSQEOXRXBD-UHFFFAOYSA-N,C#Cc1cccc(Nc2ncnc3cc(OCCOC(=O)C=C4C(C)=C(Cc5ccc([S+](C)[O-])cc5)c5ccc(F)cc54)c(OCCOC)cc23)c1,CHEMBL3742059,False,7.51,,1
VQCXKJKPMSUSQU-UHFFFAOYSA-N,Cc1ccc(-n2cc(C(=O)c3c(C)[nH]c(-c4ccccc4)c3-c3ccccc3)c(C(=O)Nc3ccccc3)n2)cc1,CHEMBL3740713,False,5.35,,1
PRSAJUGSNSUBMQ-UHFFFAOYSA-N,Cc1[nH]c(-c2ccccc2)c(-c2ccccc2)c1C(=O)c1cn(-c2ccc(Cl)cc2)nc1C(=O)Nc1ccccc1,CHEMBL3740385,False,5.42,,1
MGBGMFOCBIJDLO-UHFFFAOYSA-N,O=c1[nH]nc(-c2c[nH]c(-c3ccccc3)c2-c2ccccc2)c2cn(-c3ccc(Cl)cc3)nc12,CHEMBL3742200,False,5.36,,1
JTHSZQJPFPCLSA-UHFFFAOYSA-N,Cc1c(C(=O)c2coc3ccc(O)cc23)[nH]c(-c2ccccc2)c1-c1ccccc1,CHEMBL3741960,False,5.43,,1
KUMLEJXITHSWSP-UHFFFAOYSA-N,Nc1ncnc2c1c(-c1ccc(F)c(O)c1)nn2C1CCC1,CHEMBL1242566,False,5.54,,1
VPSLBUMYCILBRD-UHFFFAOYSA-N,Nc1ncnc2c1c(-c1ccc(F)c(O)c1)nn2C1CNC1,CHEMBL1242567,False,5.54,,1
WFCYIYIPAWTFSM-UHFFFAOYSA-N,O=C(NCc1ccccc1)c1cc2ccc(O)c(O)c2cn1,CHEMBL48436,False,5.85,,1
ACQVYHSWYYIBOX-UHFFFAOYSA-N,C=CC(=O)Nc1cc(Nc2nccc(Nc3cnn(CC)c3)n2)c(OC)cc1N(C)CCN(C)C,CHEMBL5094406,True,7.0,0.0,2
XYRHGXCDOPLTBI-UHFFFAOYSA-N,C=CC(=O)Oc1cccc(Nc2ncnc3cc(OCCOC)c(OCCOC)cc23)c1,CHEMBL5633759,False,6.81,0.05656854249492385,2
IXFJJNPAVOUTNV-UHFFFAOYSA-N,COCCOc1cc2ncnc(Nc3ccc(OS(=O)(=O)F)cc3)c2cc1OCCOC,CHEMBL5632830,False,5.9,,1
HVVSAIWFDYFCSC-UHFFFAOYSA-N,NC(=S)NN=C(C=Cc1ccc(F)cc1)c1ccc(Br)cc1,CHEMBL1830278,False,5.66,,1
BIFFYWVZRGCPLC-UHFFFAOYSA-N,COc1cc2ncnc(Nc3cccc(Cl)c3F)c2cc1OCCCN1CCOCC1,CHEMBL385479,False,7.75,,1
BIMWWEYHEVYXDA-UHFFFAOYSA-N,CNC(=O)NCc1cccc(C#Cc2cncnc2Nc2ccc(OCc3cccc(F)c3)c(Cl)c2)n1,CHEMBL380078,False,7.64,,1
QCSMBZIRYHZMOU-UHFFFAOYSA-N,CC(=O)Nc1ccc(C#Cc2cncnc2Nc2ccc(OCc3cccc(F)c3)c(Cl)c2)cc1,CHEMBL438075,False,4.6,,1
LLMBCWWGGFFKOM-UHFFFAOYSA-N,COc1ccc(C(Nc2ccc(Br)cc2)n2c(=O)ccc3cc(O)ccc32)cc1,CHEMBL4861796,False,6.02,,1
GXOWLIMDPMBHGK-UHFFFAOYSA-N,Cc1ccc(C(=O)Nc2ccc(CN3CCN(C)CC3)c(C(F)(F)F)c2)cc1NC(=O)c1cncnc1,CHEMBL3234741,False,5.72,,1
OJPJDGJLZISYBC-UHFFFAOYSA-N,Cc1ccc(C(=O)Nc2ccc(CN3CCN(C)CC3)c(C(F)(F)F)c2)cc1NC(=O)c1ccc(=O)[nH]c1,CHEMBL3234743,False,5.88,,1
UZLAZBPSXWZCAF-UHFFFAOYSA-N,COc1cc(N2CCN(C)CC2)ccc1Nc1ncc(Cl)c(Oc2cccc(NC(=O)CCN3CCN(CCOc4no[n+]([O-])c4S(=O)(=O)c4ccccc4)CC3)c2)n1,CHEMBL3237937,False,6.7,,1
XKPNZYKHLRMXRP-HXUWFJFHSA-N,Cc1cc(Nc2ncnc3cc(O)c(NC(=O)C=C[C@H]4CCCN4C)cc23)ccc1Oc1ccn2ncnc2c1,CHEMBL5193451,True,8.55,,1
SFQUNUNAFYNODH-CNSANGOLSA-N,CN(C)CCn1cccc1/C=N/NC(=O)Nc1cc2c(Nc3ccc(F)c(Cl)c3)ncnc2cc1O[C@H]1CCOC1,CHEMBL5271803,False,10.3,,1
LKNTUKRGXWYPMX-UHFFFAOYSA-N,CCC(=O)Nc1cccc(-c2c(-c3ccccc3)[nH]c3ncnc(OC)c23)c1,CHEMBL5218821,False,5.92,,1
LLRHFPTXSRUXGC-LJQANCHMSA-N,Cc1cc(Nc2ncnc3cc(O)c(NC(=O)C=C[C@H]4CCCN4C)cc23)ccc1Oc1cnn2cnnc2c1,CHEMBL5202846,True,7.93,,1
WJQWKJBNZMOEBF-UHFFFAOYSA-N,COCC(=O)NCC=Cc1ccc2ncc(C#N)c(Nc3ccc(Oc4cc5nncn5cn4)c(C)c3)c2c1,CHEMBL5200783,False,5.74,,1
JEPUGGOMOXWLKC-UHFFFAOYSA-N,C=CC(=O)N1CCC(c2c[nH]n3c(C(N)=O)c(-c4ccc(Oc5ccccc5)cc4)nc23)CC1,CHEMBL4863078,True,6.96,,1
BKPPTTSUIJCICA-UHFFFAOYSA-N,C#CC(=O)N1CC(c2c[nH]n3c(C(N)=O)c(-c4ccc(Oc5ccccc5)cc4)nc23)C1,CHEMBL4863088,False,7.47,,1
JNHMPWXKLBQIOF-UHFFFAOYSA-N,C=CC(=O)Nc1cccc(-c2c(-c3ccccc3)oc3ncnc(NCCO)c23)c1,CHEMBL5429210,True,6.41,,1
BMAQEOVTPJJEPC-UHFFFAOYSA-N,C=CC(=O)Nc1cccc(-c2c(-c3ccccc3)oc3ncnc(NCCCO)c23)c1,CHEMBL5434109,True,6.41,,1
DFSRXZWICNJXQI-UHFFFAOYSA-N,C=CC(=O)Nc1cccc(-c2c(-c3ccncc3)oc3ncnc(NC4CCCC4)c23)c1,CHEMBL5429838,True,6.63,,1
LSXYODLNROZEOS-UHFFFAOYSA-N,C=CC(=O)Nc1cc(-c2c(-c3ccccc3)oc3ncnc(NC4CCCC4)c23)ccc1N1CCOCC1,CHEMBL5432716,True,6.94,,1
FIENMRUUADTWJC-UHFFFAOYSA-N,CON=Cc1c(N)ncnc1Nc1ccc2c(cnn2Cc2cccc(F)c2)c1,CHEMBL255871,False,8.1,0.0,2
WYNQMPRRXLNUQG-MOSHPQCFSA-N,COc1cc(/C=C2\SC(=N)NC2=O)ccc1OCCCOc1cc(C)cc(C)c1,CHEMBL602890,True,4.25,,1
ZSHHZCRNJBWKKT-UHFFFAOYSA-N,COc1cc(-c2nc(=O)c3c([nH]2)sc2ccc(C)cc23)ccc1OCC(=O)O,CHEMBL599388,False,5.62,,1
YRTZPAOGNZRSCM-LFYBBSHMSA-N,Oc1csc(=N/N=C/c2cccc(F)c2)[nH]1,CHEMBL590877,False,4.87,,1
JNBDLDLZBBRMKI-UHFFFAOYSA-N,CC(=O)N1N=C(c2ccc(C)cc2)CC1c1ccc(C(=O)OCCn2c([N+](=O)[O-])cnc2C)cc1,CHEMBL3746268,False,4.96,0.0,2
JCCQBCUPVBAGMJ-UHFFFAOYSA-N,C=CC(=O)Nc1cccc(NC(=O)Nc2ccnc(Nc3ccc(N4CCC(N(C)C)CC4)cc3OC)n2)c1,CHEMBL4225191,True,7.35,,1
UKQCMWMFTKFWKH-UHFFFAOYSA-N,C=CC(=O)Nc1cccc(NC(=O)Nc2ccnc(Nc3ccc(N4CCN(CCF)CC4)cc3OC)n2)c1,CHEMBL4227552,True,6.8,,1
DIOOREPVPOCQKL-UHFFFAOYSA-N,COc1cc2ncnc(Nc3ccc(-c4nc5ccccc5s4)c(F)c3)c2cc1OCCCN1CCN(C)CC1,CHEMBL593760,False,5.64,,1
IBGLGMOPHJQDJB-IHRRRGAJSA-N,O[C@H]1CC[C@H](Nc2ncc3nc(Nc4c(F)cc(F)cc4F)n([C@H]4CCOC4)c3n2)CC1,CHEMBL1950289,False,6.42,0.0,2
SSAKQDBVDKDWIF-UHFFFAOYSA-N,C=CC(=O)Nc1cc2c(Nc3ccc(OCc4cccc(F)c4)c(Cl)c3)ncnc2cc1OCc1cn(CCCCC(O)=NO)nn1,CHEMBL4758761,True,8.82,,1
SFSNVFCNLQLQLX-UHFFFAOYSA-N,C=CC(=O)Nc1cc2c(Nc3ccc(F)c(Cl)c3)ncnc2cc1OCc1cn(CCCCC(O)=NO)nn1,CHEMBL4744985,True,9.46,,1
ATEKSUDRIVWTTK-UHFFFAOYSA-N,C=CC(=O)Nc1cc2c(Nc3cccc(Cl)c3F)ncnc2cc1OCc1cn(CCCCC(O)=NO)nn1,CHEMBL4783641,True,9.36,,1
ISJAQPZCEZACPS-UHFFFAOYSA-N,Oc1ccc(-c2cc3c(NCc4ccccc4F)ncnc3[nH]2)cc1,CHEMBL1914663,False,7.35,,1
QXHOCHWKUSXBGX-UHFFFAOYSA-N,C=CC(=O)Nc1cc(Nc2ncc(Cl)c(-c3c[nH]c4ccccc34)n2)c(OC)cc1N1CCN(C)CC1,CHEMBL2426278,True,6.11,,1
LCDZZELKQHAKCK-SOFGYWHQSA-N,COc1ccc(NC(=O)/C=C/CN(C)C)cc1Nc1nccc(-c2cnn3ccccc23)n1,CHEMBL2426289,True,4.7,,1
ZBNFVHQEUFIFJM-UHFFFAOYSA-N,COc1cc2c(Nc3ccc(Cl)c(Cl)c3)ncnc2cc1OCc1nc(-c2ccc(C(C)(C)C)cc2)no1,CHEMBL3951099,False,7.3,,1
QEIAACVSNFOMGZ-UHFFFAOYSA-N,COc1cc2c(Nc3ccc(Cl)c(Cl)c3)ncnc2cc1OCc1ccc2nc(C(F)(F)F)cc(Cl)c2c1,CHEMBL3948661,False,7.3,,1
KFXGCMOQRGMXNN-XMMPIXPASA-N,OCCN1CCN(Cc2ccc(-c3cc4c(N[C@H](CO)c5ccccc5)ncnc4s3)cc2)CC1,CHEMBL3416631,False,6.22,,1
DDDGSLANZIDSLT-UHFFFAOYSA-N,COc1ccccc1-c1cc2c(Nc3ccc(F)c(Cl)c3)ncnc2s1,CHEMBL3416625,False,8.3,,1
QPHDGMSNEOJVKJ-UHFFFAOYSA-N,COc1ccccc1-c1cc2c(NCc3cccs3)ncnc2s1,CHEMBL3416622,False,6.77,,1
GNOJTHPAWKLQMI-CYBMUJFWSA-N,COc1ccccc1-c1cc2c(N[C@H](C)c3ccccn3)ncnc2s1,CHEMBL3416437,False,6.82,,1
GROHRMFBORBVQD-CQSZACIVSA-N,COc1ccccc1-c1cc2c(N[C@H](C)c3ccccc3)ncnc2s1,CHEMBL3416447,False,8.05,,1
OAFRMDRPHRMIIW-UHFFFAOYSA-N,Cn1c(=O)c2[nH]c(SCC(=NO)c3ccc(Cl)cc3)nc2n(C)c1=O,CHEMBL4525168,False,6.4,,1
ANSWUIBOAMGTKA-UHFFFAOYSA-N,CC(=O)N1N=C(c2ccc(Cl)cc2)CC1c1ccc(C(=O)OCCn2c([N+](=O)[O-])cnc2C)cc1,CHEMBL3747277,False,5.13,0.0,2
WXFJAWWXWDNJPZ-UHFFFAOYSA-N,CC(=O)N1N=C(c2ccc(C)cc2)CC1c1ccc(C(=O)OC(C)Cn2c([N+](=O)[O-])cnc2C)cc1,CHEMBL3746980,False,4.59,0.0,2
KTIOIWKPYJUSTA-UHFFFAOYSA-N,CC(=O)N1N=C(c2ccc([N+](=O)[O-])cc2)CC1c1ccc(C(=O)OCCn2c([N+](=O)[O-])cnc2C)cc1,CHEMBL3746473,False,6.22,0.0,2
QYZCKEQZGXBBSX-UHFFFAOYSA-N,C=CC(=O)Nc1ccccc1Oc1nc(Nc2cc(C)[nH]n2)cc(N2CCN(C)CC2)n1,CHEMBL3604920,True,6.05,,1
VCDFCELHISCHEY-UHFFFAOYSA-N,C=CC(=O)N(c1ccc(F)c(C)c1)c1ncnc2cc(OC)c(OCCCN3CCOCC3)cc12,CHEMBL4448712,True,6.3,,1
QYULUQACUCDZHT-UHFFFAOYSA-N,Cc1cc2cc(Nc3ccnc4cc(-c5ccc(CNCCCO)cc5)sc34)ccc2[nH]1,CHEMBL78700,False,6.3,,1
JOJVJYUHAXMDPF-ZLHKHBAESA-N,COc1cc(/C=C/C(=O)Nc2cc3c(Nc4ccc(F)c(Cl)c4)ncnc3cc2O[C@@H]2CCOC2)cc(OC)c1OC,CHEMBL4466350,True,8.05,,1
ZYJYGLABXXBPIS-OAQYLSRUSA-N,CN(C)CCNC(=O)c1ccc(-c2cc3c(N[C@H](CO)c4ccccc4)ncnc3s2)cc1,CHEMBL3758376,False,8.7,,1
WUSUAGWTYDFIBL-UHFFFAOYSA-N,O=C(Nc1ccccc1)Nc1nnc(-c2cccnc2)o1,CHEMBL4535881,False,6.56,,1
BZLBNHTYZIBTNU-UHFFFAOYSA-N,C=CC(=O)Nc1cc(Nc2nc3c(c(-c4cn(C)c5ccccc45)n2)CSCC3)c(OC)cc1N(C)CCN(C)C,CHEMBL4552429,True,6.29,,1
AXYNJHAQLAXXET-UHFFFAOYSA-N,C=C(Cl)C(=O)Nc1cc(Nc2nc3c(c(-c4cn(C)c5ccccc45)n2)CSCC3)c(OC)cc1N(C)CCN(C)C,CHEMBL4471845,True,6.24,,1
UUCKDCIVSFGIHI-UHFFFAOYSA-N,C=C(Cl)C(=O)Nc1cc(Nc2nc3c(c(-c4cn(C)c5ccccc45)n2)CS(=O)(=O)CC3)c(OC)cc1N(C)CCN(C)C,CHEMBL4583545,True,6.98,,1
QROVWKAFYCXVFM-UHFFFAOYSA-N,COc1ccc(C2=NN(c3nc(O)cs3)C(c3cccc4ccccc34)C2)cc1,CHEMBL3263364,False,5.26,,1
UDOPWNZLOSLIPA-XMMPIXPASA-N,CN1CCCN([C@@H]2CCCN(c3cnc(C(N)=O)c(Nc4ccc(C5(C)CCN(C6CC6)CC5)cc4)n3)C2)C1=O,CHEMBL6032138,False,5.26,,1
SKURHCCLIBABGC-UHFFFAOYSA-N,Clc1ccc(-c2nnc(Cc3nc4ccccc4[nH]3)o2)cc1,CHEMBL4103370,False,7.09,0.0,2
BAILKEZVTQZRCF-UHFFFAOYSA-N,CC=Cc1ccc(Nc2ncnc3cc(OCCCN4CCOCC4)c(OCCCN4CCOCC4)cc23)cc1,CHEMBL4173696,False,7.68,0.0,2
APTMEHXNVBAXJT-UHFFFAOYSA-N,C=CC(=O)N1CCC2(CC1)CNC(=O)c1cc(-c3ccnc(Nc4ccccc4OC)c3)[nH]c12,CHEMBL5089073,True,6.72,,1
JAGCNUONHIJLJS-UHFFFAOYSA-N,C=CC(=O)N1CCC2(CC1)CNC(=O)c1cc(-c3ccnc(Nc4ccccc4OC(C)C)n3)[nH]c12,CHEMBL5079430,True,8.92,,1
LLUHSVVGRQBIMO-UHFFFAOYSA-N,COc1cc(N2CCOCC2)c(-c2cnn(C)c2)cc1Nc1ncc(Cl)c(Nc2ccccc2P(C)(C)=O)n1,CHEMBL5087264,False,8.36,,1
REVIIPLYMPLAKU-UHFFFAOYSA-N,CN(C)CCN(C)CC(=O)Nc1cc2c(Nc3ccc(F)c(Cl)c3)ncnc2s1,CHEMBL3233762,False,5.37,,1
AJCPVYIKALUFSW-HWKANZROSA-N,CN(C)CCCNC/C=C/C(=O)Nc1cc2c(Nc3ccc(F)c(Cl)c3)ncnc2s1,CHEMBL3233772,True,5.92,,1
QDASMWJJFLCOHF-SNAWJCMRSA-N,O=C(/C=C/CN1CCCCC1)Nc1cc2c(Nc3ccc(F)c(Cl)c3)ncnc2s1,CHEMBL3233784,True,8.05,,1
CKCQIMWQWQDOML-NSCUHMNNSA-N,CSC1CCN(C/C=C/C(=O)Nc2cc3c(Nc4ccc(F)c(Cl)c4)ncnc3s2)CC1,CHEMBL3233788,True,7.75,,1
ALIUINIUQNOYBC-OWOJBTEDSA-N,O=C(/C=C/CN1CCC2(CC1)OCCO2)Nc1cc2c(Nc3ccc(F)c(Cl)c3)ncnc2s1,CHEMBL3233795,True,8.7,,1
HZBHTRUJNPPRNW-KAZCASEASA-N,CN(C)C/C=C(\F)C(=O)Nc1cc2c(Nc3ccc(F)c(Cl)c3)ncnc2cc1O[C@H]1CCOC1,CHEMBL3357641,True,9.8,,1
IKFWHIAKKGOESN-UHFFFAOYSA-N,C=C(Cl)C(=O)Nc1cccc(Nc2nc(Nc3ccc(N4CCN(C(C)=O)CC4)cc3)ncc2Cl)c1,CHEMBL4793105,True,7.16,,1
GYNKYEVOVPMPBO-UHFFFAOYSA-N,C=C(Cl)C(=O)Nc1cccc(Nc2nc(Nc3ccc(N4CCN(C(C)=O)CC4)c(Cl)c3)ncc2Cl)c1,CHEMBL4776012,True,7.28,,1
YHOYTBGFZDFOAI-UHFFFAOYSA-N,CCOC(=O)c1nn(-c2ccc(Cl)cc2)cc1C(=O)c1c(C)[nH]c(-c2ccccc2)c1-c1ccccc1,CHEMBL3741526,False,5.5,,1
JJCCJOXLGQVFLN-UHFFFAOYSA-N,Cc1[nH]c(-c2ccccc2)c(-c2ccccc2)c1C(=O)c1cn(-c2ccccc2)nc1C(=O)Nc1ccccc1,CHEMBL3740930,False,5.45,,1
IYYCUVORCTVISW-UHFFFAOYSA-N,O=c1[nH]nc(-c2c[nH]c(-c3ccccc3)c2-c2ccccc2)c2cn(-c3ccccc3)nc12,CHEMBL3740923,False,5.44,,1
CDUUXVPPCXBULV-CYBMUJFWSA-N,C[C@@H](Nc1ncnc2oc(-c3ccc(F)cc3)cc12)c1ccccc1,CHEMBL3967219,False,7.89,,1
PBWTXSSLHGGJBR-UHFFFAOYSA-N,CC(C)n1nc(-c2ccn3ccnc3c2)c2c(N)ncnc21,CHEMBL1242665,False,4.35,,1
WARWBXVCRXCYPF-OAQYLSRUSA-N,CCN1CCC(c2ccc(Nc3nc(N4CCC[C@@H](NC(=O)N(C)C)C4)cnc3C(N)=O)cc2)CC1,CHEMBL6065282,False,5.26,,1
ZBKBRUQITARHSR-CYBMUJFWSA-N,C[C@@H](Nc1ncnc2oc(-c3ccccc3O)cc12)c1ccccc1,CHEMBL3928512,False,8.7,,1
DKQBBPXFUULUPT-CYBMUJFWSA-N,C[C@@H](Nc1ncnc2oc(-c3ccc(O)cc3)cc12)c1ccccc1,CHEMBL3919609,False,8.82,,1
JRVWLHJZBRHYIL-UHFFFAOYSA-N,C=CC(=O)Nc1cc2c(Nc3ccc(Br)cc3F)ncnc2cc1OCC1CCN(C(N)=O)CC1,CHEMBL3671478,True,7.82,0.0,2
OSTKLEYGNLUETG-UHFFFAOYSA-N,C=CC(=O)Nc1cc2c(Nc3ccc(Br)cc3F)ncnc2cc1OCC1CCN(C(=O)NCCC)CC1,CHEMBL3671483,True,7.44,0.0,2
RIFKDQITWFTYJS-UHFFFAOYSA-N,C=CC(=O)Nc1cc2c(Nc3ccc(Br)cc3F)ncnc2cc1OCC1CCN(C(=O)CN(C)C)CC1,CHEMBL3671484,True,8.22,0.0,2
AVWUQSBIDMSXKK-UHFFFAOYSA-N,C=CC(=O)Nc1cc2c(Nc3ccc(Br)cc3F)ncnc2cc1OCCNC(=O)CO,CHEMBL3671518,True,7.5,0.0,2
WHJBIHGNMMEXIJ-UHFFFAOYSA-N,CN1CCN(c2ccc(Nc3ncc(Br)c(Nc4ccc5cc[nH]c5c4)n3)cc2)CC1,CHEMBL5287295,False,5.85,,1
VAZJHDXJXKPRGL-UHFFFAOYSA-N,CN1CCN(c2ccc(Nc3ncc(Br)c(Nc4ccc5c(c4)CCC5)n3)cc2)CC1,CHEMBL5274133,False,5.17,,1
JVUPYBZTROENBO-UHFFFAOYSA-N,Nc1cccc(Oc2cc(Nc3ccc(OCc4cccc(F)c4)c(Cl)c3)ncn2)c1,CHEMBL1928945,False,6.33,,1
ACGUYXCXAPNIKK-UHFFFAOYSA-N,Oc1c(Cl)cc(Cl)c(Cl)c1Cc1c(O)c(Cl)cc(Cl)c1Cl,CHEMBL496,False,6.13,,1
QTMWELDUWVKIFL-UHFFFAOYSA-N,C=CC(=O)Nc1cc(Nc2nccc(-c3cnn4c(C)cccc34)n2)c(OC)cc1N(C)CCN(C)C,CHEMBL5631065,True,7.78,,1
RAEZWFIYONVVMY-PKNBQFBNSA-N,COc1cc(N(C)CCN(C)C)c(NC(=O)/C=C/CN(C)C)cc1Nc1nccc(-c2cnc3c(C)cccn23)n1,CHEMBL5630624,True,7.33,,1
XUOCQQYXPHQNIP-WHLIDYPQSA-N,CN(C)C/C=C/C(=O)Nc1cc2c(Nc3ccc(F)c(C#N)c3)ncnc2cc1O[C@H]1CCOC1,CHEMBL3622647,True,6.83,,1
OILOIHUEWGRDJX-SNAWJCMRSA-N,COCCOc1cc2ncnc(Nc3ccc(Br)cc3F)c2cc1NC(=O)/C=C/CN(C)C,CHEMBL3622640,True,8.52,,1
UIAARIUTYORWEV-UHFFFAOYSA-N,C=CC(=O)Nc1ccc2ncnc(Nc3ccc(F)c(Cl)c3)c2c1,CHEMBL31373,True,9.12,,1
UINJKEAZXPNBKX-UHFFFAOYSA-N,C=CC(=O)Nc1cc(Nc2nccc(-c3cn(C(C)=O)c4ccccc34)n2)c(OC)cc1N(C)CCN(C)C,CHEMBL4744138,True,7.81,,1
IFGRZKHRJZWZKC-UHFFFAOYSA-N,NP(=O)(OCCOc1ccc2ncnc(Nc3cccc(Br)c3)c2c1)N(CCCl)CCCl,CHEMBL4084847,False,8.37,,1
NWQZWJNXAGKRAC-UHFFFAOYSA-N,C#Cc1cccc(Nc2ncnc3ccc(OCCCCOP(N)(=O)N(CCCl)CCCl)cc23)c1,CHEMBL4091626,False,7.96,,1
SCVDBJNKZKCFPQ-DVECYGJZSA-N,CC(C)c1cnc(N2CCC2)c2cnc(Nc3ccnc(N4CC[C@@H](O)[C@@](C)(F)C4)n3)cc12,CHEMBL5208679,False,5.029999999999999,0.04242640687119289,2
SHSHWNISJKUHSM-YNSGVOSJSA-N,CC(C)c1ncc(N2CC[C@H]2C)c2cnc(Nc3ccnc(N4CC[C@@H](O)[C@@](C)(F)C4)n3)cc12,CHEMBL5182741,False,5.035,0.6151828996322961,2
OXCAPCKBQKXXCL-JJMBJGOUSA-N,CO[C@@H]1[C@H](O)CN(c2nccc(Nc3cc4c(C(C)C)ccc(N5C[C@H](CS(C)(=O)=O)[C@H]5C)c4cn3)n2)CC1(F)F,CHEMBL5193016,False,6.404999999999999,0.44547727214752453,2
CTBSCTKHZRHHJG-ZDUSSCGKSA-N,C=CC(=O)Nc1cc2c(Nc3ccc(Br)cc3F)ncnc2cc1O[C@H]1CCOC1,CHEMBL3622630,True,6.92,,1
KNPKMRVTWSOBDS-UHFFFAOYSA-N,CC(=O)N1N=C(c2ccc(F)cc2)CC1c1ccc(C(=O)OCCn2c([N+](=O)[O-])cnc2C)cc1,CHEMBL3747281,False,5.3,0.0,2
OCJLLWRWGFHVDG-UHFFFAOYSA-N,CCS(=O)(=O)n1cc2c3ccc(cc31)OCCCCCCOc1cc(c(F)cc1N1CCOCC1)Nc1ncc(Cl)c-2n1,CHEMBL5197952,False,6.05,,1
HTIFVTQSFKUCDX-UHFFFAOYSA-N,CS(=O)(=O)CCNCc1ccc(-c2ccc3ncnc(Nc4ccc(OCc5ccccc5)c(Cl)c4)c3c2)o1,CHEMBL380247,False,7.75,,1
WFRLFWGASBLYTC-UHFFFAOYSA-N,Cc1cc(Nc2ncc(C(=O)Nc3c(C)cccc3Cl)s2)nc(C)n1,CHEMBL364623,False,5.28,,1
MOCPJGWAFQUJLF-UHFFFAOYSA-N,CN(CCCl)c1ccc2ncnc(Nc3cccc(Br)c3)c2c1,CHEMBL4765122,False,6.3,,1
HREKDLNKESWDHN-UHFFFAOYSA-N,CCc1ncnc(Nc2ccc(OCc3cccc(F)c3)c(Cl)c2)c1C,CHEMBL1683956,False,6.19,,1
GCJNDMDPMOVHTQ-UHFFFAOYSA-N,COc1cc(NC(=O)Nc2ccccn2)cc(-c2cccnc2)c1OC,CHEMBL3752074,False,7.31,,1
GJMAXHYYUIHTKT-JXMROGBWSA-N,C#Cc1cccc(Nc2ncnc3cc(OC4CCN(C)CC4)c(NC(=O)/C=C/CN(C)C)cc23)c1,CHEMBL3622649,True,8.09,,1
WRUAWDJRNXGHMT-RMKNXTFCSA-N,C#Cc1cccc(Nc2ncnc3cc(OC4CCOCC4)c(NC(=O)/C=C/CN(C)C)cc23)c1,CHEMBL3622648,True,8.22,,1
CKTSOJJCTHIVBY-JXMROGBWSA-N,C#Cc1cccc(Nc2ncnc3cc(OCCOC)c(NC(=O)/C=C/CN(C)C)cc23)c1,CHEMBL3622632,True,8.92,,1
PMCYOYPVLDNCBF-JLXBBBJOSA-N,C#Cc1cccc(Nc2ncnc3cc(O[C@H]4CCOC4)c(NC(=O)/C=C/CNC(C)C)cc23)c1,CHEMBL3622679,True,8.19,,1
ALYYJSYVJNWOTD-KROLTMCQSA-N,O=C(/C=C/CN1CC[S+]([O-])CC1)Nc1cc2c(Nc3ccc(F)c(Cl)c3)ncnc2cc1O[C@H]1CCOC1,CHEMBL3622658,True,6.96,,1
JGIWEGURDZFEGD-SNDJDQCESA-N,O=C1CCN(C/C=C/C(=O)Nc2cc3c(Nc4ccc(F)c(Cl)c4)ncnc3cc2O[C@H]2CCOC2)CC1,CHEMBL3622652,True,6.28,,1
VXGUTVBVRYRUPY-UHFFFAOYSA-N,C=CC(=O)N(c1cccc(C(F)(F)F)c1)c1ncnc2cc(OC)c(OCCCN3CCOCC3)cc12,CHEMBL4441921,True,6.07,,1
XRWHSRBIHREGDO-UHFFFAOYSA-N,COc1ccc(C2=NN(C(C)=O)C(c3ccc(C(=O)OC(C)Cn4c([N+](=O)[O-])cnc4C)cc3)C2)cc1,CHEMBL3746387,False,4.67,0.0,2
JARRHXQJNGEMMS-UHFFFAOYSA-N,COc1cc2ncnc(Nc3cc(Cl)ccc3F)c2cc1OCC1CCN(C)CC1,CHEMBL385471,False,8.05,,1
WUZJUVCMTGFTDE-UHFFFAOYSA-N,CC(=O)N1N=C(c2ccc(I)cc2)CC1c1ccc(C(=O)OC(C)Cn2c([N+](=O)[O-])cnc2C)cc1,CHEMBL3746564,False,4.97,0.0,2
UNFSZGKSDKZSHK-UHFFFAOYSA-N,C=CC(=O)Nc1cc2c(Nc3ccc(Br)cc3F)ncnc2cc1OCCNC(=O)CS(C)(=O)=O,CHEMBL3671520,True,7.62,0.0,2
VNJIDIZIWFGYFN-UHFFFAOYSA-N,C=CC(=O)Nc1cc2c(Nc3ccc(Br)c(Cl)c3F)ncnc2cc1OCCNC(=O)NC(C)(C)C,CHEMBL3671527,True,7.35,0.0,2
GAONTQMLYXNEGT-UHFFFAOYSA-N,C=CC(=O)Nc1cc2c(Nc3ccc(Br)cc3F)ncnc2cc1OCCNC(=O)c1ccc[nH]1,CHEMBL3671569,True,6.43,0.0,2
QKEQHMZWPIXXEY-UHFFFAOYSA-N,C=CC(=O)Nc1cc2c(Nc3ccc(Br)cc3F)ncnc2cc1OCCNC(=O)C1CCCN1C,CHEMBL3671568,True,7.390000000000001,0.2655811238272279,4
MSXNFZGSSBGIKB-UHFFFAOYSA-N,C=CC(=O)Nc1cc2c(Nc3ccc(Br)cc3F)ncnc2cc1OCCNC(=O)CCN1CCCCC1,CHEMBL3671573,True,7.85,0.0,2
OFLPGWWOQOMMAK-UHFFFAOYSA-N,C=CC(=O)Nc1cc2c(Nc3ccc(Br)cc3F)ncnc2cc1OCCNC(=O)C1CCCN1C(C)=O,CHEMBL3671574,True,7.6,0.0,2
OELVTHONNCJUEV-UHFFFAOYSA-N,C=CC(=O)Nc1cc2c(Nc3ccc(Br)cc3F)ncnc2cc1OCCNC(=O)CN1CCCC1,CHEMBL3671576,True,7.35,0.0,2
ADJZTTBLODFIHR-UHFFFAOYSA-N,C=CC(=O)Nc1cc2c(Nc3ccc(Br)cc3F)ncnc2cc1OCCNC(=O)N=CC,CHEMBL3671512,True,7.54,0.0,2
MTPCBGCWGDTUPD-UHFFFAOYSA-N,C=CC(=O)Nc1cc2c(Nc3ccc(Br)c(Cl)c3F)ncnc2cc1OCCNC(=O)N1CCOCC1,CHEMBL3671514,True,7.46,0.0,2
ZKUNKJWGKBMFCR-UHFFFAOYSA-N,COc1cc(Nc2ncnc3cc(OCC4CN(C)CCO4)c(OC)cc23)c(OC)cc1Cl,CHEMBL3944702,False,7.3,,1
MMXHHNMJARVBIQ-UHFFFAOYSA-N,O=C(O)CCc1c(S)[nH]c2ccccc12,CHEMBL309276,False,5.79,,1
ICDUDMAKDBBZOT-SNAWJCMRSA-N,O=C(/C=C/CN1CCCCC1)Nc1cc2c(Nc3ccc(F)c(Cl)c3)ncnc2cc1OCC(F)F,CHEMBL3680374,True,8.01,0.0,2
MBJLGAXTBLLONX-UHFFFAOYSA-N,C#Cc1cccc(Nc2ncnc3cc(OC)c(OCCCCCN=C(NC#N)Nc4cccnc4)cc23)c1,CHEMBL4852664,False,9.28,,1
FYZZYOSCIAZCBA-UHFFFAOYSA-N,C=CC(=O)Nc1cc2c(Nc3c(F)cc(Br)cc3F)ncnc2cc1OCCNC(=O)CN(C)C,CHEMBL3676343,True,6.76,0.0,2
UCGXLPHREMHIFF-UHFFFAOYSA-N,C=CC(=O)Nc1cc2c(Nc3ccc(Br)c(Cl)c3F)ncnc2cc1OCCNC(=O)NCCC,CHEMBL3676385,True,7.58,0.0,2
QUOQTGPAFKSIQB-UHFFFAOYSA-N,COC1CCN(c2nccc(Nc3cc4c(cn3)nc(C)n4C(C)C)n2)CC1,CHEMBL3736508,False,6.05,,1
BPMVYYLSRDJWNL-DOMZBBRYSA-N,CC(C)n1c(CO)nc2cnc(Nc3ccnc(N4CC[C@H](O)[C@H](F)C4)n3)cc21,CHEMBL3734934,False,5.6,,1
PXBGUQFPFOVMDS-HNNXBMFYSA-N,CO[C@H]1CCN(c2nccc(Nc3cc4c(cn3)nc(CO)n4C(C)C)n2)CC1(F)F,CHEMBL3735474,False,6.0,,1
HVFMZQWDMHJYLI-UHFFFAOYSA-N,COc1cc2ncnc(Nc3ccc(F)c(Cl)c3)c2cc1OCCn1ccnc1[N+](=O)[O-],CHEMBL3355873,False,8.52,,1
MPLVHKDDFCZIJT-UHFFFAOYSA-N,COc1cc2ncnc(Nc3ccc(F)c(Cl)c3)c2cc1OCCCn1ccnc1[N+](=O)[O-],CHEMBL3355874,False,9.05,,1
LZQDPQVTKGUFQL-UHFFFAOYSA-N,COc1cc2ncnc(Nc3cccc(Br)c3)c2cc1OCCCn1ccnc1[N+](=O)[O-],CHEMBL3355878,False,9.18,,1
MZKVFCHPEMRDCD-UHFFFAOYSA-N,C#Cc1cccc(Nc2ncnc3cc(OC)c(OCCCCn4ccnc4[N+](=O)[O-])cc23)c1,CHEMBL3355880,False,9.25,,1
AXWLOISBYKANBI-UHFFFAOYSA-N,COc1cc2ncnc(Nc3cccc(Br)c3)c2cc1OCCCn1c([N+](=O)[O-])cnc1C,CHEMBL3355890,False,8.93,,1
SCSSLRWQFRELMA-UHFFFAOYSA-N,Cc1c(C(=O)c2coc3c2cc(O)c2ccccc23)[nH]c(-c2ccccc2)c1-c1ccccc1,CHEMBL3740492,False,5.29,,1
ULRHQDXXTVKDTL-UHFFFAOYSA-N,Cc1ccc(-n2cc3c(-c4c[nH]c(-c5ccccc5)c4-c4ccccc4)n[nH]c(=O)c3n2)cc1,CHEMBL3739586,False,5.46,,1
PRAFFLMXUBGHGX-UHFFFAOYSA-N,CN1CCC(NC(=O)c2cnc(NCc3cc(Cl)ccc3Cl)nc2NC2CCCC2)CC1,CHEMBL2312646,False,4.52,,1
FCHHBDZWKNCHCB-UHFFFAOYSA-N,C=CC(=O)Nc1cc(Nc2ncc(C)c(-c3cn(C)c4ccccc34)n2)c(OC)cc1N(C)CCN(C)C,CHEMBL3353409,True,4.15,,1
WUPKILXEXIRKKI-HSZRJFAPSA-N,COc1ccccc1C(=O)NCc1ccc(-c2nn([C@@H]3CCc4ccccc43)c3ncnc(N)c23)cc1,CHEMBL5882138,False,6.26,0.0,2
RZXCIRZQHJRUTI-ROUUACIJSA-N,COc1ccccc1C(=O)NCc1ccc(-c2nn([C@H]3C=C[C@H](N)C3)c3ncnc(N)c23)cc1,CHEMBL5990498,False,5.26,0.0,2
ICDHBBVYWKBVLG-ONEGZZNKSA-N,CNc1nc(C)c(C(=O)/C=C/c2nccs2)s1,CHEMBL4798434,False,6.59,,1
VTHMIYYUFBULTE-UHFFFAOYSA-N,O=C(Nc1ccc2nccc(Nc3cccc(Cl)c3)c2c1)C1CCC2(CC1)OOC1(O2)C2CC3CC(C2)CC1C3,CHEMBL4088200,False,6.82,0.09899494936611612,2
JAIWPTBQSVSBST-UHFFFAOYSA-N,Cc1ccc2c(C)nc(Nc3nc(=O)cc(CSc4nnnn4-c4ccccc4)[nH]3)nc2c1,CHEMBL1365395,False,5.41,,1
SLXUJMVSHZXCHD-UHFFFAOYSA-N,COc1ccc(-c2c3c4cc(O)c(OCCCN(C)C)cc4[nH]c(=O)c3n3ccc4cc(O)c(OC)cc4c23)cc1O,CHEMBL4782900,False,7.61,,1
NESHQVCFRMHBDE-UHFFFAOYSA-N,N#Cc1cccc(Oc2ccc(Nc3ncnc4cc(OCCCN5CCOCC5)c(NC(=O)c5cc([N+](=O)[O-])ccc5F)cc34)cc2Cl)c1,CHEMBL4757531,False,6.77,,1
WSLUCWJHXRSGBF-UHFFFAOYSA-N,O=C(Nc1cc2c(Nc3ccc(F)c(Cl)c3)ncnc2cc1OCCCN1CCOCC1)c1cc(F)ccc1[N+](=O)[O-],CHEMBL4750608,False,7.37,,1
VVPLAYNPERQXNL-SFHVURJKSA-N,C=CC(=O)N1CCCC[C@H]1c1nc(-c2ccc(C(=O)Nc3cc(OC)ccn3)cc2)c(C(N)=O)n1N,CHEMBL4874550,True,6.35,,1
PJHRRMICMJBPRK-UHFFFAOYSA-N,COc1ccc2[nH]c(C(=O)c3cc4c(Nc5ccc(F)c(Cl)c5)ncnc4s3)cc2c1,CHEMBL1928312,False,8.23,,1
JXOIGPHKYOVJJX-UHFFFAOYSA-N,Cc1ccc(C(=O)Nc2ccc(CN3CCN(C)CC3)c(C(F)(F)F)c2)cc1NC(=O)c1cnc(NC2CCCC2)nc1,CHEMBL3234748,False,7.48,,1
ZTBFCQAQMGCQJY-UHFFFAOYSA-N,N#CC(C#N)C=Nc1ccc2ncnc(Nc3ccc(OCc4cccc(F)c4)c(Cl)c3)c2c1,CHEMBL3633938,False,6.35,,1
YNBIJOCUCVAGRN-BQYQJAHWSA-N,Cc1cc(Nc2cc(N3CCN(C)CC3)nc(Oc3ccc(NC(=O)/C=C/C(F)(F)F)cc3)n2)[nH]n1,CHEMBL3604936,True,5.7,,1
YCIMNLLNPGFGHC-UHFFFAOYSA-N,Oc1ccccc1O,CHEMBL280998,False,4.58,,1
SUUZFEQGUGHTTA-UHFFFAOYSA-N,CC(C)c1ccc(C(=O)Nc2ccc(CN3CCN(C)CC3)c(C(F)(F)F)c2)cc1NC(=O)c1cnc2[nH]ccc2c1,CHEMBL3234757,False,6.8,,1
NREXZVOJRVRMAI-LICLKQGHSA-N,Nc1ccccc1NC(=O)/C=C/c1ccc(-c2ccc3ncnc(Nc4ccc(OCc5cccc(F)c5)c(Cl)c4)c3c2)cc1,CHEMBL1630115,True,7.54,,1
GUEGSLQJUWOOEW-UHFFFAOYSA-N,Cc1ncnc(Nc2ccc(OCc3cccc(F)c3)c(Cl)c2)c1C#Cc1ccc(CNCCS(C)(=O)=O)cc1,CHEMBL1934622,False,7.66,,1
PISSUKZNROHTRJ-UHFFFAOYSA-N,O=C(CN1CCN(CCO)CC1)Nc1cc2c(Nc3ccc(F)c(Cl)c3)ncnc2s1,CHEMBL3233766,False,6.11,,1
HLSRBPGSLVXDKF-OWOJBTEDSA-N,O=C(/C=C/CNCC1COC1)Nc1cc2c(Nc3ccc(F)c(Cl)c3)ncnc2s1,CHEMBL3233774,True,8.0,,1
OIZNALHIZLRBSA-OWOJBTEDSA-N,O=C(/C=C/CNC1CCOCC1)Nc1cc2c(Nc3ccc(F)c(Cl)c3)ncnc2s1,CHEMBL3233775,True,7.7,,1
CZFKRMGQEUSPRJ-UHFFFAOYSA-N,Fc1c(Nc2ncnc3cc4c(cc23)OCCO4)cccc1C(F)(F)F,CHEMBL4759650,False,7.32,0.0848528137423861,2
XUKXPFDPYPAWOT-SJORKVTESA-N,Cn1cc(-c2cc(C(=O)Nc3nc4ccccc4n3[C@H]3COC[C@@H](O)C3)ccn2)cn1,CHEMBL5872345,False,6.955,1.6617009357883874,2
ZQGGOPLGEZRTQT-BGYRXZFFSA-N,COc1ccccc1-c1cc(C(=O)Nc2nc3cc(C)ccc3n2[C@H]2CC[C@@H](O)CC2)ccn1,CHEMBL5932830,False,7.98,1.2481452906880146,4
BVSFOEHGZMEKJK-PSWAGMNNSA-N,Cc1ccc2c(c1)nc(NC(=O)c1ccnc(-c3cccc(CN(C)C)c3)c1)n2[C@H]1CC[C@@H](O)CC1,CHEMBL5810396,False,6.57,2.0081832585697947,2
ZNDVFFSKLDNFLE-BGYRXZFFSA-N,C#Cc1cc(C(=O)Nc2nc3ccccc3n2[C@H]2CC[C@@H](O)CC2)cc(-c2cnn(C)c2)n1,CHEMBL5934396,False,6.795,1.7889801564019658,2
HOMVQSKMBBTIKN-UHFFFAOYSA-N,Cn1cc(-c2cc(C(=O)Nc3nc4ccccc4n3C3CCC3)ccn2)cn1,CHEMBL5932930,False,6.99,1.149884052125836,3
MCXNFGQPMYDYEP-UHFFFAOYSA-N,CN1CCC(c2ccc3c(c2)nc(NC(=O)c2ccnc(-c4cnn(C)c4)c2)n3CC(C)(C)O)CC1,CHEMBL5772994,False,7.56,1.1456439237389606,3
MXHJOSAEUAKLON-UHFFFAOYSA-N,Cc1cc(C(=O)Nc2nc3ccc(CN4CCOCC4)cc3n2C2CCCCC2)cc(-c2cnn(C)c2)n1,CHEMBL5948958,False,8.7,1.9712178976460206,3
YVMHEBQPSSUURS-PSWAGMNNSA-N,Cc1cc(C(=O)Nc2nc3ccc(CN4CCOCC4)cc3n2[C@H]2CC[C@@H](O)CC2)cc(-c2cnn(C)c2)n1,CHEMBL5828125,False,8.74,1.9428587184867558,3
NDQZBPDQDODNLV-UHFFFAOYSA-N,COCCCNc1ccc2c(c1)nc(NC(=O)c1ccnc(-c3cccnc3)c1)n2CC(C)(C)O,CHEMBL5911542,False,5.85,1.654629867976521,2
MIXSTMDBEHXNIL-UHFFFAOYSA-N,CC(C)(O)Cn1c(NC(=O)c2ccnc(-c3cccn4cnnc34)c2)nc2ccccc21,CHEMBL5742207,False,6.02,1.6829141392239833,2
RJNAOACZXFPIEL-ROUUACIJSA-N,Cn1cc(-c2cc(C(=O)Nc3nc4ccccc4n3[C@H]3CCC[C@H](O)C3)ccn2)cn1,CHEMBL5843126,False,8.04,1.241477614243071,4
JZSQXYMLQXUMMP-KDURUIRLSA-N,Cc1cc(C(=O)Nc2nc3ccccc3n2[C@H]2CC[C@@H](O)CC2)cc(-c2cnn(C)c2)n1,CHEMBL5985978,False,7.8500000000000005,1.694107434609742,4
DKJCWQRWKKNLPO-REPLKXPHSA-N,Cc1cc(C(=O)Nc2nc3ccccc3n2[C@@H]2C[C@H](O)C[C@H](O)C2)cc(-c2cnn(C)c2)n1,CHEMBL5882437,False,6.32,2.0223253941935257,2
OPAVJHGRMRHRGJ-DQEYMECFSA-N,Cc1cc(C(=O)Nc2nc3cc(CN4CCN(C)CC4)ccc3n2[C@H]2CCC[C@H](O)C2)cc(-c2cnn(C)c2)n1,CHEMBL5796638,False,6.699999999999999,2.2203152929257586,2
PZXJCZFUFIOSNL-OALUTQOASA-N,Cn1cc(-c2cc(C(=O)Nc3nc4ccccc4n3[C@H]3CCC[C@H](O)C3)cc(C#N)n2)cn1,CHEMBL5905751,False,7.2749999999999995,1.5485638507985389,2
HGGGFNLVPKEMAV-UHFFFAOYSA-N,C=CC(=O)N1CCCC(Nc2nc3c(c(Nc4cnn(C)c4)n2)C(=O)NC3)C1,CHEMBL5927471,True,5.99,,1
OATDKOFSXAKSST-UHFFFAOYSA-N,C=CC(=O)N1CC2CN(c3nc(Nc4cnn(C)c4)c4c(c3F)CNC4=O)CC2C1,CHEMBL5935382,True,5.87,,1
SXVGJXZENXZDIF-UHFFFAOYSA-N,COc1cc(N2CCC(N3CCN(C)CC3)CC2)c(-c2cnn(C)c2)cc1Nc1ncc(Cl)c(Nc2ccccc2P(C)(C)=O)n1,CHEMBL5087815,False,9.04,,1
MPDCIBAUKILEGO-XCAQINLVSA-N,CN1CCC[C@@H]1/C=C/C(=O)Nc1ccc2ncnc(Nc3ccc(OCc4cccc(F)c4)c(Cl)c3)c2c1-c1ccccc1,CHEMBL5569663,True,7.95,,1
AFPNZCBPMMKULG-UHFFFAOYSA-N,c1ccc(-c2nnc(Cc3nc4ccccc4[nH]3)o2)nc1,CHEMBL4074726,False,4.13,0.0,2
CFKLRZPAONERNA-QPJJXVBHSA-N,CN(C)C/C=C/C(=O)Nc1ccc2ncnc3c2c1C=CN3c1ccc(OCc2cccc(F)c2)c(Cl)c1,CHEMBL5591496,True,8.45,,1
GTVAUPIBHVDGDF-FNORWQNLSA-N,O=C(/C=C/CN1CCCC1)Nc1ccc2ncnc3c2c1CCN3c1ccc(OCc2ccccn2)c(Cl)c1,CHEMBL5591930,True,8.46,,1
LGOLZSGPACQCPU-XBXARRHUSA-N,O=C(/C=C/CNC1CCC1)Nc1ccc2ncnc3c2c1C=CN3c1ccc(OCc2ccccn2)c(Cl)c1,CHEMBL5566473,True,8.9,,1
HDKMMBRKVCIVNF-UHFFFAOYSA-N,c1ccc(-c2nnc(Cc3nc4ccccc4[nH]3)o2)cc1,CHEMBL4068254,False,4.5,0.0,2
WAHAMADACDIPDR-UHFFFAOYSA-N,Clc1ccc2[nH]c(Cc3nnc(-c4ccccc4)o3)nc2c1,CHEMBL4063427,False,4.0,,1
SCTASBKVPAEZPZ-UHFFFAOYSA-N,C=C(Cl)C(=O)Nc1cccc(Nc2nc(Nc3ccc(N4CCN(C(C)=O)CC4)cc3OC)ncc2C(F)(F)F)c1,CHEMBL4746377,True,6.59,,1
DZQBJHDPYKJSHR-UHFFFAOYSA-N,C=C(Cl)C(=O)Nc1cccc(Nc2nc(Nc3ccc(N4CCN(C(C)=O)CC4)nc3)ncc2Cl)c1,CHEMBL4740234,True,6.89,,1
CEHOGXSUVFDCRA-UHFFFAOYSA-N,C=C(Cl)C(=O)Nc1cccc(Oc2nc(Nc3ccc(N4CCN(C(C)=O)CC4)cc3)ncc2Cl)c1,CHEMBL4785849,True,6.89,,1
DIQHRPNVYBPCQW-UHFFFAOYSA-N,COc1cc(Nc2ncc(Cl)c(Nc3ccccc3C(=O)C(=O)N(C)C)n2)ccc1N1CCN(C)CC1,CHEMBL5871879,False,6.77,0.8190034594961524,4
WSDSYYCVRCLNSN-UHFFFAOYSA-N,C=CC(=O)Nc1cc(Nc2ncc(Cl)c(Nc3ccccc3C(=O)C(=O)N(C)C)n2)ccc1OCCN(C)C,CHEMBL6013504,True,6.4,0.8084553172563094,5
IOJJFGHOUPJKDB-UHFFFAOYSA-N,C=CC(=O)N1CCC(Nc2nc(Nc3ccc(OCCOC)cc3)c3c(c2F)CNC3=O)C1,CHEMBL5936556,True,6.0,,1
PGZSGIRUWAIJMW-UHFFFAOYSA-N,C=CC(=O)Nc1cc2c(Nc3ccc(Br)cc3F)ncnc2cc1OCCNC(=O)C=CCC,CHEMBL5985870,True,7.44,0.0,2
ZTCPMZFRBJIAIQ-UHFFFAOYSA-N,COc1cc(C2NCCc3c2[nH]c2ccccc32)ccc1OCc1ccc(C(C)(C)C)cc1,CHEMBL5557733,False,4.6,,1
FFTSFVUSBPOJKD-UHFFFAOYSA-N,NS(=O)(=O)c1ccc(NC(=O)c2ccccc2NC(=O)c2ccco2)cc1,CHEMBL1782692,False,7.51,,1
CTBMKILIEAIOKG-RQZCQDPDSA-N,COc1cc(/C=C2\CC=CC(Cc3ccc(O)c(O)c3)C2=O)cc(OC)c1,CHEMBL2316151,False,6.37,,1
VFRPNIRNEYDCSJ-AWCRTANDSA-N,CCN1CCN(Cc2ccc(C(=O)N[C@@H]3[C@H]4Oc5ccc(Oc6ccnc7c6CCC(=O)N7)cc5[C@@H]34)cc2Br)CC1,CHEMBL5806557,False,9.26,0.3050136608962509,3
VRNQAFKWBFDABH-UHFFFAOYSA-N,CC(Nc1ncnc2sc(Br)cc12)c1ccccc1,CHEMBL3416602,False,6.81,,1
OAMVGUFHZPRXOM-UHFFFAOYSA-N,C[S+]([O-])CCNCc1ccc(-c2ccc3ncnc(Nc4ccc(OCc5cccc(F)c5)c(Cl)c4)c3c2)o1,CHEMBL3040548,False,7.28,0.3521836642056714,3
SABATKMFVISBCV-ZIZDPRJYSA-N,CN(C)[C@@H]1CN(Cc2ccc(C(=O)N[C@@H]3[C@H]4Oc5ccc(Oc6ccnc7c6CCC(=O)N7)cc5[C@@H]34)cc2C(F)(F)F)CCN1,CHEMBL5856814,False,8.89,0.2764657905299188,3
LAGFSKLMDVYLMX-MPFGFTFXSA-N,CCN1CCN(Cc2ccc(C(=O)N[C@H]3[C@@H]4Oc5ccc(Oc6ccnc7c6CCC(=O)N7)cc5[C@H]34)cc2C(F)(F)F)CC1,CHEMBL5768138,False,6.53,0.3663786747797056,3
NECNOKMWRWJOGB-KCHLEUMXSA-N,CN1CCN(Cc2ccc(C(=O)N[C@@H]3[C@H]4Oc5ccc(Oc6ccnc7c6CCC(=O)N7)cc5[C@@H]34)cc2C(F)(F)F)CC1,CHEMBL5952854,False,8.345,1.5756860939497648,6
YGWICYDRLXJFOI-UHFFFAOYSA-N,CN(CCOC(=O)c1ccc(C(=O)Nc2ncnc3c2c(-c2ccc(Cl)cc2)nn3C(C)(C)C)nc1)Cc1ccc(C(=O)Nc2ccc3ncnc(Nc4cccc(Cl)c4)c3c2)cc1,CHEMBL5277101,False,6.21,,1
FJGPPKWMLNVLAK-UHFFFAOYSA-N,Cc1ccc(-n2c(SCC(=O)Nc3ccccc3Cl)nc3sc(C)c(C)c3c2=O)cc1,CHEMBL1944641,False,4.09,,1
FBAVKNCUIMNVPN-UHFFFAOYSA-N,COc1cc2c(Nc3ccc(NC(=O)Nc4ccc(C)c(C)c4)cc3)ncnc2cc1OCCCN1CCN(C)CC1,CHEMBL3905552,False,6.17,,1
DQOWVAQFOQHAFL-UHFFFAOYSA-N,CS(=O)(=O)c1nccc(-c2c(-c3cccc(OCc4ccccc4)c3)nc3sccn23)n1,CHEMBL4860202,False,5.0,,1
YGEZJZFYZRLJBC-BRJLIKDPSA-N,COc1ccc(Oc2nc3ccccc3cc2/C=N/NC(=O)Cn2c([N+](=O)[O-])cnc2C)cc1,CHEMBL3234866,False,5.745,1.1667261889578036,2
ROYUJUFXDGQEMG-RPPGKUMJSA-N,Cc1ccc(Oc2nc3ccc(C)cc3cc2/C=N/NC(=O)Cn2c([N+](=O)[O-])cnc2C)cc1,CHEMBL3235201,False,5.76,1.4000714267493644,2
HEJMJEVSIIMKLI-MRXNPFEDSA-N,CN(C)C(=O)N[C@@H]1CCCN(c2cnc(C(N)=O)c(Nc3cnn(C4CN(C5CCCC5)C4)c3)n2)C1,CHEMBL5836680,False,5.26,,1
SGYAQGSCPQGXLC-KOSHJBKYSA-N,C[C@H](c1cccc(F)c1)n1ncc2cc(Nc3ncnn4ccc(COC[C@@H]5CNCCO5)c34)ccc21,CHEMBL245278,False,7.17,,1
FCGLNNGWOXPGOR-UHFFFAOYSA-N,C=COC(=O)N(CCN(C)C)N=Nc1ccc2ncnc(Nc3cccc(Cl)c3)c2c1,CHEMBL572030,False,6.75,,1
DXJICGSIRAJIDN-UHFFFAOYSA-N,Cc1cc(NC(=O)CCl)no1,CHEMBL1545480,False,6.97,,1
FPQJFGAWHCQCMF-UHFFFAOYSA-N,CCN1CCN(CC(=O)Nc2cc(C)on2)CC1,CHEMBL1619395,False,7.09,,1
UEAQRTGQDQYAKL-UHFFFAOYSA-N,CN(C)C(=O)C(=O)c1ccccc1Nc1cc(Cl)ccc1Cl,CHEMBL5951162,False,7.09,0.8466158121210194,4
UEGFAJFCHWZVEB-UHFFFAOYSA-N,COC1CNCCN(Cc2ccn3ncnc(Nc4ccc5c(cnn5Cc5cccc(F)c5)c4)c23)C1,CHEMBL392774,False,6.72,,1
SCSKESFIGNPXKD-SFHVURJKSA-N,C=CC(=O)N1CCC[C@H](n2nc(C(=O)c3ccc(CC(=O)N(C)C)c(C)c3C)c3c(N)ncnc32)C1,CHEMBL5286014,True,7.19,,1
RWZGZLPZVJTIAS-UHFFFAOYSA-N,C=CC(=O)Nc1cc2c(Nc3ccc(Br)cc3F)ncnc2cc1OCCCNC(=O)NCC,CHEMBL3671489,True,7.96,0.0,2
SOYOGGAXHRNJSO-UHFFFAOYSA-N,C=CC(=O)Nc1cc2c(Nc3ccc(Br)cc3F)ncnc2cc1OCCNC(=O)CN(C)C,CHEMBL3671498,True,8.7,0.0,2
NCWOITZVEWWDCD-UHFFFAOYSA-N,C=CC(=O)Nc1cc2c(Nc3ccc(Br)cc3F)ncnc2cc1OCCNC(=S)NC,CHEMBL3671508,True,7.01,0.0,2
QIAQUEWCLIWXJA-UHFFFAOYSA-N,C=CC(=O)Nc1cc2c(Nc3ccc(Br)cc3F)ncnc2cc1OCCNC(=O)NC(C)CC,CHEMBL3671511,True,7.7,0.0,2
HXCZCEAQVPKCAF-UHFFFAOYSA-N,C=CC(=O)Nc1cc2c(Nc3ccc(Br)cc3F)ncnc2cc1OCCNC(=O)CCN,CHEMBL3671534,True,6.59,0.0,2
MHPAMQNXZMJMLZ-UHFFFAOYSA-N,C=CC(=O)Nc1cc2c(Nc3ccc(Br)cc3F)ncnc2cc1OCCNC(=O)CCOC,CHEMBL3671536,True,7.16,0.0,2
ANFPFYSQIJYLHA-UHFFFAOYSA-N,C=CC(=O)Nc1cc2c(Nc3ccc(Br)cc3F)ncnc2cc1OCCNC(=O)CCO,CHEMBL3671539,True,7.05,0.0,2
UGQFWYMJDDLZLM-UHFFFAOYSA-N,C=CC(=O)Nc1cc2c(Nc3ccc(F)cc3F)ncnc2cc1OCCNC(=O)CN(C)C,CHEMBL3671540,True,6.81,0.0,2
MASSBJVLAZTBSY-UHFFFAOYSA-N,C=CC(=O)Nc1cc2c(Nc3ccc(Br)cc3F)ncnc2cc1OCCNC(=O)N1CCOCC1,CHEMBL3671563,True,7.44,0.0,2
RHGWXTYSJLZTBJ-UHFFFAOYSA-N,C=CC(=O)Nc1cc2c(Nc3ccc(Br)cc3F)ncnc2cc1OCCNC(=O)CN1CCCCC1,CHEMBL3671570,True,8.15,0.0,2
BZVKQRRVFARJOO-UHFFFAOYSA-N,C=CC(=O)Nc1cc2c(Nc3ccc(Br)cc3F)ncnc2cc1OCCNC(=O)C1CCCN1C(=O)CC,CHEMBL3671575,True,6.71,0.0,2
DYYFQDXLUYZKPP-UHFFFAOYSA-N,C=CC(=O)Nc1cc2c(Nc3ccc(Cl)cc3F)ncnc2cc1OCCNC(C)=O,CHEMBL3671581,True,7.75,0.0,2
NLQQNMZMFMGGET-UHFFFAOYSA-N,C=CC(=O)Nc1cc2c(Nc3ccc(Br)cc3C(F)(F)F)ncnc2cc1OCCNC(C)=O,CHEMBL3671583,True,6.34,0.0,2
YRLMDFYRQYWKJM-UHFFFAOYSA-N,C=CC(=O)Nc1cc2c(Nc3ccc(Br)c(F)c3F)ncnc2cc1OCCNC(=O)CCN(CC)CC,CHEMBL3676345,True,7.72,0.0,2
VAYPWRLVYXYEQY-UHFFFAOYSA-N,C=CC(=O)Nc1cc2c(Nc3cc(OC)c(Cl)cc3F)ncnc2cc1OCCNC(C)=O,CHEMBL3676349,True,7.1,0.0,2
XQNPQCDWAUIUPF-UHFFFAOYSA-N,C=CC(=O)Nc1cc2c(Nc3cc(Cl)c(Cl)cc3F)ncnc2cc1OCCNC(=O)CS(C)(=O)=O,CHEMBL3676359,True,7.4,0.0,2
OIPVBSQFFJQZSU-UHFFFAOYSA-N,C=CC(=O)Nc1cc2c(Nc3ccc(Br)cc3F)ncnc2cc1OCC(CC)NC(=O)CN(C)C,CHEMBL3676378,True,7.64,0.0,2
GNZCXFIXXQWSSZ-UHFFFAOYSA-N,C=CC(=O)Nc1cc2c(Nc3ccc(Br)cc3F)ncnc2cc1OCCNC(=O)C(CO)N(C)C,CHEMBL3676380,True,6.9,0.0,2
QCROOTBGMAHVGX-UHFFFAOYSA-N,C=CC(=O)Nc1cc2c(Nc3cc(OC)c(Cl)cc3OC)ncnc2cc1OCCNC(=O)CN(C)C,CHEMBL3676382,True,7.85,0.0,2
NUBXIXHTTSQOKU-UHFFFAOYSA-N,COc1cc2ncnc(Nc3ccc(OCc4cccc(F)c4)c(Cl)c3)c2cc1NC(=O)C1CSSC1,CHEMBL4457885,False,7.3,0.0,2
JMPFSEBWVLAJKM-UHFFFAOYSA-N,Cc1cc(C(C#N)c2ccc(Cl)cc2)c(Cl)cc1NC(=O)c1cc(I)cc(I)c1O,CHEMBL12131,False,6.25,,1
MDHXIRVUKGSUFJ-UHFFFAOYSA-N,C=CC(=O)N1CCCC(n2nc(-c3ccc(Oc4ccc(F)cc4F)cc3)c(C(N)=O)c2N)C1,CHEMBL5752119,True,7.13,0.5311622476544556,4
LSAYNPKQQQDTQW-BQYQJAHWSA-N,NC(=O)c1c(-c2ccc(Oc3ncc(Cl)cc3F)cc2)nn(C2CCCN(C(=O)/C=C/C(F)F)C2)c1N,CHEMBL6062820,True,6.97,,1
PLKCSLFGEHRYBE-UHFFFAOYSA-N,C=CC(=O)N1CCCC(n2nc(-c3ccc(Oc4cccc(C(F)(F)F)n4)cc3)c(C(N)=O)c2N)C1,CHEMBL5774120,True,7.05,0.0,2
PSPLRUCSARYWEJ-UHFFFAOYSA-N,C=CC(=O)Nc1cc2c(Nc3c(F)cc(Br)cc3F)ncnc2cc1OCCNC(C)=O,CHEMBL3676340,True,7.66,0.0,2
ZEIPSBCNYPQWSX-UHFFFAOYSA-N,C=CC(=O)Nc1cc2c(Nc3ccc(Br)cc3F)ncnc2cc1OCC(NC(=O)CN(C)C)C(C)C,CHEMBL3676394,True,6.83,0.0,2
AYRINFKNJPHSKZ-UHFFFAOYSA-N,C=CC(=O)Nc1cc2c(Nc3ccc(Br)c(Cl)c3F)ncnc2cc1OCCNC(=O)CO,CHEMBL3676369,True,7.8,0.0,2
HRMPHPPMLURQFC-UHFFFAOYSA-N,C=CC(=O)Nc1cc2c(Nc3ccc(Br)c(Cl)c3)ncnc2cc1OCCNC(=O)CN(C)C,CHEMBL3676372,True,7.12,0.0,2
DPSBYADGWLEODU-UHFFFAOYSA-N,C=CC(=O)Nc1cc2c(Nc3ccc(Br)cc3F)ncnc2cc1OCCNc1nccs1,CHEMBL3671560,True,6.53,0.0,2
DAOSWIXMSHYYNF-UHFFFAOYSA-N,Cc1ccc(C2=NN(c3nc(O)cs3)C(c3cccc4ccccc34)C2)cc1C,CHEMBL3263366,False,5.88,,1
ATRQYYQRKRQPJP-UHFFFAOYSA-N,CN1CCN(c2ccc(Nc3ncnc4cc5oc(=O)n(CCOC(=O)CBr)c5cc34)cc2Cl)CC1,CHEMBL3897363,False,8.1,,1
MJLGATKKRYTQPD-SOFYXZRVSA-N,COc1cc2ncnc(Nc3ccc(F)c(Cl)c3)c2cc1NC(=O)/C(F)=C/CN(C)C,CHEMBL3357634,True,9.7,,1
VCFABRFLWPSRSF-UHFFFAOYSA-N,O=C(CBr)OCCn1c(=O)oc2cc3ncnc(Nc4ccc(Oc5cccc(C(F)(F)F)c5)c(Cl)c4)c3cc21,CHEMBL3945555,False,6.8,,1
UUBGEOAHQOBCDH-UHFFFAOYSA-N,O=C(CBr)OCCn1c(=O)oc2cc3ncnc(Nc4ccc(NC(=O)N5CCCCC5)cc4)c3cc21,CHEMBL3960786,False,5.03,,1
TZYIEAQKOJXMIB-UHFFFAOYSA-N,C#Cc1cccc(Nc2ncnc3cc4oc(=O)n(CCOC(=O)CBr)c4cc23)c1,CHEMBL3910361,False,5.28,,1
HVDZCCXJWIROKH-UHFFFAOYSA-N,O=C(CBr)OCCn1c(=O)oc2cc3ncnc(Nc4ccc(N5CCOCC5)c(Cl)c4)c3cc21,CHEMBL3965948,False,8.0,,1
KIWLNXLVLDAZRB-UHFFFAOYSA-N,CCOc1cc(-c2nn(CCO)c3ncnc(N)c23)ccc1OC,CHEMBL1242753,False,5.1,,1
XKQMUBZLWVCRQI-AWCRTANDSA-N,Cc1cc(C(=O)N[C@@H]2[C@H]3Oc4ccc(Oc5ccnc6c5CCC(=O)N6)cc4[C@@H]23)ccc1CN1CCN(C)CC1,CHEMBL5863733,False,8.92,0.40278199231511475,3
TWMBIUXHLWHJHL-BOHBYMACSA-N,CC1CN(Cc2ccc(C(=O)N[C@@H]3[C@H]4Oc5ccc(Oc6ccnc7c6CCC(=O)N7)cc5[C@@H]34)cc2C(F)(F)F)CC(C)N1C(=O)OC(C)(C)C,CHEMBL5779745,False,8.72,0.5220472520120504,3
YPKSXIZCNAQXIR-UHFFFAOYSA-N,Fc1c(Nc2ncnc3cc4c(cc23)OCCO4)ccc(Cl)c1Br,CHEMBL4762453,False,7.695,0.13435028842544464,2
CJRAVDZBPHZSKH-MISNIXSYSA-N,C[C@@H]1CN(Cc2ccc(C(=O)N[C@@H]3[C@H]4Oc5ccc(Oc6ccnc7c6CCC(=O)N7)cc5[C@@H]34)cc2C(F)(F)F)CCN1,CHEMBL5755291,False,9.16,0.40278199231511475,3
MAXXXDSMDPPTEE-UHFFFAOYSA-N,C=c1c(C(=O)NCCN(CC)CC)c(C)[nH]c1=Cc1c(O)[nH]c2ccc(F)cc12,CHEMBL535,True,6.85,1.437300710823359,3
GQWVZXYZPPWMNU-UHFFFAOYSA-N,ON=C(O)CCCCCCn1cc(-c2ccc3ncnc(Nc4ccc(OCc5nccs5)c(Cl)c4)c3c2)nn1,CHEMBL3902778,False,8.44,,1
TUTCULUSRKMBLE-JWQCQUIFSA-N,CC[C@@H]1[C@H](NC(=O)N(C)C)CCCN1c1cnc(C(N)=O)c(Nc2ccc(C3CCN(C4CCC4)CC3)cc2)n1,CHEMBL5875975,False,6.26,,1
OFGZPVYGAPRKLT-UHFFFAOYSA-N,Cc1oc2ncnc(Nc3ccc(OCc4cccc(F)c4)c(Cl)c3)c2c1C(=O)O,CHEMBL4293326,False,6.02,,1
GQRSFWSTSXVQHQ-UHFFFAOYSA-N,C=CC(=O)Nc1cccc(-n2c(=O)c(C3CCCCC3)nc3cnc(Nc4cccc(N5CCN(C)CC5)c4)nc32)c1,CHEMBL5088574,True,6.47,,1
PFVSUJLJFXJPMF-XYBZCDGXSA-N,C/C=C(\C)[C@H](O)[C@H](C)/C=C(C)/C=C/CC(C)=CCc1oc(OC)c(C)c(=O)c1C,CHEMBL1817965,False,6.255,0.10606601717798238,2
SUXYGJZMCWKJJI-UHFFFAOYSA-N,CNC(=O)c1ncc(C#Cc2cc(C(=O)Nc3ccc(CN4CCN(CCO)CC4)c(C(F)(F)F)c3)ccc2C)n1C,CHEMBL1784637,False,6.13,,1
ZPSWYIUCRQOXDP-UHFFFAOYSA-N,CCOc1cc2ncc(C#N)c(Nc3ccc(F)c(Cl)c3)c2cc1NC(=O)CCCCC1CCSS1,CHEMBL4463005,False,6.26,0.0,2
CRSYKTDYLTZPGM-JOCHJYFZSA-N,N#Cc1cnc2cc(OC[C@H](O)CO)c(NC(=O)C3CSSC3)cc2c1Nc1ccc(OCc2cccc(F)c2)c(Cl)c1,CHEMBL4519305,False,6.26,0.8558504542266717,5
KVMBBUXCOHWOBJ-DHIUTWEWSA-N,N#Cc1cnc2cc(OC[C@H](O)CO)c(NC(=O)C[C@H]3CCSS3)cc2c1Nc1ccc(OCc2cccc(F)c2)c(Cl)c1,CHEMBL5876067,False,6.779999999999999,0.7353910524340092,2
WCNVEOXERDZIOX-UHFFFAOYSA-N,CCOc1cc2ncc(C#N)c(Nc3cccc(Br)c3)c2cc1OC,CHEMBL111443,False,4.67,,1
BUHRXTFCHFVRAR-VMPITWQZSA-N,COc1ccc(/C=C/C(=O)OCCn2c([N+](=O)[O-])cnc2C)cc1,CHEMBL1173713,False,4.96,,1
LNBBRDJTXFKNTH-UHFFFAOYSA-N,COCCn1c(=O)oc2cc3ncnc(Nc4ccc(F)c(F)c4)c3cc21,CHEMBL3612563,False,7.58,,1
YLMKDUHUYYITGE-UHFFFAOYSA-N,C=CC(=O)Nc1cc(Nc2cc[nH]n2)nc(-c2ccccc2)n1,CHEMBL3604917,True,6.05,,1
AEFWYAYAEQSTQD-UHFFFAOYSA-N,CCC(=O)Nc1cccc(-c2nc(Nc3cc[nH]n3)c3ccccc3n2)c1,CHEMBL3604915,False,5.43,,1
LRTVXQVIODSZCS-NSCUHMNNSA-N,COc1cc2ncnc(Nc3ccc(F)c(Cl)c3)c2cc1NC(=O)/C=C/CNC1CC1,CHEMBL3622665,True,8.68,,1
CXDDCGQBCOYFSQ-ONEGZZNKSA-N,COc1cc2ncnc(Nc3ccc(F)c(Cl)c3)c2cc1NC(=O)/C=C/CN(C)C1CC1,CHEMBL3622653,True,7.57,,1
WBQXMUQWWMPSJG-CDJQDVQCSA-N,COCCOc1cc2ncnc(Nc3ccc(NC(=O)/C=C/CN(C)C)c(C(F)(F)F)c3)c2cc1NC(=O)/C=C/CN(C)C,CHEMBL3622634,True,6.99,,1
IQBRGLWFYKADCE-UHFFFAOYSA-N,CCOC(=O)C(C=NC(=O)Nc1ccc(C(=O)Nc2ccc3ncnc(Nc4ccc(F)c(Cl)c4)c3c2)cc1)C(=O)OCC,CHEMBL3633942,False,5.84,,1
FYCRLNBEUFLEDZ-UHFFFAOYSA-N,CNN1C(=O)c2c(c3c4cccc(O)c4n(C4OC(CO)C(O)C(O)C4O)c3c3[nH]c4c(O)cccc4c23)C1=O,CHEMBL277667,False,4.0,,1
KEDULXWYBUCCKH-UHFFFAOYSA-N,C=CC(=O)N1CCC(Oc2cc3c(Nc4ccc(F)c(Cl)c4F)ncnc3cc2OCCC)CC1,CHEMBL3940089,True,9.15,,1
ZUYTYXOKIWZBIE-UHFFFAOYSA-N,O=C(Nc1ccc2ncnc(Nc3cccc(Cl)c3)c2c1)C1CCC2(CC1)OOC1(O2)C2CC3CC(C2)CC1C3,CHEMBL4094823,False,7.49,,1
VGXYFFSSAKDCSX-UHFFFAOYSA-N,Cc1cccc(Nc2ncnc3ccc(NC(=S)NCc4ccccc4)cc23)c1,CHEMBL4072769,False,7.43,,1
OFQXUBZKUZBPCS-UHFFFAOYSA-N,NS(=O)(=O)c1ccc(NC(=S)Nc2ccc3ncnc(Nc4cccc(Br)c4)c3c2)cc1,CHEMBL4075103,False,8.02,,1
AEZNBDUDPANFNW-UHFFFAOYSA-N,O=S(=O)(Nc1nccs1)c1ccc(NC(=S)Nc2ccc3ncnc(Nc4cccc(Br)c4)c3c2)cc1,CHEMBL4101774,False,7.66,,1
POYJJGBBXYWWNI-UHFFFAOYSA-N,CC(C)CC(NC(=O)OC(C)(C)C)C(=O)Nc1ccc2ncnc(Nc3cccc(Br)c3)c2c1,CHEMBL4091010,False,6.84,,1
OGNYUTNQZVRGMN-UHFFFAOYSA-N,COc1cc2c(Nc3ccc(NC(=O)c4ccccc4)cc3)ncnc2cc1OCCCN1CCOCC1,CHEMBL202721,False,6.96,,1
PWQAYVPGWSRNKH-UHFFFAOYSA-N,Clc1ccc(C2=NN(c3ccccc3)C(c3ccc4ccccc4c3)C2)cc1Cl,CHEMBL2325101,False,7.3,,1
ZFTKFOAKOQEOAJ-UHFFFAOYSA-N,Brc1ccc(C2=NN(c3ccccc3)C(c3ccc4ccccc4c3)C2)cc1,CHEMBL2325098,False,6.15,,1
DGQAUJVXLDIUGP-UHFFFAOYSA-N,COc1ccccc1C(=O)NCc1ccc(-c2nn(C3CC4CC4C3)c3ncnc(N)c23)cc1,CHEMBL5852751,False,7.26,0.0,2
IYWIXTKITRLKTP-UHFFFAOYSA-N,COc1ccccc1C(=O)NCc1ccc(-c2nn(C3CCCC3)c3ncnc(N)c23)cc1F,CHEMBL5801421,False,6.26,0.0,2
PFXMWFGUBAGIJP-ONEGZZNKSA-N,CNc1nc(C)c(C(=O)/C=C/c2ccsc2)s1,CHEMBL4797515,False,6.84,,1
VRWFLNVDDMVVDA-UHFFFAOYSA-N,O=C(NCCc1ccc(O)c(Br)c1)C(Cc1cc(Br)c(O)c(Oc2ccc(CCNC(=O)C(Cc3cc(Br)c(O)c(-c4cc(CC(=NO)C(=O)NCCc5ccc(O)c(Br)c5)cc(Br)c4O)c3)=NO)cc2Br)c1)=NO,CHEMBL2333163,False,6.22,,1
YZHVMIJXSAQUTB-UHFFFAOYSA-N,CNC(=O)CCc1c(SSc2[nH]c3ccccc3c2CCC(=O)NC)[nH]c2ccccc12,CHEMBL345203,False,5.03,,1
UGPMQXFFYNSPKA-UHFFFAOYSA-N,C=CC(=O)Nc1cccc(Oc2nc(Nc3[nH]nc4ccccc34)cc(N3CCN(C(C)=O)CC3)n2)c1,CHEMBL3604941,True,5.44,,1
XAHPALMHNPFXGR-UHFFFAOYSA-N,C=CC(=O)Nc1cc(Nc2nccc(-c3cn(C)c4ccccc34)n2)c(OC)cc1N1CCN(C)CC1,CHEMBL3604943,True,8.7,,1
XWIBUYWBNYHQIW-UHFFFAOYSA-N,COc1ccc(NC(c2ccc(OC)cc2)n2c(=O)ccc3cc(O)ccc32)cc1,CHEMBL4863109,False,5.28,,1
RTKPDXKAUDKKHK-UHFFFAOYSA-N,C=CC(=O)N1CC(Nc2nc(-c3cnn(C)c3)c3c(c2F)CNC3=O)CCC1C,CHEMBL5853228,True,5.17,,1
OZYAMZNWANOCBT-UHFFFAOYSA-N,Cc1ccc(C2=NN(C3=NC(c4ccccc4)CS3)C(c3ccc4ccccc4c3)C2)cc1C,CHEMBL3263373,False,6.19,,1
SBLCJXLAHDIZPM-UHFFFAOYSA-N,Cc1ccc(C2=NN(c3nc(O)cs3)C(c3ccc4ccccc4c3)C2)cc1C,CHEMBL3263380,False,6.92,,1
PESGYQPPVSGESM-UHFFFAOYSA-N,C=CC(=O)N1CCC(Oc2cc3c(Nc4ccc(Cl)c(-c5cnco5)c4)c(C#N)cnc3cc2OC)CC1,CHEMBL6048885,True,6.07,0.45191813417918913,5
OQFRUJCFZJQAGM-UHFFFAOYSA-N,C=CC(=O)N1CCC(Oc2cc3c(Nc4ccc(Cl)c(-c5cnco5)c4)ncnc3cc2OC)CC1,CHEMBL5819312,True,6.15,0.7775281345391948,6
PHBGPFOCLNZBNW-UHFFFAOYSA-N,Cc1ccc(C(=O)Nc2ccc(CN3CCN(C)CC3)c(C(F)(F)F)c2)cc1NC(=O)c1cnc(Nc2ccccc2)nc1,CHEMBL3234750,False,8.22,,1
XMTCFSFHPPARKV-UHFFFAOYSA-N,Cc1ccc(C(=O)Nc2ccc(CN3CCN(C)CC3)c(C(F)(F)F)c2)cc1NC(=O)c1cnc2[nH]ccc2c1,CHEMBL3234752,False,8.1,,1
VSADFXZBXNTHOQ-HDICACEKSA-N,Cn1cc(-c2cc(C(=O)Nc3nc4ccccc4n3[C@H]3CC[C@@H](O)CC3)ccn2)cn1,CHEMBL6029813,False,7.865,1.4750225986969374,4
FWHFWWBFXWMKRD-UHFFFAOYSA-N,Cn1cc(-c2cc(C(=O)Nc3nc4cc(C5CCCOC5)ccc4n3CC(C)(C)O)ccn2)cn1,CHEMBL5865099,False,7.03,1.426966479400737,3
XBAAZPRQPZXINZ-UHFFFAOYSA-N,COC(=O)Cc1ccc2c(c1)nc(NC(=O)c1ccnc(-c3cnn(C)c3)c1)n2CC(C)(C)O,CHEMBL5891448,False,7.06,1.825303627710561,3
IKUFIGKDUOXFCR-UHFFFAOYSA-N,CN1CCC(c2ccc3c(c2)nc(NC(=O)c2ccnc(-c4cccnc4)c2)n3C2CCCC2)CC1,CHEMBL5994405,False,7.56,1.769755161973919,3
XXAOZNYOAOEUOS-UHFFFAOYSA-N,CC(C)Cn1c(NC(=O)c2ccnc(-c3cnn(C)c3)c2)nc2ccccc21,CHEMBL5893361,False,7.585000000000001,1.0045562867920013,4
OXVUBWCTGRHLFD-UHFFFAOYSA-N,Cc1c(-c2cc(C(=O)Nc3nc4ccccc4n3CC(C)(C)O)ccn2)cnn1C,CHEMBL5783119,False,6.96,1.423428958536393,5
IGKFSFDGSNFEBQ-UHFFFAOYSA-N,CC(C)(O)Cn1c(NC(=O)c2ccnc(-c3cnn4cccnc34)c2)nc2ccccc21,CHEMBL5755984,False,6.535,2.0011121907579295,2
RPXCOUQIQQUYPQ-BGYRXZFFSA-N,O=C(Nc1nc2ccccc2n1[C@H]1CC[C@@H](O)CC1)c1ccnc(-c2ccccc2)c1,CHEMBL6007714,False,7.34,1.1452656169349251,3
MNKXJRHNWQDPEM-UHFFFAOYSA-N,Cc1cc(C(=O)Nc2nc3ccc(CN4CCN(C)CC4)cc3n2C2CCCCC2)cc(-c2cnn(C)c2)n1,CHEMBL5993712,False,9.3,1.7034181322662185,3
SCNSTJJOCSEKLM-UHFFFAOYSA-N,CN(C)Cc1cccc(-c2cc(C(=O)Nc3nc4ccccc4n3CC(C)(C)O)ccn2)c1,CHEMBL5786240,False,7.265000000000001,1.6203163271410927,4
KVCGGLLCKZTAGE-OALUTQOASA-N,COc1ccccc1-c1cc(C(=O)Nc2nc3ccccc3n2[C@H]2CCC[C@H](O)C2)ccn1,CHEMBL6020978,False,8.275,1.0960155108391492,2
RJNAOACZXFPIEL-ZWKOTPCHSA-N,Cn1cc(-c2cc(C(=O)Nc3nc4ccccc4n3[C@H]3CCC[C@@H](O)C3)ccn2)cn1,CHEMBL5861063,False,7.515,1.2782898732290733,4
DDISYYRYIPHZFG-CALCHBBNSA-N,Cn1cc(-c2cc(C(=O)Nc3nc4ccccc4n3[C@H]3CC[C@@H](O)CC3)cc(Cl)n2)cn1,CHEMBL5944318,False,7.18,1.9374725804511408,2
LSFWSBYKIMLFEZ-KDURUIRLSA-N,O=C(Nc1nc2ccccc2n1[C@H]1CC[C@@H](O)CC1)c1ccnc(-c2ccncc2)c1,CHEMBL5785378,False,7.465,1.3222896808188442,2
HKRCPDWUCJCKOF-HDICACEKSA-N,O=C(Nc1nc2ccccc2n1[C@H]1CC[C@@H](O)CC1)c1ccnc(-c2ccc(F)cc2F)c1,CHEMBL5812562,False,7.42,1.272792206135786,2
MAVIANABQNKRGQ-UHFFFAOYSA-N,Cn1cc(-c2cc(C(=O)Nc3nc4cc(CCCO)ccc4n3CC(C)(C)O)ccn2)cn1,CHEMBL5802290,False,6.965,1.6192745289171933,2
YJABCMLNSSTCHS-UHFFFAOYSA-N,O=C1c2cc(Oc3ccc(N4CCNCC4)cc3)ccc2Nc2ccc(F)cc2N1Cc1ccccc1,CHEMBL4530686,False,5.4,,1
IXGSOHPHTSESPK-MMQQXXMXSA-N,CC(C)=CC[C@@H](OC(=O)/C=C\C(=O)c1ccc(F)cc1)C1=CC(=O)c2c(O)ccc(O)c2C1=O,CHEMBL4463094,False,7.64,,1
TZMRIHASUCILER-VLRJHWBUSA-N,CC(C)=CC[C@@H](OC(=O)/C=C\C(=O)c1ccc(C)c(F)c1)C1=CC(=O)c2c(O)ccc(O)c2C1=O,CHEMBL4571687,False,6.97,,1
ZKLSCHMMVACOLD-UHFFFAOYSA-N,C=CC(=O)Nc1cccc(Nn2cc3c(c2F)NCC(=O)C3Nc2ccc(N3CCN(CC(C)O)CC3)cc2)c1,CHEMBL5743153,True,5.52,,1
MMGHNPDARVPUOA-UHFFFAOYSA-N,C=CC(=O)N1CC(Oc2cc3c(Nc4ccc(OC(F)(F)F)c(Cl)c4)ncnc3cc2OC)C1,CHEMBL5968968,True,6.725,0.1537530487502604,6
DVBRORLRXBJHPY-UHFFFAOYSA-N,C=CC(=O)N1CCC(Oc2cc3c(Nc4cccc(C5CC5)c4)ncnc3cc2OC)C1,CHEMBL5741413,True,5.885,0.35096533542027586,6
ACQGRWSJSVUXTG-UHFFFAOYSA-N,C=CC(=O)N1CC(Oc2cc3c(Nc4ccc(Cl)c(-c5cnco5)c4)ncnc3cc2OC)C1,CHEMBL5746601,True,6.8,0.45212461409070226,6
WPUSIIBYJKZMJL-UHFFFAOYSA-N,C=CC(=O)N1CCC(Oc2cc3c(Nc4ccc(C(F)(F)F)cc4)ncnc3cc2OC)CC1,CHEMBL6033841,True,6.025,0.9581162072873343,6
OXGDHKSMLHNHAL-UHFFFAOYSA-N,C=CC(=O)N1CC(Oc2cc3c(Nc4cccc5cnn(C)c45)ncnc3cc2OC)C1,CHEMBL5901984,True,4.845000000000001,0.49236673323854857,4
VUXIBUUJIDDAAC-UHFFFAOYSA-N,C=CC(=O)N1CC(Oc2cc3c(Nc4ccc(Cl)c(CO)c4)ncnc3cc2OC)C1,CHEMBL6005198,True,6.41,0.33884608108500625,6
HQWCPDUIKCIHEE-MRXNPFEDSA-N,C=CC(=O)N1CC[C@@H](Nc2nnc(C(N)=O)c(Nc3ccc(C(=O)N4CCOCC4)cc3)n2)C1,CHEMBL6013821,True,7.26,,1
SUBNLERWESOYMX-YRNVUSSQSA-N,ON=C(O)/C=C/c1ccc(-c2ccc3ncnc(Nc4ccc(OCc5cccc(F)c5)c(Cl)c4)c3c2)s1,CHEMBL1630108,True,8.32,,1
ZCAVBCPDPBXUJS-UHFFFAOYSA-N,CN1CCN(CCC(=O)Nc2ccc3ncnc(Nc4cccc(Br)c4)c3c2)CC1,CHEMBL2031300,False,9.64,,1
WHNBMDXDKOQHCS-UHFFFAOYSA-N,CCOc1cc2ncnc(Nc3ccc(F)c(Cl)c3)c2cc1NC(=O)CCN1CCOCC1,CHEMBL2031305,False,9.54,,1
ZDTMGSSRQLKYTK-FVRDMJKUSA-N,COc1cc2c(Nc3ccc(Cl)c(Cl)c3F)ncnc2cc1OC[C@@H]1CN2CCCCC2C(=O)N1,CHEMBL3900059,False,6.28,,1
VXJCKEGWFQFYGD-WHUIICBVSA-N,COc1cc2c(Nc3ccc(Cl)c(Cl)c3F)ncnc2cc1OC[C@@H]1CN2CCCC2C(=O)N1,CHEMBL3945072,False,6.28,,1
AVHNHPHSQMBYAJ-UHFFFAOYSA-N,CC(C)(N)C(=O)NCCn1ccc2ncnc(Nc3ccc(Oc4cccc5sncc45)c(Cl)c3)c21,CHEMBL2048912,False,8.59,,1
AAGKMGNYUYCEPD-UHFFFAOYSA-N,CC(=O)NCCn1ccc2ncnc(Nc3ccc(Oc4cccc5sncc45)c(Cl)c3)c21,CHEMBL2048906,False,8.54,,1
BRVZEAPSOITWNA-UHFFFAOYSA-N,OCCn1ccc2ncnc(Nc3ccc(Oc4cccc5cc(O)[nH]c45)c(Cl)c3)c21,CHEMBL2048795,False,8.55,,1
FMDQBAXOPXWFEH-UHFFFAOYSA-N,COc1cc2ncnc(Nc3ccc(F)c(Cl)c3)c2cc1S(=O)(=O)CCCCCCC(O)=NO,CHEMBL596755,False,7.81,,1
HDBSHKDWWYJNGT-UHFFFAOYSA-N,CN(CCOS(=O)(=O)CCc1cn(CCCC(=O)N2CCN(C(=O)c3cc(Cc4n[nH]c(=O)c5ccccc45)ccc3F)CC2)nn1)c1ccc2ncnc(Nc3cccc(Br)c3)c2c1,CHEMBL4647257,False,6.49,,1
GUKZFIAHQBVXRC-UHFFFAOYSA-N,Cc1ccc(-n2cc(NC(=O)c3ccc(NS(=O)(=O)c4ccccc4)cc3)cn2)cc1,CHEMBL4470214,False,4.74,,1
OLFCQYWRYABVJP-UHFFFAOYSA-N,O=C(Nc1cnn(-c2ccccc2)c1)c1cccc(NS(=O)(=O)c2ccc(Cl)cc2)c1,CHEMBL4439053,False,4.98,,1
GKIRPKYJQBWNGO-OCEACIFDSA-N,CCN(CC)CCOc1ccc(/C(=C(/Cl)c2ccccc2)c2ccccc2)cc1,CHEMBL954,False,5.98,,1
BLJHEYUPQJFKPH-PLQXJYEYSA-N,Cc1cc(C(=O)Nc2nc3ccc(C4CCN(C)CC4)cc3n2[C@H]2CC[C@@H](O)CC2)cc(-c2cnn(C)c2)n1,CHEMBL5969707,False,9.4,1.6005311618334706,3
OGMCMDPGFSKWAJ-UHFFFAOYSA-N,CC(C)(O)Cn1c(NC(=O)c2ccnc(-c3cccnc3)c2)nc2ccccc21,CHEMBL4449589,False,6.800000000000001,1.2562510364838178,4
WPDQGDJJVZFPTQ-HSZRJFAPSA-N,C=CC(=O)N1CCC[C@@H](Oc2nc(Nc3ccc(N4CCN(C(C)=O)CC4)cc3)nc3[nH]cc(-c4cncc(NC)n4)c23)C1,CHEMBL4469900,True,6.3,,1
BAGFJAHULYYFOE-UHFFFAOYSA-N,O=C(Nc1ccccc1)NN1C(=O)c2c(c3c4cccc(O)c4n(C4OC(CO)C(O)C(O)C4O)c3c3[nH]c4c(O)cccc4c23)C1=O,CHEMBL19978,False,4.02,,1
XTRQLWDUMOTTDA-OAQYLSRUSA-N,C=CC(=O)N1CCC[C@@H](Oc2nc(Nc3ccc(N4CCOCC4)cc3)nc3[nH]cc(-c4cncc(NC)n4)c23)C1,CHEMBL4458344,True,6.86,,1
VVMHHKDXTBDEPF-UHFFFAOYSA-N,CN1CCN(C2CCN(c3ccc(Nc4ncc(Cl)c(Nc5ccccc5P(C)(C)=O)n4)cc3C(F)F)CC2)CC1,CHEMBL5078816,False,6.7,,1
KNIUAFLGBIBCIS-UHFFFAOYSA-N,CC(=O)N1CCC(c2ccc3c(c2)nc(NC(=O)c2ccnc(-c4cnn(C)c4C)c2)n3CC(C)(C)O)CC1,CHEMBL6056421,False,7.46,1.2231652927275742,3
JCJCSOXXSPYEKN-UHFFFAOYSA-N,CN(C)Cc1ccc2c(c1)nc(NC(=O)c1ccnc(-c3cnn(C)c3)c1)n2CC(C)(C)O,CHEMBL5967291,False,6.72,1.2304877081872863,3
DTWVBUMCITZCIB-UHFFFAOYSA-N,COc1ccccc1-c1cc(C(=O)Nc2nc3ccccc3n2CC(C)(C)O)ccn1,CHEMBL5914292,False,7.99,1.7337916060857297,3
AMRMZQYHUGBUGI-KDURUIRLSA-N,COc1ccccc1-c1cc(C(=O)Nc2nc3ccccc3n2[C@H]2CC[C@@H](O)CC2)ccn1,CHEMBL5790363,False,7.85,1.3267755399212535,4
NEUSVAOJNUQRTM-UHFFFAOYSA-N,CCCCCCCCCCCCCCCC[n+]1ccccc1,CHEMBL334255,False,5.46,,1
PRZLEKLCDRWYFK-UHFFFAOYSA-N,C=CC(=O)N1CCC2(CC1)CNC(=O)c1cc(-c3ccnc(-c4ccc5c(c4)OCO5)n3)[nH]c12,CHEMBL5085136,True,7.37,,1
WYOYMQNZXJZTGB-UHFFFAOYSA-N,CN1CCN(C2CCN(c3ccc(Nc4ncc(Br)c(Nc5ccccc5P(C)(C)=O)n4)cc3Cl)CC2)CC1,CHEMBL5091683,False,6.95,,1
NSTCAXPRTTYSFG-ZVAVEHQWSA-N,C[C@@H]1C[C@H]2[C@@H]3CC=C4CC(=O)C=C[C@]4(C)C3=CC[C@]2(C)C1C(=O)CN1CCN(c2cc(N3CCCC3)nc(N3CCCC3)n2)CC1,CHEMBL1630578,False,4.69,,1
OLKRLSAMGXNHHB-UHFFFAOYSA-N,Cc1cc(Nc2ncc(Cl)c(Nc3ccccc3P(C)(C)=O)n2)cnc1N1CCC(N2CCN(C)CC2)CC1,CHEMBL5087931,False,6.47,,1
NIPWAVUDLFTENM-UHFFFAOYSA-N,C=CC(=O)Nc1ccc2ncnc(N3CCc4ccc(Br)cc43)c2c1,CHEMBL51741,True,9.4,,1
PENAJAQLAALQQB-KRWDZBQOSA-N,C=CC(=O)N1CCCC[C@H]1c1nc(-c2ccc(C(=O)Nc3cc(Cl)ccn3)cc2)c(C(N)=O)n1N,CHEMBL4860527,True,6.75,,1
WIZIQUFUGUEWKY-KRWDZBQOSA-N,C=CC(=O)N1CCCC[C@H]1c1nc(-c2ccc(C(=O)Nc3cc(C(F)(F)F)ccn3)cc2)c(C(N)=O)n1N,CHEMBL4864983,True,6.36,,1
UGPLVKHFTDOSOG-SFHVURJKSA-N,CC#CC(=O)N1CCCC[C@H]1c1nc(-c2ccc(C(=O)Nc3cc(C(F)(F)F)ccn3)cc2)c(C(N)=O)n1N,CHEMBL4847730,False,4.93,,1
WDENQIQQYWYTPO-IBGZPJMESA-N,CC#CC(=O)N1CCC[C@H]1c1nc(-c2ccc(C(=O)Nc3ccccn3)cc2)c2c(N)nccn12,CHEMBL3707348,False,5.45,,1
NEVHAZBPBSUENX-UHFFFAOYSA-N,CCOc1cc2ncnc(Nc3cccc(-c4cncs4)c3)c2cc1OCC,CHEMBL340862,False,7.96,,1
ARTXCXRRTXRAOJ-UHFFFAOYSA-N,COc1ccc(C2=NN(c3ccccc3)C(c3ccc4ccccc4c3)C2)cc1,CHEMBL2325099,False,6.92,,1
NCIQGHZNVPEPHS-UHFFFAOYSA-N,Clc1ccc(C2=NN(c3ccccc3)C(c3cccc4ccccc34)C2)cc1,CHEMBL2325090,False,6.17,,1
AXCWTPZBNBDGJR-UHFFFAOYSA-N,COc1ccc(C2=NN(C(N)=S)C(c3cccc4ccccc34)C2)cc1,CHEMBL2325106,False,6.8,,1
VKFHLVGNIPONMR-UHFFFAOYSA-N,COCC#CC(=O)Nc1ccc2ncnc(Nc3cccc(Br)c3)c2c1,CHEMBL91009,False,8.05,,1
XIBZQFWTFLOHJD-UHFFFAOYSA-N,Nc1ncnc2c1c(-c1ccccc1)cn2C(CO)Cc1ccccc1,CHEMBL171311,False,6.36,,1
IMPYDMBLVWLTOI-UHFFFAOYSA-N,COc1cc(N2CCNCC2)ccc1Nc1ncc(Cl)c(Nc2ccccc2NS(C)(=O)=O)n1,CHEMBL5973020,False,7.52,0.9891873769244464,4
HOMBUEPXSDZARQ-UHFFFAOYSA-N,COc1cc(N2CCC(N3CCCC3)CC2)ccc1Nc1ncc(Cl)c(Nc2ccccc2NS(C)(=O)=O)n1,CHEMBL5972461,False,8.08,0.703159536188861,3
MACKJBHSMLAAGO-UHFFFAOYSA-N,Cn1c(=O)c(-c2c(Cl)cccc2Cl)cc2cnc(Nc3ccccc3)nc21,CHEMBL301612,False,6.845000000000001,0.3747665940288707,2
OTHRROXESNEIGR-UHFFFAOYSA-N,C=CC(=O)N1CC(Nc2nc(Nc3ccc(N4CCOCC4)c(F)c3)c3c(c2F)CNC3=O)CCC1C,CHEMBL5855771,True,5.39,0.3535533905932738,2
AFQLFRQVPNTTHV-UHFFFAOYSA-N,C=CC(=O)Nc1cccc(-c2cccc3cnc(Nc4ccc(N5CCN(C)CC5)c(C(N)=O)c4)nc23)c1,CHEMBL5947149,True,6.52,,1
BFRZHSWXTMOYRY-UHFFFAOYSA-N,O=C1NC(C(=O)Nc2cc3c(Nc4ccc(F)c(Cl)c4)ncnc3cc2OCCCN2CCOCC2)CO1,CHEMBL3818289,False,8.34,,1
AMKUXKLKCBIHIX-UHFFFAOYSA-N,COc1cc2ncc(C#N)c(Nc3cccc(C(C)C)c3)c2cc1OC,CHEMBL109625,False,4.21,,1
NUHNAYHKKZJTDS-UHFFFAOYSA-N,C=CC(=O)N1CCC(Oc2cc3c(Nc4ccc(C(F)(F)F)cc4)ncnc3cc2OC)C1,CHEMBL5907345,True,6.119999999999999,0.49497474683058373,2
UMDSDVLGWVPCHN-UHFFFAOYSA-N,C=CC(=O)N1CCC(Oc2cc3c(Nc4cccc(CO)c4)c(C#N)cnc3cc2OC)CC1,CHEMBL5968807,True,5.58,0.2986134625230414,5
CPSQLZNAKAOGOX-UHFFFAOYSA-N,C=CC(=O)N1CCC(Oc2cc3c(Nc4ccc(Cl)cc4Cl)ncnc3cn2)C1,CHEMBL5888426,True,5.779999999999999,1.018233764908629,2
CISJBDCCOIMBGW-UHFFFAOYSA-N,COc1cc2ncc(C(=O)O)c(Nc3cccc(Br)c3)c2cc1OC,CHEMBL541988,False,4.765,0.41719300090006295,2
UMAUXDSUHUAKMF-UHFFFAOYSA-N,N#Cc1cnc2cc(O)c(O)cc2c1Nc1cccc(Br)c1,CHEMBL111586,False,6.46,,1
KXQYGHZAGFHMDJ-ONEGZZNKSA-N,CN(C)C/C=C/C(=O)Nc1ccc2ncc(C#N)c(Nc3ccc(F)c(Cl)c3)c2c1,CHEMBL323630,True,6.19,0.0,3
VLSZZLZNMMNEAM-UHFFFAOYSA-N,Cc1ccc(C2=NN(C3=NC(c4ccccc4)CS3)C(c3cccc4ccccc34)C2)cc1C,CHEMBL3263359,False,5.4,,1
XDRQNAVXHXQFBA-UHFFFAOYSA-N,C=CC(=O)N1CC(Oc2ccc3ncnc(Nc4ccc(Cl)c(Cl)c4)c3n2)C1,CHEMBL6031696,True,6.77,0.5126564801762157,6
CANUXFBJESAWLP-UHFFFAOYSA-N,C=CC(=O)Nc1cc2c(Nc3ccc(F)c(F)c3F)ncnc2cc1OCC1CCN(C(C)=O)CC1,CHEMBL3671481,True,7.58,0.0,2
QDWNPAKTSXJRNC-ZEQRLZLVSA-N,Cc1cc(C(=O)Nc2nc3cc(CN4CCOCC4)ccc3n2[C@H]2CCC[C@H](O)C2)cc(-c2cnn(C)c2)n1,CHEMBL6028850,False,6.665,2.0152543263816605,2
WVOVCPJQJLMEQC-VABKMULXSA-N,Cc1cccc(F)c1C(=O)N[C@@H]1[C@H]2Oc3ccc(Oc4ccnc5c4CCC(=O)N5)cc3[C@@H]12,CHEMBL6020779,False,6.095000000000001,0.261629509039023,2
BUTQOIKDMKIAMT-UHFFFAOYSA-N,COc1cc(N2CCC(N)CC2)ccc1Nc1ncc(C(=O)OC(C)C)c(-c2cn(C)c3ccccc23)n1,CHEMBL5287229,False,9.46,0.0,2
RKOUWTODJFUNPG-UHFFFAOYSA-N,COC(=O)c1cnc(Nc2ccc(N3CCN(C)CC3)cc2OC)nc1-c1cn(C)c2ccccc12,CHEMBL5269375,False,7.64,,1
XSSFJJGTQLRBOH-HXUWFJFHSA-N,C=CC(=O)N1CCC[C@@H](n2nc(-c3ccc(Oc4ccc5cn(C)nc5c4)c(C)c3)c3c(N)ncnc32)C1,CHEMBL5564323,True,5.91,,1
JHULSUDSBNZWAW-AERCQKQUSA-N,C=CC(=O)N1[C@@H]2CC[C@H]1C[C@@H](n1nc(-c3ccc(Oc4ccc5c(c4)ncn5C)c(Cl)c3)c3c(C)ncnc31)C2,CHEMBL5542514,True,5.34,,1
IJFBHGXLWRHEKO-UHFFFAOYSA-N,Oc1csc(N2N=C(c3ccccc3)CC2c2ccc3ccccc3c2)n1,CHEMBL3263374,False,5.2,,1
YOJLXUCTDDKMGX-UHFFFAOYSA-N,COc1ccc(Sc2sc3nc(N)nc(N)c3c2C)cc1OC,CHEMBL5774604,False,4.82,0.0,2
OPWOMYTWSQZSDW-PIJUOVFKSA-N,C=CC(=O)N1C[C@H](Nc2nc(Nc3cnn(C)c3)c3c(c2F)CNC3=O)CCC1C,CHEMBL6050482,True,5.89,,1
LUNJZTRURCYHTD-UHFFFAOYSA-N,C=CC(=O)Nc1cc(-c2c(-c3ccccc3)oc3ncnc(NC4CCCC4)c23)ccc1OCCN(C)C,CHEMBL5398132,True,6.65,,1
LTSSAHINXFEDSM-UHFFFAOYSA-N,C=CC(=O)Nc1cc(-c2c(-c3ccccc3)oc3ncnc(NC4CC4)c23)ccc1N(C)CCN(C)C,CHEMBL5427961,True,7.6,,1
QPFCHPRFMFYYAG-UHFFFAOYSA-N,Cc1ccc(CN(C)c2ncnc3[nH]c(-c4ccc(CO)cc4)cc23)cc1,CHEMBL5414964,False,7.3,,1
QSGXWUVUDCSFIZ-UHFFFAOYSA-N,CN(Cc1ccccn1)c1ncnc2[nH]c(-c3ccc(CO)cc3)cc12,CHEMBL5403478,False,6.88,,1
ICHZOTCSPLJDJW-UHFFFAOYSA-N,C=CC(=O)Nc1cccc(-c2c(-c3ccccc3)oc3ncnc(NCCC(=O)OCC)c23)c1,CHEMBL5420947,True,6.42,,1
XUIURFLOJOHYAI-UHFFFAOYSA-N,C=CC(=O)Nc1cccc(-c2c(-c3ccccc3)oc3ncnc(NC4CCCCC4)c23)c1,CHEMBL5417638,True,6.59,,1
DSOCPJFEYRYKIA-KPKJPENVSA-N,CN(C)C/C=C/C(=O)Nc1cccc(-c2c(-c3ccccc3)oc3ncnc(NCCO)c23)c1,CHEMBL5436057,True,5.37,,1
IGFDTHYHUFNYTJ-UHFFFAOYSA-N,C=CC(=O)Nc1cccc(-c2c(-c3ccc(N(C)CCN(C)C)cc3)oc3ncnc(NCCO)c23)c1,CHEMBL5409123,True,7.6,,1
KTEDETIDNJUQIZ-UHFFFAOYSA-N,C=CC(=O)Nc1ccc(OC)c(Nc2cc(-c3[nH]c(SC)nc3-c3cccc(NC(=O)c4c(F)ccc(O)c4CN4C(=O)c5ccccc5C4=O)c3)ccn2)c1,CHEMBL5188399,True,6.25,1.5273506473629428,2
JSPJGKUIWGWCRE-UHFFFAOYSA-N,COc1cccc(-c2cn(-c3ccccc3)c3ncnc(N)c23)c1,CHEMBL172973,False,6.3,,1
INMBKJSYCMSQID-UHFFFAOYSA-N,CCOc1cc2nc(C)nc(Nc3cccc(-c4csc(C)n4)c3)c2cc1OCC,CHEMBL128027,False,5.05,,1
QXVKWNUDKOXNAG-UHFFFAOYSA-N,COc1cc(-c2nc(-c3ccc(-c4nc(-c5nnc(-c6ccncc6)o5)c[nH]4)cc3)no2)cc(OC)c1OC,CHEMBL5639966,False,6.99,,1
JKLQKNRCQWCSJT-UHFFFAOYSA-N,C=CC(=O)Nc1cccc(-c2c(-c3ccccc3)oc3ncnc(NC(C)C)c23)c1,CHEMBL5436101,True,6.7,,1
YGHKTUWZPBGQHE-UHFFFAOYSA-N,C=CC(=O)Nc1cc(-c2c(-c3ccccc3)oc3ncnc(NC(C)C)c23)ccc1N(C)CCN(C)C,CHEMBL5420948,True,7.6,,1
LXNNWXIWNJJJNZ-DHLKQENFSA-N,C=CC(=O)Nc1cc(-c2c(-c3ccccc3)oc3ncnc(N[C@H]4CCC[C@@H]4O)c23)ccc1N(C)CCN(C)C,CHEMBL5422592,True,7.6,,1
WMGCDPLNGZVVCJ-UHFFFAOYSA-N,C=CC(=O)Nc1cccc(-n2c(=O)c(Oc3ccccc3)nc3cnc(Nc4ccc(OC)cc4)nc32)c1,CHEMBL5083645,True,8.04,,1
VLYKWSMXOXFMGN-UHFFFAOYSA-N,C=CC(=O)Nc1cccc(-n2c(=O)c(C3CC3)nc3cnc(Nc4ccc(OCCOC)cc4)nc32)c1,CHEMBL5086054,True,6.33,,1
LBWHXYWCJVIIQS-UHFFFAOYSA-N,Cc1cc(C)n(-c2nc(Nc3ccc(Br)cc3)nc(N3CCOCC3)n2)n1,CHEMBL5612888,False,7.21,0.0,2
OAMFBPFNPBIRSI-UHFFFAOYSA-N,COc1cc(C2CCN(C)CC2)ccc1Nc1ncc(Cl)c(Nc2ccccc2NS(C)(=O)=O)n1,CHEMBL5956969,False,7.275,1.1778334630441887,4
BJALMMZJUQUAAE-UHFFFAOYSA-N,COc1cc(N2CCC(N3CCN(C(C)=O)CC3)CC2)ccc1Nc1ncc(Cl)c(Nc2ccccc2NS(C)(=O)=O)n1,CHEMBL5876051,False,7.27,1.243982181008501,4
SMQXTKSNVNONRG-BPJJOFIESA-N,O=C(/C=C/[C@@H]1CCCN1)N1CCc2c(sc3ncnc(Nc4ccc(F)c(Cl)c4)c23)C1,CHEMBL3655339,True,8.7,0.0,2
WZZFUXVTYMYBAM-WEVVVXLNSA-N,CC1CCCCN1C/C=C/C(=O)N1CCOc2cc3ncnc(Nc4ccc(OCc5cccc(F)c5)c(Cl)c4)c3cc21,CHEMBL4648924,True,6.75,,1
LRVQUKBVPJMLPP-UXBLZVDNSA-N,CCN(CC)C/C=C/C(=O)N1CCCOc2cc3ncnc(Nc4ccc(OCc5cccc(F)c5)c(Cl)c4)c3cc21,CHEMBL4636996,True,7.1,,1
LXKMHAORHTZYRQ-XBXARRHUSA-N,CN(C)C/C=C/C(=O)N1CCCOc2cc3ncnc(Nc4ccc(OCc5cccc(F)c5)c(Cl)c4)c3cc21,CHEMBL4634817,True,6.35,,1
HAZSHDZWYBFNQU-ZZXKWVIFSA-N,CN1CCN(C/C=C/C(=O)N2CCOc3cc4ncnc(Nc5ccc(OCc6cccc(F)c6)c(Cl)c5)c4cc32)CC1,CHEMBL4643111,True,7.785,0.615182899632297,2
IVARFDLBZFDLGD-UHFFFAOYSA-N,C=CC(=O)N1CCC(Oc2cc3c(Nc4ccc(Br)c(Cl)c4)c(C#N)cnc3cc2OC)CC1,CHEMBL6032261,True,7.76,0.32817170302551496,6
MHKDEGDGNKLQNQ-UHFFFAOYSA-N,C=CC(=O)N1CCC(Oc2cc3c(Nc4ccc(Cl)c(CO)c4)c(C#N)cnc3cc2OC)CC1,CHEMBL5863638,True,6.6,0.48728841562261677,5
LSINTKBBQZHTHM-FKBYEOEOSA-N,O=C1CCc2c(Oc3ccc4c(c3)[C@H]3[C@H](NC(=O)c5ccc(C(F)(F)F)cc5)[C@H]3O4)ccnc2N1,CHEMBL5875973,False,7.89,0.4765501022977543,3
DRWSMZPVRXENHA-KRUKBSHNSA-N,CN(C)[C@@H]1CCCN(Cc2ccc(C(=O)N[C@@H]3[C@H]4Oc5ccc(Oc6ccnc7c6CCC(=O)N7)cc5[C@@H]34)cc2C(F)(F)F)C1,CHEMBL5893218,False,9.0,0.3208322510804255,3
SNGAWCAYCWMWIK-FKBYEOEOSA-N,O=C1CCc2c(Oc3ccc4c(c3)[C@H]3[C@H](NC(=O)c5ccccc5F)[C@H]3O4)ccnc2N1,CHEMBL5872048,False,6.37,0.8010201828501783,3
JPHUTKJINPEEPQ-RQOWECAXSA-N,C/C=C\C(=O)Nc1ccc2ncnc(Nc3cccc(Br)c3)c2c1,CHEMBL329642,True,6.57,,1
AUUWQQUVNXOOMD-UHFFFAOYSA-N,CCN1CC2(C1)CN(c1cc3c(Nc4cccc(Cl)c4F)ncnc3cc1OC)C(=O)O2,CHEMBL5968640,False,10.41,0.3535533905932738,2
PTUDWZSHNAKRSN-UHFFFAOYSA-N,CC(C)N1CC2(CN(c3ccc4ncnc(Nc5cccc(Cl)c5F)c4c3)C(=O)O2)C1,CHEMBL5786982,False,9.739999999999998,0.2828427124746199,2
UUEYTEZBJWMVIQ-UHFFFAOYSA-N,NC(=O)CN1CCC(n2cc(-c3cccc(O)c3)c3c(N)ncnc32)C1,CHEMBL408683,False,6.4,,1
YOJHPSLHBFFDDL-ONNFQVAWSA-N,COc1ccc(/C=C/C(=O)c2nnn(-c3ccc(Cl)cc3)c2C)cc1OC,CHEMBL4778826,False,7.44,,1
WPNUYJGYQVXMPI-HWKANZROSA-N,C/C=C/C(=O)Nc1cc2c(Nc3ccc(F)c(Cl)c3)c(C#N)cnc2cc1OCC,CHEMBL113902,True,5.12,0.0,2
DQFOPMWZUFUHDC-KRWDZBQOSA-N,CC#CC(=O)N(C)[C@@H](C)c1nc(-c2ccc(C(=O)Nc3ccc(C)cn3)cc2)c2c(N)nccn12,CHEMBL6043477,False,6.45,,1
SXXABOHFQFARBT-INIZCTEOSA-N,CC#CC(=O)N(C)[C@@H](C)c1nc(-c2ccc(C(=O)Nc3ccccn3)cc2)c2c(N)nccn12,CHEMBL5757940,False,6.91,,1
PWISMKGZBHMEFG-AWEZNQCLSA-N,CC#CC(=O)N[C@@H](C)c1nc(-c2ccc(C(=O)Nc3cc(C(F)(F)F)ccn3)cc2)c2c(N)nccn12,CHEMBL6055510,False,6.49,,1
NBDBQWQCAHCHKG-UHFFFAOYSA-N,COc1cc(N2CCC(N3CCNCC3)CC2)ccc1Nc1ncc(Cl)c(Nc2ccccc2NS(C)(=O)=O)n1,CHEMBL5996490,False,8.075,1.3325257971236433,4
STIHECNZUQAXIG-UHFFFAOYSA-N,COc1cc(N2CCN(C3CCNCC3)CC2)ccc1Nc1ncc(Cl)c(Nc2ccccc2NS(C)(=O)=O)n1,CHEMBL5909563,False,8.34,1.338491065839938,4
ATHZZWBANOJUOA-UHFFFAOYSA-N,COc1cc(N2CCN(C)CC2)ccc1Nc1ncc(Cl)c(Nc2ccccc2NS(C)(=O)=O)n1,CHEMBL6009993,False,7.8100000000000005,1.1889911690168264,4
WJFFUIAWNSBALS-UHFFFAOYSA-N,COc1cc(N2CCNCC2)ccc1Nc1ncc(C(F)(F)F)c(Nc2ccccc2NS(C)(=O)=O)n1,CHEMBL6009556,False,7.49,0.7991818733346412,4
TZCLDPSTOOMNDB-UHFFFAOYSA-N,COc1cc(N2CCC(NC(C)=O)CC2)ccc1Nc1ncc(Cl)c(Nc2ccccc2NS(C)(=O)=O)n1,CHEMBL6014342,False,9.52,,1
RAHSHQQWQIMPOG-UHFFFAOYSA-N,C=CC(=O)N1CCC(Oc2cc3c(Nc4ccc(Cl)c(Cl)c4F)ncnc3cc2OC)C1,CHEMBL5924448,True,7.89,0.30596840795524405,6
UUTZLSHYHFBMHU-UHFFFAOYSA-N,COc1cccc2c(O)c3c(c(O)c12)C(=O)C=CC3=O,CHEMBL1944921,False,5.37,,1
BKYSCRZQLODSDO-KDURUIRLSA-N,COc1ccccc1C(=O)NCc1ccc(-c2nn([C@H]3CC[C@@H](O)CC3)c3ncnc(N)c23)cc1,CHEMBL5939106,False,6.26,0.0,2
YSNNXWDSOJMVRP-CYBMUJFWSA-N,C=C(C)C(=O)N1CCC[C@@H](n2nc(C(=O)Nc3nc4cc(Cl)ccc4o3)c3c(N)ncnc32)C1,CHEMBL5923801,True,6.03,,1
XCTFFUYIMFTLML-GFCCVEGCSA-N,C=CC(=O)N1CCC[C@@H](n2nc(C(=O)Nc3nc4cc(F)ccc4o3)c3c(N)ncnc32)C1,CHEMBL5900156,True,7.08,,1
RMEXMUZSBBDEDL-MBVDDHJVSA-N,CCN(C)C/C=C/C(=O)N1CC[C@@H](n2nc(C(=O)Nc3nc4cc(Cl)ccc4o3)c3c(N)ncnc32)C1,CHEMBL6052762,True,7.36,,1
DAPBDFRIJDKKFV-BETUJISGSA-N,C=CC(=O)N[C@H]1CC[C@@H](n2nc(C(=O)Nc3nc4cc(Cl)ccc4o3)c3c(N)ncnc32)CC1,CHEMBL5961642,True,7.0,,1
KXVKQFSFLGKPSC-UHFFFAOYSA-N,COc1ccccc1-c1cc2c(NCc3ccccn3)ncnc2s1,CHEMBL3414594,False,6.74,,1
ZDHNGLCAMDHDDN-QGZVFWFLSA-N,COc1ccccc1-c1cc2c(N[C@H](CO)c3ccccc3)ncnc2s1,CHEMBL3416592,False,9.0,,1
VLFUENOYRUQMGT-MRVPVSSYSA-N,C[C@@H](Nc1ncnc2sc(Br)cc12)c1ccc(F)cc1,CHEMBL3416612,False,6.82,,1
HDGOAQUIXZSRIO-GFCCVEGCSA-N,COC[C@@H](Nc1ncnc2sc(Br)cc12)c1ccccc1,CHEMBL3416606,False,6.58,,1
BZXSDSVDQKWSGO-UHFFFAOYSA-N,C=CC(=O)Nc1cccc(Nc2nc(Nc3ccc(N4CCN(CC(=O)NCCNc5cccc6c5C(=O)N(C5CCC(=O)N(C)C5=O)C6=O)CC4)cc3OC)ncc2C(F)(F)F)c1,CHEMBL5204954,True,5.85,,1
OJCVSCAUEKBQAE-UHFFFAOYSA-N,CC(=O)NNC(=O)c1csc2ncc(-c3ccc(Br)cc3)n12,CHEMBL5204417,False,6.82,,1
ADWBIWIWVFJDMV-UHFFFAOYSA-N,COc1ccc(-c2c(CN3CCOCC3)nc3scc(C(=O)NN)n23)cc1,CHEMBL5173449,False,6.91,,1
SQSDNOVLVOTMJE-GFCCVEGCSA-N,COc1cc2nc(C)nc(N[C@H](C)c3ccccc3)c2cc1OC,CHEMBL5087955,False,5.55,,1
CGEKRZYOLHWYJC-STQMWFEESA-N,C=CC(=O)N1C[C@@H]2C[C@H]1CN2C(=O)Oc1cc2c(Nc3ccc(Cl)c(Cl)c3F)ncnc2cc1OC,CHEMBL5186362,True,9.52,0.0,2
OFCZHXDIAWONMM-UHFFFAOYSA-N,C=CC(=O)N1CCC2(CC1)CNC(=O)c1cc(-c3nc(Nc4ccccc4OC)ncc3C)[nH]c12,CHEMBL5085118,True,8.85,,1
LXJDTUACYLEVBY-PFQQOQBSSA-N,CC(C)=CC[C@@H](OC(=O)/C=C\C(=O)c1ccc(C)c(C)c1)C1=CC(=O)c2c(O)ccc(O)c2C1=O,CHEMBL4575374,False,6.93,,1
WFHKANLTOXOHFH-UHFFFAOYSA-N,COCCNC1CCN(c2ccc(Nc3ncc(Cl)c(Nc4ccccc4NS(C)(=O)=O)n3)c(OC)c2)CC1,CHEMBL5745490,False,9.52,,1
MQJJIOLMGNHHTC-UHFFFAOYSA-N,Brc1cccc(Nc2ncnc3c2[nH]c2ccccc23)c1,CHEMBL5198809,False,7.14,,1
IYRAVFSBUZWXNC-UHFFFAOYSA-N,COc1cc(C2CCN(C3CCN(C)CC3)CC2)ccc1Nc1ncc(Cl)c(Nc2ccccc2NS(C)(=O)=O)n1,CHEMBL5888007,False,7.515000000000001,0.9567784487539425,4
WFXLLKTWXVMWQT-UHFFFAOYSA-N,COc1cc(N2CCN(C3CCN(C(C)=O)CC3)CC2)ccc1Nc1ncc(Cl)c(Nc2ccccc2NS(C)(=O)=O)n1,CHEMBL5805552,False,7.555,1.0458489374665922,4
LEXHUXVEEUWSLW-UHFFFAOYSA-N,Cn1cc(-c2cc(C(=O)Nc3nc4ccccc4n3C3CCC[S+]([O-])C3)ccn2)cn1,CHEMBL5847689,False,7.49,1.5943755308374914,3
VZPXZUQUHMOTEG-PLQXJYEYSA-N,Cc1cc(C(=O)Nc2nc3ccc(CN4CCN(C)CC4)cc3n2[C@H]2CC[C@@H](O)CC2)cc(-c2cnn(C)c2)n1,CHEMBL6023158,False,9.22,1.7257268999854338,3
AQOBZRDHNGYBNF-UHFFFAOYSA-N,COc1cc(C2CCN(C3CCN(CCO)CC3)CC2)ccc1Nc1ncc(Cl)c(Nc2ccccc2NS(C)(=O)=O)n1,CHEMBL5796454,False,7.244999999999999,0.9922701245124739,4
VOZRIRJNGNHIST-UHFFFAOYSA-N,COc1cc(N2CCNCC2)ccc1Nc1ncc(Cl)c(Nc2ccccc2NS(N)(=O)=O)n1,CHEMBL5933567,False,8.225000000000001,1.1861246421294296,4
BOCGDIORWNNYOP-UHFFFAOYSA-N,C#Cc1cccc(Nc2ncnc3cc(OCCOC(=O)c4ccc(C(=O)Nc5ccc6c(c5)C(C)(C)CCC6(C)C)cc4)c(OCCOC)cc23)c1,CHEMBL3741304,False,7.5,,1
CZLZIJCQAQKFQQ-UHFFFAOYSA-N,COc1ccncc1-c1cc(C(=O)Nc2nc3cc(C4CCN(C)CC4)ccc3n2CC(C)(C)O)ccn1,CHEMBL5968167,False,8.38,1.316067374161875,3
DEJWTBJMMCDGGS-UHFFFAOYSA-N,Cc1ccc2c(c1)nc(NC(=O)c1ccnc(-c3cnn(C)c3)c1)n2CC(C)(C)O,CHEMBL5829030,False,7.04,1.5515476144804583,3
CNMOWMNNLYWLRS-UHFFFAOYSA-N,Cc1c(-c2cc(C(=O)Nc3nc4cc(N5CCN(C)CC5)ccc4n3CC(C)(C)O)ccn2)cnn1C,CHEMBL5925024,False,6.95,1.2770408502993684,3
QCZGMQXJCPSRKO-KDURUIRLSA-N,COc1cc(F)ccc1-c1cc(C(=O)Nc2nc3ccccc3n2[C@H]2CC[C@@H](O)CC2)ccn1,CHEMBL5880562,False,7.82,1.03237590053236,2
AZORWFVYYSMUNT-UHFFFAOYSA-N,COc1ccccc1-c1cc(C(=O)Nc2nc3cc(C4CCCN(C(C)=O)C4)ccc3n2CC(C)(C)O)ccn1,CHEMBL5887634,False,8.14,1.0040916292848967,2
JKALWEMQZBMWGO-WMPKNSHKSA-N,CC(=O)N1CCC(c2ccc3c(c2)nc(NC(=O)c2cc(C#N)nc(-c4cnn(C)c4)c2)n3[C@H]2CC[C@@H](O)CC2)CC1,CHEMBL5920247,False,7.905,1.6192745289171944,2
VZHHJJKQKXWPGR-IRXDYDNUSA-N,Cn1cc(-c2cc(C(=O)Nc3nc4ccccc4n3[C@H]3CC[C@H](O)C3)ccn2)cn1,CHEMBL5872035,False,7.12,1.201166100087744,3
LCQAIZAFSOZWRC-UHFFFAOYSA-N,COc1cc(-c2nn(C(C)C)c3ncnc(N)c23)cc(OC)c1OC,CHEMBL1242660,False,5.29,,1
BTIKYUUNPGWLNG-UHFFFAOYSA-N,Cc1ccc(-c2nn(C(C)C)c3ncnc(N)c23)cc1O,CHEMBL1242026,False,6.18,,1
UDMIRQWCOXFLHS-UHFFFAOYSA-N,CC(C)(O)Cn1c(NC(=O)c2ccnc(-c3ccccc3)c2)nc2ccccc21,CHEMBL4434788,False,7.225,0.9263098833543767,2
ZMTRLEKKTLEDTH-PDIWNELESA-N,COc1ccccc1-c1cc(C(=O)Nc2nc3ccccc3n2[C@H]2CC[C@H](O)[C@H](O)C2)ccn1,CHEMBL6050361,False,7.45,0.876812408671319,2
OUPHBEFWSHCHJK-HDICACEKSA-N,O=C(Nc1nc2ccccc2n1[C@H]1CC[C@@H](O)CC1)c1ccnc(-c2coc3cccnc23)c1,CHEMBL5934422,False,6.6899999999999995,1.6829141392239833,2
RRVQEDBEFKJKKT-KDURUIRLSA-N,COc1ccc(F)cc1-c1cc(C(=O)Nc2nc3ccccc3n2[C@H]2CC[C@@H](O)CC2)ccn1,CHEMBL5893107,False,7.745,0.8414570696119912,2
WIQWYJGDNYEQLK-UHFFFAOYSA-N,Cn1cc(-c2cc(C(=O)Nc3nc4ccccc4n3C3CCCC3)ccn2)cn1,CHEMBL5840868,False,7.21,1.3384443706532345,3
URSNGDCHWSEKHL-HDICACEKSA-N,COc1c(F)cccc1-c1cc(C(=O)Nc2nc3ccccc3n2[C@H]2CC[C@@H](O)CC2)ccn1,CHEMBL5759154,False,7.0600000000000005,1.1455129855222075,2
MBFPDIIROVYHDQ-UHFFFAOYSA-N,CC(=O)N1CCC(c2ccc3c(c2)nc(NC(=O)c2ccnc(-c4cnn(C)c4)c2)n3C2CCCC2)CC1,CHEMBL5959712,False,7.8500000000000005,0.9299955197024697,4
QDOWOXJNOCVCSD-UHFFFAOYSA-N,Cc1c(-c2cc(C(=O)Nc3nc4cc(C5CCN(C)CC5)ccc4n3CC(C)(C)O)ccn2)cnn1C,CHEMBL5976089,False,7.72,1.526575688701131,3
QVBAQXYZVJTSLC-CYBMUJFWSA-N,C[C@@H](Nc1ncnc2sc(-c3ccc(CO)cc3F)cc12)c1ccccc1,CHEMBL3759815,False,7.89,,1
DKQUAMYLUBADJD-VUTHCHCSSA-N,O=C(N/N=C/c1cccn1CCCN1CCCC1)Nc1ccc(Oc2ccnc3[nH]ccc23)cc1,CHEMBL4279863,False,4.35,,1
CXQKOAWGLQNTSD-UHFFFAOYSA-N,C=CC(=O)N1CCCC(Nc2nc(-c3cnn(C)c3)c3c(c2F)CNC3=O)C1,CHEMBL5945102,True,5.285,0.16263455967290624,2
WSKJBEAUZWPRKV-UHFFFAOYSA-N,N#Cc1cc2c(N)ncnc2nc1NCCO,CHEMBL1910268,False,4.03,,1
CJHNARCORXPMOD-CYFREDJKSA-N,C[C@@H](c1ccccc1)n1ncc2cc(Nc3ncnn4ccc(COC[C@@H]5CNCCO5)c34)ccc21,CHEMBL245277,False,6.16,,1
ONRLVYYHPWCVNL-UHFFFAOYSA-N,O=C(Cc1cc(F)c(F)cc1F)Nc1cccc(Oc2cc(Nc3ccc(OCc4cccc(F)c4)c(Cl)c3)ncn2)c1,CHEMBL1928956,False,6.2,,1
ZWJABXBGZUCAAB-UHFFFAOYSA-N,O=C(c1cc2cc(O)ccc2[nH]1)c1cc2c(Nc3ccc(F)c(Cl)c3)ncnc2s1,CHEMBL1928311,False,7.62,,1
PAGMJGSZFZNIEG-UHFFFAOYSA-N,C=CC(=O)N1CCCC(Nc2nc(Nc3ccc(C(=O)N4CCOCC4)cc3)c3c(c2F)CNC3=O)C1,CHEMBL5894066,True,5.75,,1
KQFDKOGASODFTE-UHFFFAOYSA-N,CCN(CC)c1nc2oc(C)c(C(=O)NNC(=O)c3cc4ccccc4oc3=O)c2c(=O)n1-c1ccccc1,CHEMBL5575693,False,5.52,,1
IDIQFBFEKHSLNH-UHFFFAOYSA-N,COc1ccc(C(Nc2ccccc2)n2c(=O)ccc3cc(O)ccc32)cc1,CHEMBL4872030,False,4.85,,1
LRCDTAPSEBUEOO-UHFFFAOYSA-N,NC(=O)Nc1ccc2ncnc(Nc3ccc(Oc4cccc(C(F)(F)F)c4)c(Cl)c3)c2c1,CHEMBL3633774,False,8.4,,1
NSIQQHYATFPGEC-UHFFFAOYSA-N,CC(C)n1nc(N2CC(C(C)(C)O)C2)c2cnc(Nc3ccnc(-c4cnn(S(=O)(=O)C5CC5)c4)n3)cc21,CHEMBL5282716,False,6.68,,1
PWZYWYPWXWMXFF-UHFFFAOYSA-N,O=C(Nc1ccc([N+](=O)[O-])cc1)c1ccc(N(CCCl)CCCl)cc1,CHEMBL589832,False,4.71,,1
DYNSRIYCGYNKBV-UHFFFAOYSA-N,CN(C(=O)c1ccc(N(CCCl)CCCl)cc1)c1ccccc1,CHEMBL589120,False,4.83,,1
ILJUMURTXHBGOA-UHFFFAOYSA-N,CC(C)(C)NC(=O)c1ccc(N(CCCl)CCCl)cc1,CHEMBL589259,False,4.5,,1
PKAIPZNLOTUQKE-UHFFFAOYSA-N,O=C(Nc1cccc2ccccc12)c1ccc(N(CCCl)CCCl)cc1,CHEMBL602728,False,7.05,,1
LYTCLIUKWBYCDZ-UHFFFAOYSA-N,Oc1csc(=NN=Cc2cc(Cl)cc(Cl)c2O)[nH]1,CHEMBL592481,False,5.84,,1
PEFYXLPKRGWTPZ-UHFFFAOYSA-N,COc1cc2c(Oc3ccc(NS(=O)(=O)c4cccc(-c5ccco5)c4)cc3F)ccnc2cc1OCCCN1CCN(C)CC1,CHEMBL3263969,False,5.72,,1
IMZBSZFOSHTOBQ-UHFFFAOYSA-N,CCOc1cc2ncnc(Nc3cccc(-c4csc(C)n4)c3)c2cc1OCC,CHEMBL126456,False,5.32,,1
HNNSSBQMMYYCQL-UHFFFAOYSA-N,COc1ccc(C2CC(c3ccc(Cl)cc3Cl)=NN2c2nc(C)c(C(=O)Nc3ccccc3)s2)cc1OC,CHEMBL5517879,False,7.49,,1
WRCJYLMMBJKPMV-UHFFFAOYSA-N,COC(=O)c1ccc(COc2ccc(C3NCCc4c3[nH]c3ccccc43)cc2OC)cc1,CHEMBL5532212,False,4.28,,1
NJHDYUHKGOBVKW-WAYWQWQTSA-N,CCOCCOc1cc2ncnc(Nc3ccc(F)c(Cl)c3)c2cc1NC(=O)/C=C\Cl,CHEMBL4468146,True,8.83,,1
JSASWRWALCMOQP-UHFFFAOYSA-N,CC(C)N(CCC(=O)c1ccc2ccccc2c1)Cc1ccccc1,CHEMBL538798,False,5.6,,1
SLZBIOGVOZLGMW-UHFFFAOYSA-N,Fc1ccc2c(c1)CNc1c(Nc3ccccc3)ncnc1O2,CHEMBL203529,False,5.16,,1
AZDCMGDGNHSVCZ-UHFFFAOYSA-N,Cn1ccnc1S(=O)(=O)CCNCc1ccc(-c2ccc3ncnc(Nc4ccc(OCc5cccc(F)c5)c(C(F)(F)F)c4)c3c2)o1,CHEMBL265367,False,7.77,,1
IRPQLCLTIKGBTQ-UHFFFAOYSA-N,CC(C)S(=O)(=O)CCNCc1ccc(-c2ccc3ncnc(Nc4ccc(OCc5cccc(F)c5)c(Cl)c4)c3c2)o1,CHEMBL214487,False,7.75,,1
ZZOFSNIYKIWAIB-UHFFFAOYSA-N,CCCS(=O)(=O)CCNCc1ccc(-c2ccc3ncnc(Nc4ccc(OCc5cccc(F)c5)c(Cl)c4)c3c2)o1,CHEMBL383965,False,7.68,,1
CJGPKVRBUPRPTR-UHFFFAOYSA-N,COc1cc(Nc2ncnc3ccc(-c4ccc(CNCCS(C)(=O)=O)o4)cc23)ccc1OCc1cccc(F)c1,CHEMBL215033,False,7.0,,1
HMLZGBGVRSDTPO-UHFFFAOYSA-N,CS(=O)(=O)CCNCc1ccc(-c2ccc3ncnc(Nc4ccc(OCc5cccc(Br)c5)cc4)c3c2)o1,CHEMBL384711,False,7.37,,1
OHYZPHUXMLDXTQ-UHFFFAOYSA-N,CC(C)c1cc(C=C2C(=O)Nc3ccc(Cl)cc32)cc(C(C)C)c1O,CHEMBL89723,True,5.02,,1
HTCQGVPSEDIYST-UHFFFAOYSA-N,Cc1ccc(N(C)C(=O)c2ccccc2)cc1Nc1nccc(-c2cccnc2)n1,CHEMBL278287,False,4.31,,1
CBIHKNQEUSGCEN-UHFFFAOYSA-N,COc1cc2ncnc(Nc3ccc(-c4nc5ccccc5s4)c(OC)c3)c2cc1OC,CHEMBL473553,False,7.2,,1
SFLDOYMGTGAPKO-TZIWHRDSSA-N,CCO[C@H]1CN[C@H](C#Cc2cc3ncnc(Nc4ccc(OCc5cccc(F)c5)c(Cl)c4)c3s2)C1,CHEMBL497184,False,6.94,,1
DRBUBMJZARVZMC-TZIWHRDSSA-N,CCOC(=O)O[C@H]1CN[C@H](C#Cc2cc3ncnc(Nc4ccc(OCc5cccc(F)c5)c(Cl)c4)c3s2)C1,CHEMBL500640,False,6.85,,1
RPSRSUPHEANJKD-UHFFFAOYSA-N,COc1ccc(-c2cc3c(N(C)Cc4ccccc4)ncnc3[nH]2)cc1,CHEMBL5411378,False,7.14,,1
YKNNKGNQGPFRTQ-UHFFFAOYSA-N,Cc1ccccc1CN(C)c1ncnc2[nH]c(-c3ccc(CO)cc3)cc12,CHEMBL5417494,False,8.13,,1
KOTRVAMMDDKVHE-UHFFFAOYSA-N,CN(Cc1ccncc1)c1ncnc2[nH]c(-c3ccc(CO)cc3)cc12,CHEMBL5424694,False,6.63,,1
OGRZTQUEBSXDJP-UHFFFAOYSA-N,Cc1cccc(CN(C)c2ncnc3[nH]c(-c4cccc(C(=O)O)c4)cc23)c1,CHEMBL5404033,False,6.9,,1
KCECKKYASSKRNU-UHFFFAOYSA-N,C=CC(=O)Nc1ccc(OC)c(Nc2cc(-c3[nH]c(SC)nc3-c3ccc(F)cc3)ccn2)c1,CHEMBL4098072,True,8.19,0.9356414911706297,4
QFAYCQKPUDKQJB-UHFFFAOYSA-N,Cc1ccc(Nc2ncnn3c(C)ccc23)cc1O,CHEMBL187431,False,4.53,,1
NSSREJILCYZENK-UHFFFAOYSA-N,Cc1ccc(Nc2ncnn3cc(C)c(C)c23)cc1O,CHEMBL186001,False,7.17,0.6646803743153543,2
PSYAFMNESHTJGR-UHFFFAOYSA-N,CN1CCC2(CC1)CN(c1ccc3ncnc(Nc4cccc(Cl)c4F)c3c1)C(=O)O2,CHEMBL5746224,False,10.42,0.49497474683058273,2
WQROZMCEHXFGBY-UHFFFAOYSA-N,COc1cc2c(Oc3ccc(NC(=O)c4c(C)n(C)n(-c5ccccc5)c4=O)cc3F)ccnc2cc1OCCCN1CCN(C)CC1,CHEMBL3263959,False,5.12,,1
VYGZVRWOGVFSLZ-UHFFFAOYSA-N,COc1cc2c(Oc3ccc(NS(=O)(=O)c4cccc(-c5ccoc5)c4)cc3F)ccnc2cc1OCCCN1CCN(C)CC1,CHEMBL3263963,False,6.78,,1
HINZJIVHAZGARM-UHFFFAOYSA-N,Cn1cc(-c2cc(C(=O)Nc3nc4cc(C5CCN(C6CC6)CC5)ccc4n3CC(C)(C)O)ccn2)cn1,CHEMBL5864704,False,6.225,1.9586857838867366,2
QMLRIBRBBXWARG-UHFFFAOYSA-N,CC(C)(O)Cn1c(NC(=O)c2ccnc(-c3cccnc3)c2)nc2cc(C3CCCOC3)ccc21,CHEMBL5979912,False,7.449999999999999,1.0323759005323596,2
BVBMTEPFJRTLEL-UHFFFAOYSA-N,CN(C)N=Cc1c(N)ncnc1Nc1ccc2c(cnn2Cc2cccc(F)c2)c1,CHEMBL497459,False,8.1,,1
XEMAVKONWQSXRA-UHFFFAOYSA-N,COc1ccccc1C(=O)NCc1ccc(-c2nn(CC(C)O)c3ncnc(N)c23)cc1,CHEMBL6053889,False,5.26,0.0,2
MPYBIRVGTIQZJU-ROUUACIJSA-N,COc1ccccc1C(=O)NCc1ccc(-c2nn([C@H]3C=C[C@H](O)C3)c3ncnc(N)c23)cc1,CHEMBL5872134,False,6.26,0.0,2
BFCDQACTJVOXQQ-UHFFFAOYSA-N,C=CC(=O)Nc1cccc(N2C(=O)C(Cc3ccc(OC)cc3)N(C)C(=O)c3cnc(Nc4ccc(N5CCN(C)CC5)cc4OC)nc32)c1,CHEMBL3219134,True,7.47,,1
OOLDIKPZOLPNFK-UHFFFAOYSA-N,COc1cc2c(Nc3ccc(NC(=O)c4ccc(Cl)cc4)cc3)ncnc2cc1OCCCN1CCOCC1,CHEMBL3759754,False,5.87,,1
CZXXHLKIPJUICC-QFIPXVFZSA-N,C=CC(=O)N1CCC[C@H]1c1nc(-c2ccc(OCc3c(F)cccc3F)cc2)c2cnccn12,CHEMBL6022533,True,5.26,0.0,2
QOIBQQYXLLIOMS-UHFFFAOYSA-N,C#CC(=O)N1CCC(c2c[nH]n3c(C(N)=O)c(-c4ccc(Oc5ccccc5F)cc4)nc23)CC1,CHEMBL4869409,False,7.79,,1
BANRPAMTNNJMQX-UHFFFAOYSA-N,C#CC(=O)N1CCC(c2c[nH]n3c(C(N)=O)c(-c4ccc(Oc5ccc(OC)cc5)cc4)nc23)CC1,CHEMBL4856592,False,7.29,,1
ALSRASPYJHGNRB-UHFFFAOYSA-N,C#CC(=O)N1CCC(c2c[nH]n3c(C(N)=O)c(-c4ccc(Oc5ccccc5OC)cc4)nc23)C1,CHEMBL4873984,False,6.98,,1
SRWAGSNKUFDMAT-UHFFFAOYSA-N,COc1cc2ncnc(Nc3ccc(F)c(Cl)c3)c2cc1OCCCCNCc1c(OC)cc(OCc2cccc(-c3ccccc3)c2C)cc1OC,CHEMBL5564226,False,7.12,,1
ODBFMVYBQSBSGU-UHFFFAOYSA-N,COc1cc(N2CCC(N)CC2)ccc1Nc1ncc(Cl)c(Nc2ccccc2NS(C)(=O)=O)n1,CHEMBL5953740,False,9.3,,1
VNTCTQSZRPNAAH-UHFFFAOYSA-N,C=CC(=O)Nc1cccc(-n2c(=O)c(=O)n(CCC)c3cnc(Nc4ccc(N5CCN(C)CC5)cc4OC)nc32)c1,CHEMBL4285217,True,8.66,,1
LKQWOHYTZVPINL-UHFFFAOYSA-N,C=CC(=O)Nc1cccc(-n2c(=O)c(=O)n(CC)c3cnc(Nc4ccc(N5CCN(C)CC5)cc4OC)nc32)c1,CHEMBL4284780,True,7.09,,1
LJEDSQBKJCOYJS-AATRIKPKSA-N,CCN(CC)C/C=C/C(=O)N1CCOc2cc3ncnc(Nc4ccc(F)c(Cl)c4)c3cc21,CHEMBL4476772,True,7.57,,1
METIKVVBMICNBV-UHFFFAOYSA-N,CN1CCN(C2CCN(c3c(Cl)cc(Nc4ncc(Cl)c(Nc5ccccc5P(C)(C)=O)n4)cc3Cl)CC2)CC1,CHEMBL5081817,False,6.52,,1
QUXNYFVAFUPMHQ-UHFFFAOYSA-N,C=CC(=O)N1CCC(Oc2cc3c(Nc4ccc(Cl)c(CO)c4)ncnc3cc2OC)C1,CHEMBL6030968,True,6.085,0.40440903385887245,6
HYKGIFCAVSPOCM-UHFFFAOYSA-N,Cc1ccc(C2CC(c3ccc(Cl)c(Cl)c3)=NN2C(N)=S)cc1,CHEMBL1172916,False,5.13,,1
KZDZNINRQVZLHQ-UHFFFAOYSA-N,Cc1ccc(C2=NN(C(N)=S)C(c3ccc(O)cc3)C2)cc1C,CHEMBL1173815,False,6.89,,1
IDQNCHCNBVCUHC-DEOSSOPVSA-N,COc1cc(O[C@H]2CCN(C)CC2(F)F)c2c(Nc3ccc(Oc4ccn5ncnc5c4)c(C)c3)ncnc2c1,CHEMBL5739799,False,5.48,0.28378395538390283,3
BFCDFTHTSVTWOG-UHFFFAOYSA-N,CCCCCCCCNC(C)C(O)c1ccc(SC(C)C)cc1,CHEMBL404849,False,6.1,,1
VTYADNBTOGMKIP-OAQYLSRUSA-N,NC(=O)c1nnc(N2CCC[C@@H](NC(=O)Nc3ccccc3)C2)nc1Nc1ccc(C(=O)N2CCOCC2)cc1,CHEMBL5944144,False,5.26,,1
PLLKNTADWFHSNK-UHFFFAOYSA-N,COc1cc2c(Oc3ccc(NS(=O)(=O)c4cccc(-c5cnn(C)c5)c4)cc3F)ccnc2cc1OCCCN1CCOCC1,CHEMBL3263961,False,5.86,,1
UPGMKOOJQCKFAP-MUUNZHRXSA-N,NC(=O)c1ncc(N2CCC[C@@H](N3Cc4ccccc4C3=O)C2)nc1Nc1ccc(C2CCN(C3CCCC3)CC2)cc1,CHEMBL5955586,False,5.26,,1
IJUNVQOREZBHKC-BQYQJAHWSA-N,Cc1ccc(/C=C/C(=O)OCCn2c([N+](=O)[O-])cnc2C)cc1,CHEMBL1173653,False,5.09,,1
QBNMUADYOCPTHB-VOTSOKGWSA-N,Cc1ncc([N+](=O)[O-])n1CCOC(=O)/C=C/c1ccccc1Cl,CHEMBL1172878,False,4.68,,1
KJGUOQMSLKZPAT-DQRCINHVSA-N,CO[C@H]1[C@@H](N(C)C(=O)CCC(=O)O)C[C@@H]2O[C@@]1(C)n1c3ccccc3c3c4c(c5c6ccccc6n2c5c31)C(=O)NC4,CHEMBL337027,False,6.8,,1
JDZXLEPJWLCESI-XYRIACETSA-N,CO[C@H]1[C@@H](N(C)C(=O)OC(C)(C)C)C[C@@H]2O[C@@]1(C)n1c3ccccc3c3c4c(c5c6ccccc6n2c5c31)C(=O)NC4,CHEMBL338449,False,4.87,,1
RBODKSYPSRHVMB-CSKARUKUSA-N,NC(=O)c1c(-c2ccc(Oc3ccc(Cl)cn3)cc2)nn(C2CCCN(C(=O)/C=C/C(F)F)C2)c1N,CHEMBL5991165,True,6.51,,1
LXSBUVPAJOBMGO-DAFODLJHSA-N,NC(=O)c1c(-c2ccc(Oc3ccc(Cl)cn3)cc2)nn(C2CCCN(C(=O)/C=C/CF)C2)c1N,CHEMBL5903829,True,6.05,0.0,2
YSVVBGPTTSJYPA-XEDQVFLKSA-N,CN[C@H]1C[C@@H]2O[C@](C)([C@H]1OC)n1c3ccccc3c3c4c(c5c6ccccc6n2c5c31)[C@H](O)NC4=O,CHEMBL338155,False,6.58,,1
SGRJCIGPCWCZCT-KDURUIRLSA-N,Cn1cc(-c2cc(C(=O)Nc3nc4ccccc4n3[C@H]3CC[C@@H](O)CC3)cc(C#N)n2)cn1,CHEMBL6043073,False,8.3,1.3349756552087382,6
SLPPAUPIILTSOC-CALCHBBNSA-N,O=C(Nc1nc2ccccc2n1[C@H]1CC[C@@H](O)CC1)c1ccnc(-c2cnn3c2OCC(F)(F)C3)c1,CHEMBL6025269,False,7.5,1.6122034611053289,2
XZTHVVIRCUVGRE-UHFFFAOYSA-N,CCN(CC)CCNC(=O)c1c([Se][Se]c2c(C(=O)NCCN(CC)CC)c3ccccc3n2C)n(C)c2ccccc12,CHEMBL263666,False,5.33,,1
GRAAVPHBSRABFO-UHFFFAOYSA-N,COc1cc2ncnc(Nc3ccc(F)c(Cl)c3)c2cc1OCCCC(O)=NO,CHEMBL597752,False,8.11,,1
IXWWFHBAOSNFBD-UHFFFAOYSA-N,COc1cc2ncnc(Nc3ccc(F)c(Cl)c3)c2cc1SCCCCCCC(O)=NO,CHEMBL596754,False,8.7,,1
GWEFXJQVLISMDM-UHFFFAOYSA-N,COc1cc2ncnc(NCc3ccccc3)c2cc1OCCCCCCC(O)=NO,CHEMBL596761,False,7.0,,1
KHRPCRNETLJSDS-INIZCTEOSA-N,COc1cc2ncnc(N[C@@H](C)c3ccc(F)cc3)c2cc1OCCCCCCC(O)=NO,CHEMBL598406,False,6.9,,1
HJQXQSGWELLIGJ-OWOJBTEDSA-N,O=C(/C=C/CN1CCOCC1)Nc1cc2c(Nc3ccc(F)c(Cl)c3)ncnc2s1,CHEMBL3233792,True,8.52,,1
DPYASQWYHILTBI-UHFFFAOYSA-N,COc1cc2ncnc(Nc3ccc(-c4nc5ccccc5s4)cc3O)c2cc1OCCCN1CCN(C)CC1,CHEMBL593294,False,6.64,,1
IPIWNOAWKGRYOY-UHFFFAOYSA-N,COc1cc2ncnc(Nc3ccc(-c4nc5ccccc5s4)cc3F)c2cc1OCCCN1CCN(C)CC1,CHEMBL594661,False,5.35,,1
KHEXPUZMPCBDCB-UHFFFAOYSA-N,COc1cc2ncnc(Nc3ccc(-c4nc5ccccc5s4)c(OC)c3)c2cc1OCCCN1CCN(C)CC1,CHEMBL593911,False,7.82,,1
ZGTHJDQZGGIPLL-UHFFFAOYSA-N,COc1cc2ncnc(Nc3ccc(-c4nc5ccccc5s4)c(Cl)c3)c2cc1OCCCN1CCN(C)CC1,CHEMBL604893,False,7.36,,1
WFCHKPWPRLABQT-UHFFFAOYSA-N,Oc1csc(=NN=Cc2cc(Br)ccc2O)[nH]1,CHEMBL592457,False,7.05,,1
FQYJEKYABLWPHF-UHFFFAOYSA-N,Oc1csc(=NN=Cc2cc(Cl)ccc2O)[nH]1,CHEMBL592480,False,6.25,,1
UPLFXZLXSLLHMJ-UHFFFAOYSA-N,O=C(Nc1ccccc1)N(Cc1ccc(O)cc1)Cc1cc(Cl)cc(Cl)c1O,CHEMBL590526,False,5.73,,1
LYCJWVRLAGIQEB-UHFFFAOYSA-N,C=CC(=O)Nc1cccc(Oc2nc(Nc3ccc(N4CCN(C(=O)C(F)(F)F)CC4)cc3OC)ncc2SC)c1,CHEMBL3799255,True,6.61,,1
VPDQSKQSKQMWOI-UHFFFAOYSA-N,CNC1CCN(c2ccc(Nc3ncc(Cl)c(Nc4ccccc4NS(C)(=O)=O)n3)c(OC)c2)CC1,CHEMBL5864399,False,9.4,,1
VAANZFXFCPBDJN-UHFFFAOYSA-N,COc1cc(C2CCNCC2)ccc1Nc1ncc(Br)c(Nc2ccccc2NS(C)(=O)=O)n1,CHEMBL5952457,False,8.025,1.1527756358748507,4
KYBURVUSHWYVCL-UHFFFAOYSA-N,COc1cc(C2CCNCC2)ccc1Nc1ncc(Cl)c(Nc2ccccc2NS(N)(=O)=O)n1,CHEMBL5901475,False,7.77,0.742849244463505,4
BMBZARJFOWASOK-UHFFFAOYSA-N,COc1cc(C2CCNCC2)ccc1Nc1ncc(Br)c(Nc2ccccc2NS(N)(=O)=O)n1,CHEMBL5953169,False,7.42,0.8466404195406687,3
YAXGAKLMDJDPLF-UHFFFAOYSA-N,COc1cc(C2CCN(C3CCN(C(C)=O)CC3)CC2)ccc1Nc1ncc(Cl)c(Nc2ccccc2NS(C)(=O)=O)n1,CHEMBL5973569,False,7.279999999999999,0.8147187653826727,4
UBIQSIHMZZCANG-UHFFFAOYSA-N,COc1cc(N2CCN(C3CCN(C(=O)OC(C)(C)C)CC3)CC2)ccc1Nc1ncc(Cl)c(Nc2ccccc2NS(C)(=O)=O)n1,CHEMBL5799859,False,6.96,,1
WFFWDHORGIOMIR-UHFFFAOYSA-N,O=[N+]([O-])CCc1c(SSc2[nH]c3ccccc3c2CC[N+](=O)[O-])[nH]c2ccccc12,CHEMBL158119,False,4.05,,1
KRXROXSPQRVKGS-UHFFFAOYSA-N,COc1cc(N2CCC(N3CCN(CCO)CC3)CC2)ccc1Nc1ncc(Cl)c(Nc2ccccc2NS(C)(=O)=O)n1,CHEMBL5187838,False,7.045,1.3126728457616543,6
RNCVPFCGSMNPPO-UHFFFAOYSA-N,COc1cc2ncnc(Nc3cc(OC)c(OC)c(OC)c3)c2cc1OC,CHEMBL543904,False,6.3,,1
ZZEJZBLCZXHUBG-UHFFFAOYSA-N,O=C(NCc1ccccc1)C(O)Cc1c(SSc2[nH]c3ccccc3c2CC(O)C(=O)NCc2ccccc2)[nH]c2ccccc12,CHEMBL157952,False,4.85,,1
AFHOQQGQXAYFJR-PSWAGMNNSA-N,COc1ccncc1-c1cc(C(=O)Nc2nc3cc(CN4CCOCC4)ccc3n2[C@H]2CC[C@@H](O)CC2)cc(C#N)n1,CHEMBL5863443,False,7.185,1.8879751057680818,2
SWPPAQGHJBPTIC-PSWAGMNNSA-N,Cc1cc(C(=O)Nc2nc3cc(CN4CCOCC4)ccc3n2[C@H]2CC[C@@H](O)CC2)cc(-c2cnn(C)c2)n1,CHEMBL5782254,False,6.9350000000000005,2.312239174480011,2
GBSNLXPRXOCFHS-CALCHBBNSA-N,O=C(Nc1nc2ccccc2n1[C@H]1CC[C@@H](O)CC1)c1ccnc(-c2cnn(C(F)F)c2)c1,CHEMBL5800758,False,7.779999999999999,1.6122034611053282,2
WEPORHUPDOGTGR-IYBDPMFKSA-N,Cn1ncc(-c2cc(C(=O)Nc3nc4ccccc4n3[C@H]3CC[C@@H](O)CC3)ccn2)c1Cl,CHEMBL6057405,False,7.875,1.590990257669732,2
YAXDLQMGBQZLMF-UHFFFAOYSA-N,Cc1ccc2nc(NC(=O)c3ccnc(-c4cnn(C)c4)c3)n(CC(C)(C)O)c2c1,CHEMBL6049798,False,6.71,1.1253592019143634,3
PCYRWYXUGLLLBO-HDICACEKSA-N,CNc1cc(C(=O)Nc2nc3ccccc3n2[C@H]2CC[C@@H](O)CC2)cc(-c2cnn(C)c2)n1,CHEMBL5828469,False,6.695,2.283954903232549,2
YBNWDZIMDRAXHQ-UHFFFAOYSA-N,CC(C)N1CCN(c2ccc3c(c2)nc(NC(=O)c2ccnc(-c4cccnc4)c2)n3CC(C)(C)O)CC1,CHEMBL6022600,False,6.66,,1
XQKXIHPSAOBIDN-HDICACEKSA-N,O=C(Nc1nc2ccccc2n1[C@H]1CC[C@@H](O)CC1)c1ccnc(-c2cnn3cccnc23)c1,CHEMBL5998385,False,6.93,1.8526197667087543,2
JBCIFQKTGXQTCA-UHFFFAOYSA-N,Cc1c(-c2cc(C(=O)Nc3nc4ccccc4n3C3CCCC3)ccn2)cnn1C,CHEMBL5897403,False,7.42,1.3302004861423462,3
LQMYELURIWZQSU-CYBMUJFWSA-N,C[C@@H](Nc1ncnc2[nH]c(-c3ccccc3OC(F)(F)F)cc12)c1ccccc1,CHEMBL4800697,False,8.37,,1
KAUHLSANPPJFIP-GOSISDBHSA-N,COc1cc(CNCCN(C)C)ccc1-c1cc2c(N[C@H](C)c3ccccc3)ncnc2[nH]1,CHEMBL4759003,False,10.0,,1
SWSMMCGBICHHPS-HXUWFJFHSA-N,COc1cc(NC(C)=O)ccc1-c1cc2c(N[C@H](CO)c3ccccc3)ncnc2[nH]1,CHEMBL4764993,False,9.1,,1
ADXUMFJRTDBBMS-UHFFFAOYSA-N,COc1ccccc1Sc1sc2nc(N)nc(N)c2c1C,CHEMBL5812290,False,4.98,,1
WZZXMNBOPNKKSX-BKHFGAQXSA-N,COc1cc(Nc2ncnc3ccc(-c4ccc(CN5C[C@@H]6[C@@H](CO)[C@@H]6C5)cc4)cc23)ccc1Oc1ccccc1,CHEMBL3890526,False,6.17,,1
ACQNKROPLBLPOF-UHFFFAOYSA-N,C=CC(=O)N1CCCC(Nc2nc(Nc3cnn(C4CN(C)CC4F)c3)c3c(c2F)CNC3=O)C1,CHEMBL5850413,True,5.92,,1
HBDOUFVMKNZUHW-UHFFFAOYSA-N,COc1ccccc1-c1cc2c(NCc3ccncc3)ncnc2s1,CHEMBL3416597,False,6.97,,1
ZDHNGLCAMDHDDN-UHFFFAOYSA-N,COc1ccccc1-c1cc2c(NC(CO)c3ccccc3)ncnc2s1,CHEMBL3416594,False,8.1,,1
MEAHQSFATRAJHG-UHFFFAOYSA-N,Cc1cc2cc(Nc3ccnc4cc(-c5ccc(CNCCN6CCNCC6)cc5)sc34)ccc2[nH]1,CHEMBL79060,False,6.6,,1
AEEPXYZNJPKDOX-UHFFFAOYSA-N,N#CC(=Cc1cc(O)ccc1O)C(N)=O,CHEMBL47660,True,5.0,,1
CZOUTEDNZRYTGU-UHFFFAOYSA-N,Nc1ncnc2c1c(-c1ccccc1)cn2-c1ccccc1CO,CHEMBL429057,False,5.96,,1
OLAAZMUTOKWQQN-XMMPIXPASA-N,CN1CCCN([C@@H]2CCCN(c3cnc(C(N)=O)c(Nc4ccc(C5CCN(C6CC6)CC5)cc4)n3)C2)C1=O,CHEMBL5889296,False,6.26,,1
DWVAKISMCOAFIB-UHFFFAOYSA-N,C=c1c(C(=O)NCCN(CC)CC)c(C)[nH]c1=Cc1c(O)[nH]c2ccc(Br)cc12,CHEMBL13629,True,5.0,,1
ZVTYOOQKQKVLKZ-HSZRJFAPSA-N,CN1CCN([C@@H]2CCCN(c3cnc(C(N)=O)c(Nc4ccc(C5(C)CCN(C(=O)C6CC6)CC5)cc4)n3)C2)C1=O,CHEMBL5875583,False,6.26,,1
LTRIUTQNCXXORF-UHFFFAOYSA-N,CN1C(=O)C(=C(C#N)C#N)c2cc(O)ccc21,CHEMBL56201,True,4.58,,1
KQWTXAWKBUUOMU-UHFFFAOYSA-N,Cc1ccsc1C(=O)n1nc(Nc2ccc(S(N)(=O)=O)cc2)nc1N,CHEMBL363130,False,5.08,,1
WRZDSWJPAZYXTN-UHFFFAOYSA-N,COc1ccc(C2=NN(c3nc(O)cs3)C(c3ccc4ccccc4c3)C2)cc1,CHEMBL3263378,False,5.55,,1
IYXJXFBKVKQMBJ-DUXPYHPUSA-N,NC(=O)c1c(-c2ccc(Oc3ccc(Cl)cc3)cc2)nn(C2CCCN(C(=O)/C=C/CO)C2)c1N,CHEMBL5886252,True,5.66,,1
VHQVOTINPRYDAO-UHFFFAOYSA-N,O=C(Nc1nccs1)C(c1cc(F)ccc1O)N1Cc2ccc(-c3ccc(N4CCNCC4)cc3)cc2C1=O,CHEMBL4443062,False,5.395,0.021213203435596916,2
YXIIIHIHDBMOTL-UHFFFAOYSA-N,c1csc(-c2cc3ncnc(Nc4ccc5[nH]ccc5c4)c3s2)c1,CHEMBL76751,False,8.205,1.1242997820866105,2
QEKCMFKWDZHOOD-UHFFFAOYSA-N,Nc1ncnc2c1c(-c1ccccc1)cn2-c1ccc(CO)cc1,CHEMBL367442,False,6.16,,1
CWUGNRVNSPIEKA-UHFFFAOYSA-N,Cc1ccccc1-c1cn(-c2ccccc2)c2ncnc(N)c12,CHEMBL174634,False,5.58,,1
NIFJNLTXXJIUNG-UHFFFAOYSA-N,O=C(c1ccccc1)c1cccc(NC(=O)c2cc3ccccc3[nH]2)c1,CHEMBL3799956,False,4.35,,1
BVFJPTPBIZMCEM-UHFFFAOYSA-N,C=CC(=O)Nc1cccc(Oc2nc(Nc3ccc(N4CCN(CC(=O)OCCCCCCOc5no[n+]([O-])c5S(=O)(=O)c5ccccc5)CC4)cc3OC)ncc2Cl)c1,CHEMBL2381511,True,6.54,,1
GZIPQVGZKJOSHM-UHFFFAOYSA-N,C=CC(=O)Nc1cccc(Oc2nc(Nc3ccc(N4CCN(CC(=O)NCC(C)Oc5no[n+]([O-])c5S(=O)(=O)c5ccccc5)CC4)cc3OC)ncc2Cl)c1,CHEMBL2381505,True,7.14,,1
BUMADWVVVPZKNG-UHFFFAOYSA-N,CN1CCC(Oc2cccc3ncnc(Nc4ccc(OCc5ccccn5)cc4)c23)CC1,CHEMBL194337,False,5.68,,1
UMWZSZYWDMVROC-UHFFFAOYSA-N,CC(C)N(CC#CC(=O)Nc1ccc2ncnc(Nc3ccc(F)c(Cl)c3)c2c1)C(C)C,CHEMBL380669,False,8.38,,1
DLPSDPPZXRJQOY-UHFFFAOYSA-N,CC#CC(=O)Nc1cc2c(Nc3ccc(F)c(Cl)c3)ncnc2cn1,CHEMBL203644,False,9.52,,1
ORQCPZXOXGFXMU-UHFFFAOYSA-N,COc1cc2c(Nc3cccc(Br)c3)ncnc2cc1OCCCn1ccnc1[N+](=O)[O-],CHEMBL3360617,False,9.31,,1
UYFPHIJXUONCKX-KCHLEUMXSA-N,CCN1CCN(Cc2ccc(C(=O)N[C@@H]3[C@H]4Oc5ccc(Oc6ccnc(C(=O)NC)c6)cc5[C@@H]34)cc2C(F)(F)F)CC1,CHEMBL5817477,False,8.15,0.34674678561355593,3
YWIRFAISLJFQCK-GSDHBNRESA-N,CN1CCN(Cc2ccc(C(=O)N[C@@H]3[C@H]4Oc5ccc(Oc6ccnc7c6COC(=O)N7)cc5[C@@H]34)cc2C(F)(F)F)CC1,CHEMBL6029891,False,9.31,0.36774085078127156,3
JOLWLHDMAIYLGC-UHFFFAOYSA-N,C=CC(=O)N1CCCC(Cn2nc(C(=O)Nc3nc4ccccc4o3)c3c(N)ncnc32)C1,CHEMBL5846269,True,7.75,,1
FUPLQSLMGWHNRN-JOCQHMNTSA-N,C=CC(=O)N[C@H]1CC[C@H](n2nc(C(=O)Nc3nc4ccccc4o3)c3c(N)ncnc32)CC1,CHEMBL5820547,True,7.91,,1
ZKDXSTPVDAAJGY-UHFFFAOYSA-N,Nc1ccc2ncnc(Nc3ccc4c(ccn4Cc4cccc(Cl)c4)c3)c2c1,CHEMBL5194966,False,8.08,,1
OAVQAUQHQJNYKR-UHFFFAOYSA-N,COc1ccc(C#CC(C)(C)N)cc1-c1[nH]nc2nc(Nc3ccc(F)cc3F)ncc12,CHEMBL370808,False,5.28,,1
JFAWJVBCLVAICC-HHTJIARGSA-N,CN1CCC[C@@H]1/C=C/C(=O)Nc1ccc2ncnc(Nc3ccc(OCc4ccccn4)c(Cl)c3)c2c1-c1ccccc1,CHEMBL5591662,True,7.84,,1
YBZNHFHVVZMUSP-QPJJXVBHSA-N,CN(C)C/C=C/C(=O)Nc1ccc2ncnc3c2c1CCN3c1ccc(OCc2cccc(F)c2)c(Cl)c1,CHEMBL5594407,True,7.49,,1
QFKFKXOBHBVFQK-OAQYLSRUSA-N,CN(C)C(=O)N[C@@H]1CCCN(c2cnc(C(N)=O)c(Nc3ccc(C4CCN(C(=O)N(C)C)CC4)cc3)n2)C1,CHEMBL5848379,False,5.26,,1
JGDSBJDDFRVDDI-OAQYLSRUSA-N,CN(C)C(=O)N[C@@H]1CCCN(c2cnc(C(N)=O)c(Nc3ccc(C4CCN(C5COC5)CC4)cc3)n2)C1,CHEMBL5828306,False,5.26,,1
PBNBZMPHPCWEFT-QGZVFWFLSA-N,CN(C)C(=O)N[C@@H]1CCCN(c2cnc(C(N)=O)c(Nc3ccc(OC4CCCC4)cc3)n2)C1,CHEMBL5998056,False,5.26,,1
UXOKXKVHWDWUBP-HSZRJFAPSA-N,CN(C)C(=O)N[C@@H]1CCCN(c2cnc(C#N)c(Nc3ccc(C4(C)CCN(C(=O)OC(C)(C)C)CC4)cc3)n2)C1,CHEMBL5997253,False,5.26,,1
LXOADFXFUMUSSE-UHFFFAOYSA-N,C=CC(=O)N1CCC(C2CCNc3c(C(N)=O)c(-c4cc(Cl)c(Cl)c(Cl)c4)nn32)CC1,CHEMBL5266477,True,6.15,,1
ZMCYWNHBOFVQPF-UHFFFAOYSA-N,C=CC(=O)N1CCC(C2CCNc3c(C(N)=O)c(-c4cc(Cl)c(Br)c(OC)c4)nn32)CC1,CHEMBL5272121,True,6.18,,1
IHJOVKPLSQINCA-UHFFFAOYSA-N,C=CC(=O)N1CCC(C2CCNc3c(C(N)=O)c(-c4cc(OC)c5c(c4)OCC5(C)C)nn32)CC1,CHEMBL5268388,True,6.89,,1
NVVPROZYIDMHOY-QGZVFWFLSA-N,OC[C@@H](Nc1ncnc2[nH]c(-c3ccncc3)cc12)c1ccccc1,CHEMBL4780965,False,8.7,,1
XQCMCFSURPMSTA-HSZRJFAPSA-N,CN(C)CCNCc1ccc(-c2cc3c(N[C@H](CO)c4ccccc4)ncnc3[nH]2)cc1,CHEMBL4748320,False,9.52,,1
SAPHFRRHZAKNTE-GOSISDBHSA-N,Cn1c(-c2ccccc2)cc2c(N[C@H](CO)c3ccccc3)ncnc21,CHEMBL4753008,False,6.05,,1
FAGJCAQBJKSOOS-UHFFFAOYSA-N,C=CC(=O)Nc1ccc2c(Nc3cccc(C)c3)ncnc2c1,CHEMBL297968,True,8.8,,1
RDBFWDTVOKUUGE-QGZVFWFLSA-N,CN(C)C(=O)N[C@@H]1CCCN(c2cnc(C(N)=O)c(Nc3cnn(C4CCN(C(=O)C5CC5)CC4)c3)n2)C1,CHEMBL5799073,False,5.26,,1
SJIIPGOCKAIKKA-UHFFFAOYSA-N,Cn1cc(-c2ccnc(Nc3ccc(NC(=O)CCCCCCC(O)=NO)cc3)n2)c2ccccc21,CHEMBL5218998,False,5.5,,1
PPSXFGYQDQCTFS-UHFFFAOYSA-N,COc1ccc(-c2nnc(-n3c(-c4ccccc4)nc4cc(Cl)ccc4c3=O)o2)cc1,CHEMBL5279539,False,7.68,,1
QWVDOEJGSQMFKO-VQHVLOKHSA-N,COc1ccc(NC(=O)/C=C/CN(C)C)cc1Nc1ncc(C)c(-c2cnn3ccccc23)n1,CHEMBL2426377,True,4.62,,1
GGUZZIYJAKQCPH-UHFFFAOYSA-N,Nc1ncnc2c1c(-c1ccc(CNC(=O)c3nccc4ccccc34)cc1)nn2C1CCCC1,CHEMBL6012141,False,5.26,0.0,2
PDTLEIMQPNWRHG-UHFFFAOYSA-N,COc1ccccc1C(=O)NCc1ccc(-c2nn(C3CCC(C)C3)c3ncnc(N)c23)cc1,CHEMBL5938232,False,6.26,0.0,2
DTUMIKLOEHJGJT-UHFFFAOYSA-N,Nc1ncnc2c1c(-c1ccn3ccnc3c1)nn2C1CCCC1,CHEMBL1241675,False,4.92,,1
DLACNDICKJWAMH-UHFFFAOYSA-N,CCOC(=O)c1cn2ncnc(Nc3ccc4c(cnn4Cc4ccccc4)c3)c2c1C(C)C,CHEMBL365606,False,6.7,,1
LNWUSIFVARIMOH-UHFFFAOYSA-N,CC(C)n1nc(-c2ccc3c(c2)CCO3)c2c(N)ncnc21,CHEMBL1241587,False,5.3,,1
IACPUILVLDGVIT-LJQANCHMSA-N,C=CC(=O)N1CCC[C@@H](N(C)c2cnc(C(N)=O)c(Nc3ccc(C(=O)N4CCOCC4)cc3)n2)C1,CHEMBL5930251,True,6.26,,1
JETKONUWSRIYFR-YHCZKZFASA-N,CN(C)C/C=C/C(=O)N1CCC[C@@H](N(C)c2cnc(C(N)=O)c(Nc3ccc(C(=O)N4CCOCC4)cc3)n2)C1,CHEMBL5924281,True,5.26,,1
HZBPYMDEPLTVAO-UHFFFAOYSA-N,COc1ccc2c(c1)CNc1c(Nc3ccc(Cl)cc3)ncnc1O2,CHEMBL205454,False,5.24,,1
SYJIYJSNAYNAFP-UHFFFAOYSA-N,COc1ccc2c(c1)CNc1c(Nc3ccccc3)ncnc1O2,CHEMBL383121,False,5.12,,1
QLLLIGGXRUNRDR-UHFFFAOYSA-N,[O-][S+]1CCN(Cc2ccc(-c3ccc4ncnc(Nc5ccc(OCc6ccccc6)c(F)c5)c4c3)o2)CC1,CHEMBL215716,False,7.8,,1
BHZWACACNOOTKB-UHFFFAOYSA-N,[O-][S+]1CCN(Cc2ccc(-c3ccc4ncnc(Nc5ccc(OCc6cccc(F)c6)c(Cl)c5)c4c3)o2)CC1,CHEMBL212954,False,7.55,,1
JLBVWHHVKVXOOR-UHFFFAOYSA-N,O=S(=O)(CCOCc1ccc(-c2ccc3ncnc(Nc4ccc(OCc5cccc(F)c5)c(Cl)c4)c3c2)o1)c1ccccc1,CHEMBL212250,False,7.6,,1
MTHDVQYDQJZAFB-UHFFFAOYSA-N,O=S(=O)(CCNCc1ccc(-c2ccc3ncnc(Nc4ccc(OCc5cccc(F)c5)c(Cl)c4)c3c2)o1)c1ccccc1,CHEMBL1794063,False,7.72,,1
HBNMFZZQCIPDOK-UHFFFAOYSA-N,CS(=O)(=O)CCNCc1ccc(-c2ccc3ncnc(Nc4ccc(OCc5ccccc5)c(C(F)(F)F)c4)c3c2)o1,CHEMBL387207,False,6.8,,1
NVHKWMBHTXQWRP-ZETCQYMHSA-N,C[C@@H](CN)n1nc(-c2ccc(Cl)c(O)c2)c2c(N)ncnc21,CHEMBL1240544,False,5.04,,1
SUHVLNRNLVTOCF-UHFFFAOYSA-N,Cc1c(-c2ccccc2)[nH]c2ncnc(Nc3cccc(Cl)c3)c12,CHEMBL311129,False,8.0,,1
WISOXVRWVHHVTF-UHFFFAOYSA-N,C=CCSSCCC(=O)OCCCOc1cc2ncnc(Nc3cccc(Br)c3)c2cc1OC,CHEMBL4779194,False,5.154999999999999,0.021213203435596288,2
UXZDJRJJDCBSLW-UHFFFAOYSA-N,S=C(Nc1ccc2c(c1)OCO2)Nc1c2ccccc2nc2ccccc12,CHEMBL4782320,False,6.31,,1
AKJZGCUHFBZJNV-UHFFFAOYSA-N,O=S(=O)(Nc1nccs1)c1ccc(NC(=S)Nc2ccc3c(c2)OCO3)cc1,CHEMBL4799700,False,5.79,,1
QPZURRPXZSPBJE-UHFFFAOYSA-N,COc1ccc(-c2[nH]nc3ncnc(N)c23)cc1O,CHEMBL1241300,False,4.0,,1
YZQDBWXUDUMPDB-UHFFFAOYSA-N,COc1cc(OC2CCN(C)CC2(F)F)c2c(Nc3ccc(Oc4ccn5ccnc5c4)c(C)c3)ncnc2c1,CHEMBL5890920,False,5.74,,1
MGBJUGCCYZJVGR-QHCPKHFHSA-N,COc1cc(O[C@H]2CCNCC2(F)F)c2c(Nc3ccc(Oc4ccn5ncnc5c4)c(C)c3)ncnc2c1,CHEMBL5901840,False,5.51,,1
WTLRSSATGYETCG-KRWDZBQOSA-N,C=CC(=O)N1CCC[C@H](n2nc(-c3ccc(Oc4ccccc4)cc3)c(C(N)=O)c2N)C1,CHEMBL6048351,True,6.1,0.0,2
HLILQABBLFGERM-UHFFFAOYSA-N,Clc1ccc2c(c1Nc1ncnc3cc(OCCCN4CCCC4)cc(OC4CCOCC4)c13)OCO2,CHEMBL217090,False,6.05,,1
ZQVHUCQNAUTGDD-UHFFFAOYSA-N,COc1cc(F)ccc1C(=O)NCc1ccc(-c2nn(C3CCCC3)c3ncnc(N)c23)cc1,CHEMBL5962200,False,5.26,0.0,2
XJBOGMAXDOAFCH-UHFFFAOYSA-N,COc1ncccc1C(=O)NCc1ccc(-c2nn(C3CCCC3)c3ncnc(N)c23)cc1,CHEMBL5788370,False,5.26,0.0,2
NCQYFKGTEDNHPE-UHFFFAOYSA-N,c1ccc(CNc2ncnc3c2[nH]c2ccccc23)cc1,CHEMBL5173075,False,6.34,,1
IDDDPBUECDBNJX-UHFFFAOYSA-N,Cc1oc2ncnc(Nc3cccc(Br)c3)c2c1C(=O)O,CHEMBL4285894,False,6.12,,1
JGYUWRRSTZEWGH-UHFFFAOYSA-N,C#Cc1cc(C=O)cc(Nc2ncnc3cc(OCCOC)c(OCCOC)cc23)c1,CHEMBL5633106,False,6.96,,1
IULZWXNTRQMEAI-UHFFFAOYSA-N,O=C(Nc1ccc(C2NCCc3c2[nH]c2ccccc32)cc1)c1cccc(F)c1,CHEMBL5563782,False,4.02,,1
NODQNHSJMFELTR-UHFFFAOYSA-N,COc1cc(C2NCCc3c2[nH]c2ccccc32)ccc1OCc1ccc(C#N)cc1F,CHEMBL5568100,False,4.09,,1
CDURQNGJJQWXCB-ADDBBOADSA-N,CC(C)c1ccc(N2C[C@H](CS(C)(=O)=O)[C@H]2C)c2cnc(Nc3ccnc(N4CC[C@@](C)(O)[C@@H](F)C4)n3)cc12,CHEMBL5208737,False,5.9399999999999995,0.028284271247461613,2
IPZIOOTYPWTOTO-SNAWJCMRSA-N,COc1cc2ncnc(Nc3ccc(F)c(Cl)c3)c2cc1OC(=O)/C=C/n1cc(F)c(=O)[nH]c1=O,CHEMBL5438568,False,7.8,0.0,2
ASEMLWDIYZJALH-DTXPUJKBSA-N,CCN1CCC(Cc2ccc(C(=O)N[C@@H]3[C@H]4Oc5ccc(Oc6ccnc7c6CCC(=O)N7)cc5[C@@H]34)cc2C(F)(F)F)CC1,CHEMBL5840248,False,9.7,0.35104605585782156,3
OMTLURFNGXKURR-DTXPUJKBSA-N,CCN1CCC(=Cc2ccc(C(=O)N[C@@H]3[C@H]4Oc5ccc(Oc6ccnc7c6CCC(=O)N7)cc5[C@@H]34)cc2C(F)(F)F)CC1,CHEMBL5897419,False,9.59,0.4536885862938732,3
YVZVLBSHJGSXFL-VMPITWQZSA-N,Cc1ccc2nc(/C=C/c3ccc(N(C)C)cc3)cc(-c3nnc(N)s3)c2c1,CHEMBL5284920,False,5.96,,1
NJQKXLPNGPRPBX-UKINESCASA-N,Nc1ncnc2c1c(C(=O)Nc1nc3cc(Cl)ccc3o1)nn2[C@@H]1CCCN(C(=O)/C=C/CN2CCCC2)C1,CHEMBL5913449,True,6.84,,1
UFSANITUDDIZER-CYBMUJFWSA-N,CC#CC(=O)N1CCC[C@@H](n2nc(C(=O)Nc3nc4ccccc4o3)c3c(N)ncnc32)C1,CHEMBL5743835,False,6.58,,1
FUPLQSLMGWHNRN-BETUJISGSA-N,C=CC(=O)N[C@H]1CC[C@@H](n2nc(C(=O)Nc3nc4ccccc4o3)c3c(N)ncnc32)CC1,CHEMBL5988246,True,7.38,,1
KJKCOOWPRZTMQC-UHFFFAOYSA-N,C=CC(=O)Nc1ccc2ncc(NC(=O)Nc3ccccc3)nc2c1,CHEMBL5272590,True,7.6,,1
VMIQKNBDZRNRNG-UHFFFAOYSA-N,O=c1oc2cc3ncnc(Nc4ccccc4O)c3cc2n1CCCN1CCOCC1,CHEMBL2064388,False,4.52,,1
CNNHXKTUHSHSAU-UHFFFAOYSA-N,O=c1oc2cc3ncnc(Nc4ccc(OCc5ccc(Cl)cc5)c(Cl)c4)c3cc2n1CCCN1CCOCC1,CHEMBL2064395,False,7.21,,1
MYTTUHJKUWGZNX-KRWDZBQOSA-N,C[C@H](Nc1ncnc2cc3oc(=O)n(CCCN4CCOCC4)c3cc12)c1ccccc1,CHEMBL2064399,False,5.43,,1
FDMQDKQUTRLUBU-UHFFFAOYSA-N,C=CC(=O)Nc1cccc(Oc2nc(Nc3ccc(N4CCN(C)CC4)cc3)nc3ccsc23)c1,CHEMBL3786343,True,6.869999999999999,1.6546298679765201,2
PLKXLSABUWNGOL-HSZRJFAPSA-N,NC(=O)c1nnc(N2CCC[C@@H](NC(=O)c3ccc4ncccc4c3)C2)nc1Nc1ccc(C(=O)N2CCOCC2)cc1,CHEMBL5792750,False,5.26,,1
NKANXQFJJICGDU-QPLCGJKRSA-N,CC/C(=C(\c1ccccc1)c1ccc(OCCN(C)C)cc1)c1ccccc1,CHEMBL83,False,5.45,,1
IRMHXRHXLFRZFM-ZIAGYGMSSA-N,C=CC(=O)N[C@@H]1CN(c2nc(Nc3cnn(C)c3)c3ncn(C(C)C)c3n2)C[C@H]1F,CHEMBL3608429,True,6.75,,1
CNEAVADKWYPXBR-UHFFFAOYSA-N,COc1ccc(-c2[nH]nc3ncnc(Nc4cccc(Cl)c4)c23)cc1,CHEMBL332971,False,7.02,,1
OAYPHBWWZGQZHS-UHFFFAOYSA-N,c1ccc(CNc2ncnc3oc(-c4ccccc4)cc23)cc1,CHEMBL3981621,False,7.03,,1
XWRRGLKSBBKFNB-UHFFFAOYSA-N,COc1ccc(-c2cc3c(NC(CC(N)=O)c4ccccc4)ncnc3o2)cc1,CHEMBL3934461,False,7.66,,1
VPVSYVCBEOTSJF-LJQANCHMSA-N,COC[C@@H](Nc1ncnc2oc(-c3ccc(OC)cc3)cc12)c1ccccc1,CHEMBL3943438,False,7.85,,1
NACOHGGEFZVPOD-GOSISDBHSA-N,COc1ccc(-c2cc3c(N[C@H](CO)c4ccccc4)ncnc3o2)cc1,CHEMBL3952157,False,8.57,,1
HRQYQGYRFXRHAR-CQSZACIVSA-N,C[C@@H](Nc1ncnc2oc(-c3ccccc3)cc12)c1ccccc1,CHEMBL3908303,False,7.96,,1
CNPUYEVNXXILAH-UHFFFAOYSA-N,COc1cc(OC)c2c(c1)Oc1ncnc(Nc3cccc(Br)c3)c1NC2,CHEMBL204223,False,5.2,,1
ZROCWKZRGJYPTG-UHFFFAOYSA-N,C=CC(=O)Nc1cc(Nc2nccc(-c3cn(C)c4ccccc34)n2)c(OC)cc1N(C)CCNC,CHEMBL3353412,True,6.11,,1
VPBAXWOWGZTFTQ-ONEGZZNKSA-N,CN(C)C/C=C/C(=O)Nc1cc2c(Nc3ccc(F)c(Cl)c3)ncnc2cc1OCC12COCC1C2,CHEMBL3895468,True,9.43,,1
NQHMMDRPRXVCLT-UHFFFAOYSA-N,COc1cc2c(Nc3ccc(-c4nc5ccccc5s4)c(O)c3)ncnc2cc1OCCCN1CCN(C)CC1,CHEMBL606466,False,6.96,,1
MOQBNQNUPNPLCH-UHFFFAOYSA-N,COc1ccc2nc(-c3ccc(Nc4ncnc5cc(OCCCN6CCN(C)CC6)c(OC)cc45)cc3)sc2c1,CHEMBL593306,False,6.7,,1
JLSKRXIRKVRVCD-UHFFFAOYSA-N,Cc1ccc(C=NN=c2[nH]c(O)cs2)cc1,CHEMBL592707,False,5.49,,1
IHOZUQVCUARQLW-UHFFFAOYSA-N,Oc1ccc(C=NN=c2[nH]c(O)cs2)cc1,CHEMBL590876,False,5.33,,1
LEHKQMGTJUJZPH-UHFFFAOYSA-N,Oc1cccc(C=NN=c2[nH]c(O)cs2)c1,CHEMBL591051,False,4.71,,1
URVRJEIGGRSCLI-UHFFFAOYSA-N,Clc1cccc(Nc2ncnc3[nH]nc(Nc4cccc(Cl)c4)c23)c1,CHEMBL333038,False,6.48,,1
HVAQMHFWXFSGJF-UHFFFAOYSA-N,N#Cc1ccc2c(c1)C(c1ccccc1F)=Nc1c[nH]nc1N2,CHEMBL1257795,False,4.96,,1
YMFKLMVUBGVUPG-OAHLLOKOSA-N,C=CC(=O)N1CCC[C@@H](n2nc(-c3ccc(Oc4ncc(Cl)cc4F)cc3)c(C(N)=O)c2N)C1,CHEMBL5926524,True,8.54,,1
ANQSRGWBVINOHT-JHBSALDVSA-N,NC(=O)c1c(-c2ccc(Oc3ncc(Cl)cc3F)cc2)nn([C@@H]2CCCN(C(=O)/C=C/CF)C2)c1N,CHEMBL5887361,True,6.42,,1
NIIYCBINHXIENT-UHFFFAOYSA-N,Cc1[nH]c2ncnc(Nc3ccc(F)cc3)c2c1C,CHEMBL73710,False,6.25,,1
RJZUVQHBSXINFT-GQCTYLIASA-N,CC1CCCCN1C/C=C/C(=O)N1CCOc2cc3ncnc(Nc4ccc(F)c(Cl)c4)c3cc21,CHEMBL4458843,True,7.945,0.8131727983645296,2
FQUIFYYDFZJJPV-CRAIPNDOSA-N,C[C@@H]1[C@H](NC(=O)N(C)C)CCCN1c1cnc(C(N)=O)c(Nc2ccc(C3(C#N)CC3)cc2)n1,CHEMBL5902984,False,6.26,,1
ICBNFZRGYFGZLT-UHFFFAOYSA-N,C=CC(=O)NCCCn1nc(C(=O)Nc2nc3ccccc3o2)c2c(N)ncnc21,CHEMBL5808724,True,7.96,,1
CYNIDTSIZUJCPC-UHFFFAOYSA-N,CCS(=O)(=O)N1CCC(c2nc(-c3ccc(F)cc3)c(-c3ccnc(Nc4ccc(N5CCN(C)CC5)cc4)n3)s2)CC1,CHEMBL5395951,False,7.28,,1
NIGXIHUCIANGDC-UHFFFAOYSA-N,ON=C(O)CCCCCn1cc(-c2ccc3ncnc(Nc4ccc(Br)cc4F)c3c2)nn1,CHEMBL5280359,False,7.99,,1
HPJSNEQIUZAEBL-UHFFFAOYSA-N,COc1cc(-c2nc3ccccc3s2)ccc1Nc1ncnc2cc(OC)c(OC)cc12,CHEMBL596059,False,7.2,,1
SSHDKAJDJAVHAF-UHFFFAOYSA-N,COc1cc2c(Nc3ccc(-c4nc5ccccc5s4)cc3C)ncnc2cc1OCCCN1CCN(C)CC1,CHEMBL595406,False,6.6,,1
WYRFZTFZPZDGIF-PQMHYQBVSA-N,COc1ccc(/C=C\C(=O)c2ccc(Br)c3cc(-c4ccc(F)cc4)oc23)cc1,CHEMBL5194719,False,7.05,,1
AOOHJOBLVAUWRA-UHFFFAOYSA-N,CC=C1C(=NC(=O)OCCN2CCNCC2)NC2N=CN=C(Nc3ccc4c(cnn4Cc4ccccc4)c3)C12,CHEMBL565714,False,7.68,,1
NPYDYHPSZWTCIV-UHFFFAOYSA-N,CC=C1C(=NC(=O)OCCn2ccnc2)NC2N=CN=C(Nc3ccc4c(cnn4Cc4ccccc4)c3)C12,CHEMBL566337,False,7.4,,1
UPHDUFXIMWSSFT-NLFFAJNJSA-N,COC1CN(c2ncc(C(C)C)c3cc(Nc4ccnc(N5CC[C@@H](O)[C@@](C)(F)C5)n4)ncc23)C1,CHEMBL5205583,False,4.8,0.2828427124746193,2
QEKSSLKMNVDNAI-UHFFFAOYSA-N,Cn1cc(-c2ccnc(Nc3ccc(C(=O)NCCCCCCC(O)=NO)cc3)n2)c2ccccc21,CHEMBL4746995,False,5.37,0.1838477631085022,2
SYBFJVJKOITZFD-UHFFFAOYSA-N,COc1cc2c(Nc3ccc(NC(=O)c4ccc(Cl)cc4)cc3)ncnc2cc1OCCCN1CCN(C)CC1,CHEMBL3760090,False,5.88,,1
BLRHUONNMVFXTL-UHFFFAOYSA-N,CCOc1cc2ncc(C#N)c(Nc3ccc(F)c(Cl)c3)c2cc1NC(=O)C1CCSS1,CHEMBL5949708,False,7.3,,1
RFVXEKMIQPNTFL-UHFFFAOYSA-N,Nc1ccc2ncnc(Nc3ccc4[nH]ncc4c3)c2c1,CHEMBL5178707,False,8.53,,1
MRASJNYPMAPSOA-UHFFFAOYSA-N,Nc1ccc2ncnc(Nc3cccc4cc[nH]c34)c2c1,CHEMBL5180325,False,7.6,,1
PTSBVBCAYLTQNL-QPJJXVBHSA-N,Cc1ncc([N+](=O)[O-])n1CCOC(=O)/C=C/c1ccc(Br)cc1,CHEMBL1173651,False,5.49,,1
JRFGGCYBDXUYEB-UHFFFAOYSA-N,C=CC(=O)N1CCCCC(N(C)c2nc(Nc3ccc(N4CCOCC4)cc3)c3c(c2F)CNC3=O)C1,CHEMBL5785275,True,5.81,,1
LCAMQADQTSRNRU-UHFFFAOYSA-N,O=C(Cc1cccs1)Nc1cccc(-c2ccc3nnc(-c4cccnc4)n3n2)c1,CHEMBL2093753,False,7.1,0.0,2
UOFYSRZSLXWIQB-UHFFFAOYSA-N,C=CC(=O)Nc1cccc(Oc2nc(Nc3ccc(N4CCN(C)CC4)c(F)c3)nc3[nH]ccc23)c1,CHEMBL4297865,True,7.68,,1
JLZNUPMSLUHXRK-UHFFFAOYSA-N,C=CC(=O)N1CCC(Oc2cc3c(Nc4ccc(Br)c(Cl)c4)ncnc3cc2OC)C1,CHEMBL5939422,True,7.205,0.7697272244113492,6
HHBFNITYFSGXHZ-UHFFFAOYSA-N,C=CC(=O)N1CC(Oc2cc3c(Nc4ccc(Cl)c(C5CC5)c4)ncnc3cn2)C1,CHEMBL5990895,True,5.27,0.35365237168722613,5
IBVURLSKTNUMDI-UHFFFAOYSA-N,N#Cc1c(NC(=O)CNc2[nH]nc3ncccc23)sc2c1CCCC2,CHEMBL5221067,False,9.33,,1
UBPYILGKFZZVDX-UHFFFAOYSA-N,COc1cc(Nc2c(C#N)cnc3cc(OCCCN4CCN(C)CC4)c(OC)cc23)c(Cl)cc1Cl,CHEMBL288441,False,7.28,,1
NLVYVYNKLKWGMW-UHFFFAOYSA-N,COc1ccc(C(=O)n2nc(-c3ccncc3)nc2N)cc1,CHEMBL5287053,False,5.34,,1
UCKKZOCKASQMFK-UHFFFAOYSA-N,COCOCC#CC(=O)Nc1ccc2ncnc(Nc3cccc(Br)c3)c2c1,CHEMBL93049,False,7.23,,1
JAXHLQYMTYAKTB-JOCHJYFZSA-N,CN1CCN([C@@H]2CCCN(c3cnc(C(N)=O)c(Nc4ccc(C5(C)CCN(C6COC6)CC5)cc4)n3)C2)C1=O,CHEMBL5823139,False,6.26,,1
JKTCYIDJXKFDGR-OAQYLSRUSA-N,CN1CCN([C@@H]2CCCN(c3cnc(C(N)=O)c(Nc4ccc(C5(C)CCN(C=O)CC5)cc4)n3)C2)C1=O,CHEMBL5770897,False,6.26,,1
GKFNUTZJSAHPAE-UHFFFAOYSA-N,CC(=O)N1N=C(c2ccc(C)c(C)c2)CC1c1ccccc1,CHEMBL1173398,False,4.7,,1
XIMUMXMQNCMKGY-UHFFFAOYSA-N,NC(=S)N1N=C(c2ccc(Br)c(Br)c2)CC1c1ccc(Cl)cc1,CHEMBL1169870,False,5.09,,1
USJAOUSWGAHVII-UHFFFAOYSA-N,NC(=S)N1N=C(c2ccc(Cl)c(Cl)c2)CC1c1ccccc1Cl,CHEMBL1173602,False,5.14,,1
FFHSFKHBUUUYTG-UHFFFAOYSA-N,Cc1ccc(C2=NN(C(N)=S)C(c3ccccc3F)C2)cc1C,CHEMBL1169856,False,5.29,,1
SQRBULDMAYBTJT-UHFFFAOYSA-N,Cc1ccc(C2=NN(C(N)=S)C(c3ccc([N+](=O)[O-])cc3)C2)cc1C,CHEMBL1173454,False,5.51,,1
VLOZVSNKEBEMBK-UHFFFAOYSA-N,NC(=S)N1N=C(c2ccc(Br)c(Br)c2)CC1c1ccccc1Cl,CHEMBL1173251,False,4.91,,1
YYMAYABEGTVMRS-UHFFFAOYSA-N,CC(=O)N1N=C(c2ccc(Cl)c(Cl)c2)CC1c1ccc(Cl)cc1,CHEMBL1173248,False,4.79,,1
LMGUBGLYTIBZRC-UHFFFAOYSA-N,C=CC(=O)Nc1cccc(N2C(=O)N(C)Cc3cnc(Nc4ccc(N5CCN(C)CC5)cc4)nc32)c1,CHEMBL2029428,True,9.37,,1
AIYPEEWHMFSHOC-UHFFFAOYSA-N,C=CC(=O)Nc1cccc(N2C(=O)N(c3ccc(Oc4ccccc4)cc3)Cc3cnc(Nc4ccc(N5CCN(C)CC5)cc4OC)nc32)c1,CHEMBL2029440,True,8.82,,1
MGXZPQRGFPHJNB-UHFFFAOYSA-N,COc1cc(N2CCN(C)CC2)ccc1Nc1ncc(Cl)c(Oc2cccc(NC(=O)CCN3CCCC3)c2)n1,CHEMBL3237931,False,6.28,,1
HBEBFUHARBSUQR-UHFFFAOYSA-N,C=CC(=O)Nc1cc2c(Cc3cccc(Br)c3)ncnc2cc1OCCCn1ccnc1,CHEMBL473944,True,8.52,,1
JBULJGRFCMVTLA-UHFFFAOYSA-N,O=C(C=CC(=O)NCCCN1CCOCC1)Cc1cc2c(Nc3cccc(Br)c3)ncnc2cn1,CHEMBL460722,True,9.09,,1
DECUBVXBHCLQNY-UHFFFAOYSA-N,C=CS(=O)(=O)Nc1cc2c(Nc3cccc(Br)c3)ncnc2cn1,CHEMBL139095,False,9.12,,1
URVMSYHISUZXNH-UHFFFAOYSA-N,CN1Cc2cc3c(Nc4cccc(Br)c4)ncnc3cc21,CHEMBL489112,False,9.1,,1
MVJIDURGJSOZKO-UHFFFAOYSA-N,COc1cccc(-c2cn(C3CCN(C(=O)OC(C)(C)C)C3)c3ncnc(N)c23)c1,CHEMBL168656,False,5.68,,1
SJSZXGFLISXGGM-UHFFFAOYSA-N,Cc1cc2cc(Nc3ccnc4cc(-c5ccc(CNCCOCCO)cc5)sc34)ccc2[nH]1,CHEMBL77342,False,6.18,,1
DOFNHGGYAVHZBW-UHFFFAOYSA-N,O=C(Nc1ccccc1)N(Cc1ccc(F)cc1)Cc1cccc(Br)c1O,CHEMBL592427,False,5.65,,1
PGLLJXXZDBFPCN-UHFFFAOYSA-N,Oc1c(Br)cccc1CN(Cc1ccc(F)cc1)C(=S)Nc1ccccc1,CHEMBL589561,False,6.01,,1
LCGCEYCAQPJEBN-UHFFFAOYSA-N,Cc1cccc(CN(Cc2ccc(O)cc2)C(=S)Nc2ccccc2)c1O,CHEMBL604785,False,5.46,,1
FNGTVKLEDZVBQG-UHFFFAOYSA-N,C#CCCCCCOc1cc2c(Nc3ccc(F)c(Cl)c3)ncnc2cc1OC,CHEMBL590558,False,7.49,,1
VNDGOWZVXDRCAT-UHFFFAOYSA-N,C=C=CCCCOc1cc2c(Nc3ccc(F)c(Cl)c3)ncnc2cc1O,CHEMBL591038,False,8.5,,1
WWQBVYHWIFMCBB-UHFFFAOYSA-N,CCOC(=O)Nc1cc(Nc2ncnc3cc(OC)c(OC)cc23)ccc1Cl,CHEMBL3221561,False,6.05,,1
VHFBRSZCMAZULY-UHFFFAOYSA-N,COc1cc2ncnc(Nc3ccc(Br)cc3F)c2cc1OC,CHEMBL1277620,False,5.24,0.0,2
PBRAZUJVTFOSPC-UHFFFAOYSA-N,NP(=O)(OCCCC(=O)Oc1ccc2ncnc(Nc3ccc(F)c(Cl)c3)c2c1)N(CCCl)CCCl,CHEMBL4097245,False,8.06,,1
AXVWVFHQMYQWLK-UHFFFAOYSA-N,NP(=O)(OCCCC(=O)Oc1ccc2ncnc(Nc3ccc(OCc4cccc(F)c4)c(Cl)c3)c2c1)N(CCCl)CCCl,CHEMBL4061382,False,7.58,,1
HCDAFYYDNGDVKN-UHFFFAOYSA-N,C#Cc1cccc(Nc2ncnc3ccc(-c4ccc(CNCCS(C)(=O)=O)o4)cc23)c1,CHEMBL4088135,False,7.47,,1
LUJWTVHNJBXBQP-UHFFFAOYSA-N,N#CCc1nnc(Cc2nc3ccccc3[nH]2)o1,CHEMBL4067556,False,4.0,,1
XRTHZTMBMXYKBQ-AWCRTANDSA-N,CCN1CCN(Cc2ccc(C(=O)N[C@@H]3[C@H]4Oc5ccc(Oc6ccnc7c6CCC(=O)N7)cc5[C@@H]34)cc2Cl)CC1,CHEMBL5870222,False,9.17,0.028284271247461298,2
OZFQDKCCDUEPFK-DTXPUJKBSA-N,CN(C)C1CCN(Cc2ccc(C(=O)N[C@@H]3[C@H]4Oc5ccc(Oc6ccnc7c6CCC(=O)N7)cc5[C@@H]34)cc2C(F)(F)F)CC1,CHEMBL5952823,False,9.38,0.3508560958569759,3
OVKAWEPHUVGRCJ-SQMXEVSSSA-N,COCC1CCN1C/C=C/C(=O)Nc1cc2c(Nc3ccc(F)c(Cl)c3)ncnc2cc1O[C@H]1CCOC1,CHEMBL5753139,True,8.54,,1
CWWYOYQQBVCVDC-UHFFFAOYSA-N,COC(=O)c1nn2c(NC(C)(C)C)nc3cc(Cl)ccc3c2c1C(=O)OC,CHEMBL5619848,False,6.63,,1
WLQUQTHWWMACGB-UHFFFAOYSA-N,CCC(=O)Nc1cccc(-c2c(-c3ccc(N4CCN(C)CC4)cc3)[nH]c3ncnc(OC(C)C)c23)c1,CHEMBL5220645,False,10.0,,1
UOKGZPYGRJDACN-UHFFFAOYSA-N,Cn1nc(-c2ccc3ccccc3c2)c2c(N)ncnc21,CHEMBL1234815,False,6.41,0.0,2
VHCZHJHCTYDXLJ-UHFFFAOYSA-N,C=CC(=O)Nc1ccc(Nc2ncnc3cc(OC)c(OCCN4CCOCC4)cc23)cc1,CHEMBL4516586,True,6.98,0.0,2
COAQRADEUYYCDG-VIFPVBQESA-N,Nc1ncnc2c1c(-c1ccc(Cl)c(O)c1)nn2[C@H]1CCOC1,CHEMBL1241678,False,5.8,,1
DJBQGUXCAGMWNN-JOCHJYFZSA-N,CN(C)C(=O)N[C@@H]1CCCN(c2cnc(C(N)=O)c(Nc3ccc(C4CCN(C(=O)C5CC5)CC4)cc3)n2)C1,CHEMBL5952214,False,5.26,,1
CHPHDLQQSCKHOK-UHFFFAOYSA-N,Nc1ncnc2c1c(-c1cccc(O)c1F)nn2C1CCCC1,CHEMBL1242111,False,5.75,,1
MJALZBJFTIQSSR-UHFFFAOYSA-N,CC(C)n1nc(-c2cc(O)cc(F)c2)c2c(N)ncnc21,CHEMBL1242198,False,6.24,,1
UVDQTDYLJGKKKD-UHFFFAOYSA-N,CCOc1ccc(-c2[nH]nc3ncnc(N)c23)cc1OC,CHEMBL1242471,False,4.0,,1
HMXWMMRCKSDFCV-UHFFFAOYSA-N,COc1cc(N2CCC(N3CCN(S(C)(=O)=O)CC3)CC2)ccc1Nc1nccc(-c2c(-c3cccc(C(=O)Nc4c(F)cccc4F)c3)nc3ccccn23)n1,CHEMBL507714,False,7.24,,1
SULSSSWEHDPZBW-GSDHBNRESA-N,CCCCCCCCCC(=O)N[C@@H]1[C@H]2Oc3ccc(Oc4ccnc5c4CCC(=O)N5)cc3[C@@H]12,CHEMBL6006366,False,6.2,0.3815756805667782,3
FRTFSQGVYAPBKY-VABKMULXSA-N,O=C1CCc2c(Oc3ccc4c(c3)[C@H]3[C@H](NC(=O)c5ccc(CO)c(C(F)(F)F)c5)[C@H]3O4)ccnc2N1,CHEMBL6039588,False,7.75,0.44933283877322,3
QJJUWHGSXUKRET-YMNBNBDKSA-N,CN(C)[C@H]1CCCN(c2ccc(C(=O)N[C@@H]3[C@H]4Oc5ccc(Oc6ccnc7c6CCC(=O)N7)cc5[C@@H]34)cc2C(F)(F)F)C1,CHEMBL6056244,False,8.85,0.6158192375472956,3
LPOXCHABLAZUHB-HJOGWXRNSA-N,NC1(c2cc(C(=O)N[C@@H]3[C@H]4Oc5ccc(Oc6ccnc7c6CCC(=O)N7)cc5[C@@H]34)cc(C(F)(F)F)c2)CC1,CHEMBL5915854,False,8.77,0.4657610259922287,3
USENYTRSBHMZMA-UHFFFAOYSA-N,CCOc1cc2ncnc(Nc3ccc(F)c(Cl)c3)c2cc1OC(=O)CSc1nc2cc(OC)ccc2s1,CHEMBL4559217,False,6.71,,1
BZHGOIYVJUGAQI-FKBYEOEOSA-N,O=C1CCc2c(Oc3ccc4c(c3)[C@H]3[C@H](NC(=O)c5cccc(F)c5)[C@H]3O4)ccnc2N1,CHEMBL5962642,False,7.12,0.6989515958443278,3
QHAHIGAQWUSAND-UHFFFAOYSA-N,Nc1ncnc(Nc2ccc3c(cnn3Cc3cccc(F)c3)c2)c1C=NN1CCN(CCO)CC1,CHEMBL514566,False,8.05,,1
BVWQZMQCRDRIMH-UHFFFAOYSA-N,CN1CCN(N=Cc2c(N)ncnc2Nc2ccc3c(cnn3Cc3cccc(F)c3)c2)CC1,CHEMBL498134,False,7.8,,1
JNUAITAEEJPXAZ-UHFFFAOYSA-N,CCOc1cc2ncnc(Nc3ccc(F)c(Cl)c3)c2cc1OC(=O)CCl,CHEMBL4440618,False,8.605,0.6434671708797584,2
LIAVXJINZNTHIC-UHFFFAOYSA-N,CCOc1cc2ncnc(Nc3ccc(F)c(Cl)c3)c2cc1OC(=O)CSc1nc2ccccc2s1,CHEMBL4473375,False,7.08,,1
PITISSXVJPJKIL-KCHLEUMXSA-N,CCN1CCN(c2ccc(C(=O)N[C@@H]3[C@H]4Oc5ccc(Oc6ccnc7c6CCC(=O)N7)cc5[C@@H]34)cc2C(F)(F)F)CC1,CHEMBL5873702,False,8.15,0.33291640592396965,3
UGQSWPUGVJABLU-KCHLEUMXSA-N,CN1CCC(Oc2ccc(C(=O)N[C@@H]3[C@H]4Oc5ccc(Oc6ccnc7c6CCC(=O)N7)cc5[C@@H]34)cc2C(F)(F)F)CC1,CHEMBL5805459,False,9.62,0.3994996871087628,3
WKIZAFVIMHRRPF-UHFFFAOYSA-N,Fc1cccc(COc2ccc(Nc3ncnc4cc(OCCCN5CCOCC5)c(OCCCN5CCOCC5)cc34)cc2Cl)c1,CHEMBL4161938,False,8.15,,1
DVQCGHRKXVPKEM-MTJSOVHGSA-N,CN(C)c1ccc(/C=N\Nc2nc(-c3nc4ccccc4n3C)cs2)cc1,CHEMBL4786168,False,6.98,,1
YBWXACZKNLLYFI-UHFFFAOYSA-N,C=CC(=O)Nc1cccc(Nc2nc(Nc3ccc(N4CCN(C(C)=O)CC4)c(OC)c3)ncc2C(F)(F)F)c1,CHEMBL4527443,True,6.57,,1
XIEDBRMNHVILCQ-UHFFFAOYSA-N,Cc1ccccc1-c1nnc(Cc2nc3ccccc3[nH]2)o1,CHEMBL4074782,False,4.4,0.0,2
KKBZFKFELQABBZ-UHFFFAOYSA-N,c1coc(-c2nnc(Cc3nc4ccccc4[nH]3)o2)c1,CHEMBL4061912,False,4.0,,1
UBEVQYMSHABHOM-UHFFFAOYSA-N,Clc1ccc(-c2nnc(Cc3nc4cc(Cl)ccc4[nH]3)o2)c(Cl)c1,CHEMBL4102942,False,4.35,0.0,2
YJSFAHMGDRBZGH-UHFFFAOYSA-N,Cc1cccc(C)c1-c1cc(C)c2nc(Nc3ccc(OCCN4CCCC4)cc3)nnc2c1,CHEMBL436137,False,6.01,,1
KBVZETYUCGGMRC-UHFFFAOYSA-N,CCOC(=O)c1cc2c(Nc3ccc4c(cnn4Cc4ccccc4)c3)ncnn2c1,CHEMBL425738,False,6.92,,1
VRGOWRHHJHLAFC-UHFFFAOYSA-N,CCCc1c(C(=O)OCC)cn2ncnc(Nc3ccc4c(cnn4Cc4ccccc4)c3)c12,CHEMBL438805,False,6.02,,1
LVLMWYNJGBBWEX-UHFFFAOYSA-N,CCc1c(CC(N)=O)cn2ncnc(Nc3ccc4c(cnn4Cc4ccccc4)c3)c12,CHEMBL194160,False,5.96,,1
FXWPQOUICUZLQL-UHFFFAOYSA-N,Cc1cc(Nc2ncnc3cccc(OC4CCN(C)CC4(F)F)c23)ccc1Oc1ccc2ccnn2c1,CHEMBL6017443,False,5.99,,1
KHOPHRHAXOWMRK-UHFFFAOYSA-N,COc1cc(OC2CCN(C)CC2(F)F)c2c(Nc3ccc(Oc4cc5ncnn5cc4F)c(C)c3)ncnc2c1,CHEMBL5797736,False,5.54,,1
DIQMCPYEEIZMCH-UHFFFAOYSA-N,O=C(O)CCCC(=O)Nc1cc(Nc2cccc(Cl)c2)ncn1,CHEMBL4282460,False,7.57,,1
GZSOMRIONXRGEX-BGYRXZFFSA-N,COc1cc(-n2cc(CN3C[C@@H](C)N[C@@H](C)C3)nn2)ccc1Nc1ncc(Cl)c(Nc2ccccc2S(=O)(=O)C(C)C)n1,CHEMBL4166436,False,6.06,,1
ZKGILJLWMHOERD-UHFFFAOYSA-N,COc1ncc(-c2ccc3ncnc(Nc4cnn(CCO)c4)c3c2)cc1NS(C)(=O)=O,CHEMBL4745877,False,5.6,,1
ANZRYSAJGDMCLV-UHFFFAOYSA-N,C=C=CC(=O)Nc1cc(Nc2nccc(-c3cn(C)c4ccccc34)n2)c(OC)cc1OCCN1CCOCC1,CHEMBL4287401,True,7.52,,1
PEJUBMHYQKMFOZ-UHFFFAOYSA-N,COc1cc(N2CCN(C)CC2)ccc1Nc1ncc(Cl)c(Oc2ccccc2NC(C)=O)n1,CHEMBL4216265,False,4.48,,1
WVUXKGMCPCJLAI-UHFFFAOYSA-N,COc1cc(N2CCN(C)CC2)ccc1Nc1ncc(Cl)c(Oc2ccc(NC(=O)CO)cc2)n1,CHEMBL4214040,False,5.41,,1
GCWJFCPMHSRKSB-UHFFFAOYSA-N,COc1cc(N2CCN(C)CC2)ccc1Nc1ncc(Cl)c(Oc2ccc(NC(=O)CCOCc3ccccc3)cc2)n1,CHEMBL4209119,False,4.77,,1
LZFNLNFVJCSUFD-UHFFFAOYSA-N,CCCCOC(=O)c1c(-c2ccccc2)nn2ccccc12,CHEMBL4105434,False,4.62,,1
KXPICMSXZCNILY-UHFFFAOYSA-N,C=CC(=O)N1CCOc2ccc(Nc3ncc(Cl)c(Nc4ccccc4C(=O)C(=O)N(C)C)n3)cc21,CHEMBL5964556,True,6.65,0.6822389610686272,5
XAHNKMWYZJATAR-PWZRHHMCSA-N,COC[C@H]1CCN1C/C=C/C(=O)Nc1cc2c(Nc3ccc(F)c(Cl)c3)ncnc2cc1OC[C@H]1[C@@H]2COC[C@@H]21,CHEMBL5806322,True,8.54,,1
JBSYSXFZYWYJEL-RHSMWYFYSA-N,C[C@@H]1[C@H](NC(=O)N(C)C)CCCN1c1cnc(C(N)=O)c(Nc2ccc(C3(C(N)=O)CC3)cc2)n1,CHEMBL5943336,False,5.26,,1
RTRNJQOBEOISFQ-UHFFFAOYSA-N,C=CC(=O)N1CCc2ccc(-n3c(=O)ccc4cnc5ccc(-c6cnn(C)c6)cc5c43)cc21,CHEMBL4077064,True,6.06,,1
UQDKCJOIUBVSRC-UHFFFAOYSA-N,C=CC(=O)Nc1cc(Nc2cc(-c3cccc(NC(=O)c4cc5c(s4)CCCC5)c3C)cn(C)c2=O)ccc1C(=O)N1CCOCC1,CHEMBL4096207,True,5.16,,1
KOOYTOMPIPMGEP-UHFFFAOYSA-N,CNC(=O)c1cccc(C#Cc2cncnc2Nc2ccc(OCc3cccc(F)c3)c(Cl)c2)c1,CHEMBL207410,False,7.1,,1
CBNRGKWACNLOOK-UHFFFAOYSA-N,C=C=CC(=O)Nc1cc(Nc2nccc(-c3cn(C)c4ccccc34)n2)c(OC)cc1OCCN1CCN(C)CC1,CHEMBL4282543,True,7.86,,1
CEWJWYJTMKRQTL-UHFFFAOYSA-N,C=C=CC(=O)Nc1cc(Nc2nccc(-c3cn(C)c4ccccc34)n2)c(OC)cc1N(C)CCN(C)C,CHEMBL4286318,True,7.55,,1
RSQKKUZJTBAHBG-UHFFFAOYSA-N,COc1cc2c(Nc3ccc(Cl)c(Cl)c3)ncnc2cc1OCc1csc(-c2ccc(C(F)(F)F)cc2)n1,CHEMBL3983201,False,7.3,,1
DXHVWHPBMGIYNQ-UHFFFAOYSA-N,COc1cc(ON2CCC(C)CC2)c2c(Nc3ccc(OCc4ccccn4)c(Cl)c3)ncnc2c1,CHEMBL444619,False,8.3,,1
KSBFUSYTGPBKLZ-UHFFFAOYSA-N,CC(C)(C)OC(=O)NCC(=O)Nc1ccc2ncnc(Nc3ccc(F)c(Cl)c3)c2c1,CHEMBL4098587,False,7.77,,1
CJMBUICQFXORMI-UHFFFAOYSA-N,CCS(=O)(=O)n1cc(-c2nc(Nc3cc(C)c(N4CCC(N5CCN(C)CC5)CC4)cc3OC)ncc2Cl)c2ccccc21,CHEMBL5185864,False,7.25,,1
ITXURUHKFUIOCP-UHFFFAOYSA-N,O=C(CCCCl)Nc1ccc2ncnc(Nc3ccc4c(ccn4Cc4cccc(F)c4)c3)c2c1,CHEMBL5172245,False,8.16,,1
RWBZRZZVHCQBPV-UHFFFAOYSA-N,C=CC(=O)Nc1cc2c(Nc3ccc(Br)cc3F)ncnc2cc1OCCCCNC(C)=O,CHEMBL3671493,True,8.0,0.0,2
DLMNHRYJMPUZPA-UHFFFAOYSA-N,Fc1ccc(Nc2ncnc3nc(Nc4ccc(CN5CCCCC5)cc4)sc23)cc1Cl,CHEMBL470011,False,8.0,,1
ZUSZRGNCVDXEAU-UHFFFAOYSA-N,Fc1ccc(Nc2ncnc3nc(Nc4ccc(CN5CCOCC5)cc4)sc23)cc1Cl,CHEMBL511637,False,7.92,,1
HGZQTJZFKROIJB-UHFFFAOYSA-N,NS(=O)(=O)c1ccc(Nc2nc3ncnc(Nc4c(F)cccc4F)c3s2)cc1,CHEMBL513716,False,6.73,,1
NCUZLDZWYWPMHU-UHFFFAOYSA-N,COc1cc(Nc2ncnc3ccc(-c4cn(CCCCCCC(O)=NO)nn4)cc23)ccc1Oc1ccccc1,CHEMBL3982710,False,7.94,,1
LDBOHQXRMNACLS-UHFFFAOYSA-N,ON=C(O)CCCCCn1cc(-c2ccc3ncnc(Nc4ccc(F)c(Cl)c4)c3c2)nn1,CHEMBL3920583,False,9.19,,1
MFRGGAROFRXKRT-UHFFFAOYSA-N,Cn1nc(-c2ccc(Br)c(O)c2)c2c(N)ncnc21,CHEMBL1241299,False,4.0,,1
XVTLRUAQTJKQLQ-UHFFFAOYSA-N,N#CCCCn1nc(-c2ccc(F)c(O)c2)c2c(N)ncnc21,CHEMBL1242469,False,4.75,,1
PQRFMBAACAPZPP-UHFFFAOYSA-N,Nc1ncnc2c1c(-c1ccc(F)c(O)c1)nn2C1CCCC1,CHEMBL1242568,False,6.5,,1
GULNNJGIWQDXHX-JXMROGBWSA-N,C#Cc1cccc(Nc2ncnc3cc(OCC)c(NC(=O)/C=C/CN(C)C4CC4)cc23)c1,CHEMBL3622675,True,8.62,,1
YBGBRWKVGSKVQC-NSCUHMNNSA-N,COCCOc1cc2ncnc(Nc3ccc(F)c(Cl)c3)c2cc1NC(=O)/C=C/CN1CC[S+]([O-])CC1,CHEMBL3622659,True,6.45,,1
YXTYFTYDCQXMNE-HVPBSWBLSA-N,CN(C)C/C=C/C(=O)Nc1cc2c(Nc3ccc(OCc4ccccn4)c(Cl)c3)ncnc2cc1O[C@H]1CCOC1,CHEMBL3622643,True,8.09,,1
QXJICNMDJLWEDC-UHFFFAOYSA-N,C=CC(=O)N(c1cc(Cl)ccc1F)c1ncnc2cc(OC)c(OCCCN3CCOCC3)cc12,CHEMBL4527715,True,6.88,,1
NUEKSAINFNILIQ-UHFFFAOYSA-N,C=CC(=O)N(c1ccc(Cl)cc1F)c1ncnc2cc(OC)c(OCCCN3CCOCC3)cc12,CHEMBL4475780,True,6.63,,1
OMGMFDKQECKCSD-UHFFFAOYSA-N,C=CC(=O)N(c1cccc(Cl)c1F)c1ncnc2cc(OC)c(OCCCN3CCOCC3)cc12,CHEMBL4441029,True,7.28,,1
JTDMVDGFMGKAHY-UHFFFAOYSA-N,Fc1cccc(Nc2ncnc3cc4c(cc23)OCCO4)c1F,CHEMBL4749501,False,7.72,,1
NRPLLYDQJIKGNT-UHFFFAOYSA-N,C#Cc1cccc(Nc2ncnc3cc4c(cc23)OCCO4)c1,CHEMBL4453068,False,7.265,0.06363961030678918,2
LPANFYRBKIKTDZ-UHFFFAOYSA-N,Fc1ccc(Nc2ncnc3cc4c(cc23)OCCO4)c(F)c1Br,CHEMBL4793453,False,7.734999999999999,0.10606601717798207,2
PGOKBMWPBDRDGN-YYIOPDLGSA-N,CC[C@H](C)[C@@H](COC(Cc1ccccc1)C(=O)NC(CCS(C)(=O)=O)C(=O)OC(C)C)NC[C@@H](N)CS,CHEMBL1221512,False,5.49,,1
QQCLINZKWGBQHW-IZZDOVSWSA-O,C[N+](C)(C/C=C/C(=O)Nc1ccc2ncnc(Nc3cccc(Br)c3)c2c1)Cc1ccccc1[N+](=O)[O-],CHEMBL4527121,True,9.66,,1
UFEQFHZCXSPWQT-UHFFFAOYSA-N,Cc1cccc(Nc2ncnc3cc4c(cc23)N(CCCN2CCOCC2)C(=O)CO4)c1,CHEMBL3775459,False,6.73,,1
SSYMKGVXLKENJR-UHFFFAOYSA-N,Fc1cccc(COc2ccc(Nc3ncnc4cc(-c5ccco5)sc34)cc2Cl)c1,CHEMBL479800,False,8.0,,1
NXSMOWZBERTEAU-UHFFFAOYSA-N,N#CCNCc1ccc(-c2cc3ncnc(Nc4ccc(OCc5cccc(F)c5)c(Cl)c4)c3s2)o1,CHEMBL473429,False,8.52,,1
ATEQNOXHLBHSBB-UHFFFAOYSA-N,CN(C)Cc1ccc(-c2cc3ncnc(Nc4ccc(OCc5cccc(F)c5)c(Cl)c4)c3s2)[nH]1,CHEMBL473437,False,8.4,,1
PBIJKZCHYCDPPC-UHFFFAOYSA-N,Fc1cccc(COc2ccc(Nc3ncnc4sc(-c5cccs5)cc34)cc2Cl)c1,CHEMBL506414,False,8.05,,1
IXKNBAGOTATIPL-UHFFFAOYSA-N,CN(C)CCc1ccc(-c2cc3ncnc(Nc4ccc5[nH]ccc5c4)c3s2)cc1,CHEMBL77782,False,8.3,,1
VKGUMIZUVXSFTB-XVNBXDOJSA-N,CC1CCN(C/C=C/C(=O)N2CCCOc3cc4ncnc(Nc5ccc(OCc6cccc(F)c6)c(Cl)c5)c4cc32)CC1,CHEMBL4641942,True,5.31,,1
OPHUZITVLFSVPX-UHFFFAOYSA-N,CC1=NC(SCc2ccccc2)=NC(c2ccc(O)cc2O)C1C(=O)Nc1cccc([N+](=O)[O-])c1,CHEMBL1087055,True,4.25,,1
DPNQFVJNRXPIOB-UHFFFAOYSA-N,O=C(C#CCCN1CCOCC1)Nc1cc2c(Nc3ccc(F)c(Br)c3)ncnc2cn1,CHEMBL204638,False,8.82,,1
OZWMSXPIQVMFDE-UHFFFAOYSA-N,COc1cc2c(Nc3ccc(-c4nc5ccccc5s4)cc3)ncnc2cc1OCCCN1CCN(C)CC1,CHEMBL595615,False,7.34,,1
UJBJAMOSBBJZBK-UHFFFAOYSA-N,COc1cc2c(Nc3ccc(-c4nc5ccccc5s4)c(OC)c3)ncnc2cc1OCCCN1CCN(C)CC1,CHEMBL593860,False,8.7,,1
QJNMNCUMDUMIJV-CBCWIBMJSA-N,O=C(/C=C/CN1CCC1CO)Nc1cc2c(Nc3ccc(F)c(Cl)c3)ncnc2cc1OC[C@H]1COCCO1,CHEMBL5791987,True,8.57,,1
XMFJVYRHQJHOPZ-UHFFFAOYSA-N,COCCOc1ccc(Nc2ncnc3cc(OCCCN4CCOCC4)c(NC(=O)c4cc([N+](=O)[O-])ccc4F)cc23)cc1Cl,CHEMBL4790485,False,6.3,,1
LGMORXNEVKAZOM-UHFFFAOYSA-N,CN1CCN(CCOc2cc3ncnc(Nc4ccc(F)c(Cl)c4)c3cc2NC(=O)c2cc([N+](=O)[O-])ccc2F)CC1,CHEMBL4753193,False,7.89,,1
GJVRHNMHPUDIPK-XMMPIXPASA-N,N#CCC(=O)N1CCC(c2ccc(Nc3nc(N4CCC[C@@H](NC(=O)N5CCCCC5)C4)cnc3C(N)=O)cc2)CC1,CHEMBL6000404,False,5.26,,1
AFVGAHBUCVDPPI-UHFFFAOYSA-N,Nc1ncnc2c1c(-c1ccccc1)cn2-c1ccccc1,CHEMBL169757,False,5.91,0.5515432893255076,2
JLBXNZWWWRBRTL-UHFFFAOYSA-N,C=CC(=O)Nc1cccc(-n2c(=O)c(C)nc3cnc(Nc4ccc(OCCOC)cc4)nc32)c1,CHEMBL5087785,True,6.47,,1
RJVIZUPPBGFXBG-SQRWCISFSA-N,CCN(CC)C/C=C/C(=O)N1CC[C@@H](n2nc(C(=O)Nc3nc4cc(Cl)ccc4o3)c3c(N)ncnc32)C1,CHEMBL5862301,True,7.1,,1
LADWQDZVNLVSLW-HWKANZROSA-N,CN(C)C/C=C/C(=O)N1CCCOc2cc3ncnc(Nc4ccc(F)c(Cl)c4)c3cc21,CHEMBL4541573,True,6.44,,1
WAYSVGLDKMEZLH-KRWDZBQOSA-N,C=CC(=O)N1CCC(Oc2cc3c(Nc4cccc(Cl)c4F)ncnc3cc2O[C@H]2CCOC2)CC1,CHEMBL5288888,True,9.39,,1
KURMNYSHIPGJRW-UHFFFAOYSA-N,Cc1ccc(C2=NN(c3ccccc3)C(c3cccc4ccccc34)C2)cc1,CHEMBL2325093,False,6.7,,1
UZEBBZIOFFFKAG-UHFFFAOYSA-N,CN1CCN(c2ccc(Nc3nccc(Nc4ccc5[nH]ccc5c4)n3)cc2)CC1,CHEMBL5267338,False,7.31,,1
RADOMWSCHLMJFC-UHFFFAOYSA-N,Fc1ccc(COC(c2cccs2)c2cc3ccccc3nc2Cl)cc1,CHEMBL4469453,False,5.56,,1
KQFMQEAYKCKJBR-UHFFFAOYSA-N,CN1CCN(c2ccc(Nc3ncc(Br)c(Nc4ccc5ccn(C)c5c4)n3)cc2)CC1,CHEMBL5272533,False,5.89,,1
CYESCIXRHMVHNV-UHFFFAOYSA-N,C=CC(=O)Nc1cc(Nc2nccc(Nc3ccc4c(ccn4C)c3)n2)c(OC)cc1N1CCN(C)CC1,CHEMBL5286080,True,7.57,,1
RSNDESFUJYJZCD-UHFFFAOYSA-N,Cc1nn(-c2ccc(F)cc2)c2ncnc(Nc3ccc(F)c(Cl)c3)c12,CHEMBL4792279,False,6.73,0.0,2
DIMLJOPEJOMHIT-ADXMYFAKSA-N,O=C(N/N=C/c1cnc(N2CCCC2)nc1)Nc1cc2c(Nc3ccc(F)c(Cl)c3)ncnc2cc1O[C@@H]1CCOC1,CHEMBL5400539,False,8.2,,1
ZFDGMDVYMNWICG-KRWDZBQOSA-N,C=CC(=O)N1CCC([C@@H]2CCNc3c(C(N)=O)c(-c4cc(OC)c(C)c(OC)c4)nn32)CC1,CHEMBL5276374,True,6.21,0.0,2
CJBTZXPQQMMWAL-UHFFFAOYSA-N,C=CC(=O)Nc1cc(Nc2ncc(C(=O)NC)c(-c3cn4c5c(cccc35)CCC4)n2)c(OC)cc1N(C)CCN(C)C,CHEMBL5276760,True,6.83,,1
XMHOUJITNCFQRT-KCHLEUMXSA-N,CN1CCN(Cc2ccc(C(=O)N[C@@H]3[C@H]4Oc5ccc(Oc6ccnc7c6CCC(=O)N7)cc5[C@@H]34)cc2Br)CC1,CHEMBL5934098,False,9.28,0.33005050118630774,3
JAGSZFHNCZFFSR-SDHOMARFSA-N,CN(C)Cc1cc(C(=O)N[C@@H]2[C@H]3Oc4ccc(Oc5ccnc6c5CCC(=O)N6)cc4[C@@H]23)cc(C(F)(F)F)c1,CHEMBL5900941,False,7.89,0.5071488933242385,3
LLRFBEABCFZYNJ-UHFFFAOYSA-N,C=CC(=O)Nc1cc(Nc2ncc(C(=O)CC)c(-c3cn4c5c(cccc35)CCC4)n2)c(OC)cc1N(C)CCN(C)C,CHEMBL5281266,True,7.64,,1
PDHCFKKUVBCBBI-UHFFFAOYSA-N,C=CC(=O)Nc1cc(Nc2ncc(C(=O)OCC(C)C)c(-c3cn(C)c4ccccc34)n2)c(OC)cc1N(C)CCN(C)C,CHEMBL5272345,True,6.85,,1
KSNRPWDSUMXQLE-MDZDMXLPSA-N,NC(=O)c1c(-c2ccc(Oc3ccc(F)cc3F)cc2)nn(C2CCCN(C(=O)/C=C/C(F)F)C2)c1N,CHEMBL5936062,True,6.56,0.0,2
DHYADLCEAXMYPS-UHFFFAOYSA-N,CC(C)n1nc(-c2ccc(C#N)c(O)c2)c2c(N)ncnc21,CHEMBL1241944,False,5.58,,1
MWBJNWJINFGNLQ-UHFFFAOYSA-N,COc1cc2ncnc(-c3c[nH]c4ccc(Br)cc34)c2cc1OC,CHEMBL473320,False,6.88,,1
NVKPTCAQJDUBOS-QGZVFWFLSA-N,CN(C)C(=O)N[C@@H]1CCCN(c2nnc(C(N)=O)c(Nc3ccc(C(=O)N4CCOCC4)cc3)n2)C1,CHEMBL6003108,False,6.26,,1
ANBAGHNOTKPXIR-LJQANCHMSA-N,CCN(CC)C(=O)N[C@@H]1CCCN(c2nnc(C(N)=O)c(Nc3ccc(C(=O)N4CCOCC4)cc3)n2)C1,CHEMBL5926198,False,5.26,,1
UAXLMFNKXDVZKH-XGWQRUHWSA-N,C=CC(=O)Nc1cc2c(Nc3ccc(F)c(Cl)c3)ncnc2cc1OCC[C@@H]1[C@H]2CN(C)C[C@@H]12,CHEMBL5824131,True,9.18,0.0,2
DIWRJVJHXXZINL-WYMPLXKRSA-N,COc1ccc(/C=N/Nc2ncc(Cl)c(Nc3ccccc3S(=O)(=O)C(C)C)n2)cc1,CHEMBL3894726,False,6.23,,1
FXSZWRDLPDUWGV-RAXLEYEMSA-N,O=C1Nc2ccccc2/C1=C/c1ccc(-c2cccs2)s1,CHEMBL47173,True,5.0,,1
GJOOJNANCIXZSG-DTXPUJKBSA-N,CCN1CCN(Cc2ccc(C(=O)N[C@@H]3[C@H]4Oc5ccc(Oc6ccnc7c6CCC(=O)N7)cc5[C@@H]34)cc2OC)CC1,CHEMBL6053635,False,8.74,0.8334466589610486,3
NLJVTJDPRBIFFV-UHFFFAOYSA-N,Oc1cc(Nc2ccnc3cc(-c4ccccc4)ccc23)ccc1Cl,CHEMBL4873767,False,7.0,,1
RGPPENXNCJVEBN-UHFFFAOYSA-N,O=C(CBr)OCCn1c(=O)oc2cc3ncnc(Nc4ccc(F)c(F)c4)c3cc21,CHEMBL3906330,False,6.52,,1
XCEJHIKXGVYVHL-UHFFFAOYSA-N,COc1cc2cccc(Oc3ccc(NC(=O)C4(C(=O)Nc5ccc(F)cc5)CC4)cc3)c2cc1OC,CHEMBL4849721,False,5.51,,1
PABOJZLNADUBBE-UHFFFAOYSA-N,O=C1NC(C(=O)Nc2cc3c(Nc4ccc(F)c(Cl)c4)ncnc3cc2OCCN2CCCCC2)CO1,CHEMBL3819120,False,7.59,,1
GRXLBTDEMQIUOG-UHFFFAOYSA-N,Cc1cc(OC2CCN(CCS(C)(=O)=O)CC2)ccc1Nc1nccc(-c2c(-c3cccc(C(=O)Nc4c(F)cccc4F)c3)nc3ccccn23)n1,CHEMBL3897153,False,6.0,,1
LZYYNJHSXYSINQ-UHFFFAOYSA-N,Cc1ccc(OCCN(C)C)cc1Nc1nccc(-c2c(-c3cccc(C(=O)Nc4c(F)cccc4F)c3)nc3ccccn23)n1,CHEMBL3923275,False,6.0,,1
VYUQYESLEXBQTQ-GOSISDBHSA-N,COC[C@@H](Nc1ncnc2oc(-c3ccccc3)cc12)c1ccccc1,CHEMBL3952877,False,7.55,,1
DINGKRMHSGGVIF-UHFFFAOYSA-N,O=C(Nc1ccccn1)Nc1cc(-c2cncnc2)ccc1OC(F)(F)F,CHEMBL3754057,False,7.58,,1
NDNROOMOCCOVQA-CQSZACIVSA-N,C[C@@H](Nc1ncnc2sc(-c3ccc(S(C)(=O)=O)cc3)cc12)c1ccccc1,CHEMBL3758889,False,7.39,,1
HXJTXNQQLJWMEZ-UHFFFAOYSA-N,O=C(CBr)OCCn1c(=O)oc2cc3ncnc(Nc4ccc(OCc5cccc(F)c5)c(Cl)c4)c3cc21,CHEMBL3936642,False,7.11,,1
KRZUYDHNTSGCKX-UHFFFAOYSA-N,O=C(CBr)OCCn1c(=O)oc2cc3ncnc(Nc4ccc(N5CCCCC5)c(Cl)c4)c3cc21,CHEMBL3969628,False,6.74,,1
WSUUQWSGDOKKOY-UHFFFAOYSA-N,C=CC(=O)Nc1cccc(-n2c(=O)c(=O)n(C(C)C)c3cnc(Nc4ccc(OCCN(C)C)cc4OC)nc32)c1,CHEMBL4286241,True,7.17,,1
IRLRGBUCUIJYPP-UHFFFAOYSA-N,C=CC(=O)Nc1cccc(Nc2nc(Nc3ccc(N4CCN(CCOCCNc5cccc6c5C(=O)N(C5CCC(=O)NC5=O)C6=O)CC4)cc3OC)ncc2C(F)(F)F)c1,CHEMBL5206775,True,6.44,,1
MSIRVCGEZTUEOG-UHFFFAOYSA-N,Cc1ccc(-c2c(CN3CCOCC3)nc3scc(C(=O)NN)n23)cc1,CHEMBL5170804,False,6.61,,1
RMGBACQDIOIZHJ-UHFFFAOYSA-N,O=C(NC(CO)Cc1ccccc1)c1cc2cc(Cl)ccc2[nH]1,CHEMBL4214496,False,6.1,,1
MAHFVAHPQSLLJF-UHFFFAOYSA-N,CN1C(=O)C(N2CCc3cn(Cc4ccccc4)nc3C2=O)COc2ccccc21,CHEMBL4088216,False,6.0,,1
CEDHECFLEQREKN-UHFFFAOYSA-N,COc1ccccc1C(=O)NCc1ccc(-c2nn(C3CCCC(O)C3)c3ncnc(N)c23)cc1,CHEMBL5814864,False,6.26,0.0,2
JKEMXAWDMZULEV-UHFFFAOYSA-N,C=C=CC(=O)Nc1cc(Nc2nccc(-c3cn(C)c4ccccc34)n2)c(OC)cc1N1CCN(C)CC1,CHEMBL4290812,True,8.2,,1
KZBKXMGIJLJPHP-USNGRLKASA-N,COCC1CCN1C/C=C/C(=O)Nc1cc2c(Nc3ccc(F)c(Cl)c3)ncnc2cc1OC[C@@H]1COCCO1,CHEMBL5857553,True,8.32,,1
MZAGTAPJCLVZHA-UHFFFAOYSA-N,CC(C)(C)c1cc(NC(=O)CCl)no1,CHEMBL4776730,False,6.91,,1
BEJMCFWWVSSWOF-XDHOZWIPSA-N,Cc1cc(N=C2NC(=O)/C(=C\c3c4ccccc4cc4ccccc34)S2)no1,CHEMBL4751362,True,7.27,,1
FRUCRPRPNFLHAZ-UHFFFAOYSA-N,COc1ccc2c(c1)CCc1c-2[nH]c(=O)c(C#N)c1-c1ccc(OC)c(OC)c1,CHEMBL5565728,False,6.89,,1
ZFILGZHDVYOEJM-UHFFFAOYSA-N,C=C=CC(=O)Nc1cc(Nc2nccc(-c3cn(C)c4ccccc34)n2)ccc1N(C)CCN(C)C,CHEMBL4282523,True,7.64,,1
BTEUMWKVAJYDHT-UHFFFAOYSA-N,C=C=CC(=O)Nc1cc(Nc2nccc(-c3cn(C)c4ccccc34)n2)c(C)cc1N(C)CCN(C)C,CHEMBL4280993,True,7.52,,1
ZJRGJJLIBUMGRV-UHFFFAOYSA-N,COc1cc2c(Nc3ccc(NC(=O)Nc4ccccc4C)c(Cl)c3)ncnc2cc1OCCCN1CCN(C)CC1,CHEMBL3938494,False,7.82,,1
PDAORGBSUCRCDK-UHFFFAOYSA-N,COc1cc2c(Nc3ccc(NC(=O)Nc4ccc(Cl)cc4)c(Cl)c3)ncnc2cc1OCCCN1CCN(C)CC1,CHEMBL3962233,False,9.0,,1
UOZHPDLRBGQWMT-UHFFFAOYSA-N,NC1=NC(=NCCS(=O)(=O)O)C(CC(O)CNC(=O)c2cc(Br)c[nH]2)=N1,CHEMBL4575427,False,4.35,,1
OVZFGDLRGZEYKG-QHCPKHFHSA-N,C=CC(=O)N1CCC[C@H]1COc1nc(Nc2ccc(N3CCN(C(C)=O)CC3)cc2)nc2[nH]cc(-c3cncc(NC)n3)c12,CHEMBL4543893,True,5.7,,1
UEFCSGDOOJJXTN-UHFFFAOYSA-N,Cn1cc(-c2cnc3c(-c4csc(C(=O)NCC(F)(F)F)c4)cnn3c2)cn1,CHEMBL4550702,False,4.55,,1
KABYUGBXQXKGOQ-UHFFFAOYSA-N,COc1cc(Nc2ncnc3cc(-c4ccc(I)cc4)sc23)cc(OC)c1OC,CHEMBL4473768,False,8.0,,1
IQDVEUGSFIUJKO-UHFFFAOYSA-N,COc1cc(Nc2ncnc3cc(-c4ccc(Br)cc4)sc23)cc(OC)c1OC,CHEMBL4572443,False,6.49,,1
KOBGVRFQJWPUFX-UHFFFAOYSA-N,COc1cc2ncnc(Nc3ccc(F)c(Cl)c3)c2cc1OCCBr,CHEMBL2333999,False,7.74,,1
QSNRYLKZJBIXOJ-UHFFFAOYSA-N,COc1cc2ncnc(Nc3cccc(-c4ccccc4)c3)c2cc1OC,CHEMBL2333991,False,6.9,,1
FUSDVOSGGMBSMK-UHFFFAOYSA-N,COc1cc2ncnc(Nc3cccc(SC)c3)c2cc1OC,CHEMBL29641,False,6.9,,1
FMHIYAGUZGTJDC-UHFFFAOYSA-N,Fc1ccc(Nc2ncnc3sc4c(c23)CCCC4)cc1Cl,CHEMBL3628792,False,5.88,,1
IQNVEOMHJHBNHC-UHFFFAOYSA-N,C=CC(=O)Nc1cc(Nc2nccc(-c3c[nH]c4ccccc34)n2)c(OC)cc1N(C)CCN(C)C,CHEMBL3353411,True,5.98,2.1213203435596424,2
XQJPFADJZWIRBA-UHFFFAOYSA-N,COc1ccccc1C(=O)N(C)Cc1ccc(-c2nn(C3CCCC3)c3ncnc(N)c23)cc1,CHEMBL5853393,False,5.26,0.0,2
SPDLQTAUFKKTCR-PMOLBWCYSA-N,C=CC(=O)N1[C@@H]2CC[C@H]1C[C@@H](n1nc(-c3cc(F)c(Oc4ccc5c(c4)ncn5C)c(Cl)c3)c3c(C)ncnc31)C2,CHEMBL5555280,True,5.34,,1
FWFZHVUNVPMLSR-UHFFFAOYSA-N,C=CC(=O)N1CCC2(CC1)CNC(=O)c1cc(-c3nc(Nc4ccccc4OC)ncc3Cl)[nH]c12,CHEMBL5076067,True,9.05,,1
QFNRDQJEQCTSJB-UHFFFAOYSA-N,C=CC(=O)Nc1cc(Nc2ncc(Cl)c(N3CCc4sccc4C3)n2)c(OC)cc1N(C)CCN(C)C,CHEMBL5085143,True,8.19,,1
NDOKGNTXHMTTSX-VOTSOKGWSA-N,C/C=C/C(=O)Nc1cc(Nc2ncc(Cl)c(N3CCc4sccc4C3)n2)c(OC)cc1N(C)CCN(C)C,CHEMBL5075204,True,6.45,,1
QHZJPRSLBCVVRJ-FKBYEOEOSA-N,O=C1CCc2c(Oc3ccc4c(c3)[C@H]3[C@H](NC(=O)c5ccc(F)cc5)[C@H]3O4)ccnc2N1,CHEMBL6014278,False,7.03,0.5026927491022725,3
SESKZHLGRYOBRC-UHFFFAOYSA-N,OB(O)c1ccc2ncnc(Nc3ccc(F)c(Cl)c3)c2c1,CHEMBL3219506,False,6.1,,1
XIRRPECSQGRIPQ-UHFFFAOYSA-N,CCC(=O)Nc1cc2c(Oc3ccc(NC(=O)CCCc4ccccc4)cc3F)ncnc2cc1OC,CHEMBL5571542,False,5.84,,1
ALVQQLFALDFAEZ-BJMVGYQFSA-N,C/C=C/C(=O)Nc1cc2c(Oc3ccc(NC(=O)n4c(=O)c(-c5ccccc5)c(C)n4C)cc3F)cccc2cc1OC,CHEMBL5574303,True,5.32,,1
GPWFRSVHKBGUBV-UHFFFAOYSA-N,CCCC(=O)Nc1cc2c(Oc3ccc(NC(=O)n4c(=O)c(-c5ccccc5)c(C)n4C)cc3F)cccc2cc1OC,CHEMBL5565435,False,5.38,,1
WFFMFMRGRIMFGL-UHFFFAOYSA-N,C=CC(=O)Nc1cc2c(Oc3ccc(NC(=O)c4c(-c5c(Cl)cccc5Cl)noc4C)cc3F)cccc2cc1OC,CHEMBL5593611,True,5.17,,1
LUDNOLWHKWSFBJ-UHFFFAOYSA-N,Fc1ccc(Br)cc1Nc1ncnc2cc3c(cc12)OCCO3,CHEMBL4791756,False,8.04,0.11313708498984676,2
XGZNHPPBJUBKHU-UHFFFAOYSA-N,Fc1cc(Br)c(F)c(Nc2ncnc3cc4c(cc23)OCCO4)c1,CHEMBL4783428,False,8.190000000000001,0.028284271247461926,2
TUZMSVARIRHFNQ-UHFFFAOYSA-N,COCOc1cc2ncc(C#N)c(Nc3cccc(Br)c3)c2cc1OCOC,CHEMBL111222,False,5.17,,1
DZTBHDMRYDNZDX-GOSISDBHSA-N,CN(C(=O)N[C@@H]1CCCN(c2cnc(C(N)=O)c(Nc3ccc(F)cc3)n2)C1)c1cc(Cl)cc(C(F)(F)F)c1,CHEMBL5899926,False,5.26,,1
SRXOUOLDYVNBOW-HSZRJFAPSA-N,N#CCC(=O)N1CCC(c2ccc(Nc3nc(N4CCC[C@@H](NC(=O)N5CCCCC5)C4)nnc3C(N)=O)cc2)CC1,CHEMBL5971716,False,5.26,,1
ZXTBMPGMUNFAIQ-OAQYLSRUSA-N,CCOc1ccc(C(=O)N[C@@H]2CCCN(c3nnc(C(N)=O)c(Nc4ccc(C5=NCCN5C)cc4)n3)C2)cc1,CHEMBL5946888,False,5.26,,1
HAFBFLQYRSRGDY-UHFFFAOYSA-N,CCc1c(C(=O)NCCc2ccccc2)[nH]c2ccc(C)cc12,CHEMBL5287042,False,6.87,,1
HXOQBWYSGHJGAI-UHFFFAOYSA-N,CCc1c(C(=O)NCCc2ccc(N3CCCCC3)cc2)[nH]c2ccc(C)cc12,CHEMBL5287016,False,6.93,,1
PVWKJEMTFKKCDT-UHFFFAOYSA-N,CCc1c(C(=O)NCCc2ccc(N3CCOCC3)cc2)[nH]c2ccc(C(F)(F)F)cc12,CHEMBL5289560,False,7.03,,1
OIWYLNVPMZPVEK-UHFFFAOYSA-N,Cc1c(C(=O)NCCc2ccc(N3CCCC3C)cc2)[nH]c2ccc(Cl)cc12,CHEMBL5267773,False,7.03,,1
GYQWOGHOBIBGDV-WYMPLXKRSA-N,COc1cccc(/C=N/Nc2ncc(Cl)c(Nc3ccccc3S(=O)(=O)C(C)C)n2)c1,CHEMBL3905284,False,6.22,,1
DIVNHQLVPJIYEC-UHFFFAOYSA-N,NS(=O)(=O)c1ccc(Nc2nncc3ccccc23)cc1,CHEMBL3926223,False,6.85,,1
VEIXYUZTXWQMOA-UHFFFAOYSA-N,Oc1csc(NNc2nncc3ccccc23)n1,CHEMBL3938794,False,7.29,,1
POVQQXDQCONOIG-UHFFFAOYSA-N,Cc1nnc2n1N=C(c1ccccc1OCCNCCCNCCOc1ccccc1C1=Nn3c(C)nnc3SC1)CS2,CHEMBL5275672,False,7.19,,1
BAENNHGSXVDCKH-CFRMEGHHSA-N,Fc1ccc(C2=Nc3ccc(F)cc3CN2/N=C\c2ccccc2)cc1,CHEMBL5283543,False,7.12,,1
LRXHBDUMXINFMM-UHFFFAOYSA-N,CC(C)(C)c1ccc(Nc2ncnc3cc4oc(=O)n(CCOC(=O)CBr)c4cc23)cc1,CHEMBL3917657,False,6.06,,1
QAQXTNHOYJTPGB-AWNIVKPZSA-N,ON=C(O)/C=C/c1ccc(-c2ccc3ncnc(Nc4ccc(OCc5cccc(F)c5)c(Cl)c4)c3c2)cc1,CHEMBL1630110,True,7.75,,1
PGOUMVSFSMZEQT-QGZVFWFLSA-N,CC#CC(=O)N1CC[C@@H](Nc2nnc(C(N)=O)c(Nc3ccc(C(=O)N4CCOCC4)cc3)n2)C1,CHEMBL6013580,False,5.26,,1
JDAADPSQUJZOJL-CYBMUJFWSA-N,COc1ccc(-c2cc3c(N[C@H](C)c4ccc(F)cc4)ncnc3o2)cc1,CHEMBL3973601,False,7.57,,1
YDGSENSUZKXRDO-UHFFFAOYSA-N,Fc1cccc(COc2ccc(Nc3ncnc4ccc(NC(=S)NCCN5CCOCC5)cc34)cc2Cl)c1,CHEMBL3813728,False,7.565,1.534421715174808,2
DWBMTUNNALZVLR-QGZVFWFLSA-N,COc1cc(C(N)=O)ccc1-c1cc2c(N[C@H](CO)c3ccccc3)ncnc2s1,CHEMBL3759480,False,8.82,,1
XMHFNOVIKVSOEA-UHFFFAOYSA-N,Cc1ccc(Oc2ccc(Nc3ncnc4ccc(-c5cn(CCCCCC(O)=NO)nn5)cc34)cc2C)cn1,CHEMBL3930762,False,8.19,,1
CADRLZXVKIQPSG-UHFFFAOYSA-N,COc1cc2ncnc(Nc3ccc(F)c(Cl)c3)c2cc1OCCCCCC(O)=NO,CHEMBL598163,False,8.47,,1
FEOPLVISXFSHGK-UHFFFAOYSA-N,COCCOc1cc2ncnc(Nc3ccc(F)c(Cl)c3)c2cc1OCCCCCCC(O)=NO,CHEMBL597569,False,7.98,,1
BHLKTDQPSGRIAY-UHFFFAOYSA-N,C#CCCCOc1cc2c(Nc3cccc(Cl)c3)ncnc2cc1OC,CHEMBL592713,False,7.75,,1
VNFORADWUMKJBK-UDWIEESQSA-N,CC1=NC(NN2C(=O)/C(=C\c3ccco3)SC2=S)=NC(c2ccc(O)cc2O)C1C(=O)Nc1cccc([N+](=O)[O-])c1,CHEMBL1077107,True,4.0,,1
JZSLBYPPQDZSSP-XVNBXDOJSA-N,CN1CCN(C/C=C/C(=O)N2CCCOc3cc4ncnc(Nc5ccc(OCc6cccc(F)c6)c(Cl)c5)c4cc32)CC1,CHEMBL4639556,True,5.31,,1
GNLUBKWNERBEDJ-WEVVVXLNSA-N,O=C(/C=C/CN1CCCCC1)N1CCCOc2cc3ncnc(Nc4ccc(OCc5cccc(F)c5)c(Cl)c4)c3cc21,CHEMBL4638194,True,6.07,,1
PRLSBGOTRITOFH-UHFFFAOYSA-N,COc1ccc(-c2cc(NC(=O)Nc3ccccn3)cc(OC)c2OC)cn1,CHEMBL3754785,False,7.18,,1
KSZXNFIEZNOXCC-UHFFFAOYSA-N,Cc1ccc(Nc2cc3c(cc2Nc2ccc(C)cc2)C(=O)NC3=O)cc1,CHEMBL7914,False,5.6,,1
DNUXMLXSNBBBRZ-UHFFFAOYSA-N,Cc1ccc(Nc2ncnn3ccc(CN4CCC(N)CC4)c23)cc1,CHEMBL1645471,False,7.3,,1
DBDJGLFOLVMUOF-QILCKVHPSA-N,Cc1ncnc(Nc2ccc(OCc3cccc(F)c3)c(Cl)c2)c1C#C/C=N/OCCN1CCOCC1,CHEMBL1683972,False,7.42,,1
HPHASEBRPJNUNL-JOCHJYFZSA-N,CS(=O)(=O)N[C@@H]1CCCN(c2cnc(C(N)=O)c(Nc3ccc(C4CCN(C5CCCC5)CC4)cc3)n2)C1,CHEMBL6008308,False,6.26,,1
MGNXPFKSTNWIMZ-UHFFFAOYSA-N,COc1ccccc1C(=O)NCc1ccc(-c2nn(C3CCCC(=O)C3)c3ncnc(N)c23)cc1,CHEMBL5958954,False,6.26,0.0,2
KYLIRXGFQWOYMP-UHFFFAOYSA-N,Cc1c(Nc2ccc(OCc3cccc(F)c3)c(Cl)c2)ncnc1-c1ccccc1,CHEMBL1683957,False,4.7,,1
PUPXFZQHXRUOTN-UHFFFAOYSA-N,Cc1ncnc(Nc2ccc(OCc3cccc(F)c3)c(Cl)c2)c1C=NOCCCN1CCOCC1,CHEMBL1683959,False,7.19,,1
RAFDIVJEOBJAIO-UHFFFAOYSA-N,Cc1ncnc(Nc2ccc(OCc3cccc(F)c3)c(Cl)c2)c1C#CCCNCc1ccccc1,CHEMBL1683975,False,6.57,,1
VCACYUXUEIWWBL-UHFFFAOYSA-N,C=C1CC(c2ccccc2)(C(Br)c2ccccc2)OC1=O,CHEMBL4644209,False,4.54,,1
XASIDLKFOKNOHS-LJQANCHMSA-N,COc1cc(CO)ccc1-c1cc2c(N[C@H](CO)c3ccccc3)ncnc2[nH]1,CHEMBL4164805,False,9.7,,1
WEARDTFJGJLEFC-UHFFFAOYSA-N,COc1ccc(C(Nc2ccc(Cl)cc2)n2c(=O)ccc3cc(O)ccc32)cc1,CHEMBL4861493,False,5.95,,1
LNMIYHCOSIHDEA-UHFFFAOYSA-N,Cc1ccc2c(=O)n(Cc3ccccc3)c(SCc3cn(-c4ccc(C(=O)O)cc4)nn3)nc2c1,CHEMBL5266387,False,7.41,,1
OXVRYVDABLVQCW-UHFFFAOYSA-N,Cc1c(C(=O)NCCc2ccc(F)cc2)[nH]c2cc(F)ccc12,CHEMBL5280144,False,7.01,,1
OOWWSELYEWEGFH-UHFFFAOYSA-N,OC1CCN(CCOc2[nH]nc3ncnc(Nc4ccc(OCc5ccccn5)c(Cl)c4)c23)CC1,CHEMBL404405,False,7.89,,1
UJVVZEIDERNUNH-UHFFFAOYSA-N,C=CC(=O)Nc1cc2c(Cc3ccc(F)c(Br)c3)ncnc2cc1OCCCN1CCOCC1,CHEMBL489107,True,8.74,,1
DLDLSHFGFDPLKJ-DUXPYHPUSA-N,C/C=C/C(=O)Nc1ccc2c(Nc3cccc(Br)c3)ncnc2c1,CHEMBL511874,True,9.17,0.0,2
KMAWLBPQKPGVFL-OAHLLOKOSA-N,C=CC(=O)N1CC(Oc2cc3c(N[C@H](C)c4ccccc4)ncnc3cc2OC)C1,CHEMBL3926558,True,8.22,,1
PUKITJOCVOEXLY-HWKANZROSA-N,O=C(/C=C/CNC1CC1)Nc1ccc2ncnc3c2c1C=CN3c1ccc(OCc2ccccn2)c(Cl)c1,CHEMBL5566736,True,9.09,,1
PNWPHKDNLYGSIP-UHFFFAOYSA-N,CN(C)c1nc(Cl)nc(N=C2CC(c3ccc(C(F)(F)F)cc3)N(c3ccc(C(F)(F)F)cc3)N2)n1,CHEMBL5613826,False,6.64,,1
BDNLTOXSGSRVFC-QPJJXVBHSA-N,COCCN(C)C/C=C/C(=O)Nc1ccc2ncnc(Nc3cccc(Br)c3)c2c1,CHEMBL442754,True,7.21,,1
JSZXDRLZCGZCFN-UHFFFAOYSA-N,NS(=O)(=O)c1ccc(-n2c(SCC(=O)Nc3ccc([N+](=O)[O-])cc3[N+](=O)[O-])nc3cc4ccccc4cc3c2=O)cc1,CHEMBL4176629,False,7.22,,1
RCAPTXCVXVNKPS-UHFFFAOYSA-N,NS(=O)(=O)c1ccc(-n2c(SCC(=O)Nc3cc(Cl)c(Cl)cc3Cl)nc3cc4ccccc4cc3c2=O)cc1,CHEMBL4164936,False,6.62,,1
YFNBZJIRUPSVRG-UHFFFAOYSA-N,CCOc1cc2ncnc(Nc3ccc(F)c(Cl)c3)c2cc1NC(=O)COC(=O)c1c(C)cccc1C,CHEMBL4538707,False,7.36,,1
BNRXKRYANROJON-UHFFFAOYSA-N,O=C(Nc1cnn(-c2ccccc2)c1)c1ccc(NS(=O)(=O)c2ccc(Cl)cc2)cc1,CHEMBL4459564,False,4.73,,1
HVUGMMMJQLBHLZ-UHFFFAOYSA-N,COc1cccc(-n2cc(NC(=O)c3ccc(NS(=O)(=O)c4ccccc4)cc3)cn2)c1,CHEMBL4442932,False,4.62,,1
TYDKRSFWPKMOFI-UHFFFAOYSA-N,COc1ccc(-n2cc(NC(=O)c3ccc(NS(=O)(=O)c4ccccc4)cc3)cn2)cc1,CHEMBL4448424,False,4.58,,1
NVHKWMBHTXQWRP-SSDOTTSWSA-N,C[C@H](CN)n1nc(-c2ccc(Cl)c(O)c2)c2c(N)ncnc21,CHEMBL1241579,False,5.32,,1
LQIVXZFCXIBJSU-UHFFFAOYSA-N,Cn1ccc2cc(-c3nn(C4CCCC4)c4ncnc(N)c34)ccc21,CHEMBL1242385,False,6.27,,1
XOKCNIACFBBJGV-UHFFFAOYSA-N,Nc1ncnc2c1c(-c1ccc3[nH]ncc3c1)nn2C1CCCC1,CHEMBL1242475,False,6.24,,1
WFADQLXGYLZEED-UHFFFAOYSA-N,Cc1ccc(C2=NN(C(N)=S)C(c3cccc4ccccc34)C2)cc1,CHEMBL2325107,False,5.69,,1
SUIOCBDUXFNRHM-RUZDIDTESA-N,CCN1CCC(c2ccc(Nc3nc(N4CCC[C@@H](NC(=O)c5ccc(OC)cc5)C4)cnc3C(N)=O)cc2)CC1,CHEMBL5835574,False,6.26,,1
QILQLPCWLHMKEX-OAQYLSRUSA-N,CCN(C)C(=O)N[C@@H]1CCCN(c2cnc(C(N)=O)c(Nc3ccc(C4CCN(C)CC4)cc3)n2)C1,CHEMBL5743278,False,5.26,,1
SFKPBKWXQBFJHD-JOCHJYFZSA-N,CCN(CC)C(=O)N[C@@H]1CCCN(c2cnc(C(N)=O)c(Nc3ccc(C4CCN(C)CC4)cc3)n2)C1,CHEMBL5962503,False,5.26,,1
KJNOYLPRXXIEBI-XMMPIXPASA-N,CN1CCC(c2ccc(Nc3nc(N4CCC[C@@H](NC(=O)c5ccc(F)cc5)C4)cnc3C(N)=O)cc2)CC1,CHEMBL5915570,False,6.26,,1
PZUMBRCJMFLXDR-XMMPIXPASA-N,CCN1CCN([C@@H]2CCCN(c3cnc(C(N)=O)c(Nc4ccc(C5(C)CCN(C6CC6)CC5)cc4)n3)C2)C1=O,CHEMBL5860484,False,5.26,,1
MFVBCGSKSUGDCV-NFBKMPQASA-N,C[C@@H]1[C@H](NC(=O)N(C)C)CCCN1c1cnc(C(N)=O)c(Nc2ccc(C3(C)CCN(C(=O)OC(C)(C)C)CC3)cc2)n1,CHEMBL5824026,False,6.26,,1
CDOHBLOZNLWOGC-HYBUGGRVSA-N,C[C@@H]1[C@H](NC(=O)N(C)C)CCCN1c1cnc(C(N)=O)c(Nc2ccc(C3(C)CCN(C4CCC4)CC3)cc2)n1,CHEMBL5946635,False,6.26,,1
LRSSOGFVVJGTNO-UHFFFAOYSA-N,COc1cc(-c2nn(C3CCCC3)c3ncnc(N)c23)ccc1CNC(=O)c1ccccc1OC,CHEMBL5926025,False,5.26,0.0,2
MWYCHGNJEPIBLU-UHFFFAOYSA-N,COc1cc2ncnc(Nc3ccc(Oc4ccc(C)nc4)c(C)c3)c2cc1NC(=O)C1CSSC1,CHEMBL4593016,False,6.26,0.0,2
HOMOYDOJHAMLLJ-UHFFFAOYSA-N,Cc1cccc(CN(Cc2ccc(F)cc2)C(=O)Nc2ccccc2)c1O,CHEMBL600048,False,4.66,,1
PAZHTUBWGGMCLX-UHFFFAOYSA-N,CCCCN(Cc1cccc(Br)c1O)C(=O)Nc1ccccc1,CHEMBL590962,False,4.43,,1
VKGFFGKYZCWSQV-UHFFFAOYSA-N,Oc1c(Br)cc(Br)cc1CN(Cc1ccc(F)cc1)C(=S)Nc1ccccc1,CHEMBL592201,False,5.75,,1
UWNCZMKPXVIIEH-UHFFFAOYSA-N,Oc1ccc(CN(Cc2cccc(Cl)c2O)C(=S)Nc2ccccc2)cc1,CHEMBL592466,False,7.1,,1
IJAJKPWVXDRQIB-UHFFFAOYSA-N,c1ccc(Nc2nccc(-c3cccnc3)n2)cc1,CHEMBL57690,False,4.0,,1
ZXVPQQUYVOHTBO-UHFFFAOYSA-N,Fc1cccc(COc2ccc(Nc3ncnc4sc(-c5ccco5)cc34)cc2Cl)c1,CHEMBL514938,False,7.82,,1
SFLKJNSBBVSPFE-UHFFFAOYSA-N,C=CC(=O)Nc1ccc(CN(C(=O)Nc2c(Cl)c(OC)cc(OC)c2Cl)c2cc(Nc3ccc(N4CCN(C)CC4)cc3)ncn2)cc1,CHEMBL4092990,True,7.37,,1
ZSHRAUSJZQDIJR-UHFFFAOYSA-N,Cn1c(=O)c(-c2c(Cl)cccc2Cl)cc2cnc(Nc3ccc(F)cc3)nc21,CHEMBL574059,False,6.42,,1
SLCFEJAMCRLYRG-UHFFFAOYSA-N,Cc1cc(Nc2ncc3cc(-c4c(Cl)cccc4Cl)c(=O)n(C)c3n2)ccc1F,CHEMBL574058,False,6.41,,1
CRSYKTDYLTZPGM-QFIPXVFZSA-N,N#Cc1cnc2cc(OC[C@@H](O)CO)c(NC(=O)C3CSSC3)cc2c1Nc1ccc(OCc2cccc(F)c2)c(Cl)c1,CHEMBL4517633,False,7.3,0.940354543066958,6
UYDASVQCOOGEOM-UHFFFAOYSA-N,C=CC(=O)Nc1cc(Nc2ncc(C(=O)OC(C)C)c(-c3cn4c5c(cccc35)CCC4)n2)c(OC)cc1N(C)CCN(C)C,CHEMBL5279794,True,7.41,,1
VSWWBZJBFHSOQH-UHFFFAOYSA-N,C=CC(=O)Nc1cc(Nc2ncc(-c3nc(C)no3)c(-c3cn4c5c(cccc35)CCC4)n2)c(OC)cc1N(C)CCN(C)C,CHEMBL5271718,True,7.31,,1
XOTYHUHTSCFCTA-UHFFFAOYSA-N,C=CC(=O)Nc1cc(Nc2ncc(-c3ccnn3C)c(-c3cn4c5c(cccc35)CCC4)n2)c(OC)cc1N(C)CCN(C)C,CHEMBL5266834,True,7.64,,1
YJNJZRPSXFNKCV-UHFFFAOYSA-N,C=CC(=O)Nc1cc(Nc2ncc(C#N)c(-c3cn4c5c(cccc35)CCC4)n2)c(OC)cc1N(C)CCN(C)C,CHEMBL5283216,True,7.46,,1
HWBDLOPOEYLRKK-UHFFFAOYSA-N,C=CC(=O)Nc1cc2c(Nc3cccc(Cl)c3F)ncnc2cc1OCc1cn(CCC(O)=NO)nn1,CHEMBL4759697,True,9.47,,1
ZFKGDYZACMFEDS-UHFFFAOYSA-N,COc1cc(C2=C(c3cn(COC(C)(C)C)c4ccccc34)CNC2=O)cc(OC)c1OC,CHEMBL488646,True,5.05,,1
BQWBZBFRJHWSEA-UHFFFAOYSA-N,O=C(Nc1cccc(C(F)(F)F)c1)Nc1ncnc2nn3ccccc3c12,CHEMBL178306,False,5.0,,1
XIDJQQGLLNEFTP-UHFFFAOYSA-N,O=C(Nc1cccc([N+](=O)[O-])c1)Nc1ncnc2nn3ccccc3c12,CHEMBL181029,False,5.0,,1
VXEXAYDHCLMXFS-UHFFFAOYSA-N,C=CC(=O)N(C)c1nc2c(Cc3ccc(F)c(Cl)c3)ncnc2cc1OCCCN1CCOCC1,CHEMBL490093,True,7.7,,1
AWCQDWUIVITOIN-UHFFFAOYSA-N,C=CC(=O)Nc1nc2c(Cc3ccc(F)c(Cl)c3)ncnc2cc1OCCCN1CCC(C)CC1,CHEMBL448172,True,8.18,,1
NBZCOXQLKQKXSX-UHFFFAOYSA-N,C=CC(=O)C(CCCN1CCOCC1)c1cc2c(Nc3cccc(Br)c3)ncnc2cn1,CHEMBL510597,False,8.57,,1
KINMZXDLSABTCG-UHFFFAOYSA-N,O=S(=O)(CO)Nc1cc2c(Nc3cccc(Br)c3)ncnc2cn1,CHEMBL503755,False,7.03,,1
FDIMPGSLAVLRLE-UHFFFAOYSA-N,O=C(CCn1ncc2cc3c(Nc4cccc(Br)c4)ncnc3cc21)N1CCOCC1,CHEMBL474341,False,8.43,,1
QPLCRUVASBMTBI-UHFFFAOYSA-N,O=C(O)CN1Cc2cc3c(Nc4cccc(Br)c4)ncnc3cc21,CHEMBL489308,False,8.29,,1
HDHASJVKHWADHZ-ZZXKWVIFSA-N,CC1CCN(C/C=C/C(=O)N2CCOc3cc4ncnc(Nc5ccc(OCc6cccc(F)c6)c(Cl)c5)c4cc32)CC1,CHEMBL4634127,True,6.25,,1
BTVYACKHYXUQPH-RMKNXTFCSA-N,CCN(CC)C/C=C/C(=O)N1CCOc2cc3ncnc(Nc4ccc(OCc5cccc(F)c5)c(Cl)c4)c3cc21,CHEMBL4648271,True,8.1,0.7563288526384093,3
MPYBIRVGTIQZJU-MSOLQXFVSA-N,COc1ccccc1C(=O)NCc1ccc(-c2nn([C@@H]3C=C[C@H](O)C3)c3ncnc(N)c23)cc1,CHEMBL5923252,False,5.26,0.0,2
RUQMPILTACLXOK-UHFFFAOYSA-N,Cn1nc(-c2ccc3cc[nH]c3c2)c2c(N)ncnc21,CHEMBL1240566,False,5.54,,1
JCMWWPAJCOQLAF-UHFFFAOYSA-N,CC(C)n1nc(-c2ccc3cc(O)ccc3c2)c2c(N)ncnc21,CHEMBL1242662,False,7.06,,1
XGCGFKBEPOMUBF-SFTDATJTSA-N,COCCNc1ncnc2c1c(-c1ccc(CNC(=O)c3ccccc3OC)cc1)nn2[C@H]1C=C[C@H](O)C1,CHEMBL5963440,False,5.26,0.0,2
WWCBVSVBXMQVEP-UHFFFAOYSA-N,COc1ccccc1C(=O)NCc1ccc(-c2nn(C3CCCO3)c3ncnc(N)c23)cc1,CHEMBL5893885,False,5.26,0.0,2
NGHRMNXTWYBWHM-UHFFFAOYSA-N,COc1ccc(Cl)cc1C(=O)NCc1ccc(-c2nn(C3CCCC3)c3ncnc(N)c23)cc1,CHEMBL6063948,False,5.26,0.0,2
BZNVJBJWWCQQET-RJRNSMGGSA-N,O=C(/C=C/c1ccccc1)N1CCc2c(sc3ncnc(N[C@H](CO)c4ccccc4)c23)C1,CHEMBL1272275,True,5.46,,1
KYAUUVJZDKYWSC-UFUQCMIWSA-N,CC[C@@H](Nc1ncnc2sc3c(c12)CCN(C(=O)/C=C/CN(C)C)C3)c1ccccc1,CHEMBL1271562,True,7.92,,1
WGOPGICDGMYHTI-CYBMUJFWSA-N,C=CC(=O)N1CCC[C@@H](n2nc(C(=O)Nc3nc4ccc(C#N)cc4o3)c3c(N)ncnc32)C1,CHEMBL5950889,True,7.48,,1
ILURHKUMGMVIKK-UHFFFAOYSA-N,CC(=O)c1cccc(-c2nn(C(C)C)c3ncnc(N)c23)c1,CHEMBL1241946,False,5.55,,1
CDJSZJDGHKEHCW-UHFFFAOYSA-N,CC(C)n1nc(-c2cc(C=O)co2)c2c(N)ncnc21,CHEMBL1241439,False,5.22,,1
HMKCVXALDWCZFL-UHFFFAOYSA-N,CC(C)n1nc(-c2ccc(NS(C)(=O)=O)cc2)c2c(N)ncnc21,CHEMBL1242030,False,4.89,,1
ONSFTNRYQCNAAD-UHFFFAOYSA-N,CC(C)n1nc(-c2cccc(CO)c2)c2c(N)ncnc21,CHEMBL1241582,False,4.0,,1
VMZGXVLGNHMKLW-UHFFFAOYSA-N,CC(C)n1nc(-c2ccc(F)c(C#N)c2)c2c(N)ncnc21,CHEMBL1241680,False,4.0,,1
UMZSNSKPDRINJC-UHFFFAOYSA-N,CC(C)n1nc(-c2ccc(C#N)nc2)c2c(N)ncnc21,CHEMBL1241772,False,4.0,,1
CMUZPNXYCOKJJJ-UHFFFAOYSA-N,CC(C)n1nc(-c2ccc(C=O)c(F)c2)c2c(N)ncnc21,CHEMBL1241860,False,5.05,,1
LBRPXBJBDBBMNZ-UHFFFAOYSA-N,COc1ccc(-c2nn(C3CNC3)c3ncnc(N)c23)cc1O,CHEMBL1242203,False,4.77,,1
ICKLZZYEDMBELM-PHXNAMCJSA-N,COC[C@@H]1CCN1C/C=C/C(=O)Nc1cc2c(Nc3ccc(F)c(Cl)c3)ncnc2cc1OCC1CC1,CHEMBL6030420,True,7.66,,1
KZBKXMGIJLJPHP-HNPUZTMESA-N,COC[C@H]1CCN1C/C=C/C(=O)Nc1cc2c(Nc3ccc(F)c(Cl)c3)ncnc2cc1OC[C@H]1COCCO1,CHEMBL5770169,True,8.54,,1
PXXJZRMJQDMFOC-LFYBBSHMSA-N,Oc1csc(=N/N=C/c2ccc(F)cc2)[nH]1,CHEMBL589822,False,5.66,,1
ADGFMMGNBWOIFL-UHFFFAOYSA-N,Cc1cccc(CN(Cc2ccc(O)cc2)C(=O)Nc2ccccc2)c1O,CHEMBL590525,False,5.12,,1
OKZGFLXEHJXCJM-UHFFFAOYSA-N,O=C(Nc1ccccc1)N(Cc1ccc(O)cc1)Cc1cccc(Cl)c1O,CHEMBL592211,False,6.02,,1
APBCLSCKMPCKMF-UHFFFAOYSA-N,Oc1ccc(CN(Cc2cc(Cl)cc(Cl)c2O)C(=S)Nc2ccccc2)cc1,CHEMBL591288,False,6.25,,1
YTSHEQYHNLLMSR-UHFFFAOYSA-N,C#Cc1cccc(Nc2ncnc3cc(OC)c(OCCCCC(O)=NO)cc23)c1,CHEMBL599398,False,7.82,,1
NPZJPJKMIHGWNJ-UHFFFAOYSA-N,COc1cccc(Nc2ccnc(Nc3cccc(OC)c3)n2)c1,CHEMBL1947045,False,5.11,,1
VCBSEOHFTXIIDG-UHFFFAOYSA-N,O=c1c2c(-c3ccccc3)c3c([nH]c2nc2n[nH]c(=S)n12)-c1ccccc1CC3,CHEMBL1944930,False,4.07,,1
QVFCDPRQRUAFKS-UHFFFAOYSA-N,CC(C)n1nc(-c2ccc3[nH]cnc(=O)c3c2)c2c(N)ncnc21,CHEMBL1241776,False,5.13,,1
VALNJAQHJPYEAK-UHFFFAOYSA-N,COc1cc(-n2cc(CN3CCNCC3)nn2)ccc1Nc1ncc(Cl)c(Nc2ccccc2S(=O)(=O)C(C)C)n1,CHEMBL4166038,False,6.05,,1
JDRPVJJOYKLLFH-UHFFFAOYSA-N,CC(C)n1nc(-c2cc3cc(C=O)ccc3s2)c2c(N)ncnc21,CHEMBL1241684,False,4.0,,1
OFJQEMHFEFSOPR-UHFFFAOYSA-N,COc1ccc(-c2cc(-c3ccc(C)cc3)nc(NN)n2)cc1,CHEMBL5512476,False,7.15,,1
RUQUEXGTPVWJMT-UHFFFAOYSA-N,CC(=Nn1c(O)c[nH]c1=S)c1ccc(O)cc1O,CHEMBL5558572,False,4.63,,1
GWILIXWGRREEOE-UHFFFAOYSA-N,COc1ccc(CCOc2ccc3c(c2)c(CCN)cn3CCCCCc2ccc(SC)cc2)cc1,CHEMBL1094835,False,5.61,,1
IGTPBMXPVDBCHU-UHFFFAOYSA-N,COc1ccc(CCCCCn2c3c(c4cc(OCCc5ccc(O)cc5)ccc42)CC(N)CC3)cc1,CHEMBL1094492,False,5.86,,1
WFTNHECJAZFTJB-DENIHFKCSA-N,O=C(O[C@H]1CN[C@H](C#Cc2cc3ncnc(Nc4ccc(OCc5ccccn5)c(Cl)c4)c3s2)C1)N1CCOCC1,CHEMBL504117,False,7.3,,1
NWRYHCNPTDKBAI-FYYLOGMGSA-N,O=C(O[C@H]1CN[C@H](C#Cc2cc3ncnc(Nc4ccc(OCc5cccc(F)c5)nc4)c3s2)C1)N1CCOCC1,CHEMBL449949,False,5.58,,1
HAYQBGMCBFKTMA-IFMALSPDSA-N,O=C(O[C@H]1CN[C@H](C#Cc2cc3ncnc(Nc4ccc5c(ccn5S(=O)(=O)c5ccsc5)c4)c3s2)C1)N1CCOCC1,CHEMBL452768,False,6.82,,1
HXAVERUVVZQIGE-UHFFFAOYSA-N,CSCc1cc(C=C2C(=O)Nc3ccccc32)cc(CSC)c1O,CHEMBL522116,True,6.4,,1
YMONKAACCNVIKX-UHFFFAOYSA-N,CCOc1cc(C=C(C#N)C(N)=O)cc(CSc2ccc(O)cc2)c1O,CHEMBL483233,True,5.52,,1
IJYHDNYPTQOLNF-UHFFFAOYSA-N,CCOc1cc(C=C(C#N)C(N)=O)cc(CSc2ccc(C)cc2)c1O,CHEMBL520839,True,4.7,,1
ZXQFVBGSFZGXFE-VZUCSPMQSA-N,O=[N+]([O-])c1cccc(/C=N/Nc2nc(O)cs2)c1,CHEMBL591050,False,4.58,,1
NBVZPICHNRCCJN-UHFFFAOYSA-N,Cc1cc(C)c(O)c(CN(Cc2ccc(O)cc2)C(=O)Nc2ccccc2)c1,CHEMBL589068,False,5.03,,1
YSWRUZSGHZDWJW-UHFFFAOYSA-N,O=C(Nc1ccccc1)N(Cc1ccc(O)cc1)Cc1cc(Br)cc(Br)c1O,CHEMBL601828,False,5.95,,1
XCGWRJUUHHWCDA-UHFFFAOYSA-N,O=C(Nc1ccccc1)N(Cc1ccc(F)cc1)Cc1cc(Br)cc(Br)c1O,CHEMBL603186,False,5.33,,1
WIBRRSMFZMVFSE-UHFFFAOYSA-N,COc1cc2ncnc(Nc3cccc(C#CCO)c3)c2cc1OC,CHEMBL399736,False,5.78,,1
YWZGJIHGJWOZJE-UHFFFAOYSA-N,Cc1ncnc(Nc2ccc(OCc3cccc(F)c3)c(Cl)c2)c1C=CC(=O)NCCN1CCOCC1,CHEMBL1683966,True,6.94,,1
JRWOGXREMCUZPF-UHFFFAOYSA-N,C#Cc1cccc(Nc2ncnc3cc(OC)c(OCCCCC(=O)Nc4ccc(S(N)(=O)=O)cc4)cc23)c1,CHEMBL4859542,False,7.31,,1
YOMAOPPNVBYEOX-XMMPIXPASA-N,CN1CCN([C@@H]2CCCN(c3cnc(C(N)=O)c(Nc4ccc(C5(C)CCN(C6CCC6)CC5)cc4)n3)C2)C1=O,CHEMBL5762610,False,6.26,,1
GKIQXUYTWFNMTA-UHFFFAOYSA-N,O=C(CNC(=O)Oc1ccccc1)Nc1ccc2ncnc(Nc3cccc(Br)c3)c2c1,CHEMBL599863,False,9.43,,1
YKNZRLLQSHZKFO-UHFFFAOYSA-N,COc1ccccc1C(=O)NCc1ccc(-n2nc(C3CCCC3)c3ncnc(N)c32)cc1,CHEMBL5917549,False,7.26,0.0,2
HUEXSVCOMKLQMM-UHFFFAOYSA-N,COc1ccccc1C(=O)NCc1ccc(-c2nn(C3CC=CC3)c3ncnc(N)c23)cc1,CHEMBL6032445,False,6.26,0.0,2
ZYSKXRAGBGLELB-UHFFFAOYSA-N,COc1cc(N2CCC(N3CCN(C)CC3)CC2)c(C)cc1Nc1ncc(Br)c(Nc2ccc3nccnc3c2P(C)(C)=O)n1,CHEMBL5169450,False,8.1,1.246146058855061,5
HJAGRTPTIMMQPY-UHFFFAOYSA-N,Nc1ccc2ncnc(Nc3ccc(F)c(Cl)c3)c2c1,CHEMBL242541,False,7.54,,1
BGPSYCLMKCEUGQ-UHFFFAOYSA-N,COc1cc2ncc(C(=O)NC3CC(C)(C)N([O])C(C)(C)C3)c(Nc3cccc(Cl)c3)c2cc1OC,CHEMBL1947126,False,6.21,,1
DKVVINNGENCATC-UHFFFAOYSA-N,C=CC(=O)Nc1cc(Nc2ncc(Br)c(Nc3ccc4ccn(C)c4c3)n2)c(OC)cc1N1CCN(C)CC1,CHEMBL5270334,True,6.55,,1
SYVUIZHQJAQHKT-UHFFFAOYSA-N,C=CC(=O)Nc1cc(Nc2ncc(Br)c(Nc3ccc4c(c3)CCC4)n2)ccc1N(C)CCN(C)C,CHEMBL5271151,True,7.58,,1
IEPKZTQXMCCRFJ-UHFFFAOYSA-N,C=CC(=O)Nc1cc(Nc2ncc(Cl)c(-c3cnn4ccccc34)n2)c(OC)cc1N(C)CCN(C)C,CHEMBL3353404,True,7.02,,1
HHLHKPYGNVLWFW-UHFFFAOYSA-N,C=CC(=O)Nc1cc(Nc2ncc(C(=O)OC(C)C)c(-c3cn(C(C)=O)c4ccccc34)n2)c(OC)cc1N(C)CCN(C)C,CHEMBL5266100,True,7.1,,1
DLLULRWIUFGWJO-SFTDATJTSA-N,COCCO[C@H]1C=C[C@H](n2nc(-c3ccc(CNC(=O)c4ccccc4OC)cc3)c3c(N)ncnc32)C1,CHEMBL5770931,False,5.26,0.0,2
CGDLXUGHZUDIDJ-UHFFFAOYSA-N,c1ccc(-c2cc3ncnc(Nc4ccc5[nH]ccc5c4)c3s2)cc1,CHEMBL76432,False,8.52,0.7794228634059944,3
GYDNMCFYNSRRTC-UHFFFAOYSA-N,Cc1cc(Nc2ncnc3[nH]nc(OCCN4CCC(O)CC4)c23)ccc1OCc1ccccn1,CHEMBL403435,False,7.75,,1
IGFDSAPXMROBGZ-HSZRJFAPSA-N,CCC(=O)N1CCC(c2ccc(Nc3nc(N4CCC[C@@H](NC(=O)N5CCCCC5)C4)nnc3C(N)=O)cc2)CC1,CHEMBL6012901,False,5.26,,1
WUTKDWQWCRNCFZ-UHFFFAOYSA-N,CNC1CCC(n2nc(-c3ccc(CNC(=O)c4ccccc4OC)cc3)c3c(N)ncnc32)CC1,CHEMBL6008734,False,6.26,0.0,2
KRUPLLYHCCRLQB-UHFFFAOYSA-N,O=C(Nc1cc2c(Nc3ccc(F)c(Cl)c3)ncnc2cc1OCCCN1CCOCC1)c1ccccc1F,CHEMBL4790655,False,8.52,,1
MPYBIRVGTIQZJU-QZTJIDSGSA-N,COc1ccccc1C(=O)NCc1ccc(-c2nn([C@@H]3C=C[C@@H](O)C3)c3ncnc(N)c23)cc1,CHEMBL5909001,False,6.26,0.0,2
NGCUFPTULYPMMY-UHFFFAOYSA-N,CN1CCN(C2CCN(c3cc(Cl)c(Nc4ncc(Cl)c(Nc5ccccc5P(C)(C)=O)n4)cc3Cl)CC2)CC1,CHEMBL5081174,False,7.18,,1
PZKGSVYNVAEKGQ-UHFFFAOYSA-N,C=CC(=O)Nc1cc2c(Oc3ccc(NC(=O)n4c(=O)c(-c5ccccc5)c(C)n4C)cc3F)cccc2cc1OC,CHEMBL5565127,True,7.0,,1
XYKNCRFMAKMJKI-UHFFFAOYSA-N,Fc1cccc(COc2ccc(Nc3ncnc4nn5ccccc5c34)cc2Cl)c1,CHEMBL182254,False,7.5,0.0,2
YAPFODKXVWEFPW-UHFFFAOYSA-N,C=CC(=O)Nc1cc2c(Nc3ccc(F)c(Cl)c3)ncnc2cc1OCCC1CC12CCN(C)CC2,CHEMBL6008370,True,9.41,0.0,2
ROCVMGQMCFWESV-LROWHWKPSA-N,CC(=O)OC[C@H]1O[C@@H](n2c(-c3ccccc3)cs/c2=N\N=C\c2cc(=O)oc3cc(OCCC(C)C)ccc23)[C@H](OC(C)=O)[C@@H](OC(C)=O)[C@@H]1OC(C)=O,CHEMBL5558907,False,6.82,,1
BSCKTSVCAUOGJB-FAXVRMPLSA-N,CCCCOc1ccc2oc(=O)cc(C3SC(N(C(C)=O)[C@@H]4O[C@H](COC(C)=O)[C@@H](OC(C)=O)[C@H](OC(C)=O)[C@H]4OC(C)=O)=NN3C(C)=O)c2c1,CHEMBL5563305,False,6.66,,1
WOFSPKZUAHWIEK-SNAWJCMRSA-N,CCOc1cc2ncc(C#N)c(Nc3ccc(F)c(Cl)c3)c2cc1NC(=O)/C=C/CNC,CHEMBL1243255,True,9.6,,1
UCTIQZALHPFVBB-UHFFFAOYSA-N,CCOc1cc(N2CCC(CCS(C)(=O)=O)CC2)c(C)cc1Nc1nccc(-c2c(-c3cccc(C(=O)Nc4c(F)cccc4F)c3)nc3ccccn23)n1,CHEMBL3943489,False,6.0,,1
NHWFEYYJOLZGNB-XUZZJYLKSA-N,COc1cc2c(N[C@@H]3C[C@H]3c3ccccc3)c(C#N)cnc2cc1OCCCN1CCOCC1,CHEMBL248392,False,8.3,,1
SDZQYPACAPOYTG-UHFFFAOYSA-N,Fc1ccc(Nc2ncnc3sccc23)cc1Cl,CHEMBL3628791,False,5.53,,1
JHORFMWVOBDQIU-UHFFFAOYSA-N,Fc1ccc(Nc2ncnc3cc(OC4CCOCC4)c4c(c23)OCCO4)cc1Cl,CHEMBL3806222,False,7.23,,1
HXQGOXYMNOCPIV-UHFFFAOYSA-N,COCCOc1cc2ncnc(Nc3ccc(F)c(C#N)c3)c2c2c1OCCO2,CHEMBL3805280,False,6.41,,1
FXBZQEFBHYYPIF-UHFFFAOYSA-N,COCCOc1cc2ncnc(Nc3cccc(OC)c3)c2c2c1OCCO2,CHEMBL3806066,False,6.8,,1
HDTUBNQMTYLVSV-UHFFFAOYSA-N,COc1cc2ncnc(Nc3ccc(F)c(Cl)c3)c2c2c1OCCO2,CHEMBL3806292,False,7.65,,1
GRFONYBEYSCDCN-UHFFFAOYSA-N,Brc1cccc(Nc2ncnc3cc(OCCCN4CCOCC4)c4c(c23)OCCO4)c1,CHEMBL3806143,False,7.73,,1
MGEHDKGYSLPVOE-UHFFFAOYSA-N,Cn1c(SSc2c(C(=O)Nc3ccccc3)c3cc([N+](=O)[O-])ccc3n2C)c(C(=O)Nc2ccccc2)c2cc([N+](=O)[O-])ccc21,CHEMBL64430,False,5.3,,1
IWMOCSLVFAOWEJ-UHFFFAOYSA-N,Cn1c(SSc2c(C(=O)Nc3ccccc3)c3cc(O)ccc3n2C)c(C(=O)Nc2ccccc2)c2cc(O)ccc21,CHEMBL293250,False,4.39,,1
CYQLJHVSXRHKFH-UHFFFAOYSA-N,C=CC(=O)Nc1cccc(-c2c(-c3ccccc3)oc3ncnc(NC4CCCC4)c23)c1,CHEMBL5437181,True,5.6,,1
NQOHXSMOMILDGM-UHFFFAOYSA-N,C=CC(=O)Nc1cccc(-c2c(-c3ccc(N(C)C)cc3)oc3ncnc(NCCO)c23)c1,CHEMBL5406494,True,7.16,,1
FZODZIMYKMHUJM-UHFFFAOYSA-N,C=CC(=O)Nc1cccc(-c2c(-c3ccc(N4CCN(C)CC4)cc3)oc3ncnc(NC4CCCC4)c23)c1,CHEMBL5440626,True,7.8,,1
GQHMLIZFPOPOFO-MUUNZHRXSA-N,C=CC(=O)Nc1cccc(-c2c(-c3ccc(N4CCN(C)CC4)cc3)oc3ncnc(N[C@H](CO)c4ccccc4)c23)c1,CHEMBL5422135,True,8.1,,1
IYYRSMYBULKXIZ-UHFFFAOYSA-N,C=CC(=O)Nc1cccc(-c2c(-c3ccc(N4CCN(C)CC4)cc3)oc3ncnc(NC4CCCCC4)c23)c1,CHEMBL5437343,True,7.51,,1
AIGRZFZXCXPCHG-UHFFFAOYSA-N,C=CC(=O)Nc1cc(-c2c(-c3ccccc3)oc3ncnc(NC)c23)ccc1N(C)CCN(C)C,CHEMBL5415196,True,6.95,,1
BXLNOKXTTYDULN-UHFFFAOYSA-N,C=CC(=O)Nc1cc(-c2c(-c3ccccc3)oc3ncnc(NCC)c23)ccc1N(C)CCN(C)C,CHEMBL5413423,True,7.24,,1
LXNNWXIWNJJJNZ-WIOPSUGQSA-N,C=CC(=O)Nc1cc(-c2c(-c3ccccc3)oc3ncnc(N[C@H]4CCC[C@H]4O)c23)ccc1N(C)CCN(C)C,CHEMBL5426811,True,7.55,,1
YGVOTPAIXFJINL-LSFURLLWSA-N,COc1cc2ncnc(Nc3ccc(OCc4cccc(F)c4)c(Cl)c3)c2cc1NC(=O)/C(F)=C\CN(C)C,CHEMBL3352869,True,8.89,,1
RAKHTNLGXMUAQG-UHFFFAOYSA-N,CS(=O)(=O)CCNCc1cc(-c2cc3ncnc(Nc4ccc(OCc5cccc(F)c5)c(Cl)c4)c3s2)cs1,CHEMBL474431,False,8.52,,1
VKGQZQGDXLIZTP-UHFFFAOYSA-N,CS(=O)(=O)CCNCc1ccc(-c2cc3c(Nc4ccc(OCc5cccc(F)c5)c(Cl)c4)ncnc3s2)s1,CHEMBL481324,False,7.02,,1
RFKWVNQTNHCTAP-UHFFFAOYSA-N,CCCN1CC2(C1)CN(c1cc3c(Nc4cccc(Cl)c4F)ncnc3cc1OC)C(=O)O2,CHEMBL6054692,False,10.48,0.2828427124746199,2
JGVSJOHBWPEWKW-UHFFFAOYSA-N,C=CC(=O)Nc1cccc(Oc2nc(Nc3ccc(N4CCN(C)CC4)cc3OC)ncc2SC)c1,CHEMBL3797606,True,6.57,,1
WAZLQAVHYOQHHY-UHFFFAOYSA-N,C=CC(=O)Nc1cccc(Oc2nc(Nc3ccc(N4CCN(C(=O)CC)CC4)cc3OC)ncc2SC)c1,CHEMBL3800597,True,6.81,,1
ULXXLCZMVVOIBI-UHFFFAOYSA-N,CC(C)NC(CS(C)(=O)=O)c1ccc(-c2ccc3ncnc(Nc4ccc(OCc5cccc(F)c5)c(Cl)c4)c3c2)o1,CHEMBL3344213,False,7.41,,1
YLTIESVKMHXFAD-UHFFFAOYSA-N,CCN(CCO)CCCOc1ccc2c(Nc3cccc(NC(=O)Nc4ccc(Cl)c(C(F)(F)F)c4)c3)ncnc2c1,CHEMBL3133757,False,6.73,,1
NASLMGGEKNWEFE-UHFFFAOYSA-N,COc1cc2c(Nc3ccc(OCc4cccc(F)c4)c(Cl)c3)ncnc2cc1OCCCn1ccnc1[N+](=O)[O-],CHEMBL3360612,False,7.52,,1
ZMYPWDDPVIUWHA-UHFFFAOYSA-N,N#CC(C#N)=C1C(=O)Nc2ccc([N+](=O)[O-])cc21,CHEMBL291313,True,4.4,,1
KBYYUDNRZUURRS-UHFFFAOYSA-N,CCS(=O)(=O)n1cc2c3ccc(cc31)OCCCCCCOc1cc(ccc1N1CCOCC1)Nc1ncc(Cl)c-2n1,CHEMBL5205581,False,6.63,,1
OUKKRCKTDNRYKU-ZDUSSCGKSA-N,O=C(NCCO)Nc1cc2c(Nc3ccc(F)c(Cl)c3)ncnc2cc1O[C@H]1CCOC1,CHEMBL3092322,False,7.57,,1
ZJLGUUXMOOWUTC-OAQYLSRUSA-N,Cc1cc(Nc2ncnc3cc(O)c(NC(=O)C=C[C@H]4CCCN4C)cc23)ccc1Oc1ccn2ccnc2c1,CHEMBL5192750,True,8.64,,1
HGURWXVQNCHCIP-HXUWFJFHSA-N,Cc1cc(Nc2ncnc3cc(O)c(NC(=O)C=C[C@H]4CCCN4C)cc23)ccc1Oc1cnc2ccnn2c1,CHEMBL5190132,True,8.99,,1
ZOLXNVOLRGVYNI-BWAMLYQTSA-N,Cc1cc(Nc2c(C#N)cnc3ccc(NC(=O)/C=C/[C@H]4CCCN4C)cc23)ccc1Oc1cc2nncn2cn1,CHEMBL5209046,True,8.5,,1
CMZKQVFPFYPHOD-UHFFFAOYSA-N,C=CC(=O)Nc1cccc(-n2c(=O)cnc3cnc(Nc4ccccc4)nc32)c1,CHEMBL2437488,True,7.89,,1
YRFYHYFKPSFNSZ-UHFFFAOYSA-N,C=CC(=O)Nc1ccc(Nc2ncc3ncc(=O)n(-c4ccc(OC)cc4)c3n2)cc1,CHEMBL2437477,True,4.47,,1
YQNWGXWTMAOGAE-UHFFFAOYSA-N,C=CC(=O)Nc1cccc(Nc2ncc(Cl)c(-c3c[nH]c4ccccc34)n2)c1,CHEMBL2426281,True,5.46,,1
UGWGOOAEFJICES-UHFFFAOYSA-N,C=CC(=O)Nc1cccc(Oc2nc(Nc3ccc(N4CCN(C(C)=O)CC4)cc3OC)ncc2SC)c1,CHEMBL3798501,True,7.06,,1
FPFVOXIARGRQQR-UHFFFAOYSA-N,CCOC(=O)N1CCN(Cc2ccc(-c3ccc4ncnc(Nc5ccc(OCc6cccc(F)c6)c(Cl)c5)c4c3)o2)CC1,CHEMBL3436357,False,7.55,,1
GWBPKJUHDYXNMP-UHFFFAOYSA-N,C=CC(=O)Nc1cc(Nc2nccc(Nc3cn(C)c4ccccc34)n2)c(OC)cc1N(C)CCN(C)CC(=O)OC,CHEMBL5083034,True,6.34,,1
GINFBUYQPIZQEZ-CQSZACIVSA-N,COc1cccc(OC)c1-c1cc2c(N[C@H](C)c3ccccc3)ncnc2s1,CHEMBL3759961,False,8.7,,1
AGJONGDBGKWFFN-CQSZACIVSA-N,COc1ccc(CO)cc1-c1cc2c(N[C@H](C)c3ccccc3)ncnc2s1,CHEMBL3759929,False,8.3,,1
DXLAGRLIXBCIQY-QGZVFWFLSA-N,COc1ccc(C(=O)NCCN(C)C)cc1-c1cc2c(N[C@H](C)c3ccccc3)ncnc2s1,CHEMBL3758582,False,9.3,,1
HITSFZOVCVGJEC-UHFFFAOYSA-N,COc1cc(CO)ccc1-c1cc2c(NCc3ccccc3)ncnc2s1,CHEMBL3759022,False,8.3,,1
JGNXXXKYBVWYEJ-CYBMUJFWSA-N,C[C@@H](Nc1ncnc2sc(-c3ccc(C(N)=O)cc3)cc12)c1ccccc1,CHEMBL3758762,False,8.15,,1
UMLZOFUYBPNPTG-QGZVFWFLSA-N,C[C@@H](Nc1ncnc2sc(-c3cccc(C(=O)NCCN(C)C)c3)cc12)c1ccccc1,CHEMBL3759369,False,9.05,,1
OBFGRWOUNPRHNH-UHFFFAOYSA-N,Cc1cc(=O)n(-c2ccc(F)cc2)nc1C(=O)Nc1ccc(Oc2ccnc3[nH]ccc23)c(F)c1,CHEMBL4066684,False,6.14,,1
ICHJLBTWJXYJOV-UHFFFAOYSA-N,COc1cc(N2CCC(N3CC(CC#N)C3)CC2)c(C)cc1Nc1ncc(Br)c(Nc2ccc3nccnc3c2P(C)(C)=O)n1,CHEMBL5397801,False,6.34,0.0,2
KPSAQFTWIFWIHN-UHFFFAOYSA-N,C=CC(=O)Nc1cccc(N2C(=O)C(C(C)CC)N(C)C(=O)c3cnc(Nc4ccc(N5CCN(C)CC5)cc4OC)nc32)c1,CHEMBL3219130,True,7.99,,1
BMYOQJPJJPXZBN-UHFFFAOYSA-N,C=CC(=O)Nc1cccc(N2C(=O)C(c3ccccc3)N(C)C(=O)c3cnc(Nc4ccc(N5CCN(C)CC5)cc4OC)nc32)c1,CHEMBL3219131,True,7.11,,1
PTHFBMBEROJQSZ-UHFFFAOYSA-N,C=CC(=O)Nc1cccc(-c2c(-c3ccccc3)oc3ncnc(NCCOC)c23)c1,CHEMBL5425734,True,6.68,,1
WBRABKXOAHUSHZ-UHFFFAOYSA-N,C=CC(=O)Nc1cccc(-c2c(-c3ccccc3)oc3ncnc(NCCC(=O)O)c23)c1,CHEMBL5420051,True,7.05,,1
OPZGHXBSYDRRLL-UHFFFAOYSA-N,Nc1nc2c(c(Nc3cccc(Cl)c3)n1)-c1ccccc1C2,CHEMBL2047242,False,4.71,,1
PUPIDEKMUKQDBG-UHFFFAOYSA-N,CC(C)c1ccc(Nc2nc(N)nc3c2-c2ccccc2C3)cc1,CHEMBL2047245,False,4.37,,1
GPZMBZBFURQTKV-UHFFFAOYSA-N,Nc1nc(Nc2cccc(Br)c2)c2c(n1)-c1ccccc1C2,CHEMBL3902576,False,4.0,,1
VFLDPWHFBUODDF-UHFFFAOYSA-N,COc1cc(C=CC(=O)CC(=O)C=Cc2ccc(O)c(OC)c2)ccc1O,CHEMBL140,False,5.06,,1
PICBGXSASXFIAL-UHFFFAOYSA-N,COc1cc2ncc(C#N)c(Nc3ccc(F)cc3)c2cc1OC,CHEMBL432396,False,4.32,,1
OSNTXNDDUYHOPC-UHFFFAOYSA-N,COc1cc2ncc(C#N)c(Nc3ccc(C)c(Cl)c3)c2cc1OC,CHEMBL109355,False,5.83,,1
YFFQYUIFTHZMHX-LAQIPUCWSA-N,CCOc1cc2ncnc(Nc3ccc(F)c(Cl)c3)c2cc1NC(=O)/C=C/CN1CC[C@@H]1COC,CHEMBL6050073,True,8.7,,1
YFFQYUIFTHZMHX-BDUNBXCCSA-N,CCOc1cc2ncnc(Nc3ccc(F)c(Cl)c3)c2cc1NC(=O)/C=C/CN1CC[C@H]1COC,CHEMBL5794459,True,8.11,,1
IXIJKXSIADDKHR-UHFFFAOYSA-N,C=CC(=O)Nc1ccc(-c2ccc(NC(=O)Nc3cccc(Cl)c3)cc2)cn1,CHEMBL4171543,True,8.06,,1
ROHJEIACUNTGFP-VWLOTQADSA-N,Cc1[nH]nc2ccc(-c3cc(N[C@@H](CO)c4ccccc4)cnc3-c3ccc(F)cc3O)cc12,CHEMBL4075917,False,8.09,,1
PCOFCPRYWPQQMW-WHLIDYPQSA-N,COCCOc1cc2ncnc(Nc3ccc(F)c(Cl)c3)c2cc1NC(=O)/C=C/CN1CC[C@H]1COC,CHEMBL5998236,True,8.24,,1
AYHLAGYMKZQTMA-UHFFFAOYSA-N,Cc1cc(Nc2ncc(Br)c(Nc3ccccc3NS(=O)(=O)C3CC3)n2)ccc1N1CCCN(C)CC1,CHEMBL5590689,False,7.18,0.042426406871192264,2
FUHUKPVSBLOKHW-NZURWCHMSA-N,NC(=O)c1c(-c2ccc(Oc3ccc(F)cc3F)cc2)nn([C@@H]2CCCN(C(=O)/C=C/CF)C2)c1N,CHEMBL4556666,True,5.66,,1
JCGVPGNGDHPTCX-UHFFFAOYSA-N,CCOc1cc(N2CCC(N3CCN(S(C)(=O)=O)CC3)CC2)ccc1Nc1nccc(-c2c(-c3cccc(C(=O)Nc4c(F)cccc4F)c3)nc3ccccn23)n1,CHEMBL3934556,False,6.0,,1
RKUHGVDFHLNNLT-UHFFFAOYSA-N,C#Cc1cccc(Nc2ncnn3ccc(CN4CCC(N)CC4)c23)c1,CHEMBL1645466,False,8.0,,1
JPKXJWBKGYESKN-UHFFFAOYSA-N,NC1CCN(Cc2ccn3ncnc(Nc4ccccc4)c23)CC1,CHEMBL1645467,False,7.4,,1
MDJCMNYFTLUIDM-UHFFFAOYSA-N,COc1ccc(Nc2ncnn3ccc(CN4CCC(N)CC4)c23)cc1Cl,CHEMBL1645477,False,6.68,,1
IXNQTDAAUVFZQN-DEOSSOPVSA-N,C=CC(=O)N1CC[C@H](N2C(=O)N(c3ccccc3Cl)Cc3cnc(Nc4ccc(N5CCN(C)CC5)c(C)c4)nc32)C1,CHEMBL4071474,True,9.3,,1
LZEVYDMMVXULHO-XMMPIXPASA-N,CCC(=O)N1CC[C@@H](N2C(=O)N(c3ccccc3Cl)Cc3cnc(Nc4ccc(N5CCN(C)CC5)c(C)c4)nc32)C1,CHEMBL4098591,False,7.63,,1
DYXOTLQWYZTKRT-SANMLTNESA-N,CCC(=O)N1CC[C@H](N2C(=O)N(c3cccc(OC)c3)Cc3cnc(Nc4ccc(N5CCN(C)CC5)c(C)c4)nc32)C1,CHEMBL4105503,False,6.38,,1
SEBYLFIVYASTRE-QHCPKHFHSA-N,CCC(=O)N1CC[C@H](N2C(=O)N(c3cc(OC)ccc3F)Cc3cnc(Nc4ccc(N5CCN(C)CC5)cc4OC)nc32)C1,CHEMBL4087383,False,5.8,,1
GCVJAYSNNQUWJS-QHCPKHFHSA-N,CCC(=O)N1CC[C@H](N2C(=O)N(c3cc(OC)ccc3F)Cc3cnc(Nc4ccc(N5CCN(C)CC5)c(OC)c4)nc32)C1,CHEMBL4065984,False,6.22,,1
LQHGLEHALIXLBR-UHFFFAOYSA-N,Fc1ccc(NC(=S)Nc2ccc3ncnc(Nc4cccc(Br)c4)c3c2)cc1Cl,CHEMBL4066504,False,7.6,,1
ZPNTXOKOIHPCLI-UHFFFAOYSA-N,CN1CCN(c2ccc(Oc3ccc4c(c3)C(=O)N(Cc3ccccc3)c3cc(F)ccc3N4)cc2)CC1,CHEMBL4558528,False,5.5,,1
NKFCUHMOEKHJLB-UHFFFAOYSA-N,O=C1c2ccccc2Nc2ccc(F)cc2N1Cc1ccccc1,CHEMBL4520903,False,5.01,,1
BBQBCOLDUARXMG-UHFFFAOYSA-N,COc1cc(N2CCN(C)CC2)ccc1Nc1ncc(Cl)c(Oc2ccccc2N=C=S)n1,CHEMBL4204596,False,4.7,,1
KIWWMQZDDHWGPB-UHFFFAOYSA-N,COc1cc(N2CCN(C)CC2)ccc1Nc1ncc(Cl)c(Oc2ccccc2NC(=O)CCO)n1,CHEMBL4208712,False,5.67,,1
SYFFKWAKQHJCOM-UKLJSHNNSA-N,CN(C)C/C=C/C(=O)N[C@H]1CC[C@H](n2nc(-c3ccc(Oc4ccccc4)cc3)c3c(N)ncnc32)CC1,CHEMBL3893004,True,7.65,,1
HBLZQPBMOXMCJN-UHFFFAOYSA-N,O=C1COc2cc3ncnc(Nc4ccc(Br)cc4)c3cc2N1CCCN1CCOCC1,CHEMBL3774609,False,6.08,,1
OTFQIRDSLHXCMT-UHFFFAOYSA-N,O=C1COc2cc3ncnc(Nc4ccc(F)c(Cl)c4)c3cc2N1CCCN1CCOCC1,CHEMBL3775664,False,7.28,,1
HFGAEEMSEWPAET-UHFFFAOYSA-N,O=C1COc2cc3ncnc(Nc4cccc(C(F)(F)F)c4)c3cc2N1CCCN1CCOCC1,CHEMBL3774982,False,6.08,,1
MBJIUVXHGKAMMX-CQSZACIVSA-N,CC(=O)Nc1ccc(-c2cc3c(N[C@H](C)c4ccccc4)ncnc3[nH]2)cc1,CHEMBL4744798,False,9.15,,1
KCOQVRBNUCNNCV-CYBMUJFWSA-N,C[C@@H](Nc1ncnc2[nH]c(-c3cccc(C(N)=O)c3)cc12)c1ccccc1,CHEMBL4776056,False,8.85,,1
LQVJVVCJGKOPJA-CYBMUJFWSA-N,COc1cc(C(N)=O)ccc1-c1cc2c(N[C@H](C)c3ccccc3)ncnc2[nH]1,CHEMBL4757806,False,9.4,,1
SPDGVJBWBHGXCW-HSZRJFAPSA-N,COc1cc(CNCCN(C)C)ccc1-c1cc2c(N[C@H](CO)c3ccccc3)ncnc2[nH]1,CHEMBL4787816,False,9.52,,1
GTQUPPRBKSJHFU-AREMUKBSSA-N,COc1cc(CNCCN2CCCCC2)ccc1-c1cc2c(N[C@H](CO)c3ccccc3)ncnc2[nH]1,CHEMBL4778248,False,10.0,,1
XJJSWJQPJABSJG-KGENOOAVSA-N,C=CCn1c(SCC(=O)Nc2ccc(C(=O)/C=C/c3ccc(Cl)cc3)cc2)nnc1-c1cc(-c2ccccc2)nc2ccccc12,CHEMBL5572677,False,5.89,,1
WBYQYOJFKLMZCX-CQSZACIVSA-N,C[C@@H](Nc1ncnc2sc(-c3cccc(C=O)c3)cc12)c1ccccc1,CHEMBL3758471,False,8.22,,1
PLKYPQUBIRABHS-CYBMUJFWSA-N,C[C@@H](Nc1ncnc2sc(-c3ccccc3C(N)=O)cc12)c1ccccc1,CHEMBL3759085,False,6.56,,1
YKXZIJJSMKNGPV-QGZVFWFLSA-N,C[C@@H](Nc1ncnc2sc(-c3ccc(C(=O)NCCN(C)C)cc3)cc12)c1ccccc1,CHEMBL3758800,False,8.7,,1
XJMBQSMRJLKLBY-UHFFFAOYSA-N,CC(C(=O)NCCn1ccc2ncnc(Nc3ccc(Oc4cccc(C(F)(F)F)c4)c(Cl)c3)c21)S(C)(=O)=O,CHEMBL2148048,False,7.75,,1
CXGBNSBKSWFTLF-UHFFFAOYSA-N,Cn1c(-c2csc(NN=C3CCCCC3)n2)nc2ccccc21,CHEMBL4747759,False,6.55,,1
BVCGMXXOJFRERB-JMIUGGIZSA-N,Cn1c(-c2csc(N/N=C\c3ccc(Br)cc3)n2)nc2ccccc21,CHEMBL4746321,False,6.39,,1
UXINAGXJFWRXSX-MFOYZWKCSA-N,Cn1c(-c2csc(N/N=C\c3cccs3)n2)nc2ccccc21,CHEMBL4763960,False,6.11,,1
IQOOKGNLIGNDSW-UHFFFAOYSA-N,CCCCOC(=O)Nc1ccc(Nc2ncnc3cc(OC)c(OC)cc23)cc1C,CHEMBL3221557,False,5.12,,1
LVLKMUAJLHFAJJ-UHFFFAOYSA-N,CCOC(=O)Nc1ccc(Nc2ncnc3cc(OCCN4CCOCC4)c(OC)cc23)cc1Cl,CHEMBL3221546,False,5.07,,1
RGIXMSXCHQWNPC-UHFFFAOYSA-N,Nc1ccccc1NC(=O)c1ccc(COc2ccc3ncnc(Nc4cccc(Br)c4)c3c2)cc1,CHEMBL3217993,False,7.48,,1
SEVGOOROBLVJGK-UHFFFAOYSA-N,C#Cc1cccc(Nc2ncnc3ccc(OCc4ccc(C(=O)Nc5ccccc5N)cc4)cc23)c1,CHEMBL3218000,False,7.11,,1
ULKJBEWLFAYGPT-UHFFFAOYSA-N,FC(F)(F)c1csc(NC(=S)Nc2ccc3ncnc(Nc4cccc(Cl)c4)c3c2)n1,CHEMBL4073912,False,6.86,0.0,2
JEAJZXYTONYTDH-UHFFFAOYSA-N,O=C(Nc1ccccc1C(=O)NN=Cc1ccc(O)cc1O)c1ccco1,CHEMBL5206193,False,7.29,0.31112698372208053,2
ODMSVIXMDZAZJV-UHFFFAOYSA-N,COc1cc(N2CCN(C)CC2)ccc1Nc1ncc(Cl)c(Oc2ccc(CCCOc3no[n+]([O-])c3S(=O)(=O)c3ccccc3)cc2)n1,CHEMBL2408823,False,5.64,,1
MCHPKOULFPNIOZ-LJQANCHMSA-N,CC#CC(=O)N1CCC[C@@H]1Cn1nc(-c2ccc(Oc3ccccc3)cc2)c2c(N)ncnc21,CHEMBL4107879,False,6.54,0.0,2
VLTOVKRRNQGQEC-UHFFFAOYSA-N,Cc1nc2cc(Br)c(Br)cc2c(=O)n1-c1ccc(Nc2nc(Nc3ccc(Br)cc3)nc(N3CCCCC3)n2)cc1,CHEMBL5613341,False,7.44,,1
GMDFHONIYXKNAR-UHFFFAOYSA-N,CC1(C)OB(c2ccc3ncnc(Nc4ccc(F)c(Cl)c4)c3c2)OC1(C)C,CHEMBL3219505,False,6.24,,1
LRZJFGQTXFKLHL-UHFFFAOYSA-N,C=CC(=O)Nc1cc2c(Nc3ccc(Br)cc3F)ncnc2cc1OCCNC(=O)CN1CCC1,CHEMBL3671579,True,6.01,0.0,2
UGPMTGRGGQYKIB-UHFFFAOYSA-N,C=CC(=O)Nc1cc2c(Nc3cc(F)c(Br)cc3F)ncnc2cc1OCCNC(C)=O,CHEMBL3639752,True,7.92,0.0,2
ZSDKABQQQPOUIS-UHFFFAOYSA-N,C=CC(=O)Nc1cc2c(Nc3ccc(Br)c(F)c3F)ncnc2cc1OCCNC(=O)CCCN(C)C,CHEMBL3676347,True,6.25,0.0,2
XOMPMLIHBWZPPT-OXHGWOFKSA-N,CCN(CC)C/C=C/C(=O)N1CC[C@@H](n2cc(C(=O)Nc3nc4cc(-c5ccccc5)ccc4o3)c3c(N)ncnc32)C1,CHEMBL6010216,True,7.63,,1
CIHHVWQFUJGINB-UHFFFAOYSA-N,C=CC(=O)Nc1cc(Nc2nccc(-c3cn(CCO)c4ccccc34)n2)c(OC)cc1N(C)CCN(C)C,CHEMBL4745195,True,8.81,,1
VLMFINHKLSUJLY-UHFFFAOYSA-N,C=CC(=O)Nc1cc(Nc2nccc(-c3cn(S(=O)(=O)N(C)C)c4ccccc34)n2)c(OC)cc1N(C)CCN(C)C,CHEMBL4747958,True,8.85,,1
KDUXVEZAWDQWNK-UHFFFAOYSA-N,C=CC(=O)Nc1cc(Nc2nccc(Nc3ccn(C)n3)n2)c(OC)cc1N(C)CCN(C)CC(=O)OC,CHEMBL5089912,True,6.02,0.0,2
HTECUFCXSIPTNC-YAUBYZHOSA-N,COc1cc(/C=C2\CCC/C(=C\c3ccccc3Cl)C2=O)cc(OC)c1,CHEMBL2316142,False,5.81,,1
AHIOWTSQFILAEW-UHFFFAOYSA-N,COc1cc2c(Nc3ccc(Cl)c(Cl)c3)ncnc2cc1OCc1c(-c2c(Cl)cccc2Cl)noc1C,CHEMBL3893128,False,7.3,,1
NXJJLGAELKZJGL-AWEZNQCLSA-N,CCNC(=O)c1cnc(Nc2ccnc(-c3cnn(S(=O)(=O)C4CC4)c3)n2)cc1N[C@@H](C)CC,CHEMBL5415613,False,7.11,,1
SJSWLZFLXRBNSJ-UHFFFAOYSA-N,COc1cc2c(Oc3ccc(NC(=O)c4cn(-c5ccccc5OC)cn4)cc3F)ccnc2cc1OCCCN1CCN(C)CC1,CHEMBL3931223,False,6.16,,1
ZOLGXEOLIHKKHY-UHFFFAOYSA-N,COc1cc(Nc2cc(NC(=O)Nc3c(Cl)cccc3Cl)ncn2)cc(OC)c1,CHEMBL4439933,False,6.49,0.014142135623730649,2
ABHDYLBMXLXCKE-UHFFFAOYSA-N,COc1ccc(OC)c(Nc2cc(NC(=O)Nc3c(Cl)cccc3Cl)ncn2)c1,CHEMBL4548481,False,6.92,0.31112698372208053,2
KLYDITFOXCQQER-UHFFFAOYSA-N,OCc1cccc(C#Cc2cncnc2Nc2ccc(OCc3cccc(F)c3)c(Cl)c2)n1,CHEMBL204570,False,7.4,,1
IARDESHMMYHYBU-UHFFFAOYSA-N,Nc1ccccc1C#Cc1cncnc1Nc1ccc(OCc2cccc(F)c2)c(Cl)c1,CHEMBL204625,False,7.2,,1
JHUDBCRALFDNOD-UHFFFAOYSA-N,COc1cc2ncnc(Nc3cccc(Cl)c3F)c2cc1CN(C)C(CN(C)C)C(N)=O,CHEMBL380889,False,7.3,,1
PVXWJHYFCIBBMS-UHFFFAOYSA-N,CC(C)(C)c1cc(NC(=O)CN2CCOCC2)no1,CHEMBL4787698,False,6.84,,1
YFQAPABPZZSLEM-YJJYDOSJSA-N,COc1cc2ncnc(Nc3cccc(Cl)c3F)c2cc1CN1C[C@H](OC)CC1C(N)=O,CHEMBL207235,False,8.0,,1
SAERMKUGKADQHG-UHFFFAOYSA-N,COc1cc2ncnc(Nc3cccc(Cl)c3F)c2cc1CN1CCCC1C(N)=O,CHEMBL208292,False,7.76,0.3394112549695431,2
SUPHEZJBHOETQP-UHFFFAOYSA-N,O=C(CCCCl)Nc1ccc2ncnc(Nc3ccc4[nH]ccc4c3)c2c1,CHEMBL5177378,False,8.24,,1
AECDBHGVIIRMOI-GRGXKFILSA-N,Nc1ncnc2c1c(-c1cccc(OCc3ccccc3)c1)cn2[C@H]1C[C@@H](CN2CCC2)C1,CHEMBL1614712,False,5.26,0.028284271247461613,2
IJONDZVYIBNTDX-UHFFFAOYSA-N,C=CC(=O)Nc1cccc(-n2c(=O)c(-c3ccccc3F)nc3cnc(Nc4ccc(OCCOC)cc4)nc32)c1,CHEMBL5069609,True,8.96,,1
LFOKRWIYRIYGNF-UHFFFAOYSA-N,CNC(=O)c1nc(-c2ccc(Cl)c(S(=O)(=O)Nc3cccc(F)c3C)c2)cnc1N,CHEMBL2152253,False,6.39,,1
ZJSLMQLVFYXGOW-UYAOXDASSA-N,COc1cccc2c1C(=O)C1=C(C2=O)c2c(O)cc(CO)cc2[C@@H](O)[C@@H]1O,CHEMBL5181037,False,8.18,,1
UYMOLQYLNWQAHJ-UHFFFAOYSA-N,C#CC(=O)N1CCC(c2c[nH]n3c(C(N)=O)c(-c4ccc(Oc5ccc(F)cc5)cc4)nc23)C1,CHEMBL4852264,False,7.41,,1
XENVBHIMDXYJEE-UHFFFAOYSA-N,COc1cc2ncnc(Nc3ccccc3C(F)(F)F)c2cc1OC,CHEMBL2333986,False,5.0,,1
LENSWVKHQHNNSD-UHFFFAOYSA-N,C#Cc1cccc(Nc2ncnc3ccc(-c4ccc(CO)o4)cc23)c1,CHEMBL4089347,False,7.8,,1
XPNBJLOXKKTFGZ-UHFFFAOYSA-N,COc1cc2c(Nc3ccc(F)c(F)c3)ncnc2cc1OCCOCCOCCNC(=O)Cn1cnc([N+](=O)[O-])n1,CHEMBL4468893,False,7.7,,1
LXVWRCNPCFIKGD-UHFFFAOYSA-N,O=C1NCc2c(Oc3ccc(Nc4ncnc5ccn(CCO)c45)cc3Cl)cccc21,CHEMBL2048793,False,6.05,,1
BWVQWSSXRDXADR-PGGKNCGUSA-N,O=C(N/N=C/c1cccs1)N1CCc2ncnc(Nc3ccc(F)c(Cl)c3)c2C1,CHEMBL4229213,False,7.2,,1
NLAXMHQWTOCNAO-UHFFFAOYSA-N,Cc1ccc(C=NNC(=O)N2CCc3ncnc(Nc4cccc(C(F)(F)F)c4)c3C2)cc1,CHEMBL4227281,False,7.62,,1
DOSFMPDOTBERPS-QHCPKHFHSA-N,C=CC(=O)N1CC[C@H](n2cc(-c3ccncc3)c(-c3cccc(NC(=O)c4cn(C5CC5)cn4)c3)n2)C1,CHEMBL5559069,True,5.68,,1
LUAGTXJZTHBNFU-SNAWJCMRSA-N,CC(C)N(C)C/C=C/C(=O)N1CCc2sc3ncnc(Nc4ccc(Cl)c(Cl)c4)c3c2C1,CHEMBL3639542,True,8.04,0.0,2
IXUDUNWMTNELOE-GORDUTHDSA-N,O=C(/C=C/CN1CCCOCC1)N1CCCc2c(sc3ncnc(Nc4ccc(Cl)c(Cl)c4)c23)C1,CHEMBL3655352,True,9.0,0.0,2
XIAZJEJGKJRHQA-UHFFFAOYSA-N,C=CC(=O)Nc1cccc(Oc2nc(Nc3[nH]nc4ccc(Br)cc34)cc(N3CCN(C)CC3)n2)c1,CHEMBL3604940,True,5.54,,1
XRHZCKCSIVHXIK-UHFFFAOYSA-N,C=CC(=O)Nc1cc2c(Nc3ccc(Br)cc3F)ncnc2cc1OCCOCCOC(=O)CC(=O)O,CHEMBL3676392,True,6.02,0.0,2
VHQAZGVURZXKGM-UHFFFAOYSA-N,C=CC(=O)Nc1cc2c(Nc3ccc(Br)cc3F)ncnc2cc1OCC(C)NC(=O)CN(C)C,CHEMBL3676393,True,6.76,0.0,2
ZYZAJOCFJDOSLF-UHFFFAOYSA-N,C=CC(=O)Nc1cc(Nc2ncc(C#N)c(-c3cn(C)c4ccccc34)n2)c(OC)cc1N(C)CCN(C)C,CHEMBL3353406,True,4.34,,1
RBCHXTTVPXLCIA-UHFFFAOYSA-N,C=CC(=O)Nc1ccc2ncnc(Nc3ccc(S(=O)(=O)Nc4nccs4)cc3)c2c1,CHEMBL3133912,True,4.36,,1
FWRJIMJJWCMNTF-UHFFFAOYSA-N,C=CC(=O)Nc1ccc2ncnc(Nc3c(F)cccc3Br)c2c1,CHEMBL3133901,True,5.66,,1
DFJSJLGUIXFDJP-UHFFFAOYSA-N,CNC(=O)CN1CCC(Oc2cc3c(Nc4cccc(Cl)c4F)ncnc3cc2OC)CC1,CHEMBL2408045,False,8.16,0.2771281292110206,4
FLGREYLWZUTSOT-UHFFFAOYSA-N,CCOc1cc(N2CCC(N3CCN(C)CC3)CC2)c(Cl)cc1Nc1ncc(Cl)c(-c2cn(S(=O)(=O)CC)c3ccccc23)n1,CHEMBL5206683,False,6.46,,1
SVCZETDQXQIZFL-UHFFFAOYSA-N,Nc1ccc2ncnc(Nc3ccc4c(c3)CCC4)c2c1,CHEMBL5186969,False,6.6,,1
DWGLCDYKSOYPSK-UHFFFAOYSA-N,Nc1ccc2ncnc(Nc3cccc4c3CCCC4)c2c1,CHEMBL5183327,False,6.78,,1
GGMNAQQTDNPMDP-UHFFFAOYSA-N,Nc1ccc2ncnc(Nc3cccc4ccccc34)c2c1,CHEMBL5199341,False,8.8,,1
HLLFBJRBXSTGHW-UHFFFAOYSA-N,Nc1ccc2ncnc(Nc3ccc4ncccc4c3)c2c1,CHEMBL5188730,False,6.67,,1
PJXQZBIKPUHINB-UHFFFAOYSA-N,Cn1ccc2cc(Nc3ncnc4ccc(N)cc34)ccc21,CHEMBL5174372,False,5.4,,1
HDEJJZVYOHWFLK-UHFFFAOYSA-N,C=CCn1ccc2cc(Nc3ncnc4ccc(N)cc34)ccc21,CHEMBL5169328,False,6.45,,1
WYXMKTQSYLOAAG-UHFFFAOYSA-N,Nc1ccc2ncnc(Nc3ccc4c(ccn4Cc4cccc(F)c4)c3)c2c1,CHEMBL5198424,False,8.52,,1
XZNRDOBVSWVFGP-UHFFFAOYSA-N,CCC(=O)N1CCOc2c1ccc1ncnc(Nc3cccc(Br)c3)c21,CHEMBL5271937,False,7.15,,1
NYGBDKPPQUPSIG-UHFFFAOYSA-N,CN1CCN(C(=O)c2ccc(-c3ccc4ncnc(Nc5ccc(OCc6cccc(F)c6)c(Cl)c5)c4c3)o2)CC1,CHEMBL3436360,False,6.63,,1
CUYZENZHIGMEAF-JBQSXSRFSA-N,O=C(N/N=C/c1cc(F)c(F)cc1Cl)N1CCc2ncnc(Nc3ccc(F)c(Cl)c3)c2C1,CHEMBL4228120,False,7.37,,1
QIAHWAXXEKSCCE-UHFFFAOYSA-N,COc1cccc(Nc2cc(Nc3cc(OC)ccc3OC)ncn2)c1,CHEMBL4288300,False,7.58,,1
NEQCAQFRUOSVFE-UHFFFAOYSA-N,COc1cc(Nc2cc(Nc3ccc(Cl)cc3)ncn2)cc(OC)c1OC,CHEMBL4283517,False,6.04,,1
GPHGJEXSAYLLDB-UHFFFAOYSA-N,COc1ccc(Nc2cc(NC(=O)c3ccccc3)ncn2)cc1,CHEMBL4283823,False,7.09,,1
HGYWFXIFINVXSA-GOSISDBHSA-N,OC[C@@H](Nc1ncnc2[nH]c(-c3ccccc3)cc12)c1ccccc1,CHEMBL4780286,False,9.25,0.21213203435596475,2
KYLTYWRKNDUYIL-CWDCEQMOSA-N,COC[C@@H]1CCN1C/C=C/C(=O)Nc1cc2c(Nc3ccc(F)c(Cl)c3)ncnc2cc1OC,CHEMBL6064874,True,7.67,,1
JFJFWDRBLCGADI-UHFFFAOYSA-N,COc1cc2ncnc(Nc3ccc(F)c(Cl)c3)c2cc1OCCn1c([N+](=O)[O-])cnc1C,CHEMBL3355887,False,8.31,,1
MTYBEFAXRMHIIW-UHFFFAOYSA-N,CN=C(N)SCCCn1c(=O)c2c(c1=O)n1c3ccccc3cc1c1cccc3ccn2c31,CHEMBL488271,False,5.0,,1
HXSDKMUJXCRATG-GOSISDBHSA-N,COc1ccccc1-c1cc2c(N[C@H](CO)c3ccccc3)ncnc2[nH]1,CHEMBL4783569,False,9.25,0.21213203435596475,2
RJFMUYZWDLSYSX-GFCCVEGCSA-N,COc1cc2ncnc(N[C@H](C)c3ccccc3)c2cc1OC,CHEMBL1714813,False,9.0,,1
YCDMAWQWOBHPSZ-UHFFFAOYSA-N,COc1cc2ncnc(Nc3ccc(F)c(Cl)c3)c2cc1OCCNCCN,CHEMBL2334002,False,7.92,,1
RRMJMHOQSALEJJ-UHFFFAOYSA-N,C=CC(=O)Nc1cc(Nc2nccc(-n3cc(CN(C)C)c(-c4ccccc4)n3)n2)c(OC)cc1N1CCOCC1,CHEMBL4558324,True,7.46,,1
RZKSNYDZEBHGRR-VQHVLOKHSA-N,COc1ccc(-c2c(NC(=O)/C=C/CN(C)C)ccc3ncnc(Nc4ccc(OCc5ccccn5)c(Cl)c4)c23)cc1OC,CHEMBL5568705,True,7.4,,1
FAYNMSGELVYJGD-WVKUQPHVSA-N,COc1ccc(-c2c(NC(=O)/C=C/[C@H]3CCCN3C)ccc3ncnc(Nc4ccc(OCc5ccccn5)c(Cl)c4)c23)cc1OC,CHEMBL5565103,True,7.24,,1
FMZRZFFJJZHENK-QPJJXVBHSA-N,CN(C)C/C=C/C(=O)Nc1ccc2ncnc3c2c1C=CN3c1cccc(Cl)c1F,CHEMBL5572504,True,9.8,,1
UEQMJDSTZLVUDP-ONEGZZNKSA-N,CN(C)C/C=C/C(=O)Nc1ccc2ncnc3c2c1C=CN3c1ccc(F)c(Cl)c1,CHEMBL5569244,True,8.97,,1
GNBZJTFEESJZBO-SOFGYWHQSA-N,O=C(/C=C/CN1CCCCC1)Nc1ccc2ncnc3c2c1CCN3c1ccc(OCc2ccccn2)c(Cl)c1,CHEMBL5566173,True,8.48,,1
WVPWMTUOJRIZIV-HWKANZROSA-N,O=C(/C=C/CNC1CC1)Nc1ccc2ncnc3c2c1CCN3c1ccc(OCc2ccccn2)c(Cl)c1,CHEMBL5569696,True,8.98,,1
URJJOGWZSTWQKA-UHFFFAOYSA-N,C=CC(=O)N1CCc2c(sc3ncnc(Nc4cccc(CC)c4)c23)C1,CHEMBL3133898,True,5.06,,1
ADLJQEKLAGCZSU-UHFFFAOYSA-N,C=CC(=O)Nc1ccc2ncnc(Nc3ccc(S(N)(=O)=O)cc3)c2c1,CHEMBL3133910,True,4.12,,1
DEYYGEALAPOQDN-UHFFFAOYSA-N,C=CC(=O)Nc1ccc2ncnc(Nc3ccc(Br)c(C)c3)c2c1,CHEMBL3133903,True,5.64,,1
DBGUXAWCNQYKMH-OAHLLOKOSA-N,C=CC(=O)N1CCC[C@@H](n2nc(C(=O)Nc3nc4cc(CCOC)ccc4o3)c3c(N)ncnc32)C1,CHEMBL5987547,True,7.64,,1
PHKGTKKOFIGCOP-CQSZACIVSA-N,C=CC(=O)N1CC[C@@H](n2nc(C(=O)Nc3nc4cc(CCOC)ccc4o3)c3c(N)ncnc32)C1,CHEMBL5943616,True,8.0,,1
XXBWDTDSMDBAQK-UHFFFAOYSA-N,C=CC(=O)Nc1cccc(Nc2nc(Nc3ccc(N4CCN(C(=O)CCCCNc5cccc6c5C(=O)N(C5CCC(=O)NC5=O)C6=O)CC4)cc3OC)ncc2C(F)(F)F)c1,CHEMBL5200495,True,6.21,,1
QNABDSWBQJKBHK-UHFFFAOYSA-N,O=C(NCC(F)(F)F)c1cc(-c2cnn3cc(-c4ccc(OCCN5CCCCC5)cc4)cnc23)cs1,CHEMBL4569508,False,5.96,,1
NFJHFSBRNMOIJV-CXUHLZMHSA-N,CN(C)C/C=C/C(=O)Nc1cccc(-c2c(-c3ccccc3)oc3ncnc(NC4CCCC4)c23)c1,CHEMBL5427116,True,6.01,,1
GOAJTHJUMKTUOQ-UHFFFAOYSA-N,C=CC(=O)Nc1cccc(-c2c(-c3ccc(N4CCN(C)CC4)cc3)oc3ncnc(NC)c23)c1,CHEMBL5406792,True,7.72,,1
YYHFEFKIJAZQPJ-INIZCTEOSA-N,CN(C)CCN(C)C(=O)Nc1cc2c(Nc3ccc(F)c(Cl)c3)ncnc2cc1O[C@H]1CCOC1,CHEMBL3092315,False,6.55,,1
NJQUPDARRLBPKF-UHFFFAOYSA-N,CCN(CC)CCC(=O)Nc1cccc(Oc2nc(Nc3ccc(N4CCN(C)CC4)cc3OC)ncc2Cl)c1,CHEMBL3237930,False,6.06,,1
LPVCMYGKARXPPG-UHFFFAOYSA-N,COc1ccc(-n2cc(NC(=O)c3cccc(NS(=O)(=O)c4ccccc4)c3)cn2)cc1,CHEMBL4530048,False,4.57,,1
ZSIDGHXLTCSENF-UHFFFAOYSA-N,COc1cc2ncnc(Nc3ccc(F)c(Cl)c3)c2cc1OCCCCCCCCNCc1ccc(-c2cccc(-c3ccccc3)c2C)nc1OC,CHEMBL5523580,False,6.39,,1
VZKKPAPIFNWFTL-ZDUSSCGKSA-N,C=CC(=O)N1CC[C@H](Oc2ccc3ncnc(Nc4ccc(F)c(Cl)c4F)c3c2)C1,CHEMBL3940909,True,8.05,,1
QESBRKONDSWGSK-UHFFFAOYSA-N,C=CC(=O)N1CCC(Oc2cc3c(Nc4cccc(Cl)c4F)ncnc3cc2OC)CC1,CHEMBL3898447,True,8.22,,1
NLOPPFMLPNMFJS-MTATWXBHSA-N,C=CC(=O)N1CC[C@@H](Oc2cc3c(Nc4ccc(F)c(Cl)c4F)ncnc3cc2OC)CC1C(N)=O,CHEMBL3958624,True,8.39,,1
BJVGHBKPXLKACQ-UHFFFAOYSA-N,COc1cc(N(C)CCN(C)C)c(NC(=O)C=C(C)C)cc1Nc1nc2c(c(-c3cn(C)c4ccc(F)cc34)n1)CS(=O)(=O)CC2,CHEMBL4475770,True,6.7,,1
NUIFHMPTQLPLND-UHFFFAOYSA-N,Cc1cccc(Nc2ccnc(Nc3ccc(N4CCN(C)CC4)cc3)n2)c1,CHEMBL3883652,False,4.96,,1
DLQGJSJCKSEPHH-UHFFFAOYSA-N,COc1ccc(-n2cc(NC(=O)c3ccc(NS(=O)(=O)c4ccc(Cl)cc4)cc3)cn2)cc1,CHEMBL4576626,False,4.79,,1
KXLJQXHHKHCPLS-UHFFFAOYSA-N,Cc1ccc(-n2cc(NC(=O)c3cccc(NS(=O)(=O)c4ccccc4)c3)cn2)cc1,CHEMBL4549604,False,5.02,,1
WJVAIGFWJQMAMO-UHFFFAOYSA-N,CCOCCSc1nc(-c2ccccc2Cl)nn1CCOCC,CHEMBL5190121,False,7.06,0.0,2
YTLYQVHFWWYKJL-UHFFFAOYSA-N,C=CC(=O)N(c1ccc(Cl)c(Cl)c1)c1ncnc2cc(OC)c(OCCCN3CCOCC3)cc12,CHEMBL4471155,True,7.5,,1
FRCIXKRNJOZCOB-UHFFFAOYSA-N,C=CC(=O)Oc1cc2c(Nc3ccc(F)c(Cl)c3)ncnc2cc1OCC,CHEMBL4435699,False,7.82,,1
CNQREVSEDFUJPZ-UHFFFAOYSA-N,C=CC(=O)Nc1cc(Nc2ncc(Cl)c(Nc3ccccc3S(=O)(=O)N(C)C)n2)c(OC)cc1N(C)CCN(C)C,CHEMBL4449391,True,6.69,,1
BLDCWEIZHXYOIX-UHFFFAOYSA-N,COc1cc2c(Nc3ccc(Br)cc3F)ncnc2cc1OCCOCCNC(=O)Cn1cnc([N+](=O)[O-])n1,CHEMBL4521028,False,8.23,,1
NAHITMMJENLIPQ-LMXLVEHLSA-N,COc1cc2ncnc(Nc3ccc(F)c(Cl)c3)c2cc1NC(=O)/C(F)=C/CN1CCOCC1,CHEMBL3357643,True,9.28,,1
MGNVEAOMNOLWIJ-UHFFFAOYSA-N,COc1cc2ncnc(Nc3ccc(OCc4cccc(F)c4)c(Cl)c3)c2cc1OCCCCC(=O)Nc1ccc(S(N)(=O)=O)cc1,CHEMBL4873098,False,7.78,,1
YPZSSNYOQITMKA-UHFFFAOYSA-N,CCS(=O)(=O)N1CCC(c2nc(-c3ccc(F)cc3)c(-c3ccnc(Nc4ccc(N5CCN(C)CC5)c(C)c4)n3)s2)CC1,CHEMBL5413341,False,7.17,,1
RCIHONXVAMXMHQ-FQEVSTJZSA-N,C=CC(=O)N1CC[C@H](Oc2cc3c(Nc4ccc(OCc5ccccn5)c(Cl)c4)ncnc3cc2OC)C1,CHEMBL3922182,True,8.3,,1
WBOAFSSMPYWBDR-UHFFFAOYSA-N,COc1cc(N(C)CCN(C)C)c(NC(=O)c2ncccn2)cc1Nc1nccc(-c2cn(C)c3ccccc23)n1,CHEMBL5199169,False,6.84,0.0,2
FEGLHMBACWFPJE-UHFFFAOYSA-N,C=CC(=O)Nc1cc2c(Oc3ccc(NC(=O)NCCc4ccc(F)cc4)cc3F)ncnc2cc1OC,CHEMBL5597403,True,7.19,,1
JKBVOQSLUSUYPQ-HWPBTTKCSA-N,O=C(/C=C/c1ccccc1)Nc1cccc(-c2c(-c3ccccc3)oc3ncnc(N[C@H](CO)c4ccccc4)c23)c1,CHEMBL4527132,True,5.3,,1
JWQYWGKHLAHFBV-HSZRJFAPSA-N,C=CC(=O)Nc1cccc(-c2c(-c3ccccc3)sc3ncnc(N[C@H](CO)c4ccccc4)c23)c1,CHEMBL4534719,True,6.87,,1
RKGMGDXGZDVJJE-LJQANCHMSA-N,C=CC(=O)Nc1cccc(-c2csc3ncnc(N[C@H](CO)c4ccccc4)c23)c1,CHEMBL4556670,True,7.09,,1
FYWNSODYJWGXTK-UHFFFAOYSA-N,C=CC(=O)Nc1cc2c(Oc3ccc(NC(=O)CCCc4ccccc4)cc3F)ncnc2cc1OC,CHEMBL5583867,True,6.41,,1
FBTKKBCORZJIFB-UHFFFAOYSA-N,C=CC(=O)Nc1cc2c(Oc3ccc(NC(=O)CCCc4ccc(F)cc4)cc3F)ncnc2cc1OC,CHEMBL5571590,True,6.11,,1
KMKBUYYRCPBFME-UHFFFAOYSA-N,C=CC(=O)Nc1cc2c(Oc3ccc(NC(=O)NCCc4ccc(OC)c(OC)c4)cc3F)ncnc2cc1OC,CHEMBL5570486,True,5.63,,1
QBXAXZOWNLMJQL-UHFFFAOYSA-N,C=CC(=O)Nc1cc2c(Oc3ccc(NC(=O)NCCC4CCCCC4)cc3F)ncnc2cc1OC,CHEMBL5568892,True,5.89,,1
RDOUYNQAILJAAS-UHFFFAOYSA-N,C=CC(=O)Nc1cc2c(Oc3ccc(NC(=O)c4sc(-c5ccccc5)nc4C)cc3F)cccc2cc1OC,CHEMBL5591745,True,6.76,,1
PNZTVZZDUIOMNT-UHFFFAOYSA-N,CCC(=O)Nc1cc2c(Oc3ccc(NC(=O)c4sc(-c5ccccc5)nc4C)cc3F)cccc2cc1OC,CHEMBL5573159,False,5.41,,1
CYQJUWYAFMCLIQ-UHFFFAOYSA-N,OB(O)c1ccc2ncnc(Nc3cccc(Cl)c3)c2c1,CHEMBL3218424,False,6.19,,1
SWOLBBOITSRBEP-AWCRTANDSA-N,CCN1CCN(Cc2cc(C(=O)N[C@@H]3[C@H]4Oc5ccc(Oc6ccnc7c6CCC(=O)N7)cc5[C@@H]34)cc(C(F)(F)F)c2)CC1,CHEMBL5872606,False,8.64,0.4266536456346446,3
CQLBJFSFGLKNEO-HJOGWXRNSA-N,O=C1CCc2c(Oc3ccc4c(c3)[C@H]3[C@H](NC(=O)Cc5cccc(C(F)(F)F)c5)[C@H]3O4)ccnc2N1,CHEMBL5827368,False,5.59,0.2930870177950566,3
HFDJAPMETZJFMI-UHFFFAOYSA-N,Oc1ccc(-c2nc(-c3ccc(F)cc3)c(-c3ccnc4[nH]c(-c5ccccc5)cc34)[nH]2)cc1,CHEMBL2179119,False,6.0,,1
OFQHAXNPHZJUNM-UHFFFAOYSA-N,CC(=O)c1nn(-c2ccc(C)cc2)cc1C(=O)c1c(C)[nH]c(-c2ccccc2)c1-c1ccccc1,CHEMBL3740247,False,5.04,,1
KSESIAIRSPHRBJ-UHFFFAOYSA-N,CN(C)CCCn1ccc2cc3c(Nc4cccc(Br)c4)ncnc3cc21,CHEMBL287289,False,6.64,,1
SZOXQULADAMXOQ-UHFFFAOYSA-N,Brc1cccc(Nc2ncnc3cc4c(ccn4CCN4CCOCC4)cc23)c1,CHEMBL40130,False,7.8,,1
ADTHOQASRLCLRF-UHFFFAOYSA-N,COc1cc2ncc(C#N)c(Nc3cccc(NC(C)=O)c3)c2cc1OC,CHEMBL324399,False,4.16,,1
OVEWETLZYFXEOB-UHFFFAOYSA-N,Cc1ccc(C(=O)Nc2ccc(CN3CCN(C)CC3)c(C(F)(F)F)c2)cc1NC(=O)c1cnc(N(C)C)nc1,CHEMBL3234751,False,5.26,,1
HCVNIUYGKPAXGI-KKBDGGKNSA-N,CN(C)[C@H]1CCN(Cc2ccc(C(=O)N[C@@H]3[C@H]4Oc5ccc(Oc6ccnc7c6CCC(=O)N7)cc5[C@@H]34)cc2C(F)(F)F)C1,CHEMBL5816591,False,9.52,0.41569219381653005,3
HCVNIUYGKPAXGI-FDHJMSBKSA-N,CN(C)[C@@H]1CCN(Cc2ccc(C(=O)N[C@@H]3[C@H]4Oc5ccc(Oc6ccnc7c6CCC(=O)N7)cc5[C@@H]34)cc2C(F)(F)F)C1,CHEMBL6032856,False,8.8,0.33080709383768264,3
SSQNYDRMXIRNEQ-KCHLEUMXSA-N,CN1CCN(Cc2ccc(C(=O)N[C@@H]3[C@H]4Oc5ccc(Oc6ccnc7c6CCC(=O)N7)cc5[C@@H]34)cc2)CC1,CHEMBL5809744,False,8.89,0.7791234390860886,3
RWPGVTRJOVHHSX-BRJLIKDPSA-N,Cc1ccc(Oc2nc3ccccc3cc2/C=N/NC(=O)Cn2c([N+](=O)[O-])cnc2C)cc1,CHEMBL3234865,False,4.88,0.3394112549695431,2
MMVHSHRJRCXWFX-UHFFFAOYSA-N,CC(=NO)c1ccc(NC(=O)c2cc(-c3ccc(S(C)(=O)=O)cc3)nc3ccccc23)cc1,CHEMBL5569987,False,6.98,,1
LRDXVFUDWHNKCJ-UHFFFAOYSA-N,CCCCOC(=O)Nc1ccc(Nc2ncnc3cc(OC)c(OC)cc23)cc1,CHEMBL3221551,False,6.1,,1
XKVWMAQCLBUICD-UHFFFAOYSA-N,CCCOC(=O)Nc1ccc(Nc2ncnc3cc(OC)c(OC)cc23)cc1Cl,CHEMBL3221258,False,6.0,,1
URGNZKFHZDNLHH-XSFVSMFZSA-N,COc1cc(N2CCN(C)CC2)ccc1Nc1ncc(Cl)c(Oc2cccc(NC(=O)/C(C#N)=C/C3CC3)c2)n1,CHEMBL3425664,True,5.14,,1
ARXCHXXAOGDWND-UHFFFAOYSA-N,C#Cc1cccc(Nc2ncnc3cc(OCCOC(=O)C=C4C(C)=C(Cc5ccc([S+](C)[O-])cc5)c5ccc(F)cc54)c(OCCOC(=O)C=C4C(C)=C(Cc5ccc([S+](C)[O-])cc5)c5ccc(F)cc54)cc23)c1,CHEMBL3739527,False,7.57,,1
GFKMHAHEMAPTIP-UHFFFAOYSA-N,O=C(Nc1cc2c(Nc3ccc(OCc4cccc(F)c4)c(Cl)c3)ncnc2cc1OCCCN1CCOCC1)c1cc([N+](=O)[O-])ccc1F,CHEMBL4749765,False,7.55,,1
SBYZQAAHHFBJRH-UHFFFAOYSA-N,O=C(Nc1cc2c(Nc3ccc(OCc4ccccn4)c(Cl)c3)ncnc2cc1OCCCN1CCOCC1)c1cc([N+](=O)[O-])ccc1F,CHEMBL4747893,False,7.41,,1
KESYYPPAVUQGCO-UHFFFAOYSA-N,Cc1ccc(Oc2ccc(Nc3ncnc4cc(OCCCN5CCOCC5)c(NC(=O)c5cc([N+](=O)[O-])ccc5F)cc34)cc2Cl)cn1,CHEMBL4756049,False,6.41,,1
GBVQKTBBELXOAA-UHFFFAOYSA-N,N#Cc1ccc(Nc2ncnc3cc(OCCCN4CCOCC4)c(NC(=O)c4cc([N+](=O)[O-])ccc4F)cc23)cc1Cl,CHEMBL4784185,False,5.62,,1
RSYNVWOXMCQPCU-UHFFFAOYSA-N,O=C(Nc1cc2c(Nc3ccc(F)cc3)ncnc2cc1OCCCN1CCOCC1)c1cc([N+](=O)[O-])ccc1F,CHEMBL4763697,False,6.14,,1
QHDBOFMYDGIUQC-UHFFFAOYSA-N,O=C(Nc1cc2c(Nc3ccc(F)c(Cl)c3)ncnc2cc1OCCCN1CCOCC1)c1cccc([N+](=O)[O-])c1,CHEMBL4759414,False,7.29,,1
WXUOMYZUSKPSJL-UHFFFAOYSA-N,C=CC(=O)Nc1cccc(-n2c(=O)c(-c3ccccc3Cl)nc3cnc(Nc4ccc(OCCOC)cc4)nc32)c1,CHEMBL5075594,True,7.96,,1
VRANZECSVKDQPO-UHFFFAOYSA-N,COc1cc(N2CCC(N(C)C)CC2)c(-c2cnn(C)c2)cc1Nc1ncc(Cl)c(Nc2ccccc2P(C)(C)=O)n1,CHEMBL5086066,False,8.77,,1
XIVMLVCBASNGOD-UHFFFAOYSA-N,Cn1nccc1-c1cc2c(Nc3ccc(OCc4ccccc4)cc3)ncnc2[nH]1,CHEMBL5632436,False,4.0,,1
HBSYDVIQZRPYNU-ISMKCZDJSA-N,CC(=O)OC[C@@]1(C)[C@@H]2CC[C@]3(C)[C@H](CC=C4[C@@H]5CC(C)(C)CC[C@]5(C(=O)OCCCCO[N+](=O)[O-])CC[C@]43C)[C@@]2(C)CC[C@@H]1OC(C)=O,CHEMBL4588786,False,7.22,,1
YLLTWXHBMGFCTJ-UHFFFAOYSA-N,CCS(=O)(=O)n1cc(-c2nc(Nc3ccc4c(cnn4CCN(C)C)c3)ncc2Cl)c2ccccc21,CHEMBL5420774,False,5.65,,1
WTHTTXQTRIQSJM-UHFFFAOYSA-N,C=CC(=O)Nc1cccc(-c2c(-c3ccc(N4CCOCC4)cc3)oc3ncnc(NC4CCCC4)c23)c1,CHEMBL5428368,True,7.15,,1
CMLZWOZIYPTVCH-UHFFFAOYSA-N,CN1CCCN(c2ccc(Nc3ncc(Br)c(Nc4ccccc4NS(=O)(=O)C4CC4)n3)cc2)CC1,CHEMBL5590430,False,8.18,1.4566399692442888,2
INEWZJSVSGODPN-UHFFFAOYSA-N,CCOc1cc2ncc(C#N)c(Nc3ccc(F)c(Cl)c3)c2cc1NC(=O)CC(CCSCc1ccccc1)SCc1ccccc1,CHEMBL5900269,False,5.26,,1
IWKOLMIPDOEQSK-UHFFFAOYSA-N,CCOC(=O)CCCC(=O)Nc1cc(Nc2cccc(Cl)c2)ncn1,CHEMBL4283061,False,7.57,,1
UZTXHEWMOHGSCD-LJQANCHMSA-N,C=CC(=O)N1CC[C@@H](n2nc(-c3ccc(Oc4ccccc4)cc3)c3cnccc32)C1,CHEMBL5789996,True,6.26,,1
XREPJMDICXWHAN-YFDWJFFGSA-N,CCOC(=O)/C=C/C(=O)Nc1cccc(-c2c(-c3ccccc3)oc3ncnc(N[C@H](CO)c4ccccc4)c23)c1,CHEMBL4446953,True,7.1,,1
HIZHWRGKJUVCIA-LJQANCHMSA-N,C=CC(=O)Nc1cccc(-c2coc3ncnc(N[C@H](CO)c4ccccc4)c23)c1,CHEMBL4441440,True,6.8,,1
ZHOQUFGTKOHQBB-UHFFFAOYSA-N,CN(Cc1ccccc1)c1ncnc2[nH]c(-c3ccc(CO)c(F)c3)cc12,CHEMBL5418474,False,7.33,,1
QXSDNFDJBVZWQV-UHFFFAOYSA-N,CN(Cc1ccccc1)c1ncnc2[nH]c(-c3ccc(F)c(CO)c3)cc12,CHEMBL5432592,False,7.28,,1
MILBIPKHYWBIPY-JOCHJYFZSA-N,C=CC(=O)Nc1cc(Nc2ncc(C(=O)OC(C)C)c(-c3cn(C)c4ccccc34)n2)c(OC)cc1N(C)C[C@H]1CCCN1C,CHEMBL5290929,True,7.37,,1
VWIVCSDSUXLBBD-UHFFFAOYSA-N,Brc1cccc(Nc2ncnc3ccc4c(c23)OCCN4)c1,CHEMBL5287505,False,6.92,,1
VKFWUJMFXDWKJK-UHFFFAOYSA-N,CCNc1cc(Nc2cccc(Cl)c2)ncn1,CHEMBL4286871,False,6.77,,1
VSADFXZBXNTHOQ-IYARVYRRSA-N,Cn1cc(-c2cc(C(=O)Nc3nc4ccccc4n3[C@H]3CC[C@H](O)CC3)ccn2)cn1,CHEMBL5195167,False,6.895,1.2042203563578666,6
HCBULGQMULJTCM-UHFFFAOYSA-N,O=C1C(=Cc2ccc(O)c(O)c2)Oc2ccccc21,CHEMBL3361128,False,4.0,,1
RHTSOOOZJCGDLW-VGSWGCGISA-N,CNc1ncc(C(C)C)c2cc(Nc3ccnc(N4CC[C@@H](O)[C@@](C)(F)C4)n3)ncc12,CHEMBL5185287,False,4.8149999999999995,0.2616295090390223,2
LHRIOONCESTBQE-UHFFFAOYSA-N,COc1cc2c(Nc3ccc(F)c(Cl)c3)ncnc2cc1OCCCn1ccnc1[N+](=O)[O-],CHEMBL3360602,False,9.11,,1
NSFLGLQMAVHDHV-UHFFFAOYSA-N,COc1cc2ncnc(Nc3ccc(F)c(Cl)c3)c2cc1OCCCN1CC2(CSC2)C1,CHEMBL2425094,False,7.32,,1
ODSNORFBXNJCKF-UHFFFAOYSA-N,COc1cc2ncnc(Nc3ccc(F)c(Cl)c3)c2cc1OCCN1CC(O)C1,CHEMBL2425090,False,7.58,,1
YXQNVWQALXLRKA-UHFFFAOYSA-N,COc1cc2ncnc(Nc3ccc(F)c(Cl)c3)c2cc1OCCCN1CCC2(COC2)C1,CHEMBL2425086,False,7.82,,1
QORKHYDTJJDLQZ-UHFFFAOYSA-N,C=CC(=O)Nc1cc2c(Nc3ccc(OCc4cccc(F)c4)c(Cl)c3)ncnc2cc1OCCOC,CHEMBL3621220,True,6.99,,1
CMJJSVIOGHESIX-ILHLOOHCSA-N,CN(C)C/C=C/C(=O)Nc1cc2c(Nc3ccc(OCc4cccc(F)c4)c(Cl)c3)ncnc2cc1O[C@H]1CCOC1,CHEMBL3622641,True,6.29,,1
TUBAGDFAVXKNDZ-UHFFFAOYSA-N,CCOC(=O)C(C=Nc1ccc2ncnc(Nc3ccc(OCc4cccc(F)c4)c(Cl)c3)c2c1)C(=O)OCC,CHEMBL3633936,False,6.09,,1
XTOSJDBUWRFEGO-UHFFFAOYSA-N,COc1cc(N2CCNC2=O)ccc1Nc1ncc(Cl)c(Nc2ccccc2S(=O)(=O)C(C)C)n1,CHEMBL4465558,False,6.12,,1
AYKHNPBZSPHOJF-UHFFFAOYSA-N,CCCCOc1cc2c(Nc3ccc(NC(=O)OCC)c(Cl)c3)ncnc2cc1OCCN(CC)CC,CHEMBL3221548,False,5.01,,1
HHTCQPURTHSGTL-NSCUHMNNSA-N,CC1CCN(C/C=C/C(=O)N2CCOc3cc4ncnc(Nc5ccc(F)c(Cl)c5)c4cc32)CC1,CHEMBL4468924,True,7.8500000000000005,0.636396103067893,2
ISQFLEUXHWNACR-INIZCTEOSA-N,O=C(Nc1cc2c(Nc3ccc(F)c(Cl)c3)ncnc2cc1O[C@H]1CCOC1)N1CCC(F)CC1,CHEMBL3092297,False,6.16,,1
QQFYEVBPQHZGQK-UHFFFAOYSA-N,COc1ccc(-c2cc3c(NCc4ccccc4)ncnc3o2)cc1,CHEMBL3939429,False,7.13,,1
IXWNBJIHUPTSDI-LJQANCHMSA-N,C[C@@H](Nc1ncnc2oc(-c3ccc(NCCN4CCOCC4)cc3)cc12)c1ccccc1,CHEMBL3960853,False,8.96,,1
GREQUBMKQXGAHX-UHFFFAOYSA-N,COc1ccc(C2N=C(C(N)=O)c3ncn(-c4ccc(N5CCN(C)CC5)c([N+](=O)[O-])c4)c3N2)cc1OC,CHEMBL4750343,False,6.63,,1
JZOZYQWUEDKSAF-CYBMUJFWSA-N,C[C@@H](Nc1ncnc2sc(-c3cccc(C(N)=O)c3)cc12)c1ccccc1,CHEMBL3758939,False,8.3,,1
AIVRNQLIHRYIBB-UHFFFAOYSA-N,C#Cc1cccc(Nc2ncnc3cc(OC(C)COC)c4c(c23)OCCO4)c1,CHEMBL3805584,False,6.33,,1
NGGPOIUATFTCNX-UHFFFAOYSA-N,Cc1ccc(Nc2ncnc3cc(OC(C)C)c4c(c23)OCCO4)cc1[N+](=O)[O-],CHEMBL3805089,False,6.73,,1
XNPBVLWYKQZCCY-UHFFFAOYSA-N,COCCOc1cc2ncnc(Nc3ccc(F)c([N+](=O)[O-])c3)c2c2c1OCCO2,CHEMBL3805333,False,7.36,,1
BAZHYSJCJCDBSD-UHFFFAOYSA-N,COc1cc2ncnc(Nc3cccc(C(F)(F)F)c3)c2cc1OCCCCC(=O)Nc1ccc(S(N)(=O)=O)cc1,CHEMBL4853833,False,7.57,,1
LFSVOMOBKPCKHF-UHFFFAOYSA-N,COc1ccc(OC)c(Nc2cc(Nc3ccc(F)cc3)ncn2)c1,CHEMBL4280395,False,6.47,,1
OXHJNHRDXOTSPG-VLRJHWBUSA-N,CC(C)=CC[C@@H](OC(=O)/C=C\C(=O)c1ccc(C)cc1Cl)C1=CC(=O)c2c(O)ccc(O)c2C1=O,CHEMBL4514393,False,6.98,,1
YUUPXKUOAUWSFU-UHFFFAOYSA-N,Cc1[nH]c(-c2ccccc2)c(-c2ccccc2)c1-c1ccc(NC(=O)c2ccccc2)c(=O)o1,CHEMBL3740003,False,5.54,,1
OEWRUEYWJQIYPD-UHFFFAOYSA-N,O=C1COc2cc3ncnc(Nc4cccc(Cl)c4)c3cc2N1CCCN1CCOCC1,CHEMBL3774947,False,7.2,,1
BSWXXONITYIPBH-UHFFFAOYSA-N,COc1ccc(C(Nc2ccc([N+](=O)[O-])cc2)n2c(=O)ccc3cc(O)ccc32)cc1,CHEMBL4868965,False,5.87,,1
FHXTXHDRGUEYSH-UHFFFAOYSA-N,Fc1cccc(Cn2ncc3cc(Nc4ncnn5ccc(COC6CCNCC6)c45)ccc32)c1,CHEMBL245869,False,7.14,,1
MRDZXMOZCRVRBY-UHFFFAOYSA-N,NCCCCOCc1ccn2ncnc(Nc3ccc4c(cnn4Cc4cccc(F)c4)c3)c12,CHEMBL245867,False,6.8,,1
AYUJWVQYAUDNQZ-UHFFFAOYSA-N,COC(=O)COCc1ccn2ncnc(Nc3ccc4c(cnn4Cc4cccc(F)c4)c3)c12,CHEMBL246491,False,6.34,,1
CJHNARCORXPMOD-DVECYGJZSA-N,C[C@H](c1ccccc1)n1ncc2cc(Nc3ncnn4ccc(COC[C@@H]5CNCCO5)c34)ccc21,CHEMBL394495,False,6.92,,1
TXZRYLZHQIMGPZ-UHFFFAOYSA-N,NNC(=O)c1csc2nc(CN3CCOCC3)c(-c3ccc(Br)cc3)n12,CHEMBL5204650,False,6.38,,1
VLGINRULKJGCAY-UHFFFAOYSA-N,COc1cc2ncnc(Nc3ccc(F)c(Cl)c3)c2cc1OCCCN1CC[Se]CC1,CHEMBL4858176,False,4.6,,1
LWZHQZHKOWYTJH-UHFFFAOYSA-N,C=CC(=O)Nc1cccc(Oc2nc(Nc3ccc(N4CCN(C)CC4)c(N)c3)nc3[nH]ccc23)c1,CHEMBL4847264,True,7.66,,1
ZJDFSJYCAFMEGH-UHFFFAOYSA-N,COc1cc(Nc2c(C#N)cnc3cc(C#CCCN4CCN(C)CC4)c(OC)cc23)c(Cl)cc1Cl,CHEMBL391738,False,6.14,,1
RAGDBHLFUMJKOB-UHFFFAOYSA-N,Fc1c(Nc2ncnc3cc4c(cc23)OCCO4)ccc(Cl)c1Cl,CHEMBL4744207,False,7.515,0.12020815280171303,2
NVCSIFNUNPPUFH-UHFFFAOYSA-N,Fc1ccc(Br)c(F)c1Nc1ncnc2cc3c(cc12)OCCO3,CHEMBL4786961,False,7.9,0.1414213562373093,2
WGNQPAWFLWLKBL-UHFFFAOYSA-N,Nc1ncnc2c1c(-c1ccccc1)cn2-c1ccc(CNCCO)cc1,CHEMBL173453,False,5.85,,1
VQMLDWHHSUYPIJ-UHFFFAOYSA-N,C=CC(=O)Nc1cccc(Oc2nc(Nc3ccc(N4CCN(CC(=O)NCCCOc5no[n+]([O-])c5S(=O)(=O)c5ccccc5)CC4)cc3OC)ncc2Cl)c1,CHEMBL2381515,True,7.23,,1
NECNOKMWRWJOGB-UHFFFAOYSA-N,CN1CCN(Cc2ccc(C(=O)NC3C4Oc5ccc(Oc6ccnc7c6CCC(=O)N7)cc5C34)cc2C(F)(F)F)CC1,CHEMBL5857682,False,9.33,0.44305755833751487,3
RMBAGGGRKNUXIE-FKBYEOEOSA-N,CCCCCC(=O)N[C@@H]1[C@H]2Oc3ccc(Oc4ccnc5c4CCC(=O)N5)cc3[C@@H]12,CHEMBL6059204,False,6.42,0.4508140784551138,3
GUWCFQQMBRWJAT-BIENSFFJSA-N,CCN(C)C/C=C/C(=O)N1CCC[C@@H](n2nc(C(=O)Nc3nc4cc(Cl)ccc4o3)c3c(N)ncnc32)C1,CHEMBL5871700,True,6.8,,1
ONUKEVKZBUDRTK-QQOXCAACSA-N,CC(C)N(C)C/C=C/C(=O)N1CCC[C@@H](n2nc(C(=O)Nc3nc4cc(Cl)ccc4o3)c3c(N)ncnc32)C1,CHEMBL6039337,True,6.92,,1
ZWNMXIMNCMHVRJ-NHZBNJEXSA-N,CN(C)C/C=C/C(=O)N1CC[C@@H](n2cc(C(=O)Nc3nc4cc(Cl)ccc4o3)c3c(N)ncnc32)C1,CHEMBL5759102,True,7.61,,1
ZSQXDUJXJCOVQV-FUTAKVPZSA-N,CCN(CC)C/C=C/C(=O)N1CC[C@@H](n2cc(C(=O)Nc3nc4cc(Cl)ccc4o3)c3c(N)ncnc32)C1,CHEMBL5824219,True,7.51,,1
NTISBMCNVWOXOY-HWWNHIDJSA-N,CCN(C)C/C=C/C(=O)N1CC[C@@H](n2cc(C(=O)Nc3nc4cc(-c5ccccc5)ccc4o3)c3c(N)ncnc32)C1,CHEMBL6016956,True,7.71,,1
AKARSCXFYHOZHR-UHFFFAOYSA-N,C=CC(=O)N1CC(n2nc(C(=O)Nc3nc4cc(F)ccc4o3)c3c(N)ncnc32)C1,CHEMBL5949598,True,7.69,,1
QAPZEXCQOSDZQS-UHFFFAOYSA-N,S=C(NNc1ccccc1)Nc1ccc2c(c1)OCO2,CHEMBL4776925,False,5.08,,1
IQKGAJGOXQYVRX-FKBYEOEOSA-N,O=C1CCc2c(Oc3ccc4c(c3)[C@H]3[C@H](NC(=O)c5ccccc5C(F)(F)F)[C@H]3O4)ccnc2N1,CHEMBL5770880,False,6.905,0.41719300090006295,2
OYALDUUQXBVIAL-SDHOMARFSA-N,N#CC1(c2cccc(C(=O)N[C@@H]3[C@H]4Oc5ccc(Oc6ccnc7c6CCC(=O)N7)cc5[C@@H]34)c2)CC1,CHEMBL6031887,False,7.07,0.40360872141221166,3
XGGPNQWFYUZWNO-UHFFFAOYSA-N,CC(Oc1cccc2ncnc(Nc3ccc4c(cnn4Cc4ccccn4)c3)c12)C(=O)N(C)C,CHEMBL402011,False,6.75,,1
MHEXUWRGFSBKJC-MRXNPFEDSA-N,CC(C)Oc1ccccc1-c1cc2c(N[C@H](C)c3ccccc3)ncnc2[nH]1,CHEMBL4746770,False,9.22,,1
HQUQNUBTPJPQOX-RUZDIDTESA-N,COc1cc(CNCCN2CCOCC2)ccc1-c1cc2c(N[C@H](CO)c3ccccc3)ncnc2[nH]1,CHEMBL4787951,False,10.0,,1
HQPVBMYTCAHJPA-XMMPIXPASA-N,COc1cc(CN(C)CCN(C)C)ccc1-c1cc2c(N[C@H](CO)c3ccccc3)ncnc2[nH]1,CHEMBL4784258,False,10.0,,1
NANVERUYQSCCQA-UHFFFAOYSA-N,CCOC(=O)CCCn1c(=O)oc2cc3ncnc(Nc4ccc(F)c(Cl)c4)c3cc21,CHEMBL3612574,False,5.11,,1
SEUCLHIHSBSHOP-UHFFFAOYSA-N,CCOC(=O)CCCn1c(=O)oc2cc3ncnc(Nc4ccc(Cl)cc4)c3cc21,CHEMBL3612578,False,5.92,,1
DWONHRHKVDPIOX-UHFFFAOYSA-N,NCCc1cn(CCCCCc2ccccc2)c2ccc(OCCc3ccc(O)cc3)cc12,CHEMBL1098119,False,5.79,,1
UYLKDXCVDGAJSB-NRFANRHFSA-N,Clc1cc(Nc2ncnc3ccc(N=C4NC[C@@H](COc5ccccc5)O4)cc23)ccc1OCc1nccs1,CHEMBL3397276,False,6.02,,1
GZYMSFBPJKRTBZ-RMKNXTFCSA-N,C#Cc1cccc(Nc2ncnc3cc(OCC)c(NC(=O)/C=C/CNC4CC4)cc23)c1,CHEMBL3622678,True,8.38,,1
DSXOBDJKBFVEOH-KXOMFBTKSA-N,C#Cc1cccc(Nc2ncnc3cc(O[C@H]4CCOC4)c(NC(=O)/C=C/CN4CCCCC4)cc23)c1,CHEMBL3622671,True,8.28,,1
XOLQJGVNGIZVGW-ZGBFETHSSA-N,C#Cc1cccc(Nc2ncnc3cc(O[C@H]4CCOC4)c(NC(=O)/C=C/CN(C)C)cc23)c1,CHEMBL3622645,True,8.08,1.1879393923933996,2
HOXZIBBLGAMPOL-COIATFDQSA-N,CN(C)C/C=C/C(=O)Nc1cc2c(Nc3ccc(OCc4ccccn4)cc3)ncnc2cc1O[C@H]1CCOC1,CHEMBL3622644,True,8.05,,1
VVKXLYRWCQIRQM-SSDOTTSWSA-N,C[C@@H](Nc1ncnc2sc(Br)cc12)c1cccs1,CHEMBL3416620,False,6.38,,1
LDQRYJQKJHOYIO-LLVKDONJSA-N,OC[C@@H](Nc1ncnc2sc(Br)cc12)c1ccccc1,CHEMBL3416603,False,7.44,,1
ULUUNYJTTJIXHY-UHFFFAOYSA-N,NC(=O)C1CCN(Cc2ccc(-c3cc4nccc(Nc5ccc6[nH]ccc6c5)c4s3)cc2)CC1,CHEMBL431977,False,9.0,,1
KBYGMGGIWSKGHB-UHFFFAOYSA-N,CN(C)CCCOc1cc2ncnc(Nc3ccc(F)c(Cl)c3)c2cc1NC(=O)c1cc([N+](=O)[O-])ccc1F,CHEMBL4745521,False,8.04,,1
UPRMDTQPHNTARK-UHFFFAOYSA-N,COc1cc2ncnc(Nc3ccc(F)c(Cl)c3)c2cc1NC(=O)c1cc([N+](=O)[O-])ccc1F,CHEMBL4743173,False,7.17,,1
YSFNMIUPKATENT-UHFFFAOYSA-N,O=C(Nc1cc2c(Nc3ccc(F)c(Cl)c3)ncnc2cc1OCCCN1CCOCC1)c1cccc([N+](=O)[O-])c1Cl,CHEMBL4743566,False,7.85,,1
SQKBBDOFPPNVCL-UHFFFAOYSA-N,CN1CCC(NC(=O)c2cnc(Nc3cc(Cl)cc(Cl)c3)nc2NC2CCC(N(C)C)CC2)CC1,CHEMBL2312649,False,4.52,,1
YXACXIGVXNTPOC-UHFFFAOYSA-N,C=CC(=O)Nc1ccc(Oc2nc(Nc3cc(C)[nH]n3)cc(N3CCN(C)CC3)n2)cc1,CHEMBL3604922,True,5.51,,1
NYYMSVYTUYTODA-UHFFFAOYSA-N,C=CC(=O)Nc1cc2c(Nc3ccc(F)c(Cl)c3)ncnc2cc1OCc1cn(CCCC(O)=NO)nn1,CHEMBL4759072,True,9.46,,1
OKHDBWUWJJHQTM-JOCHJYFZSA-N,NC(=O)c1ncc(N2CCC[C@@H](NC=O)C2)nc1Nc1ccc(C2CCN(C3CCCC3)CC2)cc1,CHEMBL5949435,False,6.26,,1
PIKQXZXKAHGTFO-CYBMUJFWSA-N,C[C@@H](Nc1ncnc2[nH]c(-c3ccncc3)cc12)c1ccccc1,CHEMBL4741922,False,9.22,,1
YFGGUYSYFOYOHB-CYBMUJFWSA-N,C[C@@H](Nc1ncnc2[nH]c(-c3ccccc3OC(F)F)cc12)c1ccccc1,CHEMBL4746697,False,9.1,,1
MWYDZOGYPFSWHW-CQSZACIVSA-N,COc1cccc(OC)c1-c1cc2c(N[C@H](C)c3ccccc3)ncnc2[nH]1,CHEMBL4170121,False,9.22,,1
XGOCGWIKFJGMTM-LJQANCHMSA-N,CCOc1ccccc1-c1cc2c(N[C@H](CO)c3ccccc3)ncnc2[nH]1,CHEMBL4776396,False,9.7,,1
WVJGGLDVWCTZNK-LJQANCHMSA-N,NC(=O)Cc1cccc(-c2cc3c(N[C@H](CO)c4ccccc4)ncnc3[nH]2)c1,CHEMBL4759127,False,9.15,,1
XMMWPUPIEDYCMF-LJQANCHMSA-N,OCc1cc(-c2cc3c(N[C@H](CO)c4ccccc4)ncnc3[nH]2)ccc1F,CHEMBL4748149,False,8.8,,1
XVYFFLKPJMPMPH-UHFFFAOYSA-N,[O-][S+]1CCN(Cc2ccc(-c3cc4c(Nc5ccc(OCc6cccc(F)c6)cc5)ncnc4cn3)o2)CC1,CHEMBL3409483,False,7.64,,1
ZNGUGRPPJGPZKE-HXUWFJFHSA-N,CCOc1ccc(C(=O)N[C@@H]2CCCN(c3nnc(C(N)=O)c(Nc4ccc(C(=N)N(C)C)cc4)n3)C2)cc1,CHEMBL5968385,False,5.26,,1
PNPLCESPECXCFO-IDOMTICXSA-N,CC(C)NC/C=C/C(=O)Nc1cc2c(Nc3ccc(F)c(Cl)c3)ncnc2cc1O[C@H]1CCOC1,CHEMBL3622670,True,8.15,,1
WOHPNZFTBWWWBX-UHFFFAOYSA-N,Cc1cccc(CN(C)c2ncnc3[nH]c(-c4ccc(CO)cc4)cc23)n1,CHEMBL5428404,False,7.11,,1
IQKPWLCHWJCSLF-UHFFFAOYSA-N,Cc1cccc(CN(C)c2ncnc3[nH]c(-c4cccnc4)cc23)c1,CHEMBL5436321,False,6.38,,1
YLKGOUUWGODSMW-CJLVFECKSA-N,COc1cc(N2CCN(C)CC2)ccc1Nc1ncc(Cl)c(Oc2cccc(NC(=O)/C(C#N)=C/c3ccc(F)cc3)c2)n1,CHEMBL3425655,True,5.16,,1
WLKMXZAOYIRUBM-UHFFFAOYSA-N,O=C(Nc1cccc(Br)c1)Nc1ccc(Oc2ncnc3sc4c(c23)CCCC4)cc1Cl,CHEMBL3628907,False,5.9,,1
RXVARTZYPOQZBI-UHFFFAOYSA-N,Cc1cc(C)nc(NS(=O)(=O)c2ccc(Nc3nncc4ccccc34)cc2)n1,CHEMBL3950630,False,8.17,,1
NZFSEFXZZPPHMO-UHFFFAOYSA-N,COc1ccc(-c2c3c4cc(OC)c(O)cc4[nH]c(=O)c3n3ccc4cc(O)c(OC)cc4c23)cc1O,CHEMBL4741925,False,6.51,,1
UYSMPOTUUGPRIT-UHFFFAOYSA-N,COc1ccc(-c2c3c4cc(OCCCN(C)C)c(OCCCN(C)C)cc4[nH]c(=O)c3n3ccc4cc(O)c(OC)cc4c23)cc1O,CHEMBL4791596,False,8.34,,1
ZYLWPLCMORTKOJ-UHFFFAOYSA-N,C=C(F)C(=O)Nc1cc2c(Nc3ccc(Oc4cc5nncn5cn4)c(C)c3)ncnc2cc1OCC,CHEMBL5183924,True,8.02,,1
BHCMEUKLYVNHBF-UHFFFAOYSA-N,COc1cc2c(Nc3cccc(Br)c3)ncnc2cc1OCCCCCn1ccnc1[N+](=O)[O-],CHEMBL3360619,False,9.48,,1
JKIVVKXQGRWKDP-NSCUHMNNSA-N,CN1CCN(C/C=C/C(=O)N2CCOc3cc4ncnc(Nc5ccc(F)c(Cl)c5)c4cc32)CC1,CHEMBL4549542,True,7.565,0.6858935777509516,2
AUFGYBGCZSKDIE-CQSZACIVSA-N,COc1cccc(-c2cc3c(N[C@H](C)c4ccccc4)ncnc3o2)c1,CHEMBL3946396,False,8.15,,1
YYNURGNEOVXFOP-UHFFFAOYSA-N,COCCOc1cc2ncnc(Nc3ccc(NC(=O)C45CC6CC(CC(C6)C4)C5)c(C#N)c3)c2cc1OCCOC,CHEMBL3763796,False,8.3,,1
PPURPCBFUCBUMT-UHFFFAOYSA-N,COc1cc2ncnc(Nc3cccc(NC(=O)C45CC6CC(CC(C6)C4)C5)c3)c2cc1OCCCN1CCOCC1,CHEMBL3765789,False,8.51,,1
ILELYGJULOBWTL-UHFFFAOYSA-N,COc1cc2ncnc(Nc3ccc(C(=O)NC45CC6CC(CC(C6)C4)C5)c(C#N)c3)c2cc1OCCCN1CCOCC1,CHEMBL3765425,False,8.33,,1
SFSSJAHDZCXDRO-UHFFFAOYSA-N,C=CC(=O)Nc1cc2c(Nc3ccc(Br)cc3F)ncnc2cc1OCC1CCN(C(=O)NC(C)(C)C)CC1,CHEMBL3671485,True,7.85,0.0,2
CRPONWBREIIKIJ-UHFFFAOYSA-N,C=CC(=O)Nc1cc2c(Nc3ccc(Br)cc3F)ncnc2cc1OCCNC(=O)C(F)(F)F,CHEMBL3671501,True,7.64,0.0,2
PFRACGZLZAHSRL-UHFFFAOYSA-N,C=CC(=O)Nc1cc2c(Nc3ccc(Br)cc3F)ncnc2cc1OCCNC(=O)NCCC,CHEMBL3671507,True,7.58,0.0,2
YJTSMQVXARPZGP-UHFFFAOYSA-N,C=CC(=O)Nc1cc2c(Nc3ccc(Br)cc3F)ncnc2cc1OCCNC(=O)CCN(CC)CC,CHEMBL3671531,True,7.36,0.0,2
XMXFPUFSKWPYBL-UHFFFAOYSA-N,C=CC(=O)Nc1cc2c(Nc3ccc(Br)cc3F)ncnc2cc1OCCNC(=O)N1CCN(C(C)=O)CC1,CHEMBL3671565,True,7.12,0.0,2
CDHBSEDIQQVANJ-WAUBUAMCSA-N,C/C=C/C(=O)Nc1cc2c(N3CCc4ccccc43)ncnc2cc1O[C@@H]1CCOC1,CHEMBL4165267,True,7.54,,1
XKXINPMYQQDNNE-QPJJXVBHSA-N,COc1cc2ncnc(N3CCc4ccccc43)c2cc1NC(=O)/C=C/CN1CCC(CO)CC1,CHEMBL4172718,True,8.4,,1
LIMFPAAAIVQRRD-BCGVJQADSA-N,CO[C@@H]1CCN(c2nccc(Nc3cc4c(C(C)C)ccc(N5C[C@H](CS(C)(=O)=O)[C@H]5C)c4cn3)n2)C[C@@H]1F,CHEMBL5095169,False,6.17,0.051961524227066104,3
AJLOXRITXPRKIC-UHFFFAOYSA-N,COc1cc2c(Nc3ccc(C#N)cc3)ncnc2cc1OCCCN1CCC(c2ccccc2)CC1,CHEMBL4168235,False,8.44,,1
NPLZGCKBBUBACR-UHFFFAOYSA-N,ClCCNc1ccc2ncnc(Nc3cccc(Br)c3)c2c1,CHEMBL181617,False,8.0,,1
VPSPBDWFZHKYBM-UHFFFAOYSA-N,O=C(Cc1ccccc1)Nc1cccc(-c2nc3n(c2-c2ccnc(Nc4ccc(N5CCOCC5)cc4)n2)CCS3)c1,CHEMBL5182231,False,7.45,,1
MTXGVGJDJNQPCL-UHFFFAOYSA-N,C=CC(=O)Nc1cccc(Oc2nc(Nc3ccc(N4CCCN(C(C)=O)CC4)cc3OC)ncc2SC)c1,CHEMBL3799864,True,6.41,,1
XJCBAYFIITUVDS-UHFFFAOYSA-N,C=CC(=O)Nc1cccc(Oc2nc(Nc3ccc(N4CCN(C(=O)C(C)(C)C)CC4)cc3OC)ncc2SC)c1,CHEMBL3799138,True,6.39,,1
YVUUPGPELJCKGO-UHFFFAOYSA-N,CC(O)c1cccc(NC(=O)c2cc3ccccc3[nH]2)c1,CHEMBL3800448,False,4.47,,1
YHPXMHDIUBYUFT-UHFFFAOYSA-N,O=C(Nc1ccc(C(O)c2ccccc2)cc1)c1cc2ccccc2[nH]1,CHEMBL3799332,False,4.42,,1
RPXILCAORZPTRI-UHFFFAOYSA-N,COc1ccc(-c2ccc(OC(F)(F)F)c(NC(=O)Nc3ccncc3)c2)cn1,CHEMBL3753623,False,6.99,,1
KNHKFZXMTYARSM-UHFFFAOYSA-N,COc1cc(NC(=O)Nc2nccs2)cc(-c2cccnc2)c1OC,CHEMBL3754709,False,6.5,,1
XODLISJMYZQRRX-UHFFFAOYSA-N,C#Cc1cccc(Nc2ncnc3cc(OCC)c4c(c23)OCCO4)c1,CHEMBL3805039,False,8.04,,1
SNGCEWRXFPWQJY-UHFFFAOYSA-N,Nc1ccc2ncnc(Nc3ccc4[nH]cc(Br)c4c3)c2c1,CHEMBL5208907,False,9.13,0.0,2
CWFVSHJUGHKLMO-UHFFFAOYSA-N,C=CC(=O)Nc1ccc2ncnc(Nc3ccc4c(ccn4Cc4cccc(F)c4)c3)c2c1,CHEMBL5204535,True,8.96,,1
IXOZQNKWHMMWAA-UHFFFAOYSA-N,CCS(=O)(=O)n1cc(-c2nc(Nc3cc(Cl)c(N4CCC(N5CCN(C)CC5)CC4)cc3C)ncc2Cl)c2ccccc21,CHEMBL5180778,False,6.26,,1
VJZDASCBBYGHHA-UHFFFAOYSA-N,CCS(=O)(=O)n1cc(-c2nc(Nc3ccc(N4CCC(N5CCN(C)CC5)CC4)c(Cl)c3)ncc2Cl)c2ccccc21,CHEMBL5185922,False,6.33,,1
SOZJLUNPQMFFFL-UHFFFAOYSA-N,CCS(=O)(=O)n1cc2c3ccc(cc31)OCCCCCCOc1cc(c(C)cc1N1CCOCC1)Nc1ncc(Cl)c-2n1,CHEMBL5193609,False,6.51,,1
FFOVHTBAXFHJMK-UHFFFAOYSA-N,COc1cc2ncnc(Nc3cc(Cl)c(F)cc3O)c2cc1O,CHEMBL5206697,False,5.75,,1
ILMWZZFUIORGEQ-UHFFFAOYSA-N,Cc1cccc(Nc2ncnc3cc4c(cc23)N(CCCN2CCCCC2)C(=O)CO4)c1,CHEMBL3775897,False,6.34,,1
SJMNSZVROFACMM-VMPITWQZSA-N,COc1ccc(Nc2ncc3ncc(=O)n(-c4cccc(NC(=O)/C=C/CN(C)C)c4)c3n2)cc1,CHEMBL2437484,True,4.58,,1
ZVPLRCNYKVNOMV-SNAWJCMRSA-N,COc1ccc(Nc2ncc3ncc(=O)n(-c4ccc(NC(=O)/C=C/CN(C)C)cc4)c3n2)cc1,CHEMBL2437483,True,7.23,,1
SUEFUBDCBOJENJ-UHFFFAOYSA-N,COc1ccc(-n2c(=O)cnc3cnc(Nc4ccc(N)cc4)nc32)cc1,CHEMBL2437475,False,4.59,,1
LUEQIDIGIGWGLR-YNSGVOSJSA-N,CC(C)c1cnc(N2CC[C@H]2C)c2cnc(Nc3ccnc(N4CC[C@@H](O)[C@@](C)(F)C4)n3)cc12,CHEMBL5195164,False,5.07,0.09899494936611612,2
VKTRKEAYXURHJJ-FHHPKGJMSA-N,CC(C)c1ccc(N2C[C@H](CS(C)(=O)=O)[C@H]2C)c2cnc(Nc3ccnc(N4CC[C@@H](O)[C@@](C)(F)C4)n3)cc12,CHEMBL5196495,False,6.3,0.31754264805429366,3
WZYHHSATFQMOHH-HEHNFIMWSA-N,Oc1cs/c(=N/Nc2nncc3ccccc23)n1-c1ccccc1,CHEMBL3982619,False,7.35,,1
ZLVCDGPRMFCTJF-UHFFFAOYSA-N,Fc1ccc(Nc2ncnc3ccc4c(c23)OCCN4)cc1Cl,CHEMBL5269391,False,7.06,,1
PJKBSPVIINKBCQ-UHFFFAOYSA-N,CCC(=O)N1CCOc2c1ccc1ncnc(Nc3cccc(C(F)(F)F)c3)c21,CHEMBL5271978,False,6.08,,1
VCPWXLOXCKUNRM-UHFFFAOYSA-N,COCCOc1cc2ncnc(Nc3cccc(Cl)c3)c2c2c1OC(COC)CO2,CHEMBL5284397,False,7.99,,1
NOFFPDGVLVHQSS-UHFFFAOYSA-N,OCc1ccc(-c2nc3c(NCc4ccccc4)ncnc3[nH]2)cc1,CHEMBL5439143,False,7.62,,1
NLYAPVAELRSSDV-UHFFFAOYSA-N,C=CC(=O)Nc1cc(Nc2nccc(Nc3ccn(C)n3)n2)c(OC)cc1N(C)CCN(C)C,CHEMBL5088907,True,7.02,0.0,2
RKWUBSRHDSQYQT-UHFFFAOYSA-N,C=CCCN(C)CCN(C)c1cc(OC)c(Nc2nccc(Nc3ccn(C)n3)n2)cc1NC(=O)C=C,CHEMBL5090133,True,5.12,0.0,2
IFKCLMDEPDCIBC-UHFFFAOYSA-N,C#CCN(C)CCN(C)c1cc(OC)c(Nc2nccc(Nc3ccn(C)n3)n2)cc1NC(=O)C=C,CHEMBL5070579,True,7.29,0.0,2
KFLIEZCTIPHBCO-UHFFFAOYSA-N,Cc1cc(Oc2ncnc3sc4c(c23)CCCC4)ccc1NC(=O)Nc1cccc(Br)c1,CHEMBL3628906,False,5.48,,1
PGZHYLDDJOVDMW-UHFFFAOYSA-N,Cc1ccc(-c2c(CN3CCCCC3)nc3scc(C(=O)O)n23)cc1,CHEMBL5194543,False,6.75,,1
IHDNPODVYGVNCS-UHFFFAOYSA-N,Cc1cc(NC(=O)CN2CCN(c3ccccc3)CC2)no1,CHEMBL4740108,False,7.19,,1
HZJBPOLPUNPWEP-UHFFFAOYSA-N,COc1cc(C=O)ccc1-c1cc2c(NCc3ccccc3)ncnc2s1,CHEMBL3759900,False,8.22,,1
YKBSTCIMMWNFBG-UHFFFAOYSA-N,COc1cc(C=O)ccc1-c1cc2c(Nc3ccccc3)ncnc2s1,CHEMBL3759733,False,7.7,,1
REMRDSYXGCQXBZ-UHFFFAOYSA-N,C=CC(=O)N1CCCC(N(CC)c2nc(Nc3ccc(N4CCOCC4)cc3)c3c(c2F)CNC3=O)C1,CHEMBL5943525,True,5.86,,1
UJAKKYBQOYTIBV-MHZLTWQESA-N,CCC(=O)N1CC[C@H](N2C(=O)N(c3ccc(C)cc3)Cc3cnc(Nc4ccc(N5CCN(C)CC5)c(C)c4)nc32)C1,CHEMBL4097770,False,6.42,,1
SHMVUUPUSVWHFH-VWLOTQADSA-N,CCC(=O)N1CC[C@H](N2C(=O)N(c3cccc(OC(F)(F)F)c3)Cc3cnc(Nc4ccc(N5CCN(C)CC5)c(C)c4)nc32)C1,CHEMBL4089120,False,6.05,,1
DUYJMQONPNNFPI-ZFTIYMCPSA-N,[2H]C([2H])=CC(=O)Nc1cc(Nc2nccc(-c3cn(C([2H])([2H])[2H])c4ccccc34)n2)c(OC)cc1N(C)CCN(C)C,CHEMBL4741340,True,6.94,,1
DZTFOPHXVHJRBO-UHFFFAOYSA-N,Fc1c(Nc2ncnc3cc4c(cc23)OCCO4)ccc(Br)c1Br,CHEMBL4794223,False,7.585,0.1343502884254437,2
PLFNOHCXONCVST-UHFFFAOYSA-N,Cn1c(-c2csc(NN=Cc3ccncc3)n2)nc2ccccc21,CHEMBL4796408,False,6.25,,1
ZJQOHQKCQVEQOR-UHFFFAOYSA-N,C#Cc1cccc(Oc2ncc(-c3cncc(NC4CN(C(=O)C=C)C4)c3)cn2)c1,CHEMBL6015436,True,6.62,,1
DEDVTJJLTCNPHD-QDLOVBKTSA-N,Nc1ncnc2c1c(C(=O)Nc1nc3cc(Cl)ccc3o1)nn2[C@@H]1CCN(C(=O)/C=C/CN2CCCC2)C1,CHEMBL5828421,True,7.22,,1
TYRODWLXPZYVKN-UHFFFAOYSA-N,C=CC(=O)N1CCC(Cn2nc(C(=O)Nc3nc4ccccc4o3)c3c(N)ncnc32)CC1,CHEMBL5953300,True,7.94,,1
IAADQZABURCMJD-UHFFFAOYSA-N,CCOC(=O)c1csc(NC(=S)Nc2ccc(Cl)cc2)n1,CHEMBL5275471,False,5.0,,1
SNVQYGLZAMYVSX-UHFFFAOYSA-N,C=CC(=O)Nc1cc(Nc2nccc(-c3cnc4c(Cl)cccn34)n2)c(OC)cc1N(C)CCN(C)C,CHEMBL5631151,True,7.83,,1
CUEMVPSMBFDEAF-UHFFFAOYSA-N,COc1cc2c(Nc3ccc(OCc4cccc(F)c4)c(Cl)c3)ncnc2cc1OCCCCCn1ccnc1[N+](=O)[O-],CHEMBL3360614,False,7.78,,1
IZTHTJXMNUPBNG-UHFFFAOYSA-N,O=C(CCl)OCCn1c(=O)oc2cc3ncnc(Nc4ccc(N5CCCCC5)c(Cl)c4)c3cc21,CHEMBL3912361,False,6.62,,1
OSYFQPJNLCUQEU-UHFFFAOYSA-N,O=C(CCl)OCCn1c(=O)oc2cc3ncnc(Nc4ccc(Oc5cccc(C(F)(F)F)c5)c(Cl)c4)c3cc21,CHEMBL3930270,False,6.29,,1
JVYVRTDXSDBWOT-UHFFFAOYSA-N,C#Cc1cccc(Nc2ncnc3cc(OCCOC)c(NC(=O)C=C)cc23)c1,CHEMBL3622617,True,8.74,,1
RVSQKIFMHKORJJ-IMLGJKEDSA-N,O=C(/C=C/CNC1CC1)Nc1cc2c(Nc3ccc(F)c(Cl)c3)ncnc2cc1O[C@H]1CCOC1,CHEMBL3622666,True,8.19,,1
TWYABWUURBRPAF-ONEGZZNKSA-N,COCCOc1cc2ncnc(Nc3ccc(F)c(Cl)c3)c2cc1NC(=O)/C=C/CN(C)C1CC1,CHEMBL3622654,True,8.05,,1
HEZQTKMLVXPHPR-IBGZPJMESA-N,C=CC(=O)Nc1cc2c(Nc3ccc(OCc4ccccn4)c(Cl)c3)ncnc2cc1O[C@H]1CCOC1,CHEMBL3622623,True,6.87,,1
GQNNNKXWKABPNJ-UHFFFAOYSA-N,c1cnc2ccc(Nc3ncnc4ccc(-c5cnn(C6CCNCC6)c5)cc34)cc2c1,CHEMBL3827349,False,7.55,,1
YDZATYFCHVJGEI-UHFFFAOYSA-N,NC(=O)Nc1ccc2ncnc(Nc3ccc(Cl)cc3)c2c1,CHEMBL2347231,False,7.21,,1
JILRMKMGHDCUJP-XDJHFCHBSA-N,CCCCn1c(O)cs/c1=N/Nc1nncc2ccccc12,CHEMBL3921710,False,7.64,,1
YFBBPYBKOLENKT-UHFFFAOYSA-N,COc1ccc(C=CC(=NNc2nncc3ccccc23)c2ccc(Cl)cc2)cc1,CHEMBL3897723,False,8.27,,1
YNPXWNQBZQDHOP-UHFFFAOYSA-N,O=C(CBr)OCCn1c(=O)oc2cc3ncnc(Nc4ccc(F)c(Cl)c4)c3cc21,CHEMBL3908711,False,6.34,,1
OWXFKOXKEBQGAQ-UHFFFAOYSA-N,CN1CCN(C2CCN(c3ccc(Nc4ncc(Cl)c(Nc5ccccc5P(C)(C)=O)n4)cc3C(F)(F)F)CC2)CC1,CHEMBL5088423,False,6.27,,1
YYZPEAOQTDYVEG-UHFFFAOYSA-N,O=C(Cc1csc2nc3ccccc3n12)Nc1cccc2ccccc12,CHEMBL5173408,False,5.654999999999999,1.9728279195104679,2
CYQGGEIFCSVNDW-UHFFFAOYSA-N,Nc1ncnc(Nc2ccc(OCc3ccccc3)c(Cl)c2)c1C(=O)Nc1ccccc1,CHEMBL461114,False,7.12,,1
KTEDMAIKTUKLAP-UHFFFAOYSA-N,Nc1ncnc(Nc2ccc(OCc3ccccc3)c(Cl)c2)c1C(=O)OCCN1CCOCC1,CHEMBL461113,False,6.82,,1
VMWBVIFBGIIXSH-UHFFFAOYSA-N,COC(=O)c1c(N)ncnc1Nc1ccc(OCc2ccccc2)c(Cl)c1,CHEMBL516487,False,7.27,,1
JTPYUJWYCFGJSX-LJQANCHMSA-N,CC[C@@H](Nc1ncnc2oc(-c3ccc(OC)cc3)cc12)c1ccccc1,CHEMBL3972981,False,7.66,,1
RCBOFGVMJMAYFN-UHFFFAOYSA-N,Cn1cnc(-c2cc(NC(=O)Nc3ccncc3)cc(C(F)(F)F)c2)c1,CHEMBL3754301,False,6.78,,1
SSVDSZIWJBBCNN-UHFFFAOYSA-N,CC(C)Nc1ncnc2oc(-c3ccc(OCCN4CCCC4)cc3)c(-c3ccccc3)c12,CHEMBL247866,False,5.99,,1
HGDZGSLPFUAGFA-UHFFFAOYSA-N,CC#CC(=O)N1CCC(c2c[nH]n3c(C(N)=O)c(-c4ccc(Oc5ccccc5)cc4)nc23)CC1,CHEMBL4878090,False,4.85,,1
VXROMVYZCFBGLT-UHFFFAOYSA-N,O=C(NCCN1CCCCC1)Nc1ccc2ncnc(Nc3ccc(F)c(Cl)c3)c2c1,CHEMBL3814956,False,8.09,1.2445079348883243,2
LMNADLXAOQFTMQ-UHFFFAOYSA-N,CCOC(=O)CCCn1c(=O)oc2cc3ncnc(Nc4ccc5[nH]ncc5c4)c3cc21,CHEMBL3612590,False,6.89,,1
WGYFFABRRMMMFS-UHFFFAOYSA-N,O=C(Nc1ccc(Nc2ncnc3cc4oc(=O)n(CCOC(=O)CBr)c4cc23)cc1)NC1CCCCC1,CHEMBL3891774,False,5.07,,1
UXPURPRPVSKBPC-UHFFFAOYSA-N,O=C(CCl)OCCn1c(=O)oc2cc3ncnc(Nc4ccc(F)c(Cl)c4)c3cc21,CHEMBL3940060,False,6.48,,1
UCHDWCPVSPXUMX-TZIWLTJVSA-N,CC(C)(O)c1ccccc1CC[C@@H](SCC1(CC(=O)O)CC1)c1cccc(/C=C/c2ccc3ccc(Cl)cc3n2)c1,CHEMBL787,False,5.5,,1
NLSNSCBPWXRRPL-UHFFFAOYSA-N,O=C(Nc1ccc(CN2CCCC2)cc1)Nc1ccc2ncnc(Nc3cccc(C(F)(F)F)c3)c2c1,CHEMBL3740910,False,8.39,,1
CILDJFIVENUVDR-UHFFFAOYSA-N,O=C(Nc1ccccn1)Nc1cc(-c2cccnc2)ccc1OC(F)(F)F,CHEMBL3753208,False,7.04,,1
HKIZZBSDAWEIPM-UHFFFAOYSA-N,COCCn1c(=O)oc2cc3ncnc(Nc4ccc(OCc5nccc(OCC(F)(F)F)c5C)cc4)c3cc21,CHEMBL3612567,False,6.47,,1
YLTAJYUCUXNPQQ-UHFFFAOYSA-N,CCOC(=O)CCCn1c(=O)oc2cc3ncnc(Nc4ccc(OCc5nccc(OCC(F)(F)F)c5C)cc4)c3cc21,CHEMBL3612585,False,6.11,,1
KOBKLBFNTIJTTR-UHFFFAOYSA-N,Cc1ccc(Oc2ccc(Nc3ncnc4[nH]nc(OCCN5CCC(O)CC5)c34)cc2F)cn1,CHEMBL257873,False,5.84,,1
LYCPWHYCBIEJPN-UHFFFAOYSA-N,Cc1ccc(Oc2ccc(Nc3ncnc4[nH]nc(OCCN5CCC(O)CC5)c34)cc2C)cn1,CHEMBL257872,False,6.67,,1
CYFXRGFESOFDNS-UHFFFAOYSA-N,O=c1c(O)cc2c(O)oc3c(=O)c(O)cc4c(O)oc1c2c43,CHEMBL6246,False,6.16,,1
WUPXZZWTHIZICK-UHFFFAOYSA-N,COc1cccc(-c2cn(-c3ccc(CCN4CCC(O)CC4)cc3)c3ncnc(N)c23)c1,CHEMBL475584,False,6.82,,1
UYWHKGJSHFOELO-HXUWFJFHSA-N,Cc1cc(Nc2ncnc3cc(O)c(NC(=O)C=C[C@H]4CCCN4C)cc23)ccc1Oc1ccn2cnnc2c1,CHEMBL5180965,True,7.64,,1
DHHJVKCNCRIXRE-UHFFFAOYSA-N,C=CC(=O)NCCOc1cc(Cc2ccccc2)cc2[nH]c(-c3[nH]nc4cc(C(F)F)ccc34)cc12,CHEMBL4646281,True,5.63,,1
SRHREEZCKYAMCG-UHFFFAOYSA-N,C=CC(=O)Nc1cccc(-n2c(=O)c(C3CCCCC3)nc3cnc(Nc4cccc(OCCOC)c4)nc32)c1,CHEMBL5085807,True,6.93,,1
WUENUYHMSVASQE-FKBYEOEOSA-N,O=C1CCc2c(Oc3ccc4c(c3)[C@H]3[C@H](NC(=O)c5ccc(F)c(F)c5)[C@H]3O4)ccnc2N1,CHEMBL5983026,False,7.23,0.707130351019763,3
XWIIFWOMOTZBMM-FKBYEOEOSA-N,O=C1CCc2c(Oc3ccc4c(c3)[C@H]3[C@H](NC(=O)c5ccc(C(F)(F)F)c(F)c5)[C@H]3O4)ccnc2N1,CHEMBL5903269,False,8.28,0.8891194145520231,3
NCUNGIOVSCCUQA-QRLZOZATSA-N,O=C(/C=C/c1cccc(C(F)(F)F)c1)N[C@@H]1[C@H]2Oc3ccc(Oc4ccnc5c4CCC(=O)N5)cc3[C@@H]12,CHEMBL5873136,True,6.17,0.6539367961304312,3
OUSGYRCDSMTCJQ-UHFFFAOYSA-N,O=C(c1cc2ccccc2[nH]1)c1cc2c(Nc3ccc(OCc4cccc(F)c4)cc3Cl)ncnc2s1,CHEMBL1928301,False,7.73,,1
QTYWKDXYFWPUSY-UHFFFAOYSA-N,COc1ccncc1C(=O)NCc1ccc(-c2nn(C3CCCC3)c3ncnc(N)c23)cc1,CHEMBL5979639,False,6.26,0.0,2
ZHAJHJLRIRPRLJ-MMQQXXMXSA-N,CC(C)=CC[C@@H](OC(=O)/C=C\C(=O)c1ccc(Cl)cc1)C1=CC(=O)c2c(O)ccc(O)c2C1=O,CHEMBL4448428,False,7.49,,1
KUAZPPABFXYUGW-UHFFFAOYSA-N,COc1ccccc1-c1cc2c(Nc3ccc(OCc4cccc(F)c4)c(Cl)c3)ncnc2s1,CHEMBL3416627,False,6.66,,1
BTNOFGNEUZFLRE-UHFFFAOYSA-N,COc1cc2c(Nc3ccc(NC(=O)Nc4ccc(Cl)cc4)c(Cl)c3)ncnc2cc1OCCCN1CCOCC1,CHEMBL3957025,False,7.77,,1
KBRSAVVLRQLAOA-UHFFFAOYSA-N,COc1cc2c(Nc3ccc(NC(=O)Nc4ccccc4C)cc3)ncnc2cc1OCCCN1CCN(C)CC1,CHEMBL3933568,False,6.3,,1
HYVNDSYVYRZXAP-UHFFFAOYSA-N,COc1cc2c(Nc3ccc(NC(=O)Nc4cccc(Cl)c4)cc3)ncnc2cc1OCc1ccccc1,CHEMBL3894623,False,5.33,,1
DUJFULDKIMTVNA-LJQANCHMSA-N,OCc1ccc(-c2cc3c(N[C@H](CO)c4ccccc4)ncnc3[nH]2)cc1,CHEMBL4175024,False,9.7,,1
NMGRSSSWULRTSA-UHFFFAOYSA-N,O=C1COc2cc3ncnc(Nc4cccc(F)c4)c3cc2N1CCCN1CCCCC1,CHEMBL3774808,False,6.34,,1
LNWBHCXDLOKRTA-UHFFFAOYSA-N,Cc1ccc(Nc2ncnc3cc4c(cc23)N(CCCN2CCOCC2)C(=O)CO4)cc1Cl,CHEMBL3774578,False,6.79,,1
YLFINAUVWATNCS-UHFFFAOYSA-N,CCC(=O)Nc1cc2c(Nc3ccc4c(ccn4Cc4ccccn4)c3)ncnc2cc1OC,CHEMBL3968839,False,7.21,,1
MNXBPMHJGAAMCB-UHFFFAOYSA-N,CCC(=O)Nc1cc2c(Nc3ccc4c(ccn4Cc4cccnc4)c3)ncnc2cc1OC,CHEMBL3939300,False,6.15,,1
LJRGBEPLXWZRBM-VOTSOKGWSA-N,COc1cc2ncnc(Nc3ccc(F)c(Cl)c3)c2cc1NC(=O)/C=C/CN(C(C)C)C(C)C,CHEMBL3950549,True,8.375,0.4596194077712549,2
YBEIPHUFRFGXCJ-SNAWJCMRSA-N,O=C(/C=C/CN1CCCCC1)Nc1cc2c(Nc3ccc(F)c(Cl)c3)ncnc2cn1,CHEMBL3930506,True,8.274999999999999,0.6010407640085658,2
JFBQFAKGLQJGIL-OWOJBTEDSA-N,O=C(/C=C/CN1CCOCC1)Nc1cc2c(Nc3ccc(F)c(Cl)c3)ncnc2cn1,CHEMBL3958006,True,8.309999999999999,0.5515432893255072,2
KZVDSZYFRUKCEQ-RMKNXTFCSA-N,CN(C)C/C=C/C(=O)Nc1cc2c(Nc3ccc4c(cnn4Cc4ccccc4)c3)ncnc2cn1,CHEMBL3949347,True,7.955,0.7990306627407984,2
HNTONTFODLPNDG-UHFFFAOYSA-N,CC(C)n1nc(N2CC(CO)C2)c2cnc(Nc3ccnc(-c4cnn(S(=O)(=O)C5CC5)c4)n3)cc21,CHEMBL5285503,False,7.02,,1
LDDDGIHXYBWEAR-UHFFFAOYSA-N,C=CC(=O)Nc1cccc(-n2c(=O)c(=O)n(C(C)C)c3cnc(Nc4ccc(N5CCN(C)CC5)cc4OC)nc32)c1,CHEMBL4293051,True,8.7,0.0,2
KIHIMMDNUNDKTJ-UHFFFAOYSA-N,COc1cc2c(Nc3ccc(Cl)c(Cl)c3)ncnc2cc1OCc1csc(-c2ccc(Cl)cc2)n1,CHEMBL3963620,False,7.3,,1
GGCSJXJBJIBXQQ-UHFFFAOYSA-N,CCOc1cc(N2CCN(C(C)C)CC2)ccc1Nc1nccc(-c2c(-c3ccc(OC)c(C(=O)Nc4c(F)cccc4F)c3)nc3ccccn23)n1,CHEMBL3937417,False,6.0,,1
ZEEDSYVPZWMHPQ-UHFFFAOYSA-N,C#Cc1cccc(Nc2ncnc3cc4c(cc23)N(CCCN2CCCCC2)C(=O)CO4)c1,CHEMBL3774396,False,6.67,,1
ZJKRPPLQETVFOI-UHFFFAOYSA-N,O=C1COc2cc3ncnc(Nc4cccc(Cl)c4)c3cc2N1CCCN1CCCCC1,CHEMBL3775536,False,6.94,,1
IMFSRMUJOCEGFM-CQSZACIVSA-N,COC(=O)c1cccc(-c2cc3c(N[C@H](C)c4ccccc4)ncnc3s2)c1OC,CHEMBL3758990,False,8.05,,1
HMTNGGQPUKYRKI-UHFFFAOYSA-N,OCc1ccc(-c2cc3c(Nc4ccccc4)ncnc3s2)cc1,CHEMBL3759257,False,7.68,,1
DHDUWXQFEYJFTD-UHFFFAOYSA-N,Fc1ccc(Nc2ncnc3cc4c(cc23)OCCOCCOCCO4)cc1Cl,CHEMBL2087360,False,8.7,,1
PPRJOMHKRXELRQ-UHFFFAOYSA-N,NC(=O)Nc1ccc2ncnc(Nc3ccc(Br)cc3)c2c1,CHEMBL3814959,False,7.83,1.7960512242138305,2
SYCYMWZFELUOFO-UHFFFAOYSA-N,C#Cc1cccc(Nc2ncnc3cc(OCCOC)c4c(c23)OCCO4)c1,CHEMBL3805461,False,7.68,,1
BPWNTZMCCCSEQN-UHFFFAOYSA-N,CCOC(=O)CCCn1c(=O)oc2cc3ncnc(Nc4cc(C(=O)OCC)ccc4O)c3cc21,CHEMBL3612587,False,8.14,,1
JBSDBYXRHGAOIT-UHFFFAOYSA-N,COc1cc2ncnc(Nc3ccc(OCc4cccc(F)c4)c(Cl)c3)c2cc1OCCCN1CCNCCNCC1,CHEMBL4439338,False,9.52,,1
XRPWZCQKYPEIGU-UHFFFAOYSA-N,Oc1cccc(Nc2ncnc3ccc(NC(=S)NCc4ccccc4)cc23)c1,CHEMBL4080711,False,7.2,,1
AJSVZSXZWIFNMH-UHFFFAOYSA-N,Fc1cc(F)cc(NC(=S)Nc2ccc3ncnc(Nc4cccc(Cl)c4)c3c2)c1,CHEMBL4065300,False,7.22,0.0,2
BIHYRPIDCXHQKD-FMIVXFBMSA-N,CCOc1cc2ncnc(Nc3ccc4c(cnn4Cc4ccccc4)c3)c2cc1NC(=O)/C=C/CN1CCCCC1,CHEMBL3942228,True,8.399999999999999,0.4242640687119276,2
OCPAAPUDKSPSJT-DHZHZOJOSA-N,CCOc1cc2ncnc(Nc3ccc(NS(=O)(=O)c4ccccc4)cc3)c2cc1NC(=O)/C=C/CN1CCCC1,CHEMBL3986103,True,7.445,0.3323401871576768,2
MSSFKFFUKSRZMQ-UHFFFAOYSA-N,Cn1cc(-c2ccc3ncnc(Nc4ccc(F)c(Cl)c4)c3c2)cn1,CHEMBL3828269,False,8.53,,1
SLSKTJBHIGULOP-RMKNXTFCSA-N,CCOc1cc2ncnc(Nc3ccc4c(ccn4S(=O)(=O)c4ccccc4)c3)c2cc1NC(=O)/C=C/CN1CCOCC1,CHEMBL3933895,True,7.215,0.43133513652379357,2
ACNYXAIBELJFSP-JLHYYAGUSA-N,CCOc1cc2ncnc(Nc3ccc4c(cnn4Cc4ccccc4)c3)c2cc1NC(=O)/C=C/CN(C(C)C)C(C)C,CHEMBL3950966,True,7.985,0.23334523779156074,2
GJDYHVMPMKOHGG-UHFFFAOYSA-N,C#Cc1cccc(Nc2ncnc3ccc(-c4cnn(C)c4)cc23)c1,CHEMBL3828021,False,8.45,,1
KABLMFMHWJFKIW-UHFFFAOYSA-N,CCC(=O)Nc1cc2c(Nc3ccc4c(cnn4Cc4ccccn4)c3)ncnc2cc1OC,CHEMBL3919183,False,7.03,,1
MGAIHODHEWSWBP-CYBMUJFWSA-N,CCC(=O)Nc1cc2c(N[C@H](C)c3ccccc3)ncnc2cc1OC,CHEMBL3973028,False,7.07,,1
FPGRQRNSVWYTAO-UHFFFAOYSA-N,CCC(=O)Nc1cc2c(Nc3ccc(Oc4ccc5c(c4)OCO5)cc3)ncnc2cc1OC,CHEMBL3916644,False,6.29,,1
QLFTUFXDFRRBKL-UHFFFAOYSA-N,CCC(=O)Nc1cc2c(Nc3ccc(Cc4ccccn4)cc3)ncnc2cc1OC,CHEMBL3980622,False,6.69,,1
YUEWCBSNZWDONI-UHFFFAOYSA-N,CCC(=O)Nc1cc2c(Nc3ccc(OCc4ccccc4)cc3)ncnc2cc1OC,CHEMBL3934034,False,7.44,,1
JQWHOTXNAZAESI-UHFFFAOYSA-N,CN1CCN(Cc2ccc(NC(=O)c3cccc(NC(=O)c4cnc5[nH]ccc5c4)c3)cc2C(F)(F)F)CC1,CHEMBL3234755,False,6.17,,1
UNKAGCJIUDPJFD-UHFFFAOYSA-N,CCOC(=O)c1nn(-c2ccccc2)cc1C(=O)c1c(C)[nH]c(-c2ccccc2)c1-c1ccccc1,CHEMBL3740131,False,5.49,,1
DURPLVDCJXSJNC-UHFFFAOYSA-N,Cc1[nH]c(-c2ccccc2)c(-c2ccccc2)c1C(=O)c1cn(-c2ccccc2)nc1-c1ccccc1,CHEMBL3741069,False,5.59,,1
MRXGQXOJPOXKHQ-UHFFFAOYSA-N,CCOc1cc2ncnc(Nc3ccc(F)c(Cl)c3)c2cc1OC(=O)CSc1cccnc1,CHEMBL4562352,False,9.22,,1
OQCSFFGUVREAKY-UHFFFAOYSA-N,CCOc1ccc(C2=NN(C(C)=O)C(c3ccc(C(=O)OCCn4c([N+](=O)[O-])cnc4C)cc3)C2)cc1,CHEMBL3747407,False,4.82,0.0,2
HZKRIAYPKCGAPE-UHFFFAOYSA-N,CC(=O)N1N=C(c2ccc([N+](=O)[O-])cc2)CC1c1ccc(C(=O)OC(C)Cn2c([N+](=O)[O-])cnc2C)cc1,CHEMBL3746642,False,5.84,0.0,2
VTYZEUQSJZUZBP-GFCCVEGCSA-N,C[C@@H](Nc1ncnc2[nH]c(-c3ccc(O)cc3)cc12)c1ccc(Br)cc1,CHEMBL1914655,False,7.21,,1
DZDYJTGGGDWVDJ-CYBMUJFWSA-N,C[C@@H](Nc1ncnc2[nH]c(-c3ccccc3)cc12)c1ccc(F)cc1,CHEMBL1914671,False,7.48,,1
GCDSDVNITVBCDW-VWLOTQADSA-N,Cc1[nH]nc2ccc(-c3cc(N[C@@H](CO)c4ccccc4)cnc3-c3cc(Cl)ccc3O)cc12,CHEMBL4105329,False,8.51,,1
UMBIRSZUCJNBHB-SANMLTNESA-N,OC[C@H](Nc1cnc(-c2cc(Cl)ccc2O)c(-c2ccc3cnccc3c2)c1)c1ccccc1,CHEMBL4067871,False,8.38,,1
QXIOZIFTPMAING-VWLOTQADSA-N,Cc1[nH]nc2ccc(-c3cc(N[C@@H](CO)c4ccccc4)cnc3-c3cc(F)ccc3O)cc12,CHEMBL4062877,False,8.33,,1
CUHDTWNNUAGFTF-UHFFFAOYSA-N,COc1ccc(C(CSc2nc3[nH]c(=O)n(C)c(=O)c3[nH]2)=NO)cc1,CHEMBL4441404,False,6.15,,1
BMVFEDZLWPPXNC-UHFFFAOYSA-N,Cn1c(=O)[nH]c2[nH]c(SCC(=NO)c3ccc(Cl)cc3)nc2c1=O,CHEMBL4529183,False,6.09,,1
PKMJFPBKTISKAX-UHFFFAOYSA-N,COc1cc(NC(=O)C2CC2)ccc1Nc1ncc(Cl)c(Nc2ccccc2NC(C)=O)n1,CHEMBL4462528,False,6.21,,1
XVMMZTTYUZMATQ-UHFFFAOYSA-N,Fc1cccc(COc2ccc(Nc3ncnc4ccc(-c5ccc(CN6CCNCC6)o5)cc34)cc2Cl)c1,CHEMBL3436356,False,7.97,,1
CMSLFXNOYRDYOF-UHFFFAOYSA-N,CN1CCN(CC(=O)Nc2cc3c(Nc4ccc(F)c(Cl)c4)ncnc3s2)CC1,CHEMBL3233765,False,5.47,,1
KRYUJFIVSZMANE-HNQUOIGGSA-N,O=C(/C=C/CNCc1ncccn1)Nc1cc2c(Nc3ccc(F)c(Cl)c3)ncnc2s1,CHEMBL3233776,True,8.1,,1
YDOVOPCISVCLEX-ONEGZZNKSA-N,CN(C)C/C=C/C(=O)Nc1cc2c(Nc3ccc(F)c(Cl)c3)ncnc2s1,CHEMBL3233777,True,7.62,,1
XVVRDQPLQNJHAW-AATRIKPKSA-N,CCN(CC)C/C=C/C(=O)Nc1cc2c(Nc3ccc(F)c(Cl)c3)ncnc2s1,CHEMBL3233778,True,8.1,,1
MQNYCQVJZRHKSO-OWOJBTEDSA-N,O=C(/C=C/CN1CC2(COC2)C1)Nc1cc2c(Nc3ccc(F)c(Cl)c3)ncnc2s1,CHEMBL3233020,True,8.15,,1
MLUJQJKMFNMWBV-UHFFFAOYSA-N,O=C(CBr)OCCn1c(=O)oc2cc3ncnc(Nc4ccc(OCc5ccc(Cl)cc5)cc4)c3cc21,CHEMBL3915306,False,5.19,,1
OOMBFNDWQIGHEK-UHFFFAOYSA-N,COc1cc2c(Oc3ccc(NS(=O)(=O)c4c(F)cccc4F)cc3F)ccnc2cc1OCCCN1CCN(C)CC1,CHEMBL4462318,False,6.75,,1
AWNQITXWMILEHO-UHFFFAOYSA-N,COc1cccc(-c2cc(=O)c3ccccc3o2)c1NC(=O)OCCOC(=O)NCCN(C)CCN=NNc1ccc2c(Nc3cccc(Cl)c3)ncnc2c1,CHEMBL5290094,False,6.99,,1
WDSCXVWICBGGBP-UHFFFAOYSA-N,COCCOc1cc2ncnc(Nc3ccc(C(=O)NC45CC6CC(CC(C6)C4)C5)cc3)c2cc1OCCOC,CHEMBL3765815,False,8.02,,1
ZQHMMKIWMLTXAR-UHFFFAOYSA-N,C#Cc1cccc(Nc2ncnc3cc(OCCOC(=O)Cc4c(C)n(C(=O)c5ccc(Cl)cc5)c5ccc(OC)cc45)c(OCCOC)cc23)c1,CHEMBL3740595,False,7.57,,1
GPERDLZLRGFVOX-QGZVFWFLSA-N,OC[C@@H](Nc1ncnc2oc(-c3ccccc3)cc12)c1ccccc1,CHEMBL3892567,False,8.41,,1
CNJOKJPWTYTGNS-CQSZACIVSA-N,COc1ccc(-c2cc3c(N[C@H](C)c4ccccc4)ncnc3o2)cc1,CHEMBL3933539,False,8.28,,1
PCKCQQLBJXBCNU-UHFFFAOYSA-N,ON=C(O)CCCCCCn1cc(-c2ccc3ncnc(Nc4cccc(Cl)c4F)c3c2)nn1,CHEMBL3930620,False,9.92,,1
JKMKOWWGHUKUTE-UHFFFAOYSA-N,C=CC(=O)Nc1cccc(-c2nc(Nc3cc[nH]n3)c3ccccc3n2)c1,CHEMBL3604912,True,5.96,,1
UTCTXRMEMOYYKD-UHFFFAOYSA-N,COCCn1c(=O)oc2cc3ncnc(Nc4ccc(OC)c(OC)c4)c3cc21,CHEMBL3612572,False,5.26,,1
BTWVWABAWDKQNJ-UHFFFAOYSA-N,C=CC(=O)Nc1cccc(Nc2ncc(NC(=O)c3cc(NC(=O)c4cccc(C(F)(F)F)c4)ccc3C)cn2)c1,CHEMBL3290142,True,7.55,0.5798275605729691,2
ATTGQOMUGKVOSB-SNAWJCMRSA-N,COCCOc1cc2ncnc(Nc3ccc(F)c(Cl)c3)c2cc1NC(=O)/C=C/CN(C)C,CHEMBL3622639,True,8.92,,1
VKSHQYSRUGRAHY-SOFGYWHQSA-N,COCCOc1cc2ncnc(Nc3ccc(OCc4ccccn4)c(Cl)c3)c2cc1NC(=O)/C=C/CN(C)C,CHEMBL3622637,True,8.27,,1
ADAREYJDNCHIMX-KPKJPENVSA-N,CN(C)C/C=C/C(=O)Nc1cccc(Oc2nc(Nc3[nH]nc4ccccc34)cc(N3CCN(C)CC3)n2)c1,CHEMBL3604939,True,5.17,,1
OZJNFEMRGXMBKA-DHZHZOJOSA-N,CCOc1cc2ncnc(NC3=CC(=O)C(OCc4ccccc4)=CC3=O)c2cc1NC(=O)/C=C/CN(C)C,CHEMBL243629,True,7.2,0.7495331880577407,2
DNZMZYWEAXBBBZ-UHFFFAOYSA-N,CCOC(=O)CCCn1c(=O)oc2cc3ncnc(Nc4ccc(OC)cc4)c3cc21,CHEMBL3612580,False,5.12,,1
OSNPLDLPFDTALJ-UHFFFAOYSA-N,Cc1ccn2ncnc(Nc3ccc4c(cnn4Cc4cccnc4)c3)c12,CHEMBL394463,False,5.75,,1
RSIUAJHRAOKMFS-UHFFFAOYSA-N,COCCOCc1ccn2ncnc(Nc3ccc4c(cnn4Cc4cccc(F)c4)c3)c12,CHEMBL246489,False,6.31,,1
ZMUYXYMWLSIFRR-UHFFFAOYSA-N,Fc1cccc(Cn2ncc3cc(Nc4ncnn5ccc(CN6CCCNCC6)c45)ccc32)c1,CHEMBL392273,False,7.48,0.0,2
QBWGGFOGWBCOKX-UHFFFAOYSA-N,O=C1CNCCN(Cc2ccn3ncnc(Nc4ccc5c(cnn5Cc5cccc(F)c5)c4)c23)C1,CHEMBL234580,False,6.11,,1
JIGUCXPMOHEAMU-HSZRJFAPSA-N,O[C@@H]1CNCCN(Cc2ccn3ncnc(Nc4ccc5c(cnn5Cc5cccc(F)c5)c4)c23)C1,CHEMBL393787,False,6.7,,1
AMAVIRIRUUGUKX-UHFFFAOYSA-N,O=C1COc2cc3ncnc(Nc4cccc(Br)c4)c3cc2N1CCCN1CCCCC1,CHEMBL3775112,False,7.0,,1
BIQNFLRURAXZDG-UHFFFAOYSA-N,O=C1COc2cc3ncnc(Nc4cccc(F)c4)c3cc2N1CCCN1CCOCC1,CHEMBL3775285,False,6.61,,1
KYVRWAGUEBMRLC-UHFFFAOYSA-N,CN(CCN=NNc1ccc2ncnc(Nc3cccc(Cl)c3)c2c1)CCNS(=O)(=O)c1cccc2c(N(C)C)cccc12,CHEMBL591897,False,6.22,,1
FZRBAMDZJYDNRB-UHFFFAOYSA-N,CC(C)CON=Cc1c(N)ncnc1Nc1ccc2c(cnn2Cc2cccc(F)c2)c1,CHEMBL430031,False,7.5,,1
AWZYTDJQXDRQJA-UHFFFAOYSA-N,COc1cc2c(Nc3ccc(NC(=O)c4ccccc4)cc3)ncnc2cc1OCCN1CCCCC1,CHEMBL3759155,False,5.34,,1
NPNDHEQUNCNINZ-UHFFFAOYSA-N,Cc1ncnc(Nc2ccc(OCc3cccc(F)c3)c(Cl)c2)c1C=NOCCN1CCOCC1,CHEMBL1683958,False,7.17,,1
ZDRUKZASWZMRRR-FBCYGCLPSA-N,COc1cc2ncnc(Nc3ccc(F)c(Cl)c3)c2cc1NC(=O)/C(F)=C\CN1CCCCC1,CHEMBL3357636,True,9.17,,1
ITSIYXXFKIBQNX-UHFFFAOYSA-N,Brc1cccc(Nc2[nH]cnc3cc4nncc4cc23)c1,CHEMBL39337,False,8.53,1.173797256769668,2
QENYREVCVOGEQU-UHFFFAOYSA-N,Brc1cccc(Nc2ncnc3cc(NCCCn4ccnc4)ncc23)c1,CHEMBL126791,False,9.29,,1
OONFNUWBHFSNBT-FQEVSTJZSA-N,CCN1CCN(Cc2ccc(-c3cc4c(N[C@@H](C)c5ccccc5)ncnc4[nH]3)cc2)CC1,CHEMBL484270,False,7.4,,1
VBHDQDBZRZFSML-OAQYLSRUSA-N,O=[N+]([O-])c1cccc(-c2c(-c3ccccc3)oc3ncnc(N[C@H](CO)c4ccccc4)c23)c1,CHEMBL2347967,False,6.09,,1
CGGGWVZOXQYNNH-HXUWFJFHSA-N,OC[C@@H](Nc1ncnc2oc(-c3ccccc3)c(-c3ccc4c(c3)OCO4)c12)c1ccccc1,CHEMBL2347972,False,6.59,,1
FGIIPPWCFAHPSX-OAHLLOKOSA-N,OC[C@@H](Nc1ncnc2oc(-c3ccccc3)c(Br)c12)c1ccccc1,CHEMBL2347969,False,6.34,,1
ZYNJBNKLMWIGBY-UHFFFAOYSA-N,C=CC(=O)Nc1cccc(N2C(=O)CN(C)C(=O)c3cnc(Nc4ccc(N5CCN(C)CC5)cc4OC)nc32)c1,CHEMBL3219125,True,8.04,,1
KWCSAJCODOPDPD-UHFFFAOYSA-N,C=CC(=O)Nc1cccc(N2C(=O)C(C)N(C)C(=O)c3cnc(Nc4ccc(N5CCN(C)CC5)cc4OC)nc32)c1,CHEMBL3219128,True,7.66,,1
PRYOMGLDNWMVAE-UHFFFAOYSA-N,C=CC(=O)Nc1cccc(N2C(=O)C(Cc3ccc(Cl)cc3)N(C)C(=O)c3cnc(Nc4ccc(N5CCN(C)CC5)cc4OC)nc32)c1,CHEMBL3219135,True,7.43,,1
BZUIGXZUUGQBLL-UHFFFAOYSA-N,CN1CCN(CCOc2[nH]nc3ncnc(Nc4ccc(OCc5ccccn5)c(Cl)c4)c23)CC1,CHEMBL258282,False,8.3,,1
BVNWKOFRSDYKKW-UHFFFAOYSA-N,O=C(Nc1nccs1)Nc1cc(-c2cccnc2)ccc1OC(F)(F)F,CHEMBL3753811,False,6.92,,1
NUFPUEHUEPQUBF-UHFFFAOYSA-N,COc1ccc(-c2ccc(OC(F)(F)F)c(NC(=O)Nc3nccs3)c2)cn1,CHEMBL3753157,False,6.3,,1
MUJRZTGAKRMJAT-UHFFFAOYSA-N,COc1ccc(-c2cc(NC(=O)Nc3ccncc3)cc(OC)c2OC)cn1,CHEMBL3753444,False,6.34,,1
FWTKVRZMQJINSD-UHFFFAOYSA-N,CC(C)Oc1cc(F)ccc1Nc1ncnc2ccc(-c3ccc(C(=O)N4CCNCC4)cc3)nc12,CHEMBL4869634,False,5.71,,1
UHNMDZJZAUMGNI-UHFFFAOYSA-N,O=S1(=O)N=S(c2ccc(Br)cc2)c2ccncc21,CHEMBL2205030,False,5.27,,1
ONVVZBADBZXLMG-UHFFFAOYSA-N,CNN=Cc1c(N)ncnc1Nc1ccc2c(cnn2Cc2cccc(F)c2)c1,CHEMBL497697,False,7.92,,1
AQXXXWZJCCNLLD-UHFFFAOYSA-N,COc1cc2c(Nc3ccc(F)c(Cl)c3)ncnc2cc1OCCCCn1ccnc1[N+](=O)[O-],CHEMBL3360603,False,9.51,,1
KTFMGSFLXBDJDF-UHFFFAOYSA-N,COc1cc2c(Nc3ccc(F)c(Cl)c3)ncnc2cc1OCCCCCn1ccnc1[N+](=O)[O-],CHEMBL3360604,False,9.28,,1
DSCRLXLRKXZLMH-UHFFFAOYSA-N,COc1cc2c(Nc3ccc(OCc4cccc(F)c4)c(Cl)c3)ncnc2cc1OCCCCCCn1ccnc1[N+](=O)[O-],CHEMBL3360615,False,7.45,,1
DBKGMCHPHOAIPB-UHFFFAOYSA-N,COc1cc2c(Nc3cccc(Br)c3)ncnc2cc1OCCOCCn1ccnc1[N+](=O)[O-],CHEMBL3360620,False,9.09,,1
KJSBVTTXMQLESA-OAHLLOKOSA-N,C=CS(=O)(=O)N1CCc2c(sc3ncnc(N[C@H](CO)c4ccccc4)c23)C1,CHEMBL1272167,False,7.04,,1
ONLFVEWFNWQIBS-UHFFFAOYSA-N,NCCc1cn(Cc2ccc(-c3ccccc3)cc2)c2ccc(OCCc3ccc(O)cc3)cc12,CHEMBL1095154,False,5.89,,1
MINFAHUQQXNXRH-UHFFFAOYSA-N,NC1CCc2c(c3cc(OCCc4ccc(O)cc4)ccc3n2CCCCCc2ccc(C(F)(F)F)cc2)C1,CHEMBL1094825,False,5.56,,1
BEVNNPWOPWBYBX-UHFFFAOYSA-N,C=CC(=O)Nc1cccc(NC(=O)Nc2ccnc(Nc3ccc(C4CCN(C)CC4)cc3OC)n2)c1,CHEMBL4226436,True,6.56,,1
QYPSALIXKCRYNZ-UHFFFAOYSA-N,CC(C)n1nc(-c2cc(O)cc(Br)c2)c2c(N)ncnc21,CHEMBL1242285,False,6.6,,1
MQGPTUGZEDOVCK-UHFFFAOYSA-N,Cc1ccc(C(=O)Nc2ccc(CN3CCN(C)CC3)c(C(F)(F)F)c2)cc1NC(=O)c1cnc(NC2CCCCC2)nc1,CHEMBL3234749,False,7.33,,1
KFBBXKBRSICFJT-UHFFFAOYSA-N,Cc1ccc2ccc(-c3nn(C(C)C)c4ncnc(N)c34)cc2n1,CHEMBL1242209,False,4.75,,1
PGXQNHGXDFCMOJ-UHFFFAOYSA-N,Cn1nc(-c2cnc3[nH]ccc3c2)c2c(N)ncnc21,CHEMBL1240565,False,4.82,,1
DBNKNZTWWHDYFH-AATRIKPKSA-N,C#CCNC/C=C/C(=O)Nc1cc2c(Nc3ccc(F)c(Cl)c3)c(C#N)cnc2cc1OCC,CHEMBL1243316,True,10.52,,1
QQTMJZNCEDYJES-UHFFFAOYSA-N,O=C(Nc1nccs1)Nc1cc(-c2cncnc2)ccc1OC(F)(F)F,CHEMBL3752248,False,7.14,,1
JBQQBZKFRAJJGL-UHFFFAOYSA-N,COc1cc(NC(=O)Nc2nccs2)cc(-c2cn(C)cn2)c1OC,CHEMBL3752129,False,6.44,,1
LQKXMXSDKMQWTR-UHFFFAOYSA-N,C=CC(=O)N1CCN(c2ccc(Nc3ncc(Cl)c(Oc4cccc(COc5no[n+]([O-])c5S(=O)(=O)c5ccccc5)c4)n3)c(OC)c2)CC1,CHEMBL2408830,True,6.46,,1
VOVOJNOXHDWRNB-UHFFFAOYSA-N,COC1CCN(c2nccc(Nc3cc4[nH]cnc4cn3)n2)CC1,CHEMBL3735952,False,6.06,,1
WBAMFNDJQOEJFN-PBHICJAKSA-N,CO[C@H]1CCN(c2nccc(Nc3cc4c(cn3)nc(C)n4C(C)C)n2)C[C@H]1F,CHEMBL3736183,False,6.6,,1
QTECWEWNSUDGNT-UHFFFAOYSA-N,C=CC(=O)Nc1nc2c(Cc3ccc(F)c(Cl)c3)ncnc2cc1OCCCN1CCOCC1,CHEMBL489897,True,8.82,,1
YJELZTGEMAQGHU-UHFFFAOYSA-N,OC1CCN(CCCOc2[nH]nc3ncnc(Nc4ccc(OCc5ccccn5)c(Cl)c4)c23)CC1,CHEMBL257860,False,8.05,,1
PLYBJTYMLUTPEL-UHFFFAOYSA-N,CCOC(=O)Nc1ccc(Nc2ncnc3cc(OCCN4CCOCC4)c(OC)cc23)cc1C,CHEMBL3221541,False,5.1,,1
TUWHDDIOMXGHHR-CYBMUJFWSA-N,C[C@@H](Nc1ncnc2[nH]c(-c3ccc(C#N)cc3)cc12)c1ccc(F)cc1,CHEMBL1914674,False,7.85,,1
SWMGNCSEVSFTQH-SSEXGKCCSA-N,CCCCCCC(=O)ON[C@H](CS(C)(=O)=O)c1ccc(-c2ccc3ncnc(Nc4ccc(OCc5cccc(F)c5)c(Cl)c4)c3c2)o1,CHEMBL3344219,False,6.96,,1
OATSLRIJQCVEAS-ONEGZZNKSA-N,CN(C)C/C=C/C(=O)N1CC(N2CC(C(=O)Nc3nc4cc(Cl)ccc4o3)c3c(N)ncnc32)C1,CHEMBL6061460,True,7.69,,1
CIGDLWJIFWLWPZ-UHFFFAOYSA-N,COc1cc2c(Nc3ccc(C)c(Br)c3)ncnc2cc1OCCOCCNC(=O)Cn1cnc([N+](=O)[O-])n1,CHEMBL4540303,False,9.43,,1
WYTDNCFQYUGZDI-UHFFFAOYSA-N,NC1CCc2c(c3cc(OCCc4ccc(O)cc4)ccc3n2CCCc2ccccc2)C1,CHEMBL1097189,False,5.6,,1
YIQIIWTUQHYAID-UHFFFAOYSA-N,COc1ccc(C(=O)Nc2ccc(Nc3ncnc4cc(OCCCN5CCN(C)CC5)c(OC)cc34)cc2)cc1,CHEMBL3759830,False,5.96,,1
NAXLMERECAQBQF-UHFFFAOYSA-N,C=CC(=O)Nc1ccc2ncnc(Nc3ccc(Br)c(OC)c3)c2c1,CHEMBL3133905,True,5.6,,1
IXEOKKGXQGCMGS-UHFFFAOYSA-N,Nc1[nH]n2c(=O)cc(-c3ccccc3)nc2c1N=Nc1ccc2c(c1)OCO2,CHEMBL2029700,False,5.28,,1
FTBHGTXTGYLDBW-UHFFFAOYSA-N,CC(C)S(=O)(=O)CC(=O)NCCn1ccc2ncnc(Nc3ccc(Oc4cccc(C(F)(F)F)c4)c(Cl)c3)c21,CHEMBL2148046,False,7.28,,1
GCMJIBUKSLVDKY-UHFFFAOYSA-N,CC(C)(C(=O)NCCn1ccc2ncnc(Nc3ccc(Oc4cccc(C(F)(F)F)c4)c(Cl)c3)c21)S(C)(=O)=O,CHEMBL2148049,False,7.33,,1
UVBKNBPCVRBUTF-UHFFFAOYSA-N,CC(C)(C(=O)NCCn1ccc2ncnc(Nc3ccc(Oc4cccc(Cl)c4)c(Cl)c3)c21)S(C)(=O)=O,CHEMBL2148052,False,7.96,0.0,2
RQMAIPGTFTXFPX-UHFFFAOYSA-N,Clc1ccc(Nc2ncnc3[nH]ccc23)cc1Br,CHEMBL5207949,False,8.44,,1
FBVWVWOOWQTPBH-UHFFFAOYSA-N,COc1cc(N2CCN(C)CC2)ccc1Nc1ncc(Cl)c(Oc2ccc(COc3no[n+]([O-])c3S(=O)(=O)c3ccccc3)cc2)n1,CHEMBL2408825,False,5.96,,1
YJEMBZBFLCJJAW-UHFFFAOYSA-N,O=C(Cc1csc2nc3ccccc3n12)Nc1cccc(O)c1,CHEMBL5185952,False,4.26,,1
FORPNFXLPTXFEE-UHFFFAOYSA-N,CC(C)(C)c1cc(Nc2nc(O)cs2)no1,CHEMBL4751085,False,6.82,,1
ZFDGMDVYMNWICG-UHFFFAOYSA-N,C=CC(=O)N1CCC(C2CCNc3c(C(N)=O)c(-c4cc(OC)c(C)c(OC)c4)nn32)CC1,CHEMBL5266481,True,5.48,,1
WDZZTNVBOLILQA-UHFFFAOYSA-N,C=CC(=O)N1CCC(C2CCNc3c(C(N)=O)c(-c4cc(OC)c(C5CCCC5)c(OC)c4)nn32)CC1,CHEMBL5272694,True,5.35,,1
JFVSWDKWHIEVLG-UHFFFAOYSA-N,O=c1nc2c(=C(O)Nc3ccc(CN4CCCC4)cc3)sc3ncnc(c32)n1-c1ccc(F)c(Cl)c1,CHEMBL3416628,False,8.15,,1
GROHRMFBORBVQD-UHFFFAOYSA-N,COc1ccccc1-c1cc2c(NC(C)c3ccccc3)ncnc2s1,CHEMBL3416591,False,7.72,,1
YBEYMRLSNFBAIC-UHFFFAOYSA-N,COc1cc2ncnc(Nc3ccc(Br)cc3F)c2cc1OCCCN1CCNCCNCC1,CHEMBL4435885,False,7.55,,1
AURNDRDGFOEYTM-UHFFFAOYSA-N,CCc1cccc(NC(=O)CSc2nc3cc4ccccc4cc3c(=O)n2-c2ccc(S(N)(=O)=O)cc2)c1,CHEMBL5281270,False,7.66,,1
DIMLJOPEJOMHIT-SDMSFHIGSA-N,O=C(N/N=C/c1cnc(N2CCCC2)nc1)Nc1cc2c(Nc3ccc(F)c(Cl)c3)ncnc2cc1O[C@H]1CCOC1,CHEMBL5289358,False,8.2,,1
DZQPJZWTLANTON-UHFFFAOYSA-N,O=S(=O)(Nc1ccccn1)c1ccc(Nc2nncc3ccccc23)cc1,CHEMBL3978686,False,7.08,,1
RAEOEBBAAKUVNC-UHFFFAOYSA-N,CC(=O)c1cccc(Nc2ncnc3cc4oc(=O)n(CCCN5CCOCC5)c4cc23)c1,CHEMBL2064391,False,5.17,,1
YTJLLAITSOTQFG-UHFFFAOYSA-N,O=c1oc2cc3ncnc(Nc4ccc(OCc5ccccn5)cc4)c3cc2n1CCCN1CCOCC1,CHEMBL2064394,False,5.77,,1
MNJZUIGMIQIFAV-UHFFFAOYSA-N,O=C(CN1CCC(CCO)CC1)Nc1cc2c(Nc3ccc(F)c(Cl)c3)ncnc2s1,CHEMBL3233764,False,6.27,,1
LINHGPOBLOFLBF-UHFFFAOYSA-N,C=CCOC(=O)Nc1cc2c(Nc3ccc(F)c(Cl)c3)ncnc2s1,CHEMBL3233769,False,5.75,,1
QYLCQESZNMYESM-GQCTYLIASA-N,CN(C)CCCN(C)C/C=C/C(=O)Nc1cc2c(Nc3ccc(F)c(Cl)c3)ncnc2s1,CHEMBL3233781,True,7.03,,1
DSRKEHXDGGXWSO-ONEGZZNKSA-N,CCN1CCN(C/C=C/C(=O)Nc2cc3c(Nc4ccc(F)c(Cl)c4)ncnc3s2)CC1,CHEMBL3233790,True,7.46,,1
OBIDTTZXDSPDMR-OWOJBTEDSA-N,O=C(/C=C/CN1CCS(=O)(=O)CC1)Nc1cc2c(Nc3ccc(F)c(Cl)c3)ncnc2s1,CHEMBL3233793,True,7.54,,1
MFBMGGILJVFTKT-UHFFFAOYSA-N,C=CC(=O)Nc1cc(Nc2ncc(I)c(Nc3ccccc3S(=O)(=O)C(C)C)n2)c(OC)cc1N(C)CCN(C)C,CHEMBL4531697,True,6.06,,1
XSUBICJCIGSEHS-PEBGULEFSA-N,CCc1ccc(C(=O)/C=C\C(=O)O[C@H](CC=C(C)C)C2=CC(=O)c3c(O)ccc(O)c3C2=O)cc1,CHEMBL4529521,False,7.29,,1
HKVMMGDJWSYACQ-UHFFFAOYSA-N,C=CC(=O)Nc1ccc2ncnc(Nc3ccc(CC)cc3)c2c1,CHEMBL3133909,True,5.5,,1
MHXBBZWYXLFNEE-UHFFFAOYSA-N,C=CC(=O)Nc1ccc2ncnc(Nc3cccc(CC)c3)c2c1,CHEMBL3133908,True,5.57,,1
URSAVMMLTMTCOJ-UHFFFAOYSA-N,CCS(=O)(=O)N1CCC(c2nc(-c3ccc(F)cc3)c(-c3ccnc(Nc4ccc5c(ccn5CCN(C)C)c4)n3)s2)CC1,CHEMBL5430547,False,6.97,,1
CQCHWVJIDPPZIH-UHFFFAOYSA-N,CS(=O)(=O)N1CCN(Cc2ccc(-c3ccc4ncnc(Nc5ccc(OCc6cccc(F)c6)c(Cl)c5)c4c3)o2)CC1,CHEMBL3436358,False,7.22,,1
IOWFCZSAGHCMTJ-UHFFFAOYSA-N,CC(=O)N1CCN(Cc2ccc(-c3ccc4ncnc(Nc5ccc(OCc6cccc(F)c6)c(Cl)c5)c4c3)o2)CC1,CHEMBL3436359,False,7.94,,1
YXAQENFRPVZZLS-UHFFFAOYSA-N,CCCN1CCC(c2cc(OC)c(Nc3nccc(-c4c(-c5ccc(OC)c(C(=O)Nc6c(F)cccc6F)c5)nc5ccccn45)n3)cc2C)CC1,CHEMBL3937303,False,6.0,,1
KBHOZTNSGNVWQF-UHFFFAOYSA-N,C=CC(=O)Nc1cc2c(Nc3ccc(Br)cc3F)ncnc2cc1OCCNC(=O)CN(C)CC,CHEMBL3671528,True,6.7,0.0,2
CMFVTAHMZDUCJB-GOSISDBHSA-N,C=CC(=O)N1CC[C@@H](n2nc(Nc3ccc(Oc4ccccc4)cc3)c3cnc4[nH]cnc2c43)C1,CHEMBL5404368,True,6.15,,1
HOMYMXOXYOGBAB-UHFFFAOYSA-N,c1ccc2c(c1)CCN2c1ncnc2cc3c(cc12)NCN3CCN1CCCC1,CHEMBL5425121,False,7.5,,1
MHCHEXSMXOLRBL-UHFFFAOYSA-N,Cc1sc([Se]c2sc(C)c(-c3cccc(F)c3)c2C(=O)NC(C)C(=O)N2CCCC2)c(C(=O)NC(C)C(=O)N2CCCC2)c1-c1cccc(F)c1,CHEMBL5425169,False,6.08,,1
CBZIPGPDJXMUAK-OYRHEFFESA-N,C=CC(=O)N1C[C@@H]2CN(c3nc(Nc4ccc(N5CCN(C)CC5)cc4)c4ncn(C(C)C)c4n3)C[C@@H]2C1,CHEMBL3608430,True,6.74,,1
CNFFTMQETFKKJZ-UHFFFAOYSA-N,CN(C)S(=O)(=O)c1ccc(Nc2nc(Cl)nc3cc4c(cc23)OCO4)cc1,CHEMBL3098313,False,4.74,,1
MVAYPHGEGDDSJN-UHFFFAOYSA-N,COc1cc2c(Oc3ccc(NC(=O)c4cn(-c5ccccc5Cl)nn4)cc3F)ccnc2cc1OCCCN1CCCCC1,CHEMBL3823520,False,6.28,,1
YZDMQRNGIDAMFR-UHFFFAOYSA-N,Cc1cc(F)cc(Nc2cc(NC(=O)Nc3c(Cl)cccc3Cl)ncn2)c1,CHEMBL4537004,False,6.4399999999999995,0.2262741699796951,2
ULUQCXYPIVGYDV-UHFFFAOYSA-N,Cc1ccc(Nc2ncnc3[nH]c(C)c(C)c23)cc1,CHEMBL307599,False,5.68,,1
YGYDLLIBDNXPTH-ZDUSSCGKSA-N,CC[C@H](C)Nc1cc(Nc2ccnc(-c3cnn(S(=O)(=O)C4CC4)c3)n2)ncc1C(=O)NC,CHEMBL5410422,False,7.35,0.0,2
BKQWEZFPNVLUDW-INIZCTEOSA-N,CC[C@H](C)Nc1cc(Nc2ccnc(-c3cnn(S(=O)(=O)C4CC4)c3)n2)ncc1C(=O)NCCN(C)C,CHEMBL5401619,False,6.58,,1
QQMOCUDUISYUKW-UHFFFAOYSA-N,C#Cc1ccc2ncnc(Nc3ccc(F)c(Cl)c3)c2c1,CHEMBL249509,False,6.9,,1
KIMIFWRATWXZEO-RMKNXTFCSA-N,O=C(/C=C/CN1CCCC1)Nc1cc2c(Nc3ccc4c(cnn4Cc4ccccc4)c3)ncnc2cn1,CHEMBL3948267,True,7.88,0.9050966799187804,2
RTWIUHXCAFIOQK-UHFFFAOYSA-N,Cc1cc(NS(=O)(=O)c2ccc(Nc3nncc4ccccc34)cc2)no1,CHEMBL3899216,False,6.89,,1
FEPYBAFFXFFSLC-UHFFFAOYSA-N,Cn1cc(-c2ccc3ncnc(Nc4ccc5ncccc5c4)c3c2)cn1,CHEMBL3828079,False,7.36,,1
FVMIAPQLQLJTFD-UHFFFAOYSA-N,NCCc1c[nH]c2ccc(OCCc3ccc(O)cc3)cc12,CHEMBL1095957,False,5.68,,1
PWPSIWFFYVGDHO-UHFFFAOYSA-N,Oc1cc2cc(-c3ccncc3)cnc2cc1O,CHEMBL87084,False,5.3,,1
WEHBYMAQEWSDGM-UHFFFAOYSA-N,CN1CCN(c2ccc(Nc3ncc(Br)c(Nc4ccc5[nH]ncc5c4)n3)cc2)CC1,CHEMBL5277940,False,6.41,,1
HGYBNHNDGYUHSD-UHFFFAOYSA-N,CC(=O)N1CCc2cc(Nc3nc(Nc4ccc(N5CCN(C)CC5)cc4)ncc3Br)ccc21,CHEMBL5280953,False,4.84,,1
HZQPSRDZPVYMEE-UHFFFAOYSA-N,COc1cc2c(Oc3ccc(C4SCC(=O)N4NC(=O)Nc4ccc(F)c(F)c4F)cc3)ccnc2cc1OCCCN1CCOCC1,CHEMBL4456688,False,5.37,,1
LJPJBQCFWBHSEJ-CYBMUJFWSA-N,C[C@@H](Nc1ncnc2sc(-c3ccc(C=O)cc3F)cc12)c1ccccc1,CHEMBL3759649,False,7.23,,1
RNJBDSKCYVELPW-UHFFFAOYSA-N,COc1cc(CO)ccc1-c1cc2c(Nc3ccccc3)ncnc2s1,CHEMBL3758768,False,7.85,,1
VUWJAUDVPQZJHG-UHFFFAOYSA-N,COc1cc2ncnc(Nc3cccc(Cl)c3F)c2cc1CN(C)C1(C(N)=O)CN(C(C)C)C1,CHEMBL425601,False,8.05,,1
QANFVYUCQKENPQ-UHFFFAOYSA-N,COc1cc2ncnc(Nc3cccc(Cl)c3F)c2cc1CN(C)C(C)C(=O)N(C)C,CHEMBL380006,False,7.4,,1
JUVXXGGZNUXNLD-UHFFFAOYSA-N,COc1cc2ncnc(Nc3cccc(Cl)c3F)c2cc1CN1CCC1C(N)=O,CHEMBL207246,False,7.16,,1
WKIVNYVECBOILW-UHFFFAOYSA-N,COc1cc2ncnc(Nc3cccc(Cl)c3F)c2cc1CN1CCN(C)CC1C(N)=O,CHEMBL204420,False,7.52,,1
LJQYPRWRCBYQIO-UHFFFAOYSA-N,COc1cc2ncnc(Nc3cccc(Cl)c3F)c2cc1CN1CCC(C(N)=O)C1,CHEMBL380454,False,7.1,,1
XQWATEKYOOFROO-UHFFFAOYSA-N,Nc1cccc(C#Cc2cncnc2Nc2ccc(OCc3cccc(F)c3)c(Cl)c2)c1,CHEMBL205235,False,7.38,,1
CLBOINXYHCGVSR-UHFFFAOYSA-N,C=CC(=O)N1CCC(Oc2nc(Nc3ccc(N4CCN(C(C)=O)CC4)cc3)nc3[nH]cc(-c4cncc(NC)n4)c23)CC1,CHEMBL4463563,True,6.04,,1
JAMLTCRXUQOWMS-HNNXBMFYSA-N,C=CC(=O)Nc1cccc(-c2c(-c3ccccc3)oc3ncnc(N[C@@H](C)CO)c23)c1,CHEMBL5437252,True,7.15,,1
BJYFMZFHBCHSNE-UHFFFAOYSA-N,C=CC(=O)Nc1cccc(-c2c(-c3ccccc3)oc3ncnc(N(C)C)c23)c1,CHEMBL5438475,True,6.45,,1
YSDNKQSDBIJRDN-UHFFFAOYSA-N,C=CC(=O)Nc1cccc(-c2c(-c3ccc(N4CCN(C)CC4)cc3)oc3ncnc(NCCO)c23)c1,CHEMBL5430958,True,7.6,,1
RZZXSXRNCYAIQX-LGJNPRDNSA-N,COc1cc(/C=N/NC(=O)COC2=NC(C)=NC3C2C(C)=NN3c2ccccc2)cc(OC)c1OC,CHEMBL5281486,False,5.38,,1
VEOKVBJQCDUAPF-UHFFFAOYSA-N,Cc1ccccc1NC(=O)CSc1nc2cc3ccccc3cc2c(=O)n1-c1ccc(S(N)(=O)=O)cc1,CHEMBL5280584,False,7.92,,1
PYKAVGMHBXWHKV-UHFFFAOYSA-N,CC(=O)N1N=C(c2ccccc2)CC1c1ccc(C(=O)OC(C)Cn2c([N+](=O)[O-])cnc2C)cc1,CHEMBL3747570,False,4.91,0.0,2
QIZIADMZXFUUMW-UHFFFAOYSA-N,CC(=O)N1N=C(c2ccc(Br)cc2)CC1c1ccc(C(=O)OC(C)Cn2c([N+](=O)[O-])cnc2C)cc1,CHEMBL3747776,False,5.22,0.0,2
IVNHADUIIBLSJE-UHFFFAOYSA-N,C=CC(=O)Nc1ccc2ncnc(Nc3ccc(S(=O)(=O)N=C(N)N)cc3)c2c1,CHEMBL3133911,True,4.27,,1
AQIJMTSZDSRYIF-UHFFFAOYSA-N,C=CC(=O)Nc1cc(Nc2nccc(Nc3cn(C)c4ccccc34)n2)c(OC)cc1N(C)CCN(C)Cc1ccc(Br)cc1,CHEMBL5082074,True,5.61,,1
PCOWIWPGWAPOBJ-UHFFFAOYSA-N,C=CC(=O)Nc1cc(Nc2nccc(Nc3ccn(C)n3)n2)c(OC)cc1N(C)CCN(C)C(=O)OC,CHEMBL5093794,True,5.31,,1
UGUJFPIEAZXKAK-UHFFFAOYSA-N,Cn1nc(-c2ccc3ncccc3c2)c2c(N)ncnc21,CHEMBL1242756,False,4.47,,1
OKMYPKRTNJXZFY-UHFFFAOYSA-N,COc1ccc2c(c1)SCc1cnc(-c3ccccc3)nc1-2,CHEMBL481789,False,5.33,,1
IXOZLNXGNORHSV-UHFFFAOYSA-N,Clc1ccc2c(c1)SCc1cnc(Nc3ccccc3)nc1-2,CHEMBL3628816,False,4.67,,1
CGWDFIYFJPIFIK-UHFFFAOYSA-N,O=C(Nc1ccc(Nc2ncnc3sc4c(c23)CCCC4)cc1)Nc1cccc(Br)c1,CHEMBL3628799,False,5.4,,1
RFGYFZFUMBQSCW-GICMACPYSA-N,COc1cc2c(Nc3ccc(Cl)c(Cl)c3)ncnc2cc1OCC1CN2CSC[C@H]2CO1,CHEMBL3917294,False,6.28,,1
PAWXHHDPFDLOAD-UHFFFAOYSA-N,C=CC(=O)Nc1cc2c(Nc3ccc(NC(=O)C=C)c(C(F)(F)F)c3)ncnc2cc1OCCOC,CHEMBL3622619,True,6.94,,1
KJWFTBOQRPCFQT-FQEVSTJZSA-N,C=CC(=O)Nc1cc2c(Nc3ccc(OCc4cccc(F)c4)c(Cl)c3)ncnc2cc1O[C@H]1CCOC1,CHEMBL3622621,True,6.25,,1
NGKDXIDMJWVNHU-UHFFFAOYSA-N,Clc1cc(Nc2ncnc3cccc(OC4CCOCC4)c23)ccc1OCc1ccccn1,CHEMBL193578,False,5.62,,1
HVRYIRJKLABXOI-UHFFFAOYSA-N,CCNC(=O)Nc1ccc(C(=O)Nc2ccc3ncnc(Nc4ccc(F)c(Cl)c4)c3c2)cc1,CHEMBL3633941,False,7.51,,1
PRRHHSZMXNBBIY-UHFFFAOYSA-N,CCOC(=O)C(C=Nc1ccc2ncnc(Nc3ccc(OCc4ccccn4)c(Cl)c3)c2c1)C(=O)OCC,CHEMBL3632637,False,5.99,,1
GHTLLOINTVOGEI-UHFFFAOYSA-N,CCOC(=O)C(C=Nc1ccc2ncnc(Nc3ccc(Oc4cccc(C(F)(F)F)c4)c(Cl)c3)c2c1)C(=O)OCC,CHEMBL3633934,False,7.64,,1
VJZFBNUADOMMRR-UHFFFAOYSA-N,C=CC(=O)N1CCC(Oc2cc3c(Nc4ccc(Cl)cc4Cl)ncnc3cc2OC)C1,CHEMBL5829626,True,6.295,0.38686776379877746,6
SYPGAGFPJXJXQM-UHFFFAOYSA-N,C=CC(=O)N1CCC(Oc2cc3c(Nc4ccc(Cl)c(Cl)c4)ncnc3cc2OC)C1,CHEMBL5864179,True,7.58,0.32060359740131833,6
QZAFRIPQDUTAAT-UHFFFAOYSA-N,C=CC(=O)N1CCC(Oc2cc3c(Nc4ccccc4)ncnc3cc2OC)C1,CHEMBL5919894,True,6.355,0.48230350057475896,6
XXFDMGXYEIKFNZ-SNVBAGLBSA-N,C#Cc1nn([C@@H]2CCCN(C(=O)C=C)C2)c2ncnc(N)c12,CHEMBL4071151,True,5.83,,1
OHFLTNCKAQGSQW-UHFFFAOYSA-N,C=CC(=O)N1Cc2nc(-c3ccc(F)c(Oc4cc(F)ccn4)c3)n(-c3ccncc3)c2C1,CHEMBL6169497,True,6.2,,1
VXEZGARHOOQROF-UHFFFAOYSA-N,Cc1ccc(C(=O)Nc2ccc(CN3CCN(C)CC3)c(C(F)(F)F)c2)cc1NC(=O)c1cccnc1,CHEMBL3234736,False,6.26,,1
QZQHIZMWLSSLTB-UHFFFAOYSA-N,Cc1ccc(C(=O)Nc2ccc(CN3CCN(C)CC3)c(C(F)(F)F)c2)cc1NC(=O)c1ccccn1,CHEMBL3234737,False,6.24,,1
GMPJXUDTHSYMFG-UHFFFAOYSA-N,Cc1ccc(C(=O)Nc2ccc(CN3CCN(C)CC3)c(C(F)(F)F)c2)cc1NC(=O)c1cnccn1,CHEMBL3234740,False,5.41,,1
XBWYQGMQBNVPMF-VOTSOKGWSA-N,CCOc1cc2ncc(C#N)c(Nc3ccc(Oc4ccn5ncnc5c4)c(C)c3)c2cc1NC(=O)/C=C/CN(C)C,CHEMBL5567125,True,8.15,,1
TVMGXFANDKLGPL-UHFFFAOYSA-N,Fc1cccc(Cn2ncc3cc(Nc4ncnn5ccc(COCC6CCNCC6)c45)ccc32)c1,CHEMBL246072,False,6.89,,1
JFPGALAHAHQULC-UHFFFAOYSA-N,NCCOCc1ccn2ncnc(Nc3ccc4c(cnn4Cc4cccc(F)c4)c3)c12,CHEMBL394333,False,7.05,,1
MEHRBVQTOVMMDP-UHFFFAOYSA-N,NC(=O)COCc1ccn2ncnc(Nc3ccc4c(cnn4Cc4cccc(F)c4)c3)c12,CHEMBL246694,False,6.85,,1
JJHHXMMEZIIKRB-UHFFFAOYSA-N,COCc1ccn2ncnc(Nc3ccc4c(cnn4Cc4cccc(F)c4)c3)c12,CHEMBL394056,False,6.47,,1
OOTXQYMRZHCTQX-UHFFFAOYSA-N,COc1ccc(C=Nn2c(-c3cnn(-c4ccc(S(C)(=O)=O)cc4)c3C)n[nH]c2=S)cc1OC,CHEMBL6164518,False,6.67,,1
ZARRIXLICWRYPO-UHFFFAOYSA-N,ON=C(O)CCCOc1cc2ncnc(Nc3ccccc3Cl)c2c2c1OCCO2,CHEMBL6190493,False,6.54,,1
XLHHBQAJQUUMHA-UHFFFAOYSA-N,ON=C(O)CCCCOc1cc2ncnc(Nc3cccc(Cl)c3)c2c2c1OCCO2,CHEMBL6191667,False,8.01,,1
OUTKNLODFSGJDT-VWLOTQADSA-N,Cc1cc(Nc2ncc3c(n2)N([C@H]2CCN(C(=O)C(C)C)C2)C(=O)N(c2ccccc2Cl)C3)ccc1N1CCN(C)CC1,CHEMBL4095063,False,8.07,,1
CDCDYZLBZBKEPF-VWLOTQADSA-N,Cc1cc(Nc2ncc3c(n2)N([C@H]2CCN(C(=O)C4CC4)C2)C(=O)N(c2ccccc2Cl)C3)ccc1N1CCN(C)CC1,CHEMBL4064937,False,7.54,,1
XPMWGTNAXLLKKV-MHZLTWQESA-N,Cc1cc(Nc2ncc3c(n2)N([C@H]2CCN(C(=O)C4CCCC4)C2)C(=O)N(c2ccccc2Cl)C3)ccc1N1CCN(C)CC1,CHEMBL4084868,False,7.59,,1
UMVCNODYSQKDEI-QFIPXVFZSA-N,CCC(=O)N1CC[C@H](N2C(=O)N(c3cc(OC)ccc3F)Cc3cnc(Nc4ccc(N5CCN(C)CC5)c(F)c4)nc32)C1,CHEMBL4079506,False,5.89,,1
YVBSJIIHTNLMKZ-DEOSSOPVSA-N,CCC(=O)N1CC[C@H](N2C(=O)N(c3cc(OC)ccc3F)Cc3cnc(Nc4ccc(N5CCCCC5)c(C)c4)nc32)C1,CHEMBL4062192,False,6.33,,1
DHVYOQJAIUYUNV-UHFFFAOYSA-N,O=C(Nc1ccc2ncnc(Nc3cccc(Cl)c3)c2c1)C1CCC2(CC1)OOC1(OO2)C2CC3CC(C2)CC1C3,CHEMBL4067373,False,6.42,,1
AHWBQKARTYIOQF-UHFFFAOYSA-N,COC(=O)CNC(=O)c1ccc(Nc2ncnc3cc(OCCCN4CCN(C)CC4)c(OC)cc23)cc1,CHEMBL3975598,False,6.21,,1
VLPPFMGJVIPXMF-UHFFFAOYSA-N,COc1cc2c(Nc3ccc(NC(=O)Nc4cccc(Cl)c4)cc3)ncnc2cc1OCCCN1CCN(C)CC1,CHEMBL3896615,False,6.3,,1
WUJAMNFPUYJZFR-UHFFFAOYSA-N,COc1ccc2nc(Cl)c(C3CC(c4ccc(C)cc4)=NN3c3nc(C)c(C(=O)Nc4ccccc4)s3)cc2c1,CHEMBL5269307,False,7.37,,1
OQKZCHBURWTIEB-UHFFFAOYSA-N,C=CC(=O)Nc1cccc(Oc2nc(Nc3ccc(N4CCN(C)CC4)c([N+](=O)[O-])c3)nc3[nH]ccc23)c1,CHEMBL4850239,True,6.96,,1
JIGUCXPMOHEAMU-QHCPKHFHSA-N,O[C@H]1CNCCN(Cc2ccn3ncnc(Nc4ccc5c(cnn5Cc5cccc(F)c5)c4)c23)C1,CHEMBL233325,False,7.58,,1
KAQAVWVXKVKDIM-UHFFFAOYSA-N,CN(CCO)Cc1ccn2ncnc(Nc3ccc4c(cnn4Cc4cccc(F)c4)c3)c12,CHEMBL391521,False,6.96,,1
BCCINWGAZNJYCR-QGZVFWFLSA-N,C=CC(=O)N1CCC[C@@H](n2nc(-c3ccc(Oc4ccn5ncnc5c4)cc3)c3c(N)ncnc32)C1,CHEMBL5523557,True,5.58,,1
UOLDQEKGGZFSIN-UHFFFAOYSA-N,C=CC(=O)N1CC2(n3nc(-c4ccc(Oc5ccc6c(c5)ncn6C)c(C)c4)c4c(C)ncnc43)CC1C2,CHEMBL5561933,True,5.67,,1
MVZGYPSXNDCANY-UHFFFAOYSA-N,C=CC(=O)Nc1ccc2ncnc(Nc3ccc(OCc4cccc(F)c4)c(Cl)c3)c2c1,CHEMBL1947204,True,9.3,,1
CGEXHLHDHYIOQN-HXUWFJFHSA-N,C=CC(=O)Nc1cccc(-c2c(-c3ccccc3)oc3ncnc(N[C@H](CO)C(C)C)c23)c1,CHEMBL5408586,True,7.36,,1
BLJYJWPCGBEXRJ-UHFFFAOYSA-N,C=CC(=O)Nc1cc(-c2c(-c3ccccc3)oc3ncnc(NC4CCCC4)c23)ccc1N1CCN(C)CC1,CHEMBL5431658,True,6.96,,1
CFZBUGFGRWKJKH-UHFFFAOYSA-N,C=CC(=O)Nc1cc(-c2c(-c3ccccc3)oc3ncnc(NCCO)c23)ccc1N(C)CCN(C)C,CHEMBL5416719,True,6.78,,1
MINQSXMWMZOXDU-SZPZYZBQSA-N,C=CC(=O)Nc1cc(-c2c(-c3ccccc3)oc3ncnc(N[C@H]4C[C@@H](O)C4)c23)ccc1N(C)CCN(C)C,CHEMBL5403023,True,7.12,,1
MINQSXMWMZOXDU-HZCBDIJESA-N,C=CC(=O)Nc1cc(-c2c(-c3ccccc3)oc3ncnc(N[C@H]4C[C@H](O)C4)c23)ccc1N(C)CCN(C)C,CHEMBL5437854,True,7.11,,1
RWLVCMCVCFJFDU-UHFFFAOYSA-N,OCC#Cc1ccc2ncnc(Nc3ccc(F)c(Cl)c3)c2c1,CHEMBL249919,False,7.85,,1
ZOLXBMQAPYBKAF-UHFFFAOYSA-N,Fc1ccc(Nc2ncnc3ccc(C#Cc4cccs4)cc23)cc1Cl,CHEMBL398963,False,5.79,,1
GIPIRBPYCRHAIJ-UHFFFAOYSA-N,COc1cc2ncnc(Nc3cccc(C#CC(C)(C)O)c3)c2cc1OC,CHEMBL248864,False,6.69,,1
IOCMISOXJROINT-UHFFFAOYSA-N,COc1cc2ncnc(Nc3cccc(C#CCCCO)c3)c2cc1OC,CHEMBL437197,False,5.87,,1
NLIUCSKZGNJKGU-UHFFFAOYSA-N,NC1CCN(Cc2ccn3ncnc(Nc4ccc5c(cnn5Cc5ccccn5)c4)c23)CC1,CHEMBL247914,False,7.33,,1
JKJHAFYDAMDTAT-UHFFFAOYSA-N,COc1cn2ncnc(Nc3ccc4c(cnn4Cc4cccc(F)c4)c3)c2c1CN1CCC(N)CC1,CHEMBL391181,False,7.4,,1
XFUGKGRUXXJRJA-UHFFFAOYSA-N,CS(=O)(=O)CCNC1CCN(Cc2ccn3ncnc(Nc4ccc5c(cnn5Cc5cccc(F)c5)c4)c23)CC1,CHEMBL246898,False,6.7,,1
MLYHNVDOBUQIID-UHFFFAOYSA-N,CNC1CCN(Cc2ccn3ncnc(Nc4ccc5c(cnn5Cc5cccc(F)c5)c4)c23)CC1,CHEMBL391779,False,7.2,,1
ZPEIMTDSQAKGNT-UHFFFAOYSA-N,CN(C)CCCN1c2ccccc2Sc2ccc(Cl)cc21,CHEMBL71,False,4.54,,1
KOFGCEDKGQUYDQ-UHFFFAOYSA-N,COc1ccc(-c2cn(-c3ccccc3)c3ncnc(N)c23)cc1,CHEMBL176705,False,6.46,,1
OIQFBHIJWBNDKU-UHFFFAOYSA-N,CN(Cc1ccccc1F)c1ncnc2[nH]c(-c3ccc(CO)cc3)cc12,CHEMBL5434318,False,7.35,,1
BPKVTDLMFZLJIM-FQEVSTJZSA-N,CN(c1ncnc2[nH]c(-c3ccc(CO)cc3)cc12)[C@@H](CO)c1ccccc1,CHEMBL5419520,False,7.19,,1
WDTMMWXYUKMGGU-UHFFFAOYSA-N,Cc1cccc(CN(C)c2ncnc3[nH]c(-c4ccc(C(=O)O)cc4)cc23)c1,CHEMBL5439126,False,7.28,,1
VEJPWGXNKCIDPG-UHFFFAOYSA-N,CNc1cncc(-c2c[nH]c3nc(Nc4ccc(N5CCN(C(C)=O)CC5)cc4)nc(OC4CCCCC4)c23)n1,CHEMBL4520286,False,6.18,,1
OVZFGDLRGZEYKG-HSZRJFAPSA-N,C=CC(=O)N1CCC[C@@H]1COc1nc(Nc2ccc(N3CCN(C(C)=O)CC3)cc2)nc2[nH]cc(-c3cncc(NC)n3)c12,CHEMBL4593230,True,6.82,,1
CBCRSGGZQNTNEU-ILXDMJNLSA-N,C/C=C/C(=O)Nc1cccc(-c2c(-c3ccccc3)oc3ncnc(N[C@H](CO)c4ccccc4)c23)c1,CHEMBL4448148,True,6.62,,1
NVUNVZJAZOJWRZ-UHFFFAOYSA-N,CCCCCCCCCNc1nc2ccccc2c2c(C(=O)c3ccc(F)cc3)c(N)cn12,CHEMBL5282557,False,6.8,,1
TYIJYIGEKOSLCM-UHFFFAOYSA-N,CCc1c(C(=O)NCCCn2ccnc2)cn2ncnc(Nc3ccc4c(cnn4Cc4ccccc4)c3)c12,CHEMBL193681,False,7.4,,1
KVFDSGCJLHAQKA-UHFFFAOYSA-N,CC(=O)c1nn(-c2ccc(Cl)cc2)cc1C(=O)c1c(C)[nH]c(-c2ccccc2)c1-c1ccccc1,CHEMBL3739587,False,5.35,,1
QOWXYGQKYJHGRZ-UHFFFAOYSA-N,CCOC(=O)c1nn(-c2ccc(C)cc2)cc1C(=O)c1c(C)[nH]c(-c2ccccc2)c1-c1ccccc1,CHEMBL3742349,False,5.1,,1
RACDIYVVIGQFAY-UHFFFAOYSA-N,CC(=O)N1N=C(c2ccc(Br)cc2)CC1c1ccc(C(=O)OCCn2c([N+](=O)[O-])cnc2C)cc1,CHEMBL3746212,False,5.38,0.0,2
RXSWGOQRLDFWFT-UHFFFAOYSA-N,Fc1ccc(Nc2ncnc3c2NCc2cc(Br)ccc2O3)cc1Cl,CHEMBL206280,False,5.390000000000001,0.43840620433565985,2
JFJUDTHJJPEOAI-UHFFFAOYSA-N,COc1cc(OC2CCNCC2)c2c(Nc3ccc(F)c(Cl)c3)ncnc2c1,CHEMBL205149,False,8.0,,1
XNOARGPJYCCLKI-OWOJBTEDSA-N,O=C(/C=C/CNC1CC1)Nc1cc2c(Nc3ccc(F)c(Cl)c3)ncnc2cc1OC(F)F,CHEMBL3622667,True,8.02,,1
PBUHNKLFJPQTHB-AATRIKPKSA-N,COCCOc1cc2ncnc(Nc3ccc(F)c(Cl)c3)c2cc1NC(=O)/C=C/CN1CCCCC1,CHEMBL3622651,True,8.68,,1
AYNJDFMFFIERLA-OGPASDKVSA-N,CN(C)C/C=C/C(=O)Nc1cc2c(Nc3ccc(OCc4cccc(F)c4)cc3)ncnc2cc1O[C@H]1CCOC1,CHEMBL3622642,True,6.87,,1
MLHDLQIHGCIPJQ-ZDUSSCGKSA-N,C=CC(=O)Nc1cc2c(Nc3ccc(F)c(Cl)c3)ncnc2cc1O[C@H]1CCOC1,CHEMBL3622629,True,8.24,,1
NPKOZYOFDUHYDT-ZDUSSCGKSA-N,C=CC(=O)Nc1cc2c(Nc3ccc(Cl)c(C(F)(F)F)c3)ncnc2cc1O[C@H]1CCOC1,CHEMBL3622626,True,6.98,,1
SNHKARUQVBJTQS-UHFFFAOYSA-N,CC(C)n1nc(-c2ccc3[nH]ncc3c2)c2c(N)ncnc21,CHEMBL1242386,False,5.96,,1
HLSFKKBVOPHVAO-UKRRQHHQSA-N,C=CC(=O)N[C@@H]1CN(c2nc(Nc3cn(C)nc3C)c3ncn(C(C)C)c3n2)C[C@H]1F,CHEMBL3608432,True,5.0,,1
GGBRHDVTKTXRBX-UHFFFAOYSA-N,C=CC(=O)Nc1ccc2ncnc(Nc3cc(F)c(Cl)c(Cl)c3)c2c1,CHEMBL3613702,True,10.43,,1
ZMNIUTKMAXSZLK-UHFFFAOYSA-N,Cc1cccc(C)c1Nc1ncc(-c2ccc(OCC3CCCN(C)C3)cc2)n2cncc12,CHEMBL534948,False,5.56,,1
YILVNDUVPVMTNQ-HXUWFJFHSA-N,NC(=O)c1ncc(N2CCC[C@@H](N)C2)nc1Nc1ccc(C2CCN(C3CCCC3)CC2)cc1,CHEMBL5944879,False,6.26,,1
ANUHLKPVOXDYSK-UHFFFAOYSA-N,COc1cc(Nc2c(C#N)cnc3cc(-c4coc(CN5CCN(C)CC5)c4)c(OC)cc23)c(Cl)cc1Cl,CHEMBL219557,False,6.64,,1
WWFYYEUUXFNAFM-GOSISDBHSA-N,CN(C)C(=O)N[C@@H]1CCCN(c2cnc(C(N)=O)c(Nc3ccc(C4(C(=O)N(C)C)CC4)cc3)n2)C1,CHEMBL5832906,False,5.26,,1
UMOCAEVXOIRVAY-UHFFFAOYSA-N,COc1ccccc1C(=O)NCc1ccc(-c2nn(CC(C)C)c3ncnc(N)c23)cc1,CHEMBL5784892,False,6.26,,1
MHZQGPLDTLQICR-UHFFFAOYSA-N,COc1cc2ncnc(Nc3ccc(NC(=O)Nc4ccc(Cl)c(C(F)(F)F)c4)cc3)c2cc1OCCCN1CCOCC1,CHEMBL3133751,False,6.54,,1
UVCRUPLTNLNJDD-DEOSSOPVSA-N,COc1cc(O[C@H]2CCN(C)CC2(F)F)c2c(Nc3cc(C)c(Oc4ccn5ncnc5c4)cc3F)ncnc2c1,CHEMBL5977568,False,5.86,,1
FOMAIMPXVLHOCI-UHFFFAOYSA-N,CCN(CC)CCOc1ccc(Nc2cc(NC(=O)Nc3c(Cl)cccc3Cl)ncn2)cc1,CHEMBL253292,False,6.42,,1
QNTIYLZUSHSUDA-GORDUTHDSA-N,O=C(/C=C/Cn1ccnc1)N1CCOc2cc3ncnc(Nc4ccc(OCc5cccc(F)c5)c(Cl)c4)c3cc21,CHEMBL4634499,True,6.92,,1
NVHCPPNJEXAXNA-UHFFFAOYSA-N,COCCOc1cc2ncc(C#N)c(Nc3cccc(Br)c3)c2cc1OCCOC,CHEMBL109515,False,5.96,,1
WGCFPJONRQWILN-UHFFFAOYSA-N,N#Cc1cnc2cc3c(cc2c1Nc1cccc(Br)c1)OCCCO3,CHEMBL325981,False,5.29,,1
KCTRDGYZIGFRDH-UHFFFAOYSA-N,COc1cc2c(C#N)cnc(Nc3cccc(Br)c3)c2cc1OC,CHEMBL324439,False,4.15,,1
APHGZZPEOCCYNO-UHFFFAOYSA-N,C=CC(=O)Nc1cccc(Oc2nc(Nc3ccc(N4CCN(C)CC4)cc3)ncc2Cl)c1,CHEMBL1643976,True,5.74,,1
YEGSATWQBXVWBX-UHFFFAOYSA-N,COc1cc2c(Oc3ccc(NC(=O)c4cc(-c5ccc(C)cc5)ccn4)cc3F)ccnc2cc1OCCCN1CCN(C)CC1,CHEMBL2435999,False,7.05,,1
XNMMHZYSMCHVHQ-BJMVGYQFSA-N,CC1CCCCN1C/C=C/C(=O)N1CCCOc2cc3ncnc(Nc4ccc(OCc5cccc(F)c5)c(Cl)c4)c3cc21,CHEMBL4646638,True,5.23,,1
PZLAJGOCDISSIJ-UHFFFAOYSA-N,CCOc1cc2ncnc(Nc3ccc(F)c(Cl)c3)c2cc1OC(=O)CCc1cccnc1,CHEMBL4530987,False,7.85,,1
HFSSHOGNUBJRFO-AATRIKPKSA-N,CCCOCCOc1cc2ncnc(Nc3ccc(F)c(Cl)c3)c2cc1NC(=O)/C=C/CN(C)C,CHEMBL4592101,True,8.545,0.007071067811866581,2
NYQYOLFXHDNNEC-UHFFFAOYSA-N,C=CC(=O)Nc1cc(Nc2ncc(Cl)c(-c3cn4c5c(cccc35)CCC4)n2)c(OC)cc1N(C)CCN(C)C,CHEMBL5266482,True,7.15,,1
SZNSOOAPEHXTGF-UHFFFAOYSA-N,C=CC(=O)Nc1cc(Nc2ncc(-c3cnn(C(C)C)c3)c(-c3cn4c5c(cccc35)CCC4)n2)c(OC)cc1N(C)CCN(C)C,CHEMBL5284387,True,7.82,,1
RXAZQWJCOUIOPS-UHFFFAOYSA-N,C=CC(=O)Nc1cc(Nc2ncc(C(=O)OC)c(-c3cn(C)c4ccccc34)n2)c(OC)cc1N(C)CCN(C)C,CHEMBL5284486,True,7.7,,1
AGEKYFHTUYMNNG-HNNXBMFYSA-N,COC(CCNC(=O)Nc1cc2c(Nc3ccc(F)c(Cl)c3)ncnc2cc1O[C@H]1CCOC1)OC,CHEMBL3092312,False,6.26,,1
RCXKACUHTAVIBD-ZQAUEJBPSA-N,CCOc1cc2ncnc(Nc3ccc(Oc4cc5nncn5cn4)c(C)c3)c2cc1NC(=O)/C=C/[C@H]1CCCN1C,CHEMBL5184610,True,8.87,,1
NWCCWSWQAFETLG-KRWDZBQOSA-N,O=C(NCCN1CCCC1)Nc1cc2c(Nc3ccc(F)c(Cl)c3)ncnc2cc1O[C@H]1CCOC1,CHEMBL3092308,False,7.17,,1
GSDAGRRLPOIIOT-KRWDZBQOSA-N,CCN(CC)CCNC(=O)Nc1cc2c(Nc3ccc(F)c(Cl)c3)ncnc2cc1O[C@H]1CCOC1,CHEMBL3092307,False,6.44,,1
DPRNXTSMYVCYLJ-XUTJKUGGSA-N,CCc1ccc2nc(Nc3cc(Cc4ccccc4)nc(N[C@H]4CC[C@H](O)CC4)n3)sc2c1,CHEMBL2441273,False,6.2,,1
BQKAPRHCWWQTIM-OERAWDQMSA-N,CCOc1cc2ncnc(Nc3ccc(Oc4cc5nncn5cn4)c(C)c3)c2cc1NC(=O)/C(F)=C/[C@H]1CCCN1C,CHEMBL5178703,True,8.09,,1
OMBDAHCCGARALH-UHFFFAOYSA-N,CCCOc1cc2ncnc(Nc3ccc(NC(=O)OCC)c(C)c3)c2cc1OC,CHEMBL3221542,False,5.41,,1
MHHOXOROYCKYPG-UHFFFAOYSA-N,COc1cc(N2CCN(C)CC2)ccc1Nc1ncc(Cl)c(Oc2cccc(NC(=O)CCN(C)C)c2)n1,CHEMBL3237929,False,6.2,,1
YSRRCEKEYXILID-UHFFFAOYSA-N,CCOC(=O)N1CCN(CCC(=O)Nc2cccc(Oc3nc(Nc4ccc(N5CCN(C)CC5)cc4OC)ncc3Cl)c2)CC1,CHEMBL3237935,False,6.16,,1
CLEKNGMKRNGHMK-YAUBYZHOSA-N,COc1cc(/C=C2\CCC/C(=C\c3ccccc3F)C2=O)cc(OC)c1,CHEMBL2316143,False,5.66,,1
ULHLSSWDQFLSBL-UHFFFAOYSA-N,O=C(Nc1ccc(Oc2ccnc3[nH]ccc23)c(F)c1)c1nnn(-c2ccc(F)cc2)c1C(F)(F)F,CHEMBL3774451,False,6.24,,1
AYKBCVLWKNGVRR-UHFFFAOYSA-N,N#Cc1cnc(Nc2cccc(Br)c2)c2cc(NC(=O)c3ccoc3)ccc12,CHEMBL1641997,False,4.34,,1
LMIYBACSMMOBLU-ODPUSEOTSA-N,COc1cc(/C=C2\CCC/C(=C\c3ccc(F)cc3)C2=O)cc(OC)c1,CHEMBL2316147,False,5.25,,1
NAAUBJFDXWTYOS-XOBNHNQQSA-N,COc1cccc(/C=C2\CCC/C(=C\c3cc(OC)cc(OC)c3)C2=O)c1,CHEMBL2316150,False,5.21,,1
KYVIQYWGGPLPCH-UHFFFAOYSA-N,COc1cc(N2CCC(O)CC2)ccc1Nc1nccc(-c2c(-c3cccc(C(=O)Nc4c(F)cccc4F)c3)nc3ccccn23)n1,CHEMBL3906473,False,6.0,,1
HOMHCFYZXSNWJG-UHFFFAOYSA-N,COc1cc2c(Nc3ccc(NC(=O)Nc4ccc(F)c(Cl)c4)c(Cl)c3)ncnc2cc1OCCCN1CCN(C)CC1,CHEMBL3929448,False,7.11,,1
CGETUSRFZPMYRP-UHFFFAOYSA-N,COc1cc2c(Nc3ccc(NC(=O)Nc4ccccc4)cc3)ncnc2cc1OCCCN1CCN(C)CC1,CHEMBL3923551,False,6.71,,1
FVHRXNQLQCFNOX-ONEGZZNKSA-N,COCCN(C/C=C/C(=O)N1CCc2c(sc3ncnc(Nc4ccc(F)c(Cl)c4)c23)C1)CCOC,CHEMBL3655341,True,9.0,0.0,2
DQXBHJZPSPWVTA-UHFFFAOYSA-N,OCCNc1nc(Nc2cccc(F)c2)c2c[nH]nc2n1,CHEMBL4553708,False,4.18,,1
VALHLOXXMQSXQS-ODPUSEOTSA-N,COc1cc(/C=C2\CCC/C(=C\c3ccc(Br)cc3)C2=O)cc(OC)c1,CHEMBL2316146,False,5.15,,1
UYWUQHHUWNJWCZ-VCHYOVAHSA-N,COc1cc(/C=C2\CC=CC(Cc3ccc(OC)c(O)c3)C2=O)cc(OC)c1,CHEMBL2316155,False,5.27,,1
KOPMGQMVQVTVMD-UHFFFAOYSA-N,O=C(N=C1NC2C(=O)NN=C(c3ccc(Br)cc3)C2S1)Nc1ccc(Cl)cc1,CHEMBL5274657,False,7.1,,1
PGQWALGGBUYLQF-UHFFFAOYSA-N,COC(=O)c1cc2cc(NCc3cc(NC(=O)c4cc(-n5cnc(C)c5)cc(C(F)(F)F)c4)ccc3C)cnc2[nH]1,CHEMBL3808884,False,7.82,,1
UCCPIGHIRYJWNX-UHFFFAOYSA-N,CCCC(=O)Nc1cc2c(Oc3ccc(NC(=O)CCCc4ccc(OC)cc4)cc3F)ncnc2cc1OC,CHEMBL5571786,False,5.12,,1
FVIJIMMDRHCHRE-UHFFFAOYSA-N,Brc1cccc(Nc2ncnc3ccncc23)c1NCCc1c[nH]cn1,CHEMBL272187,False,9.04,,1
MIDYFWXRHGNOGI-UHFFFAOYSA-N,OCCN(CCO)c1c(Br)cccc1Nc1ncnc2ccncc12,CHEMBL406004,False,7.92,,1
OROVUHAFSDCYGD-UHFFFAOYSA-N,CN(CC(O)CO)c1c(Br)cccc1Nc1ncnc2ccncc12,CHEMBL410635,False,8.49,,1
XQLOYQBOLORUIS-UHFFFAOYSA-N,Cc1cccc(Nc2ncnc3cnc(N(C)C)nc23)c1,CHEMBL52829,False,8.39,,1
XFDJSPMIYIIGLF-UHFFFAOYSA-N,COc1ncc2ncnc(Nc3cccc(Br)c3)c2n1,CHEMBL51854,False,8.42,,1
QLNFJSVGCWPKCM-UHFFFAOYSA-N,Nc1ccccc1Nc1ncnc2cc(Br)ncc12,CHEMBL273116,False,6.61,,1
HEOTUKSOHVSEDI-UHFFFAOYSA-N,Clc1ccc2ncnc(Nc3cccc(Br)c3)c2n1,CHEMBL291496,False,7.74,,1
DXPXPVHLPOANFF-UHFFFAOYSA-N,Nc1cc2c(Nc3cccc(Br)c3)ncnc2cc1Cl,CHEMBL63469,False,8.18,,1
HXKNWYUOIAOBMC-UHFFFAOYSA-N,COc1cc2ncnc(-c3c[nH]c4cc(F)c(Cl)cc34)c2cc1OCCCN1CCOCC1,CHEMBL474524,False,6.48,,1
RCJMJDAEVZYXLD-UHFFFAOYSA-N,COCCOc1cc2ncnc(-c3c[nH]c4cc(F)c(Cl)cc34)c2cc1OCCOC,CHEMBL474324,False,6.33,,1
LGMCTZVEXBYIIM-SDHOMARFSA-N,CC(C)(C#N)c1cccc(C(=O)N[C@@H]2[C@H]3Oc4ccc(Oc5ccnc6c5CCC(=O)N6)cc4[C@@H]23)c1,CHEMBL5862522,False,7.89,0.2936551265231607,3
KDCWCHYNUNBAEU-UHFFFAOYSA-N,C=CC(=O)Nc1cc2c(Nc3ccc(Br)cc3F)ncnc2cc1OCCNC(=O)C1CC1,CHEMBL3671494,True,8.1,0.0,2
ZCICFBOTBSKMJF-UHFFFAOYSA-N,C=CC(=O)Nc1cc(Nc2nccc(Nc3ccccc3S(=O)(=O)C(C)C)n2)c(OC)cc1N(C)CCN(C)C,CHEMBL4516287,True,5.61,,1
SWHYQCWHORJHNG-UHFFFAOYSA-N,C=CC(=O)Nc1cccc(-n2c(=O)c(C3CCCC3)nc3cnc(Nc4ccc(OCCOC)cc4)nc32)c1,CHEMBL5087793,True,6.86,,1
QAIGLWIBJKERDJ-IEBWSBKVSA-N,NC(=O)O[C@H]1CN[C@H](C#Cc2cc3ncnc(Nc4ccc(OCc5cccc(F)c5)c(Cl)c4)c3s2)C1,CHEMBL461426,False,7.4,,1
BYVXOMRKIJSLRU-UHFFFAOYSA-N,CONC(=O)CCc1c(SSc2[nH]c3ccccc3c2CCC(=O)NOC)[nH]c2ccccc12,CHEMBL154969,False,4.17,,1
NVPFAFOQUJRLJO-UHFFFAOYSA-N,COc1cc2c(cc1OC)Nc1[nH]cnc(=O)c1C2,CHEMBL414013,False,4.12,,1
WOSBEBRTYHKLTR-UHFFFAOYSA-N,COc1cc2c(Nc3ccc(Cl)cc3F)ncnc2cc1OCCN1CCOCC1,CHEMBL25610,False,6.4,,1
KNARRZQQMNVVEZ-UHFFFAOYSA-N,C=CC(=O)Nc1cccc(-n2c(=O)c(=O)n(C(C)C)c3cnc(Nc4ccc(N5CCC(N6CCN(C)CC6)CC5)cc4OC)nc32)c1,CHEMBL4290785,True,7.55,,1
UPMBLLCUBLPPBL-UHFFFAOYSA-N,COc1ccc(-n2cc(NC(=O)c3cccc(NS(=O)(=O)c4ccc(Cl)cc4)c3)cn2)cc1,CHEMBL4471464,False,4.81,,1
DOTSXRPORHEWTJ-UHFFFAOYSA-N,C=C(C)c1cc(Oc2cc3c(Nc4cccc(Cl)c4F)ncnc3cc2OC)ccn1,CHEMBL5647083,False,8.600000000000001,0.9899494936611675,2
IYNUCTYYDUIRAG-UHFFFAOYSA-N,CCC(=O)Nc1cc2c(Nc3ccc4c(ccn4S(=O)(=O)c4ccccc4)c3)ncnc2cc1OC,CHEMBL3981041,False,6.9,,1
QALRXYIKCAELSZ-UHFFFAOYSA-N,CCC(=O)Nc1cc2c(NCc3ccccc3)ncnc2cc1OC,CHEMBL3934539,False,6.87,,1
XILHUDGNEDEXFJ-UHFFFAOYSA-N,CCC(=O)Nc1cc2c(Nc3ccc(NS(=O)(=O)c4ccccc4)cc3)ncnc2cc1OC,CHEMBL3970738,False,7.19,,1
ZCNCSRRXBRIFQF-UHFFFAOYSA-N,CCC(=O)Nc1cc2c(Nc3ccc(NS(=O)(=O)c4ccccc4)c(F)c3)ncnc2cc1OC,CHEMBL3941175,False,6.23,,1
FFMBLUIQUJAMEE-UHFFFAOYSA-N,C=CC(=O)Nc1cc(-c2c[nH]c3ncnc(Nc4ccc(OCc5ccccn5)c(Cl)c4)c23)ccc1OCCN(C)C,CHEMBL4757145,True,10.05,,1
ISUVLTISVOPDLS-UHFFFAOYSA-N,COC(=O)CNC(=O)c1ccc(Nc2ncnc3cc(OCCN4CCCCC4)c(OC)cc23)cc1,CHEMBL3917723,False,5.0,,1
JPDVCJYBXBQWPC-MUUNZHRXSA-N,CCCCC(=O)ON[C@H](CS(C)(=O)=O)c1ccc(-c2ccc3ncnc(Nc4ccc(OCc5cccc(F)c5)c(Cl)c4)c3c2)o1,CHEMBL3344218,False,7.03,,1
SBDHHGPMARTGSE-UHFFFAOYSA-N,CS(=O)(=O)CC(NC1CCCCC1)c1ccc(-c2ccc3ncnc(Nc4ccc(OCc5cccc(F)c5)c(Cl)c4)c3c2)o1,CHEMBL3344212,False,7.11,,1
YHWUBFBUCSKQSU-UHFFFAOYSA-N,Nc1nc(Nc2cccc(Br)c2)c2cc(Cc3ccc(Cl)cc3)[nH]c2n1,CHEMBL1956885,False,4.76,,1
KMDRWXNIHZDMQA-UHFFFAOYSA-N,Cc1ccccc1Cc1cc2c(Nc3cccc(Br)c3)nc(N)nc2[nH]1,CHEMBL1095464,False,5.04,,1
NBFUBQZWLQRDFS-UHFFFAOYSA-N,Nc1ncnc(Nc2ccc(OCc3ccccc3)c(Cl)c2)c1C(=O)O,CHEMBL512391,False,7.39,,1
ASRPLHQXFWEEDQ-UHFFFAOYSA-N,Nc1ncnc(Nc2ccc(OCc3ccccc3)c(Cl)c2)c1-c1nnc(CCN2CCOCC2)o1,CHEMBL472545,False,7.52,,1
NLWUJGSGLISBON-UHFFFAOYSA-N,CSc1nn(-c2ccc(Br)cc2)c2nc(C)nc(Nc3ccc(OCCCC[N+](=O)[O-])cc3)c12,CHEMBL5275784,False,5.52,,1
ARNUOBFNWJKPHJ-UHFFFAOYSA-N,NS(=O)(=O)c1ccc(CCn2c(SCC(=O)Nc3ccc(Cl)cc3)nc3ccccc3c2=O)cc1,CHEMBL5199520,False,6.7,,1
ZAPDUWZDUFOOBL-UHFFFAOYSA-N,CC(=O)Nc1nc(-c2ccc(F)cc2)c(-c2ccnc(Nc3ccc4c(ccn4CCN(C)C)c3)n2)s1,CHEMBL5414782,False,7.18,,1
RGKJUXUCXBXHFO-OAQYLSRUSA-N,C=c1c(C(=O)N2CCC[C@@H]2CN2CCCC2)c(C)[nH]c1=Cc1c(O)[nH]c2ccc(S(=O)(=O)Cc3c(Cl)cccc3Cl)cc12,CHEMBL450786,True,5.42,,1
CKHBRJUFFWJVQL-QKDODKLFSA-N,CCN1CCN(Cc2ccc(C(=O)N[C@@H]3[C@H]4Oc5ccc(Oc6ccnc7c6CNC(=O)N7)cc5[C@@H]34)cc2C(F)(F)F)CC1,CHEMBL5957231,False,10.07,0.4193248541803043,3
KWGOTWZNNOUINW-UHFFFAOYSA-N,Nc1ncnc(Nc2ccc3c(cnn3Cc3cccc(F)c3)c2)c1C=NOCc1ccccc1,CHEMBL255438,False,7.64,,1
ZWFYXFAJZVJGKQ-UHFFFAOYSA-N,CON=Cc1c(N)ncnc1NCc1ccc(F)c(Cl)c1,CHEMBL255291,False,5.95,,1
XFMOFPTVPBKHKO-UHFFFAOYSA-N,O=C(O)CNc1c(Br)cccc1Nc1ncnc2ccncc12,CHEMBL405771,False,8.82,,1
IEMOICPYMPGBAD-UHFFFAOYSA-N,Fc1ccc2ncnc(Nc3cccc(Br)c3)c2n1,CHEMBL54788,False,7.35,,1
PWLAEHXFQCNKSK-UHFFFAOYSA-N,Nc1ccc2ncnc(Nc3cccc(Br)c3)c2n1,CHEMBL300217,False,8.11,,1
CDWGVMQLDOQALI-UHFFFAOYSA-N,COc1ccc2c(Nc3cccc(Br)c3)ncnc2c1,CHEMBL93181,False,8.0,,1
BERLNDGSHCXVKP-UHFFFAOYSA-N,CN1CCN(CCCOc2[nH]nc3ncnc(Nc4ccc(OCc5ccccn5)c(Cl)c4)c23)CC1,CHEMBL272935,False,7.85,,1
HYWZCMMMRGRRRF-UHFFFAOYSA-N,Clc1cc(Nc2ncnc3[nH]nc(OCCCN4CCOCC4)c23)ccc1OCc1ccccn1,CHEMBL257859,False,7.8,,1
YMEJDHMQZBPDSJ-UHFFFAOYSA-N,C=CC(=O)Nc1cccc(-n2c(=O)c(=O)n(C(C)C)c3cnc(Nc4ccc(N5CCN(C)CC5)c(C)c4)nc32)c1,CHEMBL4288562,True,8.85,,1
BBUDVNYJKYGCFW-UHFFFAOYSA-N,C=CC(=O)N1CC(Cn2nc(C(=O)Nc3nc4cc(Cl)ccc4o3)c3c(N)ncnc32)C1,CHEMBL6011269,True,7.94,,1
FNYHTKUCTLSINN-SFHVURJKSA-N,Fc1cccc(COc2ccc(Nc3ncnc4cc(C#C[C@@H]5CCCN5)sc34)cc2Cl)c1,CHEMBL495979,False,6.96,,1
WCDMWNJUWOHGEY-NHCUHLMSSA-N,O=C(O[C@H]1CN[C@H](C#Cc2cc3ncnc(Nc4ccc(Sc5ccccn5)cc4)c3s2)C1)N1CCOCC1,CHEMBL457250,False,5.78,,1
QMPCZRYAQUSGAU-JOCHJYFZSA-N,CCOc1ccc(C(=O)N[C@@H]2CCCN(c3nnc(C(N)=O)c(Nc4ccc(C(=N)N5CCCC5)cc4)n3)C2)cc1,CHEMBL5781511,False,5.26,,1
LJKWMYHCZOUEOQ-UYAOXDASSA-N,O=C(O[C@H]1CN[C@H](C#Cc2cc3ncnc(Nc4ccc(Oc5ccccn5)c(Cl)c4)c3s2)C1)N1CCOCC1,CHEMBL453398,False,6.72,,1
VZNOANOBLUQMFL-ONEGZZNKSA-N,O=C(O)/C=C/c1cc(CO)ccc1CO,CHEMBL407534,False,6.11,,1
DNLYYOZFQOZKAZ-UHFFFAOYSA-N,O=C(Nc1ccncc1)Nc1cc(-c2cncnc2)ccc1OC(F)(F)F,CHEMBL3752370,False,7.74,,1
BXQSENVZNNEEBV-UHFFFAOYSA-N,Nc1ccc(-c2[nH]nc3ncnc(Nc4cccc(Cl)c4)c23)cc1,CHEMBL332906,False,8.7,,1
OWNBJKMTBSDGLB-GORDUTHDSA-N,O=C(/C=C/CN1CCOCC1)Nc1ccc2ncnc(Nc3cccc(Br)c3)c2c1,CHEMBL316127,True,7.13,,1
PEGWVOKOYYAQEV-UHFFFAOYSA-N,COc1cc2c(Oc3ccc(-c4cnc(Cc5ccccc5)n(C)c4=O)cc3F)ccnc2cc1OCCCN1CCOCC1,CHEMBL505896,False,5.77,,1
GCTUFYNEPNKJJD-UHFFFAOYSA-N,Cc1ccc(Nc2nccc(-c3cn(C)c4ccccc34)n2)cc1OCCOCCn1ccnc1[N+](=O)[O-],CHEMBL5398855,False,5.02,,1
QPQXKYPXOWABMC-BEQMOXJMSA-N,COc1cc(/C=C2\CCC/C(=C\c3cccc(Cl)c3)C2=O)cc(OC)c1,CHEMBL2316141,False,5.64,,1
AGMCEFOYMFDQNT-RAKQUHMUSA-N,COc1cc(/C=C2\CCCC(=Cc3ccc(O)cc3)C2=O)cc(OC)c1,CHEMBL2316153,False,5.33,,1
KCKFFUAUNCDZHZ-GDAWTGGTSA-N,COc1cc(/C=C2\CCC/C(=C\c3ccc(S(C)(=O)=O)cc3)C2=O)cc(OC)c1,CHEMBL2316158,False,5.71,,1
DLUGSFVBTCMLQR-UHFFFAOYSA-N,Clc1cccc(Nc2ncnc3cc4c(cc23)OCCO4)c1,CHEMBL4740063,False,8.125,0.09192388155425048,2
ABGXDJDXYCHCQN-UHFFFAOYSA-N,C=CC(=O)Nc1ccc(OC)c(Nc2cc(-n3c(SC)nnc3-c3ccc(F)cc3)ccn2)c1,CHEMBL4778502,True,6.75,,1
XLUPXFVZMAQDMF-UHFFFAOYSA-N,C=CC(=O)Nc1cc(Nc2cc(-n3c(SC)nnc3-c3ccc(F)cc3)ccn2)c(OC)cc1N(C)CCN(C)C,CHEMBL4798177,True,7.05,,1
HNHRRNNWRNFHRS-UHFFFAOYSA-N,COc1ccc(NC(=O)C2C(C)=NC(=O)NC2c2ccc(OCc3ccccc3)c(OC)c2)c(OC)c1,CHEMBL5597898,True,7.43,,1
UIKREWNIYFBAFO-UHFFFAOYSA-N,C=CC(=O)Nc1cc2c(Nc3ccc(Br)cc3F)ncnc2cc1OCC1CCN(C(C)=O)CC1,CHEMBL3671475,True,8.52,0.0,2
AXWQPHKBZRUJSS-UHFFFAOYSA-N,C=CC(=O)Nc1cc2c(Nc3ccc(Br)cc3F)ncnc2cc1OCC(C)NC(C)=O,CHEMBL3671551,True,6.81,0.0,2
AYCVHMDIHRQBDR-UHFFFAOYSA-N,C=CC(=O)Nc1cc2c(Nc3ccc(Br)cc3F)ncnc2cc1OCCNC(=O)C=CC,CHEMBL5753909,True,7.72,0.0,2
UXMLKDZZKQIMQH-UHFFFAOYSA-N,C=CC(=O)Nc1cccc(-c2c(-c3ccc(N4CCOCC4)cc3)oc3ncnc(NCCO)c23)c1,CHEMBL5435463,True,7.37,,1
OQOUVSHMBYJEIH-UHFFFAOYSA-N,COc1cc2c(Nc3ccc(Br)cc3F)ncnc2cc1OCC1CCN(C(=O)Cn2cncc2[N+](=O)[O-])CC1,CHEMBL4463898,False,7.140000000000001,1.9091883092036788,2
BSTUMPRABGRUGL-LFYBBSHMSA-N,COc1ccc(/C=C/C(=O)c2ccc(NC(=O)c3cc4cc5cc(C)ccc5nc4s3)cc2)cc1OC,CHEMBL4447196,False,6.3,,1
IAWIWPDHJXUCFC-UHFFFAOYSA-N,COc1ccc2c(c1)CCc1c-2nc(N)c(C#N)c1-c1ccc(OC)c(OC)c1,CHEMBL5568921,False,6.89,,1
MQJLJWOEHOSPKG-UHFFFAOYSA-N,COc1ccc(-c2c3c([nH]c(=O)c2C#N)-c2ccc(OC)cc2CC3)cc1,CHEMBL5595487,False,6.89,,1
DTKVEGSQVRWLEQ-UHFFFAOYSA-N,CN(Cc1ccccc1)c1ncnc2[nH]c(-c3ccc(O)cc3)cc12,CHEMBL5436096,False,7.64,,1
HAEUZCCQUNTMLI-UHFFFAOYSA-N,CN(C)CCNCc1cc(-c2cc3c(N(C)Cc4ccccc4)ncnc3[nH]2)ccc1F,CHEMBL5422465,False,7.75,,1
RCLLYPKRFIZQIZ-UHFFFAOYSA-N,C=CC(=O)N1CCC2(CC1)CNC(=O)c1cc(-c3ccnc(Nc4ccccc4OC)n3)[nH]c12,CHEMBL5077776,True,9.4,,1
YGRPLKPCOYBEHM-UHFFFAOYSA-N,COc1cc(OC)cc(-c2nc(-c3ccc(-c4nc(-c5nnc(-c6ccncc6)o5)c[nH]4)cc3)no2)c1,CHEMBL5647136,False,6.66,,1
VWJOQIGDVVMABO-UHFFFAOYSA-N,C=CC(=O)Nc1cc2c(Nc3ccc(Br)cc3F)ncnc2cc1OCCNC(=O)CCCN(C)C,CHEMBL3671538,True,7.68,0.0,2
AFIJTZLVCCKWKO-UHFFFAOYSA-N,Cc1cc(Nc2ncc(Cl)c(Nc3ccccc3P(C)(C)=O)n2)ccc1N1CCC(N2CCN(C)CC2)CC1,CHEMBL5084760,False,7.21,,1
SOBTYTLFUFDEOL-UHFFFAOYSA-N,Cc1cc(Nc2ncc(Cl)c(Nc3ccccc3NS(=O)(=O)C3CC3)n2)ccc1N1CCC(N(C)C)CC1,CHEMBL5594833,False,7.74,0.8202438661763952,2
BNUOFOQJYOAURP-DWTRPJMMSA-N,CC(C)N(C)C/C=C/C(=O)N1CC[C@@H](n2nc(C(=O)Nc3nc4cc(Cl)ccc4o3)c3c(N)ncnc32)C1,CHEMBL5831823,True,7.46,,1
YUNZQWUKMZPWJU-REMYHPOOSA-N,Nc1ncnc2c1c(C(=O)Nc1nc3cc(Cl)ccc3o1)cn2[C@@H]1CCN(C(=O)/C=C/CN2CCCC2)C1,CHEMBL5831739,True,7.59,,1
WAOGJGDMQVRBIS-MFJULSPGSA-N,Nc1ncnc2c1c(C(=O)Nc1nc3cc(-c4ccccc4)ccc3o1)cn2[C@@H]1CCN(C(=O)/C=C/CN2CCCC2)C1,CHEMBL5807574,True,7.49,,1
GYRWLUXZWNHBAJ-NDEPHWFRSA-N,Cc1cc(Nc2ncc3c(n2)N([C@H]2CCN(C(=O)C4CCCCC4)C2)C(=O)N(c2ccccc2Cl)C3)ccc1N1CCN(C)CC1,CHEMBL4102822,False,7.6,,1
CRMABJVOGNMWGX-DEOSSOPVSA-N,CCC(=O)N1CC[C@H](N2C(=O)N(c3ccccc3F)Cc3cnc(Nc4ccc(N5CCN(C)CC5)c(C)c4)nc32)C1,CHEMBL4060198,False,7.75,,1
NGMVTTLEBAGDBR-MHZLTWQESA-N,CCC(=O)N1CC[C@H](N2C(=O)N(c3cccc(C)c3)Cc3cnc(Nc4ccc(N5CCN(C)CC5)c(C)c4)nc32)C1,CHEMBL4087525,False,6.44,,1
AFGNZVNCHBBTQP-DEOSSOPVSA-N,CCC(=O)N1CC[C@H](N2C(=O)N(c3cccc(OC)c3Cl)Cc3cnc(Nc4ccc(N5CCN(C)CC5)c(C)c4)nc32)C1,CHEMBL4063067,False,6.38,,1
YWLUCSVUFCDSNZ-QFIPXVFZSA-N,CCC(=O)N1CC[C@H](N2C(=O)N(c3cc(OC)ccc3F)Cc3cnc(Nc4ccc(N5CCN(C)CC5)c(C(F)(F)F)c4)nc32)C1,CHEMBL4068695,False,5.47,,1
VXMSGATWEXTLLW-VWLOTQADSA-N,CCC(=O)N1CC[C@H](N2C(=O)N(c3cc(OC)ccc3F)Cc3cnc(Nc4ccc(N5CCN(C(C)=O)CC5)c(C)c4)nc32)C1,CHEMBL4078026,False,6.83,,1
RCZDGGWBJXVSLZ-UHFFFAOYSA-N,Cc1cc(Nc2nccc(-c3cn(C)c4ccccc34)n2)ccc1OCCOCCn1ccnc1[N+](=O)[O-],CHEMBL5418313,False,5.04,,1
KEPKJFBNFMUYMW-SNAWJCMRSA-N,CCOc1cc2ncc(C#N)c(Nc3ccc(F)c(Cl)c3)c2cc1NC(=O)/C=C/CN(C)Cc1ccc(F)cc1,CHEMBL1243254,True,9.24,,1
FHNLPTRXVQOXQO-SECBINFHSA-N,Nc1ncnc2c1c(-c1ccc(F)c(O)c1)nn2[C@@H]1CCNC1,CHEMBL1242658,False,4.81,,1
MRZVUZUMBCEAGI-SECBINFHSA-N,Nc1ncnc2c1c(-c1ccc(F)c(O)c1)nn2[C@@H]1CCOC1,CHEMBL1242749,False,5.58,,1
UUXPLQHZTQRNPY-UHFFFAOYSA-N,Nc1ncnc2c1c(-c1ccc(F)c(O)c1)nn2CC1CCNCC1,CHEMBL1242844,False,4.0,,1
GTIANCZXSBUWCD-UHFFFAOYSA-N,C#Cc1cccc(Nc2ncnc3cc(OCCOC)c(OCCOC(=O)CCCCC[N+]4=C(/C=C/C=C/C=C/C=C5/N(CCCC)c6ccccc6C5(C)C)C(C)(C)c5cc(C(F)(F)F)ccc54)cc23)c1,CHEMBL4746030,False,6.69,,1
GMUDLIKXYBVMPR-UHFFFAOYSA-N,CCOC(=O)c1ccc(O)c(Nc2ncnc3cc4oc(=O)n(CCOC)c4cc23)c1,CHEMBL3612573,False,6.36,,1
NQSNEFRNBFRJBE-KPKJPENVSA-N,COc1cc(/C=C2\CCCCC2=O)cc(OC)c1,CHEMBL3982407,False,4.73,,1
SNYZTPOUJHDPAX-LLXROEEISA-N,COc1cc(/C=C2\CCCC(=Cc3cc(C(C)(C)C)c(O)c(C(C)(C)C)c3)C2=O)cc(OC)c1,CHEMBL2316159,False,5.32,,1
OHEAMFYXJIKCRE-UHFFFAOYSA-N,O=C(Nc1ccc(Nc2ncnc3[nH]ccc23)cc1)c1ccccc1,CHEMBL5633878,False,4.32,,1
LDZREOHPCZNERK-UHFFFAOYSA-N,C=CC(=O)Nc1cc(Nc2ncc(C(=O)OC3CCC3)c(-c3cn(C)c4ccccc34)n2)c(OC)cc1N(C)CCN(C)C,CHEMBL5273438,True,7.08,,1
BQMYAAKMHSSXAE-RLWLMLJZSA-N,C=CC(=O)N1C[C@@H](n2cc(-c3ccncc3)c(-c3cccc(OCc4ccc5c(c4)CN(C)C5=O)c3)n2)C[C@H]1C,CHEMBL5568213,True,5.35,,1
BSWXZHWRJQQHJJ-RLWLMLJZSA-N,C=CC(=O)N1C[C@@H](n2cc(-c3ccncc3)c(-c3cccc(COc4ccc5c(c4)CN(C)C5=O)c3)n2)C[C@H]1C,CHEMBL5556861,True,5.64,,1
VBXIMDTVPRQNND-QFIPXVFZSA-N,C=CC(=O)N1CC[C@H](n2cc(-c3ccncc3)c(-c3cccc(NC(=O)c4ncc(C5CC5)o4)c3)n2)C1,CHEMBL5560320,True,6.7,,1
XLPVELDHLJITBK-AWCRTANDSA-N,CN(C)C1CCN(c2ccc(C(=O)N[C@@H]3[C@H]4Oc5ccc(Oc6ccnc7c6CCC(=O)N7)cc5[C@@H]34)cc2C(F)(F)F)CC1,CHEMBL5914847,False,8.57,0.5483611948342082,3
ZYVBKVMMQMBCBE-UHFFFAOYSA-N,C=CC(=O)Nc1cc(Nc2ncc(F)c(-c3ccc4cc(C(=O)NC)n(C(C)C)c4c3)n2)ccc1N1CCN(C)CC1,CHEMBL5620032,True,5.98,,1
WHLLAICDPBZWRG-UHFFFAOYSA-N,COCCOc1cc2ncnc(Nc3cccc(O)c3)c2cc1OCCOC,CHEMBL5632632,False,7.81,,1
WIBMCGCBZUXMNV-UHFFFAOYSA-N,COCCOc1cc2ncnc(Nc3cc(Cl)cc(C=O)c3)c2cc1OCCOC,CHEMBL5631902,False,6.73,,1
PIEDTEYNYDZYAW-UHFFFAOYSA-N,COCCOc1cc2ncnc(Nc3cc(Cl)cc(OS(=O)(=O)F)c3)c2cc1OCCOC,CHEMBL5631269,False,7.26,,1
PYQAFIUIJMUPDS-UHFFFAOYSA-N,Cc1cc(N2CCN(C(c3ccccc3)c3ccccc3)CC2)nc2ccc(Cl)cc12,CHEMBL5630913,False,8.1,,1
LJXQTJZJOXBJJP-UHFFFAOYSA-N,COc1cc(N2CCN(C)CC2)ccc1Nc1ncc(Cl)c(Oc2ccc(NC(=O)CCO)cc2)n1,CHEMBL4217686,False,4.63,,1
NVGNQWINCGJSAT-UHFFFAOYSA-N,COc1cc(N2CCN(C)CC2)ccc1Nc1ncc(Cl)c(Oc2ccccc2[N+](=O)[O-])n1,CHEMBL4211322,False,4.71,,1
BMGQWWVMWDBQGC-IIFHNQTCSA-N,CO[C@@H]1[C@H](N(C)C(=O)c2ccccc2)C[C@H]2O[C@]1(C)n1c3ccccc3c3c4c(c5c6ccccc6n2c5c31)C(=O)NC4,CHEMBL608533,False,5.52,,1
IBMWBDJHLOWFPJ-QGZVFWFLSA-N,OC[C@@H](Nc1ncnc2oc(-c3ccc(O)cc3)cc12)c1ccccc1,CHEMBL3961553,False,8.7,,1
HTNWEOHOYGRLPU-UHFFFAOYSA-N,NC(=O)Nc1ccc2ncnc(Nc3ccc(Oc4ccc(Cl)c(Cl)c4)c(Cl)c3)c2c1,CHEMBL3633775,False,6.26,,1
HVYYWYVBZRALDO-UHFFFAOYSA-N,Nc1nc(Nc2cccc(Br)c2)c2cc(Cc3ccc(Cl)c(Cl)c3)[nH]c2n1,CHEMBL1956886,False,4.7,,1
ZQUSFAUAYSEREK-WKILWMFISA-N,COc1nccc(-c2c(-c3ccc(F)cc3)ncn2[C@H]2CC[C@H](O)CC2)n1,CHEMBL97162,False,7.08,,1
CXIHOIXBRUXAHK-UHFFFAOYSA-N,CC(C)(C)OC(=O)N1CCC(n2cc(-c3ccccc3)c3c(N)ncnc32)C1,CHEMBL353823,False,5.08,,1
OSDPFZFSIYLYSF-UHFFFAOYSA-N,C=Cc1cccc(Oc2cc3c(Nc4cccc(Cl)c4F)ncnc3cc2OC)n1,CHEMBL5639556,False,9.4,,1
XXIWRTOLXWAEJC-YLDZAAMXSA-N,CO[C@H]1[C@@H](N(C)C(=O)c2ccc(C(=O)O)cc2)C[C@@H]2O[C@@]1(C)n1c3ccccc3c3c4c(c5c6ccccc6n2c5c31)C(=O)NC4,CHEMBL435809,False,6.96,,1
YJIFYABMCMRSLG-UHFFFAOYSA-N,CS(=O)(=O)CCNCc1ccc(-c2ccc3ncnc(Nc4ccc(F)c(Cl)c4)c3c2)o1,CHEMBL4066845,False,7.62,,1
IUUHKMMSPMWKTL-XBGMYJNYSA-N,C#Cc1cccc(Nc2ncnc3cc(O[C@H]4CCOC4)c(NC(=O)/C=C/CNC4CC4)cc23)c1,CHEMBL3622676,True,8.25,,1
IHGXAQZJQCNSGV-UHFFFAOYSA-N,C=CC(=O)Nc1cccc(-c2c(-c3ccc(N4CCOCC4)nc3)oc3ncnc(NC4CCCC4)c23)c1,CHEMBL5400012,True,6.54,,1
ZXDDKCBHUZLWEJ-UHFFFAOYSA-N,C=CC(=O)Nc1cccc(-c2c(-c3ccc(N4CCN(C)CC4)nc3)oc3ncnc(NC4CCCC4)c23)c1,CHEMBL5441041,True,7.28,,1
DXZCXZCCPLYVDG-UHFFFAOYSA-N,Nc1nc(N)c2c(n1)[nH]c1cccc(Sc3ccccc3)c12,CHEMBL1093099,False,4.82,,1
QVKUVEHRSYCMGZ-UHFFFAOYSA-N,Nc1nc2c(c(Nc3cccc(Br)c3)n1)-c1ccccc1C2,CHEMBL2047248,False,4.62,,1
MXQIWUCOUMEFAW-UHFFFAOYSA-N,C=CC(=O)Nc1cccc(Oc2nc(Nc3ccc(OC)cc3)nc3c2CSCC3)c1,CHEMBL4780534,True,7.55,,1
WKFCMHYQGYLXRA-UHFFFAOYSA-N,O=C(Nc1ccncc1)Nc1cc(-c2cccnc2)cc(C(F)(F)F)c1,CHEMBL3752404,False,6.72,,1
GRWQWXAEARWDEU-UHFFFAOYSA-N,COc1cc(NC(=O)Nc2ccncc2)cc(-c2cccnc2)c1OC,CHEMBL3753836,False,6.88,,1
QEVBDDTXWGEPBR-UHFFFAOYSA-N,Cc1[nH]c2ncnc(N(C)c3cccc(Cl)c3)c2c1C,CHEMBL76444,False,6.3,,1
KPYPTEAAFNYLBL-UHFFFAOYSA-N,Cc1ccc(C=NNC(=O)CNc2nc(-c3ccccc3)c(-c3ccccc3)s2)cc1,CHEMBL5195593,False,6.7,,1
LXNKSHBXVPQHPU-CQSZACIVSA-N,COc1c(C=O)cccc1-c1cc2c(N[C@H](C)c3ccccc3)ncnc2s1,CHEMBL3758761,False,7.68,,1
JRTODMUHCBYSOI-UHFFFAOYSA-N,OCc1ccc(-c2cc3c(NCc4ccccc4)ncnc3s2)cc1,CHEMBL3758946,False,7.32,,1
UFAGMYBEPBELPD-UHFFFAOYSA-N,COc1cc(CO)ccc1-c1cc2c(Nc3ccc(F)c(Cl)c3)ncnc2s1,CHEMBL3758351,False,8.7,,1
XPDCETIJRALGKS-UHFFFAOYSA-N,CN(C)C1CCN(c2ccc(Nc3ncc4nc(Sc5ccccc5)n(C5CCOCC5)c4n3)cc2)CC1,CHEMBL4226676,False,8.8,,1
QQBKALJLRAEGBT-UHFFFAOYSA-N,Cc1[nH]c2ncnc(Nc3cccc(F)c3)c2c1C,CHEMBL308582,False,6.26,,1
RIOGTLBVZWFTFU-UHFFFAOYSA-N,COc1ccccc1C(=O)NCc1ccc(-c2nn(C3CCC4(CC3)OCCO4)c3ncnc(N)c23)cc1,CHEMBL5976861,False,6.26,0.0,2
HPSTWVAKYLNLGT-FARCUNLSSA-N,NC(=O)c1c(-c2ccc(Oc3cccc(C(F)(F)F)n3)cc2)nn(C2CCCN(C(=O)/C=C/CF)C2)c1N,CHEMBL5804933,True,5.47,0.0,2
LSAYNPKQQQDTQW-MVGZEHJDSA-N,NC(=O)c1c(-c2ccc(Oc3ncc(Cl)cc3F)cc2)nn([C@@H]2CCCN(C(=O)/C=C/C(F)F)C2)c1N,CHEMBL5895064,True,6.97,,1
GKSZBFDMOQFVCQ-QGZVFWFLSA-N,OC[C@@H](Nc1ncnc2sc(-c3ccccc3)cc12)c1ccccc1,CHEMBL3759478,False,8.05,,1
CKCCUWSFMHCHHH-CQSZACIVSA-N,COc1ccc(C=O)cc1-c1cc2c(N[C@H](C)c3ccccc3)ncnc2s1,CHEMBL3760082,False,8.52,,1
KRHJQHMWPVTYCU-UHFFFAOYSA-N,COc1ccc(Nc2nccc(-c3cn(C)c4ccccc34)n2)cc1OCCOCCn1ccnc1[N+](=O)[O-],CHEMBL5426036,False,5.8,,1
RXRZLNAQLIRKLZ-UHFFFAOYSA-N,C=CC(=O)Nc1cccc(N2C(=O)N(C(C)C)Cc3cnc(Nc4ccc(N5CCN(C)CC5)cc4OC)nc32)c1,CHEMBL2029434,True,9.42,,1
JARUUYXHPLGHLF-UHFFFAOYSA-N,C=CC(=O)Nc1cccc(N2C(=O)N(Cc3ccccc3)Cc3cnc(Nc4ccc(N5CCN(C)CC5)cc4OC)nc32)c1,CHEMBL2029438,True,9.54,,1
UBGBUTRUHNIBQE-UHFFFAOYSA-N,COc1ccc(-c2c(C#N)c(O)c3nc4c(nc3c2C#N)[nH]c2ccc(S(=O)(=O)N3CCOCC3)cc24)cc1,CHEMBL4284841,False,6.97,,1
FZFLOEWEINLUQM-UHFFFAOYSA-N,Cc1[nH]c(Cc2c(O)[nH]c3ccc(C(=O)N=Nc4ccccc4)cc23)c(C)c1CCC(=O)O,CHEMBL480356,True,5.46,,1
MFBTVPWNHQVGPL-UHFFFAOYSA-N,CN1CCN(Cc2ccc(-c3cc4ncnc(Nc5ccc(OCc6cccc(F)c6)c(Cl)c5)c4s3)o2)CC1,CHEMBL475761,False,8.3,,1
CREMXLIEDCOOOC-UHFFFAOYSA-N,CS(=O)(=O)CCNCc1cc(-c2cc3ncnc(Nc4ccc(OCc5cccc(F)c5)c(Cl)c4)c3s2)co1,CHEMBL475769,False,8.4,,1
ZOGNMJNQBLFBPT-UHFFFAOYSA-N,CS(=O)(=O)CCNCc1ccc(-c2cc3ncnc(Nc4ccc(OCc5cccc(F)c5)c(Cl)c4)c3s2)[nH]1,CHEMBL475446,False,8.15,,1
JKFAFNGFEBNHQY-UHFFFAOYSA-N,C=CC(=O)Nc1cc2c(Nc3ccc(Br)c(Cl)c3F)ncnc2cc1OCCNC(=S)NCC,CHEMBL3676386,True,7.17,0.0,2
YHAXBZNUIZZLFJ-UHFFFAOYSA-N,C=CC(=O)Nc1cc2c(Nc3ccc(F)c(F)c3F)ncnc2cc1OCCNC(C)=O,CHEMBL3676339,True,7.85,0.0,2
AWGYTZLSGFMHPT-UHFFFAOYSA-N,C=CC(=O)Nc1cccc(NC(=O)Nc2ccnc(Nc3ccc(N4CCC(N5CCOCC5)CC4)cc3OC)n2)c1,CHEMBL4225781,True,7.07,,1
FTDGXRLGVYGRMH-UHFFFAOYSA-N,Nc1ncnc2c1c(-c1ccc(CNC(=O)c3ccccc3F)cc1)nn2C1CCCC1,CHEMBL5889356,False,7.26,0.0,2
FQIQGTLQUPPSRD-UHFFFAOYSA-N,C=CC(=O)Nc1cc2c(Nc3ccc(Br)c(Cl)c3F)ncnc2cc1OCCNC(=O)CN(C)C,CHEMBL3676363,True,7.72,0.0,2
XTWOENWSROIPBI-UHFFFAOYSA-N,ON=C(O)CCCCCn1cc(-c2ccc3ncnc(Nc4ccc(OCc5nccs5)c(Cl)c4)c3c2)nn1,CHEMBL3939771,False,8.16,,1
JDBWHHHWEABNEC-UHFFFAOYSA-N,ON=C(O)CCCCCn1cc(-c2ccc3ncnc(Nc4ccc(OCc5cccc(F)c5)c(Cl)c4)c3c2)nn1,CHEMBL3964033,False,8.72,,1
ITVLSWHERKANSP-OAQYLSRUSA-N,COC[C@H]1CCCN1N=Cc1c(N)ncnc1Nc1ccc2c(cnn2Cc2cccc(F)c2)c1,CHEMBL515664,False,7.51,,1
ITVLSWHERKANSP-NRFANRHFSA-N,COC[C@@H]1CCCN1N=Cc1c(N)ncnc1Nc1ccc2c(cnn2Cc2cccc(F)c2)c1,CHEMBL456758,False,7.58,,1
KGOFSPQDAHQUQR-UHFFFAOYSA-N,N=c1oc2ccccc2cc1C(=O)N=Nc1c(O)[nH]c2ccc(S(=O)(=O)N3CCOCC3)cc12,CHEMBL4289728,False,6.69,,1
SFRLKESDBYWSQW-UHFFFAOYSA-N,COCCOc1cc2ncnc(Nc3ccc(F)c(OS(=O)(=O)F)c3)c2cc1OCCOC,CHEMBL5633094,False,7.01,,1
JXWQISPUKBAERI-IZZDOVSWSA-N,Cc1cccc(-c2c(NC(=O)/C=C/CN(C)C)ccc3ncnc(Nc4ccc(OCc5cccc(F)c5)c(Cl)c4)c23)c1,CHEMBL5569311,True,8.28,,1
HJPASCBASAXJFI-SCUOOLIXSA-N,COc1cccc(-c2c(NC(=O)/C=C/[C@H]3CCCN3C)ccc3ncnc(Nc4ccc(OCc5cccc(F)c5)c(Cl)c4)c23)c1,CHEMBL5575614,True,8.08,,1
ZPCCNHQDFZCULN-UHFFFAOYSA-N,COc1cc(N2CCC3(CCN(C)CC3)CC2)ccc1Nc1ncc(Cl)c(Nc2ccccc2P(C)(C)=O)n1,CHEMBL5095068,False,7.46,,1
UEROWYXBIVLKPF-INIZCTEOSA-N,CC[C@H](C)Nc1cc(Nc2ccnc(-c3cnn(S(=O)(=O)C4CC4)c3)n2)ncc1C(=O)NC1CCOCC1,CHEMBL5434067,False,6.55,,1
AOISRSIVKJVXHU-UHFFFAOYSA-N,Fc1ccccc1COc1cccc(-c2[nH]ncc2-c2ccncn2)c1,CHEMBL5561729,False,7.02,,1
AFVIMMLJKNYLCQ-UHFFFAOYSA-N,CCC(=O)Nc1ccc2c(C#N)cnc(Nc3cccc(Br)c3)c2c1,CHEMBL1641991,False,4.68,,1
XHVSLCCGZVJESA-QPJJXVBHSA-N,CN(C)C/C=C/C(=O)Nc1ccc2c(C#N)cnc(Nc3cccc(Br)c3)c2c1,CHEMBL1641990,True,6.82,,1
NUEIZCVGJKOLIS-UHFFFAOYSA-N,CN1CCN(CCC(=O)Nc2ccc3c(C#N)cnc(Nc4cccc(Br)c4)c3c2)CC1,CHEMBL1641992,False,5.89,,1
VKWIHMTWSHPULS-NLFFAJNJSA-N,C=CC(=O)N1C[C@@H](n2cc(-c3ccncc3)c(-c3ccc(F)c(COc4ccc5c(c4)CN(C)C5=O)c3)n2)C[C@H]1C,CHEMBL5568516,True,5.85,,1
LGDROMVQTALVNT-UHFFFAOYSA-N,O=C(c1cccc(-c2ccc3ncnc(N4CCc5ccccc54)c3n2)c1)N1CCNCC1,CHEMBL5558538,False,6.64,,1
GRLBXHULTTZEJM-LJQANCHMSA-N,C=CC(=O)Nc1cccc(-c2c(-c3ccccc3)oc3ncnc(N[C@H](C)c4ccccc4)c23)c1,CHEMBL4514452,True,6.93,,1
PDGXQCBYLSUPPW-HSZRJFAPSA-N,C=CC(=O)Nc1cccc(-c2c(-c3ccccc3OC)oc3ncnc(N[C@H](CO)c4ccccc4)c23)c1,CHEMBL4559807,True,7.62,,1
ZHVASSKARGGGPC-CQSZACIVSA-N,COc1cc2ncnc(N[C@H](C)c3cccc(F)c3)c2cc1OC1CCOCC1,CHEMBL5569061,False,9.0,,1
AUELADDMBCSFOL-UHFFFAOYSA-N,COc1ccc2c(c1)CCc1c-2[nH]c(=O)c(C#N)c1-c1ccc(OC)cc1OC,CHEMBL5573028,False,6.89,,1
DWCZEZXJZXJTHE-UHFFFAOYSA-N,COc1cc2ncnc(Nc3ccc(-c4nc5ccccc5s4)cc3)c2cc1OCCCN1CCN(C)CC1,CHEMBL593292,False,6.17,,1
ULXMPRHXSCCKLM-UHFFFAOYSA-N,C=CC(=O)Nc1cccc(N2C(=O)CN(c3ccccc3)C(=O)c3cnc(Nc4ccc(N5CCN(C)CC5)cc4OC)nc32)c1,CHEMBL3219132,True,8.16,,1
WFYWZAOVBXVYRQ-UHFFFAOYSA-N,C=CC(=O)Nc1cccc(N2C(=O)C(Cc3ccccc3)N(C)C(=O)c3cnc(Nc4ccc(N5CCN(C)CC5)cc4OC)nc32)c1,CHEMBL3219133,True,8.33,,1
OFLLKKGBXSANPM-UHFFFAOYSA-N,COc1ccc(-c2c3c4cc(OC)c(OCCCN(C)C)cc4[nH]c(=O)c3n3ccc4cc(O)c(OC)cc4c23)cc1O,CHEMBL4746895,False,7.81,,1
TXFHAZRNQGAISB-CYBMUJFWSA-N,C[C@@H](Nc1ncnc2[nH]c(-c3ccc(C(=O)O)cc3)cc12)c1ccccc1,CHEMBL4779711,False,8.96,,1
ULUWNFSDBSAGBP-LJQANCHMSA-N,OCc1ccc(-c2cc3c(N[C@H](CO)c4ccccc4)ncnc3[nH]2)cc1F,CHEMBL4789027,False,9.22,,1
DQDKJLFHXXQPJH-NJTIBFSMSA-N,C#Cc1cccc(Nc2ncnc3cc(O[C@H]4CCOC4)c(NC(=O)/C=C/CN(CC)CC)cc23)c1,CHEMBL3960332,True,8.17,,1
OIBQGCOMEWUAJQ-UHFFFAOYSA-N,CN1C(=O)C(C(=O)NN)N(C)c2ccccc21,CHEMBL5398727,False,7.0,,1
DNKTWNWFBPHCAE-UHFFFAOYSA-N,CN1C(=O)c2ccc(NC(=O)CSc3nc4cc5ccccc5cc4c(=O)n3-c3ccc(S(N)(=O)=O)cc3)cc2C1=O,CHEMBL5270336,False,6.19,,1
ODEDTSCHBGABDQ-CQSZACIVSA-N,C[C@@H](Nc1ncnc2[nH]c(-c3ccc(S(C)(=O)=O)cc3)cc12)c1ccccc1,CHEMBL4795296,False,9.4,,1
GWAQVWRGRJPDTR-GOSISDBHSA-N,COc1cc(C(N)=O)ccc1-c1cc2c(N[C@H](CO)c3ccccc3)ncnc2[nH]1,CHEMBL4776751,False,9.3,,1
JASSTMZJDQXQFP-UHFFFAOYSA-N,COc1cc2c(Nc3ccc(NC(=O)c4ccccc4Cl)cc3)ncnc2cc1OCc1ccccc1,CHEMBL3759203,False,6.14,,1
RHAOZWQPTQQXGN-UHFFFAOYSA-N,C=CC(=O)Nc1cc(Nc2ncc(Br)c(Nc3ccc4c(c3)CCC4)n2)c(OC)cc1N1CCN(C)CC1,CHEMBL5269747,True,6.69,,1
PMFPCFLSCIWUQO-UHFFFAOYSA-N,CCOC1CN(C2CCN(c3cc(OC)c(Nc4ncc(Br)c(Nc5ccc6nccnc6c5P(C)(C)=O)n4)cc3C)CC2)C1,CHEMBL5179357,False,6.19,0.0,3
LXIBMBSGTUYHJW-UHFFFAOYSA-N,COc1cc(N2CCC(N3CC(CO)C3)CC2)c(C)cc1Nc1ncc(Br)c(Nc2ccc3nccnc3c2P(C)(C)=O)n1,CHEMBL5435775,False,6.23,0.0,2
FVYDZXSZKLYSRY-UHFFFAOYSA-N,C=CC(=O)Nc1cccc(Nc2nc(Nc3ccc(N4CCN(CC(=O)NCCNc5cccc6c5C(=O)N(C5CCC(=O)NC5=O)C6=O)CC4)cc3OC)ncc2C(F)(F)F)c1,CHEMBL5175891,True,6.08,,1
ZCJPRJCQXQTNNU-UHFFFAOYSA-N,CCCOc1cc2ncnc(Nc3ccc(NC(=O)OCC)c(Cl)c3)c2cc1OC,CHEMBL3221547,False,5.26,,1
UWVMGEHVBNUXHS-UHFFFAOYSA-N,CCCCOC(=O)Nc1ccc(Nc2ncnc3cc(OC)c(OC)cc23)cc1Cl,CHEMBL3221259,False,5.19,,1
HUNVSJNFAWGLIM-UHFFFAOYSA-N,CCOC(=O)Nc1cc(Nc2ncnc3cc(OC)c(OC)cc23)ccc1C,CHEMBL3221555,False,5.3,,1
LFEGDHBZJSJJHP-FQEVSTJZSA-N,O=C(Nc1cc2c(Nc3ccc(F)c(Cl)c3)ncnc2cc1O[C@H]1CCOC1)N1CCC(N2CCCC2)CC1,CHEMBL3092301,False,6.58,,1
CUIOOITULADHNM-KRWDZBQOSA-N,CN(C)CCCN(C)C(=O)Nc1cc2c(Nc3ccc(F)c(Cl)c3)ncnc2cc1O[C@H]1CCOC1,CHEMBL3092317,False,6.33,,1
DAPDIOHPATXXKN-UHFFFAOYSA-N,Cc1ncnc(Nc2ccc(OCc3cccc(F)c3)c(Cl)c2)c1C#CCN1CCOCC1,CHEMBL1683971,False,5.38,,1
NHXPKHTXOWBCBM-UHFFFAOYSA-N,CCN1CCN(CCCC#Cc2c(C)ncnc2Nc2ccc(OCc3cccc(F)c3)c(Cl)c2)CC1,CHEMBL1683974,False,8.05,,1
KOKIWHFHSSFFHX-OKCVXOCRSA-N,COc1cccc(/C=N/c2c(C#N)nc3c(-c4cc(OC)c(OC)c(OC)c4)nc4ccccc4n23)c1,CHEMBL5567534,False,7.12,,1
CADIUXHTJVELHT-UVHMKAGCSA-N,COc1cc(-c2nc3ccccc3n3c(/N=C/c4ccsc4)c(C#N)nc23)cc(OC)c1OC,CHEMBL5594128,False,7.07,,1
YJEHFTZFENYBBO-UHFFFAOYSA-N,Cc1ncnc(Nc2ccc(OCc3cccc(F)c3)c(Cl)c2)c1C=C(F)C(=O)NCCN1CCCC1,CHEMBL1683967,True,8.52,,1
LLGRWVCEOGRFJQ-UHFFFAOYSA-N,Fc1cccc(COc2ccc(Nc3cc(-c4cccnc4)ncn3)cc2Cl)c1,CHEMBL1683951,False,4.33,,1
GKWOYHUYOVPTDE-UHFFFAOYSA-N,Cc1ncnc(Nc2ccc(OCc3cccc(F)c3)c(Cl)c2)c1-c1cccc(CN2CCOCC2)c1,CHEMBL1683960,False,6.23,,1
MHAZSVGHNFNZJI-UHFFFAOYSA-N,Cc1ncnc(Nc2ccc(OCc3cccc(F)c3)c(Cl)c2)c1C#Cc1ccc(CN2CCOCC2)cc1,CHEMBL1683962,False,6.62,,1
WIISKNAPHJLZGS-UHFFFAOYSA-N,C=CC(=O)Nc1ccc(OC)c(Nc2ncc(Cl)c(-c3c[nH]c4ccccc34)n2)c1,CHEMBL2426282,True,6.26,,1
STTAPQNGVRKNPQ-CQSZACIVSA-N,C=CC(=O)N1CCN(C(=O)Oc2cc3c(Nc4cccc(Cl)c4F)ncnc3cc2OC)[C@H](C)C1,CHEMBL5178180,True,9.47,0.0,2
WYZOMYWEQQWFAG-UHFFFAOYSA-N,Nc1ccccc1NC(=O)CCc1ccc(-c2ccc3ncnc(Nc4ccc(OCc5cccc(F)c5)c(Cl)c4)c3c2)cc1,CHEMBL1630116,False,7.82,,1
ZMYUKKKHJVNBAM-UHFFFAOYSA-N,ON=C(O)c1ccc(-c2ccc3ncnc(Nc4ccc(OCc5cccc(F)c5)c(Cl)c4)c3c2)o1,CHEMBL1630117,False,8.41,,1
MRWAZVPCMKBBCK-UHFFFAOYSA-N,Clc1ccc2c(c1)CNc1c(Nc3cccc(Br)c3)ncnc1O2,CHEMBL378145,False,5.47,,1
WKVGPPQKZYTFPL-UKINESCASA-N,CN(C/C=C/C(=O)N1CCC[C@@H](Nc2nnc(C(N)=O)c(Nc3ccc(S(C)(=O)=O)cc3)n2)C1)C1CC1,CHEMBL5822177,True,5.26,,1
LHMPUXRYZHNWOO-SCUOOLIXSA-N,Cc1cccc(-c2c(NC(=O)/C=C/[C@H]3CCCN3C)ccc3ncnc(Nc4ccc(OCc5ccccn5)c(Cl)c4)c23)c1,CHEMBL5593219,True,8.23,,1
YBNQRDJFYLHMJK-IZZDOVSWSA-N,COc1cccc(-c2c(NC(=O)/C=C/CN(C)C)ccc3ncnc(Nc4ccc(OCc5cccc(F)c5)c(Cl)c4)c23)c1,CHEMBL5591805,True,8.89,,1
XHZSUEXQZOQCLO-ONEGZZNKSA-N,CN(C)C/C=C/C(=O)Nc1ccc2ncnc3c2c1CCN3c1ccc(F)c(Cl)c1,CHEMBL5574232,True,9.8,,1
MWZFXIKIYVTOEE-FNORWQNLSA-N,O=C(/C=C/CN1CCCC1)Nc1ccc2ncnc3c2c1C=CN3c1ccc(OCc2ccccn2)c(Cl)c1,CHEMBL5591255,True,8.83,,1
IFPUQYWBUKZKKP-UHFFFAOYSA-N,CCCC(=O)Nc1cc2c(Oc3ccc(NC(=O)CCCc4ccccc4)cc3F)ncnc2cc1OC,CHEMBL5570716,False,5.58,,1
OLWWIAFRNOFHTL-UHFFFAOYSA-N,CN1CCC(O)(c2nc(-c3ccc(F)cc3)c(-c3ccncc3)o2)CC1,CHEMBL22978,False,6.1,,1
PUNTVOFUMRATBV-UHFFFAOYSA-N,Nc1nc2c(c(Nc3ccc(Cl)cc3)n1)-c1ccccc1C2,CHEMBL2047247,False,4.58,,1
KUGPVOOXGNRNOA-UHFFFAOYSA-N,COc1cc2c(Oc3ccc(NS(=O)(=O)c4ccccc4OC(F)(F)F)cc3F)ccnc2cc1OCCCN1CCN(C)CC1,CHEMBL4470236,False,5.51,,1
NBPINIBREWXSRV-UHFFFAOYSA-N,COc1ccc(Nc2ncc3cc(-c4c(Cl)cccc4Cl)c(=O)n(C)c3n2)cn1,CHEMBL111365,False,5.89,,1
SUAIVSSXDCBECL-UHFFFAOYSA-N,COCCOc1cc2ncnc(Nc3ccc(C(F)F)c(C=O)c3)c2cc1OCCOC,CHEMBL5632548,False,6.25,,1
QXBBWXNHVHJSBC-UHFFFAOYSA-N,COCC(C)Oc1cc2ncnc(Nc3ccc(F)c(Cl)c3)c2c2c1OCCO2,CHEMBL3805775,False,6.61,,1
KPOWUQIMHGWQLY-UHFFFAOYSA-N,CCOC(C)Oc1cc2ncnc(Nc3ccc(F)c([N+](=O)[O-])c3)c2c2c1OCCO2,CHEMBL3806172,False,6.63,,1
FSRMUDDPGLEQSI-UHFFFAOYSA-N,COCCOc1cc2ncnc(Nc3ccc(C)c([N+](=O)[O-])c3)c2c2c1OCCO2,CHEMBL3805299,False,7.13,,1
WUAZUOXCWOXJJP-UHFFFAOYSA-N,CCOc1cc2ncnc(Nc3cccc([N+](=O)[O-])c3)c2c2c1OCCO2,CHEMBL3805238,False,8.01,,1
PJADTLKXGYODKV-UHFFFAOYSA-N,CCOc1cc2ncnc(Nc3cccc(OC)c3)c2c2c1OCCO2,CHEMBL3805774,False,8.36,,1
WCTCUKAYRBHVFQ-UHFFFAOYSA-N,FC(F)(F)c1cccc(Nc2ncnc3cc(OCCCN4CCOCC4)c4c(c23)OCCO4)c1,CHEMBL3805588,False,7.01,,1
RENFOOCUNGUUHO-HSZRJFAPSA-N,CS(=O)(=O)C[C@@H](N)c1ccc(-c2ccc3ncnc(Nc4ccc(OCc5cccc(F)c5)c(Cl)c4)c3c2)o1,CHEMBL3344215,False,7.97,,1
ZQOJOCBLMULSIQ-UHFFFAOYSA-N,CN(C)CCOc1cccc(Nc2nccc(-c3c(-c4cccc(C(=O)Nc5cc(C(F)(F)F)ccc5F)c4)nc4ccccn34)n2)c1,CHEMBL3985011,False,6.0,,1
MQINDXWPJVNWSX-UHFFFAOYSA-N,C#CC(=O)N1CC(c2c[nH]n3c(C(N)=O)c(-c4ccc(Oc5ccc(OC)cc5)cc4)nc23)C1,CHEMBL4867893,False,7.05,,1
IXKCNJIWRNIRNO-UHFFFAOYSA-N,COc1cc(Nc2ncnc3cc(-c4ccc(C)cc4)sc23)cc(OC)c1OC,CHEMBL4569885,False,7.52,,1
DBDXRFYGZAEXEW-AATRIKPKSA-N,CCOCCOc1cc2ncnc(Nc3ccc(F)c(Cl)c3)c2cc1NC(=O)/C=C/CN(C)C,CHEMBL4473875,True,9.16,0.0,2
CYQSRZQWLBOOCC-BQYQJAHWSA-N,CCOCCOc1cc2ncnc(Nc3ccc(F)c(Cl)c3)c2cc1NC(=O)/C=C/CN(CC)CC,CHEMBL4591886,True,8.83,,1
PBZBMBRNISMRFT-UHFFFAOYSA-N,CN(C)CCOc1ccc(Nc2ncnc3cc(OCCCN4CCOCC4)c(NC(=O)c4cc([N+](=O)[O-])ccc4F)cc23)cc1Cl,CHEMBL4755444,False,6.43,,1
ZILKTDJCFGYUHY-UHFFFAOYSA-N,O=C(Nc1cc2c(Nc3ccc(F)c(Cl)c3)ncnc2cc1OCCCN1CCNCC1)c1cc([N+](=O)[O-])ccc1F,CHEMBL4792426,False,8.59,,1
IKIZZUZFPUSYEY-UHFFFAOYSA-N,O=C(Nc1cc2c(Nc3ccc(F)c(Cl)c3)ncnc2cc1OCCCN1CCOCC1)c1cc(F)cc(F)c1F,CHEMBL4762998,False,6.44,,1
MUGBIESGDOVNEN-UHFFFAOYSA-N,O=C(Nc1cc2c(Nc3ccc(F)c(Cl)c3)ncnc2cc1OCCCN1CCOCC1)c1ccccc1,CHEMBL4755832,False,7.57,,1
DGKPSIOJHHBXOP-UHFFFAOYSA-N,COc1cc2c(Oc3ccc(NS(=O)(=O)c4ccccc4C(F)(F)F)cc3F)ccnc2cc1OCCCN1CCC(C)CC1,CHEMBL4447225,False,6.23,,1
MMWYPIZZRVNOKA-UHFFFAOYSA-N,COc1cc2c(Nc3ccc(C)c(Br)c3)ncnc2cc1OCCNC(=O)Cn1cnc([N+](=O)[O-])n1,CHEMBL4463765,False,7.73,,1
VOQPJMGPHUWKCT-UHFFFAOYSA-N,COc1cc2c(Nc3ccc(Br)cc3F)ncnc2cc1OCCNC(=O)Cn1cnc([N+](=O)[O-])n1,CHEMBL4453429,False,7.36,,1
YCOVCAZFTSJSEX-UHFFFAOYSA-N,Clc1ccc2[nH]c(Cc3nnc(-c4ccccc4Cl)o3)nc2c1,CHEMBL4083493,False,4.48,0.0,2
AQGKLCDIOIRFOM-GOSISDBHSA-N,COC[C@@H](Nc1ncnc2[nH]c(-c3ccccc3OC(F)F)cc12)c1ccccc1,CHEMBL4794073,False,8.89,,1
VDHVVAUPCWEMMS-LJQANCHMSA-N,CCOc1ccccc1-c1cc2c(N[C@H](CCO)c3ccccc3)ncnc2[nH]1,CHEMBL4760328,False,10.0,,1
NDSATCLABPNXCF-LJQANCHMSA-N,C=CC(=O)Nc1cccc(-c2c(C)oc3ncnc(N[C@H](CO)c4ccccc4)c23)c1,CHEMBL4448691,True,7.21,,1
MTZNLMGFYVEIAP-UHFFFAOYSA-N,C=CC(=O)Nc1cc(Nc2ncc(F)c(Nc3ccccc3S(=O)(=O)N(C)C)n2)c(OC)cc1N(C)CCN(C)C,CHEMBL4565984,True,6.76,,1
AZOGSYWIPRKHQE-UHFFFAOYSA-N,COc1cc(N2CCC(N3CCN(C)CC3)CC2)c(-c2cn[nH]c2)cc1Nc1ncc(Cl)c(Nc2ccccc2P(C)(C)=O)n1,CHEMBL5077378,False,8.89,,1
NCVRLWMPFFMARQ-UHFFFAOYSA-N,COc1cc(N2CCN(C)CC2)ccc1Nc1nccc(-c2cn(C)c3ccccc23)n1,CHEMBL5285308,False,7.47,,1
FIMFLRRTLMJCKE-UHFFFAOYSA-N,COc1cc(N2CCN(C)CC2)ccc1Nc1ncc(C(=O)OC(C)C)c(-c2cn(C)c3ccccc23)n1,CHEMBL5275642,False,9.0,0.0,2
LOYONFSMCYGINB-UHFFFAOYSA-N,CCOC(=O)c1cnc(Nc2ccc(N3CCN(C)CC3)cc2OC)nc1-c1cn(C)c2ccccc12,CHEMBL5278657,False,8.28,,1
DFGKFQWBYFTPQH-UHFFFAOYSA-N,CCNC(CS(C)(=O)=O)c1ccc(-c2ccc3ncnc(Nc4ccc(OCc5cccc(F)c5)c(Cl)c4)c3c2)o1,CHEMBL3344211,False,7.83,,1
GCSPPESXDKZVCM-UHFFFAOYSA-N,OC(c1cccs1)c1cc2ccccc2nc1Cl,CHEMBL4456370,False,5.2,,1
AMMNXXCGEOWULQ-UHFFFAOYSA-N,COc1ccc(CNc2nc3ccccc3c(NCc3ccc(OC)cc3)c2[N+](=O)[O-])cc1,CHEMBL5286373,False,6.66,,1
LMWDCCYLPLDXQG-JWOSDPRPSA-N,COc1cc2ncnc(Nc3ccc(O[C@H]4CO[C@H]5[C@@H]4OC[C@@H]5O)c(Cl)c3)c2cc1OC,CHEMBL5272200,False,8.28,,1
JUZFTHJFMWRHJB-QZUHWTNASA-N,CC(=O)O[C@H]1CC[C@]2(C)[C@H]3CC=C4[C@@H]5CC(C)(C)CC[C@]5(C(=O)OCCCCO[N+](=O)[O-])CC[C@@]4(C)[C@]3(C)CC[C@H]2C1(C)C,CHEMBL4452906,False,7.0,,1
LNAWOBZZQOBUHP-WZMLTRNISA-N,CC1(C)CC[C@]2(C(=O)OCCCCO[N+](=O)[O-])CC[C@]3(C)C(=CC[C@@H]4[C@@]5(C)CC[C@H](O)[C@@](C)(CO)[C@@H]5CC[C@]43C)[C@@H]2C1,CHEMBL4537422,False,6.72,,1
TUFACGKVZLPVIL-UHFFFAOYSA-N,CCOc1cc2ncnc(Nc3ccc(F)c(Cl)c3)c2cc1OC(=O)CSc1ncc[nH]1,CHEMBL4526992,False,8.39,1.1596551211459383,2
BUCODYDUXJTFDB-UHFFFAOYSA-N,Cn1c(=O)[nH]c2[nH]c(SCC(=NO)c3ccc(Br)cc3)nc2c1=O,CHEMBL4586164,False,5.54,,1
ACFWCPZFEIDRAM-UHFFFAOYSA-N,OCc1ccc(-c2cc3c(NCc4ccccc4)ncnc3[nH]2)cc1,CHEMBL5397557,False,9.0,,1
HDUIQNARVJYUGR-UHFFFAOYSA-N,COCCOCCOCCOc1ccc(-c2cc3c(N(C)Cc4cccc(C)c4)ncnc3[nH]2)cc1,CHEMBL5425883,False,6.93,,1
HNJOCLQAHHIZPS-UHFFFAOYSA-N,Cc1cccc(CN(C)c2ncnc3[nH]c(-c4ccc(S(N)(=O)=O)cc4)cc23)c1,CHEMBL5411617,False,7.01,,1
KLRDWNMMZDDJGS-UHFFFAOYSA-N,COc1ccc2ncnc(Nc3ccc(F)c(Cl)c3)c2c1OC1CCN(C)CC1,CHEMBL203936,False,6.65,,1
FSXRNYHLAZAJJI-UHFFFAOYSA-N,COc1cc(OC2CCOC2)c2c(Nc3ccc(F)c(Cl)c3)ncnc2c1,CHEMBL204268,False,6.73,,1
HQTAAPOMNNDGNN-YAUBYZHOSA-N,COc1cc(/C=C2\CCC/C(=C\c3ccccc3Br)C2=O)cc(OC)c1,CHEMBL2316144,False,5.09,,1
QOLLSSWROWSEGI-UHFFFAOYSA-N,C=CC(=O)Nc1cc2c(Nc3ccc(Br)cc3F)ncnc2cc1OCC1CCN(C(=O)CS(C)(=O)=O)CC1,CHEMBL3671477,True,7.58,0.0,2
KOFUQOSYLNBEDS-UHFFFAOYSA-N,O=C(Nc1cccc(NC(=O)c2ccccn2)c1)NC1CCCCC1,CHEMBL4437803,False,6.83,,1
OUSVLVPMXYLOEX-UHFFFAOYSA-N,COc1ccc(N2CCC(N3CCCCC3)CC2)cc1Nc1nccc(-c2c(-c3cccc(C(=O)Nc4c(F)cccc4F)c3)nc3ccccn23)n1,CHEMBL3954571,False,6.0,,1
DUPSNQFPAJUAKA-UHFFFAOYSA-N,COc1ccc(-c2nn(C(C)C)c3ncnc(N)c23)cc1,CHEMBL1242847,False,5.37,,1
JDOVRLNHIYWZKZ-UHFFFAOYSA-N,COc1cc(-c2nn(C(C)C)c3ncnc(N)c23)ccc1N,CHEMBL1241485,False,5.42,,1
KEOKRCKVDHLVOO-UHFFFAOYSA-N,C=CC(=O)Nc1cc2c(Nc3cc(OC)c(Cl)cc3Cl)ncnc2cc1OCCNC(C)=O,CHEMBL3676352,True,7.38,0.0,2
FTHVRWNSFRDQNV-UHFFFAOYSA-N,OCCOCCNCc1ccc(-c2cc3nccc(Nc4ccc5[nH]ccc5c4)c3s2)cc1,CHEMBL421326,False,8.4,,1
JCKSFAJUCQVQOF-UHFFFAOYSA-N,c1cc(Nc2ccc3[nH]ccc3c2)c2sc(-c3ccc(CN4CCOCC4)cc3)cc2n1,CHEMBL312482,False,7.52,,1
BQBNPQXFWWIVER-UHFFFAOYSA-N,COc1cc(N2CCN(C)CC2)ccc1Nc1ncc(Cl)c(Oc2ccccc2NC(=O)CO)n1,CHEMBL4212450,False,5.7,,1
AFYVDDVXNBWDRP-UHFFFAOYSA-N,COc1cc(N2CCN(C)CC2)ccc1Nc1ncc(Cl)c(Oc2cccc(N)c2)n1,CHEMBL4210744,False,5.17,,1
VNPLPOBHPAWICK-RMKNXTFCSA-N,COc1cc(N2CCN(C)CC2)ccc1Nc1ncc(Cl)c(Oc2cccc(NC(=O)/C=C/CN(C)C)c2)n1,CHEMBL4202955,True,5.0,,1
JUIFJZHSTLKWMT-UHFFFAOYSA-N,COc1cc(N2CCN(C)CC2)ccc1Nc1ncc(Cl)c(Oc2ccc(N)cc2)n1,CHEMBL4205469,False,4.85,,1
PXFIENHQGCMODS-UHFFFAOYSA-N,COc1cc(N2CCN(C)CC2)ccc1Nc1ncc(Cl)c(Oc2ccc(NC(C)=O)cc2)n1,CHEMBL4203804,False,5.07,,1
YUHAHDWXHHCLRS-UHFFFAOYSA-N,CCCOC(=O)Nc1ccc(Nc2ncnc3cc(OC)c(OC)cc23)cc1C,CHEMBL3221556,False,6.05,,1
WMWSTVYFFWEFCV-UHFFFAOYSA-N,CCOC(=O)Nc1ccc(Nc2ncnc3cc(OC)c(OC)cc23)cc1Cl,CHEMBL3221560,False,6.0,,1
DEKAVWSCKVKTIM-RMKNXTFCSA-N,CCOCCOc1cc2ncnc(Nc3ccc(OCc4cccc(F)c4)c(Cl)c3)c2cc1NC(=O)/C=C/CN(C)C,CHEMBL4447976,True,6.81,0.0,2
GFAVMCPSQILRPK-ZHACJKMWSA-N,O=C(/C=C/c1ccccc1)Nc1ccccc1F,CHEMBL1998736,True,5.13,,1
ZFHREWWRBHSDLZ-UHFFFAOYSA-N,C=CC(=O)N(C)CCn1nc(-c2ccc(Oc3ccccc3)cc2)c2c(N)ncnc21,CHEMBL3921017,True,7.55,0.0,2
CZCUSNQZHNYXNJ-LKYAVPRHSA-N,Nc1ncnc2c1c(-c1ccc(Oc3ccccc3)cc1)nn2C[C@@H]1CCCN1C(=O)/C=C/CN1CCOCC1,CHEMBL3915538,True,5.21,0.0,2
NMTKPXSELNQRAZ-UHFFFAOYSA-N,COc1ccc(NC(=O)C2C(C)=NC(=O)NC2c2ccc(OC)c(OC)c2)c(OC)c1,CHEMBL5597233,True,7.16,,1
HPWQVMKCYADVLJ-UHFFFAOYSA-N,C#CC(=O)N1CCC(c2c[nH]n3c(C(N)=O)c(-c4ccc(Oc5ccccc5)cc4)nc23)C1,CHEMBL4875332,False,7.53,,1
CFYBPLINLQYRJH-IBGZPJMESA-N,C=CC(=O)N1CCC[C@H]1c1nc(-c2ccc(Oc3cccc(OC)c3F)cc2)c2cnccn12,CHEMBL5926724,True,5.26,0.0,2
RBODKSYPSRHVMB-XAVKZTDYSA-N,NC(=O)c1c(-c2ccc(Oc3ccc(Cl)cn3)cc2)nn([C@@H]2CCCN(C(=O)/C=C/C(F)F)C2)c1N,CHEMBL5853497,True,6.51,,1
OESLVPZARHNUSJ-UHFFFAOYSA-N,CCOC(=O)C(Cc1c[nH]c2ccccc12)NCC(=O)NNC(=O)COc1ccc(-c2nc3ccccc3s2)cc1OC,CHEMBL5208397,False,6.94,,1
HNCUWUGABUQVNG-UHFFFAOYSA-N,COc1ccccc1-c1cc(C(=O)Nc2nc3cc(C4CCN(C(C)=O)C4)ccc3n2CC(C)(C)O)ccn1,CHEMBL5969655,False,8.035,1.1101576464628797,2
YVBMMACYIOZHCX-BGYRXZFFSA-N,COc1c(C)cccc1-c1cc(C(=O)Nc2nc3ccccc3n2[C@H]2CC[C@@H](O)CC2)ccn1,CHEMBL5758879,False,6.89,1.3576450198781713,2
XIKPVMSKIDGJAK-UHFFFAOYSA-N,C=CC(=O)Nc1cccc(-c2cccc3cnc(Nc4ccc(N5CCN(C(C)=O)CC5)cc4)nc23)c1,CHEMBL5968985,True,6.52,,1
LDHSPYUKFPGYQR-UHFFFAOYSA-N,CC(C)(O)Cn1c(NC(=O)c2ccnc(-n3cnc4ccccc43)c2)nc2ccccc21,CHEMBL5968872,False,6.865,0.8131727983645299,2
LCUAIMRNDLFTPL-UHFFFAOYSA-N,COc1cc2ncnc(Nc3ccc(Cl)c(N)c3)c2cc1OC,CHEMBL6160755,False,9.34,,1
WYCUPLCASIXUNU-UHFFFAOYSA-N,COc1cc(N(C)CCN(C)C)c2cc1Nc1ncc(Br)c(n1)Nc1ccc(cc1P(C)(C)=O)OCCCCC(=O)N2,CHEMBL6142457,False,6.1,,1
JTXLCBPHQQFFNS-UHFFFAOYSA-N,Cc1cccc(CN(C)c2ncnc3[nH]c(-c4ccc(CCC(=O)O)cc4)cc23)c1,CHEMBL5418087,False,7.52,,1
FQPFYCSBFICLPN-UHFFFAOYSA-N,CC(C)Oc1cc(Nc2ccnc(-c3cnn(S(=O)(=O)C4CC4)c3)n2)ncc1-c1cnn(C2CCOCC2)c1,CHEMBL6150231,False,7.68,,1
MKPSCTJIPANPDT-UHFFFAOYSA-N,N#Cc1c(N)sc(C(=O)N=C2N=NC(=O)C2=C(CCc2ccccc2)c2ccccc2)c1N,CHEMBL6188992,False,6.5,,1
YCEASOSKIXBBAN-UHFFFAOYSA-N,C#Cc1cccc(Nc2ncnc3cc(OCCOC(=O)C(C)c4ccc5cc(OC)ccc5c4)c(OCCOC(=O)C(C)c4ccc5cc(OC)ccc5c4)cc23)c1,CHEMBL3741768,False,6.41,,1
JNXCKDFIIQMVMY-UHFFFAOYSA-N,COc1cc(N2CCN(C)CC2)c(-c2cnn(C)c2)cc1Nc1ncc(Cl)c(Nc2ccccc2P(C)(C)=O)n1,CHEMBL5087610,False,8.48,,1
CLUMTHHORUVBIQ-UHFFFAOYSA-N,N#CC(C#N)=Cc1ccc(C=O)cc1,CHEMBL311119,False,4.22,,1
DATRTCJGCFQUHH-UHFFFAOYSA-N,CCCN1CCC(n2cc(CNc3cc(Cl)c4ncc(C#N)c(Nc5ccc(F)c(Cl)c5)c4c3)nn2)CC1,CHEMBL495617,False,4.52,,1
YGHNIYXOYMJYDH-UHFFFAOYSA-N,N#Cc1cnc2c(Cl)cc(NCc3cn(C4CCN(C5CCC5)CC4)nn3)cc2c1Nc1ccc(F)c(Cl)c1,CHEMBL501709,False,4.66,,1
JEMSOXTWRRHLSY-IEYCOXKTSA-N,CO[C@@H]1COC2C1OC[C@H]2Oc1cc2ncnc(Nc3ccc(F)c(Cl)c3)c2cc1NC(=O)/C=C/CN(C)C,CHEMBL4112924,True,9.4,,1
LECSSHUYKZKQDD-UHFFFAOYSA-N,COc1ccc(-c2cc(=O)cc(-c3ccc(OC)cc3)o2)cc1,CHEMBL5192793,False,9.82,,1
JUGSLZCFNSTKBN-UHFFFAOYSA-N,CCN(CC)CC1CCN(c2ncc3ncnc(Nc4ccc(F)c(Cl)c4)c3n2)CC1,CHEMBL1358485,False,8.52,,1
YSLICASDLPYAND-UHFFFAOYSA-N,COc1nn(C2CCN(C)CC2)cc1-c1cnc(Nc2ccnc(-c3cnn(S(=O)(=O)C4CC4)c3)n2)cc1OC(C)C,CHEMBL6152780,False,8.43,,1
ZRPZPNYZFSJUPA-UHFFFAOYSA-N,C=CC(=O)N1CCN(c2ncnc3c(F)c(-c4c(O)cccc4F)c(Cl)cc23)CC1,CHEMBL4214264,True,6.92,,1
CXPFXSZABUYPDJ-UHFFFAOYSA-N,C=CC(=O)Nc1cc2c(Nc3ccc(Cl)cc3Cl)ncnc2cc1OCCNC(C)=O,CHEMBL3671582,True,7.31,0.0,2
YEPJSPZWMLQZDI-UHFFFAOYSA-N,C=CC(=O)Nc1cc2c(Nc3ccc(Br)cc3Cl)ncnc2cc1OCCNC(C)=O,CHEMBL3671584,True,7.38,0.0,2
ARBSTGKTOSHPOE-UHFFFAOYSA-N,C=CC(=O)Nc1cc2c(Nc3ccc(Br)c(F)c3F)ncnc2cc1OCCNC(=O)CN(C)C,CHEMBL3676344,True,7.75,0.0,2
VXCNBTDBUDHSOM-UHFFFAOYSA-N,CC(=O)SCC(CSC(C)=O)C(=O)Nc1ccc2ncc(C#N)c(Nc3ccc(OCc4cccc(F)c4)c(Cl)c3)c2c1,CHEMBL6012697,False,6.779999999999999,0.7353910524340098,2
JXDHZXSSDRPBDG-UHFFFAOYSA-N,C=CC(=O)Nc1cc(-c2cn(C)c3ccccc23)ncn1,CHEMBL5400930,True,6.05,,1
KBRHRZPPQDIMOA-UHFFFAOYSA-N,CC(C)c1cnc(N2CC(CS(C)(=O)=O)C2)c2cnc(Nc3ccnc(N4CCC(O)C(C)(F)C4)n3)cc12,CHEMBL6145857,False,10.0,,1
PZSQYQQPTYOEBC-LLVKDONJSA-N,C=CC(=O)N1CCC[C@@H](n2nc(C(=O)Nc3nc4ncccc4o3)c3c(N)ncnc32)C1,CHEMBL5811320,True,7.55,,1
MGERWQZUPXCLMR-VFUOJUBFSA-N,Nc1ncnc2c1c(C(=O)Nc1nc3cc(-c4ccccc4)ccc3o1)cn2[C@@H]1CCN(C(=O)/C=C/CN2CCCCC2)C1,CHEMBL6030528,True,7.17,,1
JQQNLSUBSWECQL-UHFFFAOYSA-N,C=CC(=O)N1CC(Cn2nc(C(=O)Nc3nc4ccccc4o3)c3c(N)ncnc32)C1,CHEMBL5853477,True,7.91,,1
CWFRQOLJELCKGY-GPAKFWEMSA-N,CN(C)C/C=C/C(=O)N1CC[C@H](n2nc(C(=O)Nc3nc4ccccc4o3)c3c(N)ncnc32)C1,CHEMBL5742635,True,7.95,,1
PFGUHPUJLMNDMO-UHFFFAOYSA-N,C=CC(=O)N1CC(Cn2nc(C(=O)Nc3nc4cc(F)ccc4o3)c3c(N)ncnc32)C1,CHEMBL5818001,True,7.24,,1
GGMCKPMWBJESJY-UHFFFAOYSA-N,C=CC(=O)Nc1cc(Nc2nccc(Nc3cnn(C)c3)n2)c(OC)cc1N(C)CCN(C)C,CHEMBL5071181,True,6.3,,1
GFBSMPPRGUGBQY-UHFFFAOYSA-N,C=CC(=O)Nc1cc(Nc2nccc(Nc3cn(C)nc3C)n2)c(OC)cc1N(C)CCN(C)C,CHEMBL5080676,True,7.15,,1
XGODHKAQKVGYSQ-UHFFFAOYSA-N,COc1cc2nc(C)nc(NN=Cc3cc(CN4CCN(C)CC4)c(O)c(OC)c3)c2cc1OC,CHEMBL6193031,False,9.85,,1
AVSIKJCSTGRHSG-UHFFFAOYSA-N,CC(C)c1ccccc1Nc1nc(N)nc2c1Cc1ccccc1-2,CHEMBL3948546,False,4.64,,1
PRYOUAGILXESLL-UHFFFAOYSA-N,Fc1c(I)cccc1Nc1ncnc2cc3c(cc12)OCCO3,CHEMBL4759031,False,7.93,0.07071067811865482,2
JVOWSKQMJFOGDZ-UHFFFAOYSA-N,C=CC(=O)N1CCc2ccc(N3C(=O)CCc4cnc5ccc(-c6cnn(C)c6)cc5c43)cc21,CHEMBL5289623,True,5.37,,1
CNGROPLMDXUVBB-UHFFFAOYSA-N,C=CC(=O)C(CCN(C)C)c1cc2c(Nc3cccc(Br)c3)ncnc2cn1,CHEMBL453379,False,8.38,,1
UIYHGNBEHXNFBN-UHFFFAOYSA-N,C=C[S+]([O-])c1cc2c(Nc3cccc(Br)c3)ncnc2cn1,CHEMBL345077,False,8.34,,1
GYZRHMIPWQOSOA-UHFFFAOYSA-N,CN(CC(=O)O)c1cc2ncnc(Nc3cccc(Br)c3)c2cn1,CHEMBL126903,False,7.8,0.0,2
IGFGOGKMSDOPMO-ZZXKWVIFSA-N,COc1cc(NC(=O)/C=C/CN2CCOCC2)cc2c(Nc3cccc(Br)c3)ccnc12,CHEMBL472743,True,5.27,,1
SBGGEGBXNPOMAC-ZZXKWVIFSA-N,COc1cc2nccc(Nc3ccc(F)c(Cl)c3)c2cc1NC(=O)/C=C/C(C)N1CCOCC1,CHEMBL514771,True,4.97,,1
DHUATBAZHILHIC-UHFFFAOYSA-N,Cc1c(C(=O)c2ccc(Cl)cc2)c2ccc(OC(F)(F)F)cc2n1Cc1cccc(OC(C)C(=O)O)c1,CHEMBL461571,False,5.65,,1
CMTQODNCOCBAEG-FAXVRMPLSA-N,CC(=O)OC[C@H]1O[C@@H](N(C(C)=O)C2=NN(C(C)=O)C(c3cc(=O)oc4cc(OCC(C)C)ccc34)S2)[C@H](OC(C)=O)[C@@H](OC(C)=O)[C@@H]1OC(C)=O,CHEMBL5558549,False,6.66,,1
STCSTSSDRJJGME-HSZRJFAPSA-N,CN(C)C(=O)N[C@@H]1CCCN(c2cnc(C(N)=O)c(Nc3ccc(C4CCN(CCOCCO)CC4)cc3)n2)C1,CHEMBL5804118,False,6.26,,1
CBVUEAAQUJJHEA-HHHXNRCGSA-N,CN1CCC(c2ccc(Nc3nc(N4CCC[C@@H](NC(=O)c5ccc(C(C)(C)C)cc5)C4)cnc3C(N)=O)cc2)CC1,CHEMBL6017545,False,5.26,,1
YEKCMPJGUUKTOH-UHFFFAOYSA-N,COc1cc2nc(C)nc(NN=Cc3cc(CN4CCCCC4)c(O)c(OC)c3)c2cc1OC,CHEMBL6188862,False,8.43,,1
KRPKPDYONWEWGV-UHFFFAOYSA-N,Clc1ccc(Nc2ncc3c(n2)-c2ccc(Cl)cc2SC3)cc1,CHEMBL3628818,False,4.34,,1
YGYNCQULQHGVGO-UHFFFAOYSA-N,C=CC(=O)Nc1cccc(NC(=O)Nc2ccnc(Nc3ccc(N(C)C)cc3)n2)c1,CHEMBL4225517,True,6.33,,1
NAHPEMQMXDXGBZ-UHFFFAOYSA-N,CS(=O)(=O)CCNCc1ccc(-c2ccc3ncnc(Nc4ccc(OCc5cccc(F)c5)c(C(F)(F)F)c4)c3c2)o1,CHEMBL215814,False,7.1,,1
ULFOIIHWEYKPTD-ORVAUESNSA-N,CCCCCOc1ccc2oc(=O)cc(/C=N/N=c3\scc(-c4ccccc4)n3[C@@H]3O[C@H](COC(C)=O)[C@@H](OC(C)=O)[C@H](OC(C)=O)[C@H]3OC(C)=O)c2c1,CHEMBL5566405,False,6.82,,1
XBFVMMZNHWICGA-SFHVURJKSA-N,O=C(Nc1cc2c(Nc3ccc(F)c(Cl)c3)ncnc2cc1O[C@H]1CCOC1)N1CCC(CCO)CC1,CHEMBL3092302,False,6.52,,1
NMKALLBHRSIRRM-UHFFFAOYSA-N,NP(=O)(OCCCCOc1ccc2ncnc(Nc3ccc(OCc4cccc(F)c4)c(Cl)c3)c2c1)N(CCCl)CCCl,CHEMBL4105530,False,7.57,,1
BYYWPKXODYXSLS-UHFFFAOYSA-N,C#Cc1cccc(Nc2ncnc3ccc(OCCCOP(N)(=O)N(CCCl)CCCl)cc23)c1,CHEMBL4079768,False,8.14,,1
NSRXPGZCZVRKGV-UHFFFAOYSA-N,NP(=O)(OCCCOc1ccc2ncnc(Nc3ccc(F)c(Cl)c3)c2c1)N(CCCl)CCCl,CHEMBL4097795,False,8.24,,1
RESZILDIQVNANF-UHFFFAOYSA-N,COc1cc2ncnc(Nc3ccc(OCc4cccc(F)c4)c(Cl)c3)c2cc1OCCCOP(N)(=O)N(CCCl)CCCl,CHEMBL4104950,False,7.66,,1
YJHQKHRGRXRQHB-AWEZNQCLSA-N,CCC(=O)c1cnc(Nc2ccnc(-c3cnn(S(=O)(=O)C4CC4)c3)n2)cc1N[C@@H](C)CC,CHEMBL5413772,False,6.67,,1
YNLXJJCFNYBGEB-UHFFFAOYSA-N,C=CCNC(=O)NCCOc1cc2ncnc(Nc3ccc(Br)cc3F)c2cc1NC(=O)C=C,CHEMBL3671513,True,7.72,0.0,2
DVKVCUDCIZOSBJ-UHFFFAOYSA-N,COc1ccc(C(=O)c2c(N)nn3c(NC(C)(C)CC(C)(C)C)nc4ccccc4c23)cc1,CHEMBL5619554,False,6.67,,1
LBWKVSIMJUHOGQ-UHFFFAOYSA-N,O=C1CSCC(=O)N1c1nnc2c3ccccc3nc(Sc3ccc(Br)cc3)n12,CHEMBL4644480,False,5.39,,1
REGSBTZPYLTYEF-JWGURIENSA-N,Cc1ncc([N+](=O)[O-])n1C/C(=N/NC(=O)c1ccccc1O)c1ccc(Br)cc1,CHEMBL3088222,False,5.59,,1
XZQRWZRFISEWFN-FAAWYNLUSA-N,COC(=O)/C=C/CNC(=O)Nc1cc2c(Nc3ccc(F)c(Cl)c3)ncnc2cc1O[C@H]1CCOC1,CHEMBL3092305,False,6.39,,1
RLKFWXIKUUDQPW-SFHVURJKSA-N,O=C(NCCN1CCCCC1)Nc1cc2c(Nc3ccc(F)c(Cl)c3)ncnc2cc1O[C@H]1CCOC1,CHEMBL3092309,False,6.78,,1
RBBBWMGEVIGGPY-RNWIMVQKSA-N,C[C@@H]1[C@H](N2CCCN(C)C2=O)CCCN1c1cnc(C#N)c(Nc2ccc(C3CCN(C4CCCC4)CC3)cc2)n1,CHEMBL5798489,False,6.26,,1
DHWXPNDSNSKKOJ-UHFFFAOYSA-N,C=CC(=O)Nc1cc(Nc2nccc(-c3cnn4ccccc34)n2)c(OC)cc1N1CCN(C)CC1,CHEMBL2424676,True,4.72,,1
CCYITMVYHGCYJS-UHFFFAOYSA-N,COc1cc(N2CCC(CCS(C)(=O)=O)CC2)c(C)cc1Nc1nccc(-c2c(-c3cccc(C(=O)Nc4c(F)cccc4F)c3)nc3ccccn23)n1,CHEMBL3969511,False,6.0,,1
KHLSAEXBMBBGNT-LBPRGKRZSA-N,C=CC(=O)N1CC[C@H](Oc2cc3c(Nc4ccc(Br)c(Cl)c4F)ncnc3cc2OC)C1,CHEMBL3904966,True,8.0,,1
RTRKXKKOOFQSCE-AEFFLSMTSA-N,C=CC(=O)N1CC[C@H](Oc2cc3c(N[C@H](C)c4ccccc4)ncnc3cc2OC)C1,CHEMBL3919447,True,7.92,,1
VNYZZTPLJQZDID-UHFFFAOYSA-N,COc1cc2nc(Cl)nc(Nc3ccc(NC(C)=O)cc3)c2cc1OC,CHEMBL3098326,False,4.42,,1
GXBRQSCEZSXJAQ-UHFFFAOYSA-N,COc1cc2nc(Cl)nc(Nc3ccc(N(C)C)cc3)c2cc1OC,CHEMBL3098319,False,4.44,,1
MFAQYJIYDMLAIM-UHFFFAOYSA-N,CC(C)n1nc(-c2cc3cc(O)ccc3[nH]2)c2c(N)ncnc21,CHEMBL1241674,False,5.36,,1
FLAXLBUPXZGWTK-UHFFFAOYSA-N,C=CC(=O)N1CC(Oc2cc3c(Nc4ccc(F)c(Cl)c4F)ncnc3cc2OC)C1,CHEMBL3909201,True,9.15,,1
YETQQFMHUDZVIA-UHFFFAOYSA-N,COc1cc2c(Nc3ccc(Cl)c(Cl)c3)ncnc2cc1OCc1cc(Br)cc(Br)c1,CHEMBL3961982,False,7.3,,1
BBVHESYHLPTUQL-UHFFFAOYSA-N,COc1cc2c(Nc3ccc(F)c(F)c3)ncnc2cc1OCCOCCNC(=O)Cn1cnc([N+](=O)[O-])n1,CHEMBL4576032,False,8.43,,1
DMOOGJIRMQGHML-UHFFFAOYSA-N,COc1cc2ncnc(Nc3ccc(F)c(Cl)c3)c2cc1OCCCNCc1c(OC)cc(OCc2cccc(-c3ccccc3)c2C)cc1OC,CHEMBL5560649,False,6.92,,1
XNJQHXBRQQSGDT-QGZVFWFLSA-N,COc1cccc(Oc2ccc(-c3nn([C@@H]4CCCNC4)c4c(OC)cncc34)cc2)c1F,CHEMBL6032663,False,6.26,,1
UCSIVZACDDZHET-UHFFFAOYSA-N,COc1ccccc1C(=O)NC1(c2ccc(-c3nn(C4CCCC4)c4ncnc(N)c34)cc2)CC1,CHEMBL6055178,False,5.26,0.0,2
XFKAJRCFTLDYAJ-UHFFFAOYSA-N,COc1ccc2ccccc2c1C(=O)NCc1ccc(-c2nn(C3CCCC3)c3ncnc(N)c23)cc1,CHEMBL6031875,False,5.26,,1
WUOFCZPJKYPFBV-UHFFFAOYSA-N,C=CC(=O)Nc1cc2c(Nc3ccc(OCc4cccc(F)c4)c(Cl)c3)ncnc2cc1OCc1cn(CCC(O)=NO)nn1,CHEMBL4758842,True,8.96,,1
KUUKOPMICNKRGE-UHFFFAOYSA-N,COc1ccc(-c2nn(C(C)C)c3ncnc(N)c23)cc1O,CHEMBL1242114,False,5.66,,1
CYFPQVFLFVUCKY-AATRIKPKSA-N,Cc1ncc([N+](=O)[O-])n1CCOC(=O)/C=C/c1cccc(F)c1,CHEMBL1172951,False,4.91,,1
ZBTLTVIYBHYEHL-UHFFFAOYSA-N,CC(C)n1nc(-c2ccc(Cl)c(O)c2)c2c(N)ncnc21,CHEMBL1241484,False,6.8,,1
TUXRFGDOGJUGFD-UHFFFAOYSA-N,COc1cccc(-c2cn(C3CCN(CC(=O)N(C)C)CC3)c3ncnc(N)c23)c1,CHEMBL355269,False,6.12,,1
NZIQNLGMMJGSQU-MUGAAPJKSA-N,CC(C)(/C=C(/C#N)C(=O)N1CCC[C@@H]1Cn1nc(-c2ccc(Oc3ccccc3)cc2F)c2c(N)ncnc21)N1CCOCC1,CHEMBL5184084,True,5.52,,1
PGHPEFJAWHRVLE-UHFFFAOYSA-N,CC(C)(C)c1cc(NC(=O)CN2CCN(c3ccccc3)CC2)no1,CHEMBL4755651,False,7.18,,1
DBNNYQDOPIMLMA-UHFFFAOYSA-N,OCCCC#Cc1ccc2ncnc(Nc3ccc(F)c(Cl)c3)c2c1,CHEMBL251291,False,6.94,,1
UYAWNZFVHHTQLY-ZHACJKMWSA-N,NC(=O)c1c(-c2ccc(Oc3cccc(C(F)(F)F)n3)cc2)nn(C2CCCN(C(=O)/C=C/C(F)F)C2)c1N,CHEMBL5949878,True,5.92,0.0,2
OMNUQQMMTVDCHE-JYHRCJKBSA-N,CC(c1cccc(F)c1)n1ncc2cc(Nc3ncnc4cc(C#C[C@@H]5C[C@@H](OC(=O)N6CCOCC6)CN5)sc34)ccc21,CHEMBL503253,False,6.92,,1
VJPPLCNBDLZIFG-ZDUSSCGKSA-N,CC#CC(=O)N[C@H]1CCCN(c2c(F)cc(C(N)=O)c3[nH]c(C)c(C)c23)C1,CHEMBL4297674,False,5.7,,1
LVVDGEBSLLMNFJ-YNDZYHOYSA-N,CC(=O)OC[C@H]1O[C@@H](n2c(-c3ccccc3)cs/c2=N\N=C\c2cc(=O)oc3ccc(OCC(C)C)cc23)[C@H](OC(C)=O)[C@@H](OC(C)=O)[C@@H]1OC(C)=O,CHEMBL5555592,False,6.82,,1
SYMUMULXIOUCIP-MDZDMXLPSA-N,COc1cc(/C=C/S(=O)(=O)c2ccccc2)cc(OC)c1OC,CHEMBL5201532,False,8.11,,1
DVEFZLZUDQXPCI-VAWYXSNFSA-N,NC(=S)N1N=C(c2ccccc2)CC1/C=C/c1ccccc1,CHEMBL5619849,False,6.47,,1
SGOYWEKDNWUEPW-UHFFFAOYSA-N,COc1cc2c(Nc3ccc(F)cc3Cl)ncnc2cc1OCCOCCNC(=O)Cn1cnc([N+](=O)[O-])n1,CHEMBL4515673,False,7.68,,1
JHSHKERQDYXVKN-UHFFFAOYSA-N,C=CC(=O)N1CCC(Oc2nc(Nc3ccc(N4CCOCC4)cc3)nc3[nH]cc(-c4ccnc(NC)c4)c23)CC1,CHEMBL4549626,True,7.42,,1
MJYDEMQQAXNGAM-ONEGZZNKSA-N,COc1cc2ncnc(Nc3cccc(Cl)c3F)c2cc1Oc1ccnc(/C=C/CN2CCOCC2)c1,CHEMBL5641888,False,8.8,0.8485281374238584,2
WDVYDNPRDDGSIV-UHFFFAOYSA-N,COC(=O)CCc1nc2ccc(Cl)cc2[nH]c1=O,CHEMBL5206400,False,5.87,,1
RCOQZBYKBXBZJR-MOSHPQCFSA-N,O=C1Nc2ccccc2/C1=C/c1ccc(OCC(=O)c2ccc(Br)cc2)cc1,CHEMBL5592551,True,5.86,,1
SXBQBMPZTKSXKA-HNNXBMFYSA-N,Cc1nc2cnc(Nc3ccnc(N4CC[C@H](O)C(F)(F)C4)n3)cc2n1C(C)C,CHEMBL3734786,False,5.98,,1
SQUQAWDKEWMOOC-CQSZACIVSA-N,COc1c(CO)cccc1-c1cc2c(N[C@H](C)c3ccccc3)ncnc2s1,CHEMBL3759359,False,8.82,,1
TVCOOUOSYRSXSU-CQSZACIVSA-N,COC(=O)c1ccc(-c2cc3c(N[C@H](C)c4ccccc4)ncnc3s2)c(OC)c1,CHEMBL3759459,False,7.7,,1
MRYFTLULTNXEOR-UHFFFAOYSA-N,COc1cc(NC(=O)Nc2ccncc2)cc(-c2cncnc2)c1OC,CHEMBL3754722,False,6.54,,1
BSBPOUGKMKGQTO-UHFFFAOYSA-N,COc1ccc(-c2cc(NC(=O)Nc3nccs3)cc(C(F)(F)F)c2)cn1,CHEMBL3751967,False,6.32,,1
CRLFCKNBDNTEBA-YRNVUSSQSA-N,Cc1cccc(-c2c(NC(=O)/C=C/CN(C)C)ccc3ncnc(Nc4ccc(OCc5ccccn5)c(Cl)c4)c23)c1,CHEMBL5565503,True,8.54,,1
PBOJUVGISNLNHX-FNORWQNLSA-N,CC(C)NC/C=C/C(=O)Nc1ccc2ncnc3c2c1CCN3c1ccc(OCc2ccccn2)c(Cl)c1,CHEMBL5575930,True,9.15,,1
GPXBXXGIAQBQNI-UHFFFAOYSA-N,CCCS(=O)(=O)Nc1ccc(F)c(C(=O)c2c[nH]c3ncc(-c4ccc(Cl)cc4)cc23)c1F,CHEMBL1229517,False,7.32,,1
NRUJDQAGOKDQBH-UHFFFAOYSA-N,CCN1CCN(CCNc2nccc(-c3c(-c4cccc(O)c4)nc4occn34)n2)S1(=O)=O,CHEMBL5584052,False,9.12,,1
ZVSSPWRAKPEDFX-UHFFFAOYSA-N,C=CC(=O)N1CC(Oc2cc3c(Nc4ccc(Cl)cc4Cl)ncnc3cn2)C1,CHEMBL5983357,True,5.64,0.6805075136914186,7
UHEXYSNBUVRIPM-UHFFFAOYSA-N,COc1cc2c(Oc3ccc(C4SCC(=O)N4NC(=O)Nc4ccccc4)cc3)ccnc2cc1OCCCN1CCOCC1,CHEMBL4442035,False,5.34,,1
AEYPTUROGFRRAO-OSHKRJKKSA-N,CC[C@]1(F)CN(c2nccc(Nc3cc4c(C(C)C)ccc(N5C[C@H](CS(C)(=O)=O)[C@H]5C)c4cn3)n2)CC[C@H]1O,CHEMBL5194722,False,6.135,0.021213203435596916,2
ISCZCVDYFSPLOP-UHFFFAOYSA-N,C=CC(=O)N1CCC(Oc2cc3c(Nc4ccc(OC(F)(F)F)c(Cl)c4)ncnc3cc2OC)C1,CHEMBL5949373,True,6.074999999999999,0.21642550681470038,6
IFXUZZCWTCUKMY-UHFFFAOYSA-N,COc1cc2c(Nc3ccc(NC(=O)Nc4ccc(C)c(C)c4)c(Cl)c3)ncnc2cc1OCCN1CCCCC1,CHEMBL3939588,False,6.09,,1
CNHYDLAYRAMSHX-KPGMTVGESA-N,COc1cc(/C=N/c2c(C#N)nc3c(-c4cc(OC)c(OC)c(OC)c4)nc4ccccc4n23)cc(OC)c1OC,CHEMBL5592391,False,6.67,,1
UYPQWNIVKFFUII-CQSZACIVSA-N,CN(C)C(=O)N[C@@H]1CCCN(c2cnc(C(N)=O)c(Nc3ccc(S(C)(=O)=O)cc3)n2)C1,CHEMBL5886334,False,5.26,,1
VIIJKJPJUMTZGU-HXUWFJFHSA-N,CC#CC(=O)N1CCC[C@@H](N(C)c2cnc(C(N)=O)c(Nc3ccc(C(=O)N4CCOCC4)cc3)n2)C1,CHEMBL5937992,False,5.26,,1
VFJOIITXTDPWHH-JOCHJYFZSA-N,CN(C)C(=O)N[C@@H]1CCCN(c2cnc(C(N)=O)c(Nc3ccc(C4CCN(C5CCC5)CC4)cc3)n2)C1,CHEMBL5743417,False,5.26,,1
IGEVGGNBUIMOHY-UHFFFAOYSA-N,CCc1nc(-c2cccc(NC(=O)c3cccc(O)c3CN3Cc4ccccc4C3=O)c2)c(-c2ccnc(Nc3ccccc3)c2)[nH]1,CHEMBL6120461,False,7.44,,1
WUDBUIUHVNECTM-UHFFFAOYSA-N,Nc1nccc(-c2c(-c3ccc(F)cc3)ncn2C2CCCCC2)n1,CHEMBL1951415,False,6.82,,1
UXKUMMYOBSUNBC-UHFFFAOYSA-N,C#CC(=O)N1CCC(c2c[nH]n3c(C(N)=O)c(-c4ccc(Oc5ccccc5)cc4)nc23)CC1,CHEMBL4871192,False,7.51,,1
TXRXRLXLUBWTKV-UHFFFAOYSA-N,Cn1cc(-c2ccnc(Nc3cc(OCCOCCn4ccnc4[N+](=O)[O-])ccc3F)n2)c2ccccc21,CHEMBL5411535,False,5.12,,1
WZVDJOCODASVRT-UHFFFAOYSA-N,C#Cc1cccc(Nc2ncnc3cc(OC)c(OCCCCCCCN=C(NC#N)Nc4cccnc4)cc23)c1,CHEMBL4859375,False,9.27,,1
ZSMZDSKHXZIRMO-UHFFFAOYSA-N,CCOC(=O)C(Cc1c[nH]cn1)NCC(=O)NNC(=O)COc1ccc(-c2nc3ccccc3s2)cc1OC,CHEMBL5181045,False,6.8,,1
AFQDWAXASSATJO-UHFFFAOYSA-N,C#Cc1cccc(Nc2ncnc3cc(OCCOC)c(OCCOC(=O)CCCCC[N+]4=C(/C=C/C=C/C=C/C=C5/N(CCCC)c6ccc(OC)cc6C5(C)C)C(C)(C)c5cc(C(F)(F)F)ccc54)cc23)c1,CHEMBL4752492,False,6.91,,1
NSBUKTFJQWGTAN-UHFFFAOYSA-N,CC(C)(C)CC(C)(C)Nc1nc2ccccc2c2c(C#N)c(N)nn12,CHEMBL5620256,False,6.78,,1
SWIHGAFGYUTAOY-UHFFFAOYSA-N,COCCOc1cc2ncnc(Nc3ccc(Cl)cc3F)c2cc1OC,CHEMBL286160,False,7.0,,1
AKSBYWGFGIJRFN-SUQGKYDKSA-N,Nc1ncnc2c1c(C(=O)Nc1nc3cc(Cl)ccc3o1)nn2[C@@H]1CCCN(C(=O)/C=C/CN2CCCCC2)C1,CHEMBL5885364,True,6.86,,1
NDKRPGSLADIGBE-UHFFFAOYSA-N,C=CCn1cc(-c2ccnc(Nc3cc(NC(=O)C=C)c(N(C)CCN(C)C)cc3OC)n2)c2ccccc21,CHEMBL4800367,True,7.81,,1
TUJUURQEVYFCIN-UHFFFAOYSA-N,CCCN1CCCOC(COc2cc3ncnc(Nc4ccc(Cl)c(Cl)c4)c3cc2OC)C1,CHEMBL3914599,False,7.3,,1
ZITZYNQSTDWKGI-SOFGYWHQSA-N,O=C(/C=C/CN1CCCCC1)Nc1ccc2ncnc3c2c1C=CN3c1ccc(OCc2ccccn2)c(Cl)c1,CHEMBL5574206,True,9.06,,1
ARFRDHRNFVIREW-NBILRRPASA-N,CN1CCC[C@@H]1/C=C/C(=O)Nc1ccc2ncnc3c2c1CCN3c1ccc(OCc2ccccn2)c(Cl)c1,CHEMBL5563672,True,8.65,,1
IFUPZYWAOYZTHS-DHZHZOJOSA-N,C#Cc1cccc(Nc2ncnc3cc(OCCOCC)c(NC(=O)/C=C/CN(C)C)cc23)c1,CHEMBL5934211,True,9.11,,1
OHRFNHOGRSQOFK-UHFFFAOYSA-N,Cn1cc(-c2ccnc(Nc3cccc(OCCOCCn4ccnc4[N+](=O)[O-])c3)n2)c2ccccc21,CHEMBL5396183,False,5.4,,1
HIEXYXRQVFNNFA-UHFFFAOYSA-N,C=CC(=O)Nc1cc(Nc2nccc(-c3nc(C)c4ccccn34)n2)c(OC)cc1N(C)CCN(C)C,CHEMBL5625037,True,7.67,,1
BPFMTQFYNOGZFI-UHFFFAOYSA-N,Cc1cc(Nc2nc(O)cs2)no1,CHEMBL4755988,False,7.09,,1
DMMPWCJPEZQOPE-UHFFFAOYSA-N,CC(=O)N1N=C(c2ccc(I)cc2)CC1c1ccc(C(=O)OCCn2c([N+](=O)[O-])cnc2C)cc1,CHEMBL3746711,False,5.9,0.0,2
MCVBQQGUACGVER-UHFFFAOYSA-N,CCOC(=O)CCCn1c(=O)oc2cc3ncnc(Nc4ccc(C(=O)OCc5ccc(Cl)cc5)cc4)c3cc21,CHEMBL3612598,False,6.18,,1
KKDPIZPUTYIBFX-UHFFFAOYSA-N,Nc1ncnc2c1cnn2-c1ccccc1,CHEMBL65063,False,5.57,,1
ALIDDWLWSGSJPS-UHFFFAOYSA-N,CN1CCN(C2CCN(c3ccc(Nc4nc(Nc5ccccc5N(C)S(C)(=O)=O)c5cc[nH]c5n4)cc3F)CC2)CC1,CHEMBL5646626,False,5.34,,1
VVRHLAWPFHDHOQ-UHFFFAOYSA-N,CC#CC(=O)Nc1cc(Nc2nccc(-c3ncc4c(C)cccn34)n2)c(OC)cc1N(C)CCN(C)C,CHEMBL5624545,False,7.31,,1
DUJVRZBXBXDRHL-UHFFFAOYSA-N,C=CC(=O)Nc1cc(Nc2nccc(-c3cnc4c(C)cccn34)n2)c(OC)cc1N(C)C1CCCN(C)C1,CHEMBL5624580,True,7.08,,1
PAQLCNBPWYBOJT-UHFFFAOYSA-N,O=C(Nc1ccc(-c2ccc3c(=O)[nH]cnc3c2)cc1)Nc1ccc(F)c(F)c1,CHEMBL5632719,False,7.0,,1
PGGBWIJMXQPVBL-UHFFFAOYSA-N,CCC(=O)Nc1cc2c(Oc3ccc(NC(=O)CCCc4ccc(F)cc4)cc3F)ncnc2cc1OC,CHEMBL5574213,False,5.16,,1
VRKMWQIDOAKMDP-UHFFFAOYSA-N,CCC(=O)Nc1cc2c(Oc3ccc(NC(=O)CCCc4ccc(C)cc4)cc3F)ncnc2cc1OC,CHEMBL5571083,False,5.07,,1
ZPFGHSBGKQIRIO-UHFFFAOYSA-N,CCC(=O)Nc1cc2c(Oc3ccc(NC(=O)NCCC4CCCCC4)cc3F)ncnc2cc1OC,CHEMBL5565454,False,5.33,,1
HLJNAEHJXRLUKI-RUDMXATFSA-N,C/C=C/C(=O)Nc1cc2c(Oc3ccc(NC(=O)c4sc(-c5ccccc5)nc4C)cc3F)cccc2cc1OC,CHEMBL5563395,True,5.63,,1
BCZQZBBZZFKYMZ-SBGCJBKISA-N,CC(=O)OC[C@H]1O[C@@H](N(C(C)=O)C2=NN(C(C)=O)C(c3cc(=O)oc4ccc(OCCC(C)C)cc34)S2)[C@H](OC(C)=O)[C@@H](OC(C)=O)[C@@H]1OC(C)=O,CHEMBL5555311,False,6.66,,1
SEVNHZWJNJZYCE-BCYQGVSMSA-N,CCOc1ccc2c(C3SC(N(C(C)=O)[C@@H]4O[C@H](COC(C)=O)[C@H](OC(C)=O)[C@H](OC(C)=O)[C@H]4OC(C)=O)=NN3C(C)=O)cc(=O)oc2c1,CHEMBL5563369,False,6.66,,1
AYSUBAPTVMHHDG-JOCHJYFZSA-N,OC[C@@H](Nc1ncnc2sc(-c3ccc(CN4CCNCC4)cc3)cc12)c1ccccc1,CHEMBL3416630,False,6.22,,1
YBIDURMHJVBTFN-UHFFFAOYSA-N,COc1ccccc1-c1cc2c(NCc3ccccc3)ncnc2s1,CHEMBL3416446,False,7.77,,1
BJXUTRJLJCYKQP-HSZRJFAPSA-N,C=CS(=O)(=O)Nc1cccc(-c2c(-c3ccccc3)oc3ncnc(N[C@H](CO)c4ccccc4)c23)c1,CHEMBL4447036,False,5.43,,1
LFYFLKNDADLTIG-UHFFFAOYSA-N,C=CC(=O)N1CCC(Oc2cc3c(Nc4cccc(C5CC5)c4)c(C#N)cnc3cc2OC)CC1,CHEMBL5983716,True,5.775,0.5785758377257039,6
TYKMVEODBSWVAI-UHFFFAOYSA-N,Fc1cccc(COc2ccc(Nc3ncnc4sc(Br)cc34)cc2Cl)c1,CHEMBL3416441,False,6.59,,1
LGKIRKDNCORECE-UHFFFAOYSA-N,Brc1cc2c(NCc3ccccn3)ncnc2s1,CHEMBL3416616,False,5.1,,1
LDQRYJQKJHOYIO-UHFFFAOYSA-N,OCC(Nc1ncnc2sc(Br)cc12)c1ccccc1,CHEMBL3416605,False,7.08,,1
CZOWLXVMRJKQOL-UHFFFAOYSA-N,Brc1cc2c(NCc3ccccc3)ncnc2s1,CHEMBL3416599,False,6.62,,1
DOEOECWDNSEFDN-UHFFFAOYSA-N,C=CC(=O)Nc1cc(Nc2nccc(-c3cn(C4CC4)c4ccccc34)n2)c(OC)cc1N(C)CCN(C)C,CHEMBL4761468,True,8.54,,1
MASKWPHBRIZCPQ-UHFFFAOYSA-N,COc1cc2ncnc(Nc3ccc(F)c(Br)c3)c2cc1OCCCN1CCNCCNCC1,CHEMBL4563873,False,8.25,,1
GBANDHWBCXOTHA-UHFFFAOYSA-N,CN(C(=O)N(CCCl)N=O)c1ccc2ncnc(Nc3cccc(Cl)c3)c2c1,CHEMBL210378,False,6.69,0.0,2
FREMIVOCKYGPKI-UHFFFAOYSA-N,CCc1ccc(NCC(=O)Nn2c(-c3ccccc3)nc3ccccc3c2=O)cc1,CHEMBL4859473,False,6.84,,1
HLNAUDXFQHUDFP-UHFFFAOYSA-N,N#Cc1ccc(-c2cn3c(CC(=O)NN=Cc4ccc(O)cc4)csc3n2)cc1,CHEMBL5612290,False,5.04,,1
WMYLXIGUUDDUJW-UHFFFAOYSA-N,Cc1nc2cc(Br)c(Br)cc2c(=O)n1-c1ccc(Nc2nc(Nc3ccc(Cl)cc3)nc(N3CCCCC3)n2)cc1,CHEMBL5612021,False,7.39,,1
DXKKNABDERUMNX-UHFFFAOYSA-N,C=CC(=O)Nc1ccc2ncnc(Cc3ccc(CN(C)C)c(Br)c3)c2c1,CHEMBL510155,True,7.35,,1
XBUGBTZCVMDYNI-UHFFFAOYSA-N,CCN(CC)CCCNC(=O)C=CC(=O)Cc1cc2c(Nc3cccc(Br)c3)ncnc2cn1,CHEMBL460721,True,9.14,,1
HXIMPRFYWNJHQN-UHFFFAOYSA-N,C=CC(=O)Nc1cc2c(Cc3cccc(C)c3)ncnc2cc1OCCCN1CCC(C)CC1,CHEMBL492077,True,8.7,,1
HNZKDZXLYNDPNX-UHFFFAOYSA-N,C=C=CC(=O)Cc1ccc2ncnc(Nc3cccc(Br)c3)c2c1,CHEMBL454371,False,8.8,,1
BLKIBBIQKNFUMP-UHFFFAOYSA-N,CC(=O)C=CC(=O)Cc1ccc2ncnc(Nc3cccc(Br)c3)c2c1,CHEMBL455174,False,8.92,,1
OOURSYCFPYHWPU-UHFFFAOYSA-N,CS(=O)(=O)CCNCc1nc(-c2ccc3ncnc(Nc4ccc(OCc5cccc(C(F)(F)F)c5)cc4)c3c2)cs1,CHEMBL505970,False,6.27,,1
UOKMGBZCBLIRTE-UHFFFAOYSA-N,ON=C(O)CCCOc1cc2ncnc(Nc3ccccc3F)c2c2c1OCCO2,CHEMBL6191639,False,7.04,,1
NIZWHJVGPCZQDZ-OAQYLSRUSA-N,CN(C)C(=O)N[C@@H]1CCCN(c2cnc(C(N)=O)c(Nc3ccc(C4CCN(C(=O)CC#N)CC4)cc3)n2)C1,CHEMBL5894758,False,5.26,,1
JFKBMRPEGXZGJS-UHFFFAOYSA-N,C=CC(=O)N1CCC(Oc2cc3c(Nc4cccc(CO)c4)ncnc3cc2OC)CC1,CHEMBL5888829,True,5.0649999999999995,0.4586683623999663,6
XRVUFTHCXNHWDQ-UHFFFAOYSA-N,C=CC(=O)N1CC(Oc2cc3c(Nc4cccc(-c5cnco5)c4)ncnc3cc2OC)C1,CHEMBL5926423,True,6.445,0.5356273580267038,6
RJKRKHCTOQGWQU-UHFFFAOYSA-N,C=CC(=O)N1CCC(Oc2cc3c(Nc4ccc(Cl)cc4Cl)ncnc3cc2OC)CC1,CHEMBL5968479,True,6.82,1.1703194517086435,7
WGERYIXXYKWSML-UHFFFAOYSA-N,C=CC(=O)N1CC(OC2=CC3C(=Nc4ccc(Cl)c(Cl)c4)N=CNC3C=C2OC)C1,CHEMBL5966767,True,8.62,0.3829894938258131,7
HCDQNNHFLOPNLM-UHFFFAOYSA-N,CCS(=O)(=O)Nc1cc(-c2ccc3ncnc(Nc4ccc(F)c(Cl)c4)c3c2)cnc1OC,CHEMBL4207750,False,8.62,,1
SRIGNLHWFILXLC-UHFFFAOYSA-N,C=CC(=O)N1CC(Oc2cc3c(Nc4cccc(C5CC5)c4)ncnc3cc2OC)C1,CHEMBL5875860,True,7.04,0.5670861192681993,6
SGYPKFBLBJHZKE-UHFFFAOYSA-N,C=CC(=O)N1CCC(Oc2cc3c(Nc4cccc(CO)c4)ncnc3cc2OC)C1,CHEMBL6017130,True,5.035,0.4454772721475252,2
DRBPWGKQEAEIFE-UHFFFAOYSA-N,C=CC(=O)N1CCC(Oc2cc3c(Nc4ccc(Cl)c(CO)c4)ncnc3cc2OC)CC1,CHEMBL5961562,True,6.115,0.4296238665002991,6
ZIURKQJVXGEMGN-UHFFFAOYSA-N,C=CC(=O)N1CC(Oc2cc3c(Nc4ccc(C(F)(F)F)cc4)ncnc3cc2OC)C1,CHEMBL5773557,True,6.775,0.7256353537877452,6
RJSFAEOQRXRQAT-UHFFFAOYSA-N,O=C(O)c1ccccc1-c1nnc(Cc2nc3ccccc3[nH]2)o1,CHEMBL4073285,False,4.0,,1
CFKDUEIETGGIRT-UHFFFAOYSA-N,COc1cc(N2CCC(N3CCN(C)CC3)CC2)c(C)cc1Nc1ncc(Br)c(Nc2ccc(C)cc2P(C)(C)=O)n1,CHEMBL6162078,False,7.2,,1
IVHDCKMUHUWXGL-UHFFFAOYSA-N,C=CC(=O)N1Cc2nc(-c3cccc(Oc4cccc(F)n4)c3)n(-c3ccncn3)c2C1,CHEMBL6168428,True,6.5,,1
MMOYRTXNKSHSMZ-BNEYPBHNSA-N,[2H]c1cc(-n2c(-c3cc(Oc4nc(F)ccc4F)ccc3F)nc3c2CN(C(=O)C=C)C3)ncn1,CHEMBL6151325,True,6.8,,1
RBMFBPYWDNUFFF-UHFFFAOYSA-N,C=CC(=O)N1Cc2nc(-c3cc(-c4c(F)cccc4F)c(F)cn3)n(-c3ccncc3)c2C1,CHEMBL6173311,True,6.8,,1
BDGBUNQPUJHMAM-UHFFFAOYSA-N,C=CC(=O)Nc1cc2c(Nc3ccc(Br)cc3F)ncnc2cc1OCCNC(=O)C(F)F,CHEMBL3671495,True,8.3,0.0,2
MLSWVVZNGKLNPB-UHFFFAOYSA-N,C=CC(=O)Nc1cc2c(Nc3cc(Cl)c(Br)cc3F)ncnc2cc1OCCNCC(C)=O,CHEMBL3676354,True,7.89,0.0,2
UJQBDJHFABZCBZ-UHFFFAOYSA-N,C=CC(=O)Nc1cc2c(Nc3ccc(Br)cc3F)ncnc2cc1OCCOC,CHEMBL3671505,True,7.6,0.0,2
ZTKSYVCVJBVTKD-UHFFFAOYSA-N,CSc1nc(-c2cccc(NC(=O)c3cccc(O)c3CN3Cc4ccccc4C3=O)c2)c(-c2ccnc(Nc3ccccc3)c2)[nH]1,CHEMBL6151046,False,7.52,,1
DBLFPZMZQSDENE-UHFFFAOYSA-N,CSc1nc(-c2cccc(NC(=O)c3cccc(O)c3CN3Cc4ccccc4C3=O)c2)c(-c2ccnc(Nc3ccc(N4CCNCC4)cc3)c2)[nH]1,CHEMBL6145609,False,7.8,,1
DNACPIIWHDMDKX-FMIVXFBMSA-N,O=C(/C=C/c1ccccc1)Nc1cccc(Nc2nc(Nc3ccc4[nH]c(=O)oc4c3)ncc2Cl)c1,CHEMBL6103174,True,7.12,,1
KWTLAXCJVSMSCW-GRSHGNNSSA-N,Cn1c(-c2csc(N/N=C\c3ccc([N+](=O)[O-])cc3)n2)nc2ccccc21,CHEMBL4753631,False,7.07,,1
FELSNVMDFOTJDB-UHFFFAOYSA-N,COc1ccccc1C(=O)NC(C)c1ccc(-c2nn(C3CCCC3)c3ncnc(N)c23)cc1,CHEMBL5892653,False,5.26,0.0,2
RKBWBAVVGPFIES-UHFFFAOYSA-N,COc1cc2ncnc(N(Cc3ccc([N+](=O)[O-])cc3)c3ccc(F)c(Cl)c3)c2cc1OCCOCCOCCOCCC(=O)Nc1cccc2c1CN(C1CCC(=O)NC1=O)C2=O,CHEMBL5419641,False,5.45,,1
ZOZYNNMWDRRVCG-UHFFFAOYSA-N,O=C(CNc1ccc(Cl)cc1)Nn1c(-c2ccccc2)nc2ccccc2c1=O,CHEMBL1988225,False,7.09,,1
HQXNBLABUXMVOL-SNAWJCMRSA-N,Cc1cc(Nc2c(C#N)cnc3ccc(NC(=O)/C=C/CN(C)C)cc23)ccc1Oc1cc2nncn2cn1,CHEMBL5180725,True,7.68,,1
LGZXSNHHPHHMRO-UHFFFAOYSA-N,O=C(Nc1cc2c(Nc3ccc(OCC4CC4)c(Cl)c3)ncnc2cc1OCCCN1CCOCC1)c1cc([N+](=O)[O-])ccc1F,CHEMBL4777554,False,6.76,,1
BVZQREVEEVPEQK-UHFFFAOYSA-N,CC(=O)N1CCN(CCCOc2cc3ncnc(Nc4ccc(F)c(Cl)c4)c3cc2NC(=O)c2cc([N+](=O)[O-])ccc2F)CC1,CHEMBL4793852,False,7.68,,1
MRLOXOXQQPFOTC-XMMPIXPASA-N,NC(=O)c1ncc(N2CCC[C@@H](NC(=O)CCCBr)C2)nc1Nc1ccc(C2CCN(C3CCCC3)CC2)cc1,CHEMBL5905715,False,6.26,,1
VQCCZYPJUKJUCY-JOCHJYFZSA-N,CCC(=O)N1CCC(C)(c2ccc(Nc3nc(N4CCC[C@@H](N5CCN(C)C5=O)C4)cnc3C(N)=O)cc2)CC1,CHEMBL6061137,False,6.26,,1
VBQRWKQKLUNGCA-UHFFFAOYSA-N,CC(C)(C)c1ccc(Nc2ncnc3cc4oc(=O)n(CCCN5CCOCC5)c4cc23)cc1,CHEMBL2064396,False,4.1,,1
VBIIJIMQUUULLK-UHFFFAOYSA-N,CN1CCN(Cc2ccc(NC(=O)Nc3ccc4ncnc(Nc5ccc(OCc6cccc(F)c6)c(Cl)c5)c4c3)cc2)CC1,CHEMBL3740144,False,8.08,,1
WTKHKEHPGMXSBH-UHFFFAOYSA-N,C=CC(=O)Nc1cc2c(Nc3ccc(Br)cc3F)ncnc2cc1OCCNC(=O)C(=O)O,CHEMBL3671542,True,6.99,0.0,2
MLISSYIWIFCVRT-KCHLEUMXSA-N,O=C1CCc2c(Oc3ccc4c(c3)[C@H]3[C@H](NC(=O)c5ccc(CN6CCCCC6)c(C(F)(F)F)c5)[C@H]3O4)ccnc2N1,CHEMBL5814661,False,7.0,0.45738386504117107,3
IBUMJSAALUHRTO-AWCRTANDSA-N,CN1CCN(CCOc2ccc(C(=O)N[C@@H]3[C@H]4Oc5ccc(Oc6ccnc7c6CCC(=O)N7)cc5[C@@H]34)cc2C(F)(F)F)CC1,CHEMBL5976230,False,7.92,0.27592269448766477,3
LAJYPJXJBKSHGY-UHFFFAOYSA-N,COc1cc2c(cc1OC)C(Oc1cccc(NC(=S)Nc3ccc(Cl)c(C(F)(F)F)c3)c1)=NCN2,CHEMBL5207327,False,7.7,,1
LLBIZBRJHBUATH-PKNBQFBNSA-N,COc1cc(N(C)CCN(C)C)c(NC(=O)/C=C/CN(C)C)cc1Nc1nccc(-c2ncc3c(C)cccn23)n1,CHEMBL5631037,True,7.3,,1
UMBHEOONYLGJAO-UHFFFAOYSA-N,C=CC(=O)Nc1cc(Nc2nccc(-c3cnc4c(C)cccn34)n2)c(OC)cc1N(C)CCN1CCOCC1,CHEMBL5630714,True,6.67,,1
CBHNKMDPARMMCD-UHFFFAOYSA-N,C=CC(=O)Nc1cccc(-c2c[nH]c3ncnc(Nc4ccc(CN5C(=O)c6ccccc6C5=O)cc4)c23)c1,CHEMBL4795165,True,9.4,,1
BWKAUCMBEJBACH-UHFFFAOYSA-N,C=CC(=O)N1CCC(OC2=C(OC)CC3N=CC(C#N)C(=Nc4ccc(Cl)c(Cl)c4F)C3=C2)CC1,CHEMBL5870500,True,8.07,0.881808747216009,6
HEHQNVFXABRSAI-UHFFFAOYSA-N,COc1cc(N(C)CCN(C)C)c(NC(=O)c2ccncn2)cc1Nc1nc(-c2cn(C)c3ccccc23)c2cccnc2n1,CHEMBL5189183,False,6.44,,1
KSUUWWFAWIJYCZ-HXUWFJFHSA-N,CN(C)C(=O)N[C@@H]1CCCN(c2cnc(C(N)=O)c(Nc3ccc(C4CCN(S(C)(=O)=O)CC4)cc3)n2)C1,CHEMBL5977400,False,5.26,,1
LMAWPVDVEFVUMC-UHFFFAOYSA-N,C=CC(=O)N1Cc2nc(-c3cccc(Oc4cccc(F)n4)c3)n(-c3ccncc3)c2C1,CHEMBL6172520,True,6.5,,1
ZNMSKFVKBVCPAJ-UHFFFAOYSA-N,Cc1c(NC(=S)Nc2ccc3c(c2)OCO3)c(=O)n(-c2ccccc2)n1C,CHEMBL4779958,False,6.45,,1
GXLYEAVLPHCXKU-OWOJBTEDSA-N,O=C(/C=C/CNC12CC3CC(CC(C3)C1)C2)N1CCc2c(sc3ncnc(Nc4ccc(Cl)c(Cl)c4)c23)C1,CHEMBL3655349,True,9.0,0.0,2
VURUUKGYNYHYRK-UHFFFAOYSA-N,C=CC(=O)N1CC(Oc2cc3c(Nc4ccc(Cl)cc4Cl)ncnc3cc2OC)C1,CHEMBL5786389,True,7.4,0.5197572693552432,7
KIJZQRPGXWEDEC-UHFFFAOYSA-N,C=CC(=O)N1CC(Oc2cc3c(Nc4ccccc4)ncnc3cc2OC)C1,CHEMBL5799106,True,7.525,0.4296238665002986,6
SHJMZZBCCMGJGT-UHFFFAOYSA-N,CCOc1ccc2nc(NC(=O)CSc3nnc(Cc4c[nH]c5ccccc45)o3)sc2c1,CHEMBL5273124,False,5.55,,1
OTPKESFCTVIJSI-CQSZACIVSA-N,CC#CC(=O)N1CCC[C@@H](Nc2nnc(C(N)=O)c(Nc3ccc(S(C)(=O)=O)cc3)n2)C1,CHEMBL5964701,False,5.26,,1
QLZTUVXTBKYYCH-JIBKAZCMSA-N,CN(C/C=C/C(=O)N1CCC[C@@H](N(C)c2cnc(C(N)=O)c(Nc3ccc(C(=O)N4CCOCC4)cc3)n2)C1)C1CC1,CHEMBL5991370,True,5.26,,1
MDXPQQJSGHVAGT-UHFFFAOYSA-N,COc1cc2c(Oc3ccc(C4SCC(=O)N4NC(=O)Nc4ccc(F)cc4F)cc3F)ccnc2cc1OCCCN1CCN(C)CC1,CHEMBL4446992,False,6.4,,1
ZBQSUXGLORYRHK-UHFFFAOYSA-N,COc1cc(N2CCC(N(C)C)CC2)c(C)cc1Nc1ncc(Br)c(Nc2ccc3nccnc3c2P(C)(C)=O)n1,CHEMBL5963175,False,9.55,0.9577229940506458,3
PCPQPMXPSNGQKS-UHFFFAOYSA-N,C=CC(=O)Nc1cccc(NC(=O)Nc2ccnc(Nc3ccc(N4CCN(C)CC4)cc3)n2)c1,CHEMBL4226965,True,6.84,,1
HPTVFLBBUVVNJG-UHFFFAOYSA-N,C=CC(=O)Nc1cccc(NC(=O)Nc2ccnc(Nc3ccc(N4CCC(N5CCN(C)CC5)CC4)cc3OC)n2)c1,CHEMBL4224932,True,7.1,,1
KYLTYWRKNDUYIL-QDLOVBKTSA-N,COC[C@H]1CCN1C/C=C/C(=O)Nc1cc2c(Nc3ccc(F)c(Cl)c3)ncnc2cc1OC,CHEMBL5742327,True,8.8,,1
JOPLQOYRLLWVJL-LJQANCHMSA-N,CS(=O)(=O)c1ccc(-c2cc3c(N[C@H](CO)c4ccccc4)ncnc3[nH]2)cc1,CHEMBL4740295,False,9.1,,1
IKIRQYBVBUJRIC-CYBMUJFWSA-N,C=CC(=O)N1CCC[C@@H](n2nc(-c3cn(-c4cc(C(F)(F)F)cnc4C#N)nn3)c3c(N)ncnc32)C1,CHEMBL4534592,True,8.22,,1
LTYLQIADCJWBNS-WKCSZMADSA-N,COc1cc(CC(=O)N2CC(=O)NC(Cc3ccccc3)C(=O)N(CC(N)=O)C(=O)CCSCc3ccc(cc3)C(=O)N[C@@H](CCCCN)CN(C(=O)CCC3CCCCC3)CC(=O)N[C@@H](Cc3ccccc3)CN(C(=O)CCc3ccccc3)CC(=O)N[C@@H](Cc3ccccc3)C2)cc(OC)c1,CHEMBL5082149,False,4.75,,1
UFUMSQFMKPHFGV-LJQANCHMSA-N,CN(C)C(=O)N[C@@H]1CCCN(c2cnc(C(N)=O)c(Nc3ccc(C4CCNCC4)cc3)n2)C1,CHEMBL5841526,False,5.26,,1
VCYMOASGLMYUCI-ACRUOGEOSA-N,O=C1CCc2c(Oc3ccc4c(c3)[C@H]3[C@H](NC(=O)c5cc(C(F)(F)F)ccn5)[C@H]3O4)ccnc2N1,CHEMBL5976386,False,8.07,0.6942862041934384,3
KKNXUMNCAJWDKL-UHFFFAOYSA-N,NP(=O)(OCCCC(=O)Oc1ccc2ncnc(Nc3cccc(Br)c3)c2c1)N(CCCl)CCCl,CHEMBL4070053,False,8.48,,1
KBRHRZPPQDIMOA-RLWLMLJZSA-N,CC(C)c1cnc(N2CC(CS(C)(=O)=O)C2)c2cnc(Nc3ccnc(N4CC[C@@H](O)[C@@](C)(F)C4)n3)cc12,CHEMBL5173517,False,5.885,0.134350288425444,2
MCVGYROQTOADFC-NSCUHMNNSA-N,COc1cc2ncnc(Nc3ccc(F)c(Cl)c3)c2cc1NC(=O)/C=C/CN1CCC1CO,CHEMBL5999223,True,8.64,,1
ICKLZZYEDMBELM-LSTKMXGYSA-N,COC[C@H]1CCN1C/C=C/C(=O)Nc1cc2c(Nc3ccc(F)c(Cl)c3)ncnc2cc1OCC1CC1,CHEMBL5795026,True,8.18,,1
KZBKXMGIJLJPHP-VQPVDWPJSA-N,COC[C@@H]1CCN1C/C=C/C(=O)Nc1cc2c(Nc3ccc(F)c(Cl)c3)ncnc2cc1OC[C@H]1COCCO1,CHEMBL5798764,True,7.6,,1
QJNMNCUMDUMIJV-OMSMFVMISA-N,O=C(/C=C/CN1CCC1CO)Nc1cc2c(Nc3ccc(F)c(Cl)c3)ncnc2cc1OC[C@@H]1COCCO1,CHEMBL5890488,True,7.76,,1
JCPZKXGIFPYHHJ-UHFFFAOYSA-N,C=CC(=O)Nc1cc2c(Nc3cccc(Cl)c3F)ncnc2cc1OCCNC(=O)CN(C)C,CHEMBL3676338,True,6.03,0.0,2
JVCLZAIVGDIVLO-UHFFFAOYSA-N,C=CC(=O)Nc1cc2c(Nc3cc(C(=O)NOC)c(Br)cc3F)ncnc2cc1OCCNC(C)=O,CHEMBL3676351,True,5.0,0.0,2
ZORWAVAQHOXTHK-UHFFFAOYSA-N,O=C(CCSC(=S)N1CCN(c2ccccc2)CC1)Nc1cccc(NC(=O)c2ccccn2)c1,CHEMBL4437943,False,7.16,,1
IVVSBEQDCAZLFY-UHFFFAOYSA-N,CN1C(=O)C(N2CCc3cn(CC4CCS(=O)(=O)CC4)nc3C2=O)COc2ccccc21,CHEMBL4097778,False,6.0,,1
BAZLMPWIGYDUQP-UHFFFAOYSA-N,C=CC(=O)N1CCC(Cn2nc(C(=O)Nc3nc4cc(Cl)ccc4o3)c3c(N)ncnc32)CC1,CHEMBL5851856,True,7.12,,1
KVMBBUXCOHWOBJ-GOTSBHOMSA-N,N#Cc1cnc2cc(OC[C@@H](O)CO)c(NC(=O)C[C@@H]3CCSS3)cc2c1Nc1ccc(OCc2cccc(F)c2)c(Cl)c1,CHEMBL5815306,False,6.779999999999999,0.7353910524340098,2
HAMRINUEXJMHAJ-UHFFFAOYSA-N,Nc1ccc2ncnc(Nc3ccc4cc[nH]c4c3)c2c1,CHEMBL5199612,False,6.74,,1
UNAXUDDDHXNMQX-UHFFFAOYSA-N,Cc1cc2cc(Nc3ncnc4ccc(N)cc34)ccc2[nH]1,CHEMBL5176588,False,6.59,,1
LAORWOWJOOSWME-UHFFFAOYSA-N,COc1ccc(-c2nc(-c3ccc(-c4nc(-c5nnc(-c6ccncc6)o5)c[nH]4)cc3)no2)cc1,CHEMBL5639130,False,6.02,,1
DRGNKFXIAXKCCX-UHFFFAOYSA-N,C=CC(=O)Nc1ccc(-n2c(=O)cnc3cnc(Nc4ccc(N5CCN(C)CC5)cc4)nc32)cc1,CHEMBL2437461,True,5.96,,1
VDXGLZJPQRGNLY-UHFFFAOYSA-N,COc1ccc(-c2ccnc3c(-c4noc(C)n4)c(C)nn23)cc1,CHEMBL5639303,False,6.97,,1
UBLPYHLEUUMUAO-UHFFFAOYSA-N,C=CC(=O)N1CCCC(Nc2nc(Nc3ccc(N4CCN(C)CC4)cc3)c3c(c2F)CNC3=O)C1,CHEMBL5796539,True,5.37,,1
ZEZAMPDWKFNFFT-LIMNOBDPSA-N,FC(F)(F)c1ccc(/C=N/Nc2nc(-c3ccc(Cl)cc3Cl)cs2)cc1,CHEMBL4279709,False,5.26,,1
ZZEWLUKGFOHQPN-UHFFFAOYSA-N,C=CC(=O)Nc1cccc(Nc2nc(Nc3ccc(N4CCN(CC(=O)NCCNc5cccc6c5CN(C5CCC(=O)NC5=O)C6=O)CC4)cc3OC)ncc2C(F)(F)F)c1,CHEMBL5179538,True,5.62,,1
CSDHGEDFLFDRAC-UHFFFAOYSA-N,CC(C)c1ccc(Nc2ncnc3cc(NC(=O)Nc4ccccc4)ccc23)cc1,CHEMBL5631544,False,6.32,,1
QFRBSGJSBTVAMI-UHFFFAOYSA-N,C=CC(=O)N1CCC(Oc2cc3c(Nc4cccc(C5CC5)c4)ncnc3cc2OC)CC1,CHEMBL5976949,True,6.275,0.6595655135516615,6
CONZRYUIXZKOIG-UHFFFAOYSA-N,C=CC(=O)N1CC(Oc2cc3c(Nc4ccc(Br)c(Cl)c4)ncnc3cc2OC)C1,CHEMBL5847747,True,7.699999999999999,0.2705857843026252,6
JVJAMKKMPGSZJX-UHFFFAOYSA-N,COc1ccccc1C(=O)NCc1ccc(-c2nn(C3CCCC3)c3ncnc(N)c23)cc1,CHEMBL5754376,False,6.26,0.0,2
FRDCQHMUNAXNJF-UHFFFAOYSA-N,S=C(Nc1ccccc1)Nc1ccc2ncnc(Nc3cccc(Br)c3)c2c1,CHEMBL4076434,False,7.8,,1
VAWVBJKPOCZCGO-UHFFFAOYSA-N,S=C(Nc1cccnc1)Nc1ccc2ncnc(Nc3cccc(Br)c3)c2c1,CHEMBL4065288,False,7.99,,1
NQPDYSIWILAKNW-XMMPIXPASA-N,CN(C)C(=O)N[C@@H]1CCCCN(c2cnc(C(N)=O)c(Nc3ccc(C4CCN(C5CCCC5)CC4)cc3)n2)C1,CHEMBL5746447,False,6.26,,1
PTGDURRRTYAKSP-HSZRJFAPSA-N,CC(=O)N1CCC(c2ccc(Nc3nc(N4CCC[C@@H](NC(=O)N5CCCCC5)C4)nnc3C(N)=O)cc2)CC1,CHEMBL6006738,False,5.26,,1
UNVKVCJYTQIHSW-UHFFFAOYSA-N,COc1cc2ncnc(Nc3cccc(Cl)c3F)c2cc1OCCCCNCc1c(OC)cc(OCc2cccc(-c3ccccc3)c2C)cc1OC,CHEMBL5559947,False,7.43,,1
MTLKTHNRZJKPRP-UHFFFAOYSA-N,C#Cc1cccc(Nc2ncnc3cc(OCCO)c(OCCOC)cc23)c1,CHEMBL3741490,False,9.0,,1
VBPAZCMGMOKBLM-UHFFFAOYSA-N,C#Cc1cccc(Nc2ncnc3cc(OCCOC(=O)c4ccccc4OC(C)=O)c(OCCOC(=O)c4ccccc4OC(C)=O)cc23)c1,CHEMBL3741399,False,7.47,,1
RSCDBIIALXKRIR-UHFFFAOYSA-N,Cc1ccc(-n2cc(NC(=O)c3ccc(NS(=O)(=O)c4ccc(Cl)cc4)cc3)cn2)cc1,CHEMBL4549295,False,4.91,,1
XZNSLTQVQFNZRP-UHFFFAOYSA-N,Cn1cc(NC(=O)c2ccc(NS(=O)(=O)c3ccccc3)cc2)cn1,CHEMBL4522594,False,4.43,,1
NJJCFZXPOYOFGZ-UHFFFAOYSA-N,O=C(Nc1cnn(-c2ccccc2)c1)c1cccc(NS(=O)(=O)c2ccccc2)c1,CHEMBL4459052,False,4.81,,1
BRQJTDPARNVUHM-VLRJHWBUSA-N,CC(C)=CC[C@@H](OC(=O)/C=C\C(=O)c1ccc(C)cc1F)C1=CC(=O)c2c(O)ccc(O)c2C1=O,CHEMBL4553504,False,6.92,,1
AXWQPHKBZRUJSS-GFCCVEGCSA-N,C=CC(=O)Nc1cc2c(Nc3ccc(Br)cc3F)ncnc2cc1OC[C@@H](C)NC(C)=O,CHEMBL3671552,True,7.54,0.0,2
QGNJCRSTJRKSSW-UHFFFAOYSA-N,CC(C)c1ccccc1C(=O)NCc1ccc(-c2nn(C3CCCC3)c3ncnc(N)c23)cc1,CHEMBL5872316,False,5.26,0.0,2
QOJBPFSVPCKOOF-XMMPIXPASA-N,CN(C)C(=O)N[C@@H]1CCCN(c2cnc(C(N)=O)c(Nc3ccc(C4CCN(C5CCCCC5)CC4)cc3)n2)C1,CHEMBL5967377,False,5.26,,1
SRSSGGWPOCYTRY-KAYWLYCHSA-N,CN(C)C(=O)N1CCC[C@@H]2[C@H]1CCCN2c1cnc(C(N)=O)c(Nc2ccc(C3CCN(C4CCCC4)CC3)cc2)n1,CHEMBL5920681,False,5.26,,1
TWKFVCXLFZPWDA-UHFFFAOYSA-N,Cc1sc([Se]c2sc(C)c(-c3cccc(Br)c3)c2C(=O)NC(CO)C(=O)N2CCCC2)c(C(=O)NC(CO)C(=O)N2CCCC2)c1-c1cccc(Br)c1,CHEMBL5439652,False,7.03,,1
PMRVTHXUCAZZFA-UHFFFAOYSA-N,C=CC(=O)N1CC(Nc2cncc(-c3cnc(Oc4cccc(OC(F)(F)F)c4)nc3)c2)C1,CHEMBL6007810,True,4.67,,1
GPCYNXXZRBJCHK-UHFFFAOYSA-N,C=CC(=O)N1CC(Nc2cncc(-c3cnc(Oc4ccc(F)c(Cl)c4)nc3)c2)C1,CHEMBL6058524,True,6.35,,1
NCTZVOWBHNAGHF-QPJJXVBHSA-N,CN(C)C/C=C/C(=O)N1CCC(Nc2cncc(-c3cnc(Nc4cccc(Cl)c4)nc3)n2)CC1,CHEMBL5963748,True,5.22,,1
ZYKCPBDQRISJFT-UHFFFAOYSA-N,CC(C)Oc1cc(Nc2ccnc(-c3cnn(S(=O)(=O)C4CC4)c3)n2)ncc1-c1cnn(C)c1,CHEMBL6173924,False,7.62,,1
PACLARCEDXXYFE-HKUYNNGSSA-N,CC(C)Oc1cc(Nc2ccnc(-c3cnn(S(=O)(=O)C4CC4)c3)n2)ncc1-c1cn([C@H]2C[C@H](C)N(C)C2)nc1F,CHEMBL6162116,False,7.89,,1
JYMRQJAVJMWPIC-UHFFFAOYSA-N,COc1ccc(C)cc1C(=O)NCc1ccc(-c2nn(C3CCCC3)c3ncnc(N)c23)cc1F,CHEMBL5790497,False,5.26,0.0,2
LLTQIUGVKZYADU-UHFFFAOYSA-N,Cc1c(-c2n[nH]c(=S)n2N=Cc2ccc(F)cc2)cnn1-c1ccc(S(C)(=O)=O)cc1,CHEMBL6133704,False,6.92,,1
ZRSILAUGDKDGPL-VWLOTQADSA-N,C=CC(=O)N1CC[C@H](n2cc(-c3ccncc3)c(-c3cccc(NC(=O)c4ccc5c(c4)CN(C)C5=O)c3)n2)C1,CHEMBL5568120,True,4.85,,1
UULCMWFOJYIYAC-LJQANCHMSA-N,C=CC(=O)N1CCC[C@@H](c2nc(-c3ccc(Oc4cccc(OC)c4F)cc3)c3cnccn23)C1,CHEMBL5966417,True,6.26,0.0,2
KKOFOOADVSUXAK-XJQHNOHDSA-N,CC#CC(=O)C1NCCC[C@H]1c1nc(-c2ccc(Oc3cccc(OC)c3F)cc2)c2c(C)nccn12,CHEMBL5945215,False,6.26,,1
CRMFEXOOQMAPDO-UHFFFAOYSA-N,C=CC(=O)Nc1cccc(Nc2cc(-n3c(CCCO)nnc3-c3ccc(F)cc3)ccn2)c1,CHEMBL4788364,True,6.71,,1
OEJQOBRQZABLAP-UHFFFAOYSA-N,CN(CCN(C)Cc1ccc(C(=O)Nc2ccc3ncnc(Nc4cccc(Cl)c4)c3c2)cc1)CCn1nc(-c2ccc(Cl)cc2)c2c(N)ncnc21,CHEMBL4163321,False,6.5,,1
NQDPHKGACCXMEJ-UHFFFAOYSA-N,COc1cc2c(Nc3ccc(NC(=O)Nc4ccc(C)c(C)c4)c(Cl)c3)ncnc2cc1OCCCN1CCOCC1,CHEMBL3920551,False,7.29,,1
ILNFQODSBZTDGY-HSZRJFAPSA-N,CN(C)C(=O)N[C@@H]1CCCN(c2cnc(C(N)=O)c(Nc3ccc(C4CCN(c5ccccn5)CC4)cc3)n2)C1,CHEMBL6026375,False,5.26,,1
MQOLBQBIISQQEU-XMMPIXPASA-N,CCC(=O)N1CCC(c2ccc(Nc3nc(N4CCC[C@@H](NC(=O)N5CCCCC5)C4)cnc3C(N)=O)cc2)CC1,CHEMBL6055007,False,6.26,,1
PBYYAOQNRJEOJN-UHFFFAOYSA-N,Fc1ccc2c(c1)CNc1c(NCc3ccccc3)ncnc1O2,CHEMBL379041,False,5.05,,1
MSLPJPREOGINFQ-AUSIDOKSSA-N,C[C@@H]1[C@H](NC(=O)N(C)C)CCCN1c1cnc(C(N)=O)c(Nc2ccc(C3(C)CCN(C4CC4)CC3)cc2)n1,CHEMBL5821638,False,6.26,,1
YNQLJZYIOAPXMU-UHFFFAOYSA-N,CC1(COc2ccc(Cc3sc(=O)[nH]c3O)cc2)CCCCC1,CHEMBL7002,False,5.33,,1
LOUMCGRTVCLAQN-RXVVDRJESA-N,CC(C)Oc1cc(Nc2ccnc(-c3cnn(S(=O)(=O)C4CC4)c3)n2)ncc1-c1cnn([C@H]2C[C@H](C)N(C)C2)c1,CHEMBL6161666,False,7.96,,1
CLGAOMYQKGWKBH-UHFFFAOYSA-N,O=C(CSc1nc2ccccc2c(=O)n1Cc1ccc2c(c1)OCO2)Nc1ccccc1F,CHEMBL4850856,False,6.68,,1
GMJXMJWNDVXZDV-UHFFFAOYSA-N,COc1cc(N2CCC(N(C)C)CC2)c(-c2cn[nH]c2)cc1Nc1ncc(Cl)c(Nc2ccccc2P(C)(C)=O)n1,CHEMBL5094480,False,9.05,,1
QTLHMAIRZCHDPS-WHCXFUJUSA-N,C=CC(=O)C1CCC[C@@H](n2nc(-c3ccc4ccccc4c3)c3c(N)ncnc32)C1,CHEMBL6172228,False,7.8,,1
DFVDVYUOEWJKHR-UHFFFAOYSA-N,C=CC(=O)N1CCC(Oc2cc3c(Nc4ccc(Br)c(Cl)c4)ncnc3cc2OC)CC1,CHEMBL3958631,True,7.68,0.3060991124891853,6
GYOZIRHAFXZCRS-UHFFFAOYSA-N,C=CC(=O)N1CCC(Oc2cc3c(Nc4ccccc4)ncnc3cc2OC)CC1,CHEMBL5968961,True,6.37,0.5102711697388623,6
GGOZIMZXCGUJON-UHFFFAOYSA-N,C=CC(=O)N1CC(Oc2ccc3ncnc(Nc4ccc(Br)c(Cl)c4)c3n2)C1,CHEMBL5792678,True,6.26,0.5705231517359017,6
HNISRJUMJWXDHT-UHFFFAOYSA-N,CNc1nc(C)c(C(=O)C=Cc2ccc(O)cc2)s1,CHEMBL4750368,False,7.47,,1
CEQUQTKEVIQAMX-UHFFFAOYSA-N,COc1cc2ncnc(Nc3ccc(Cl)c(O)c3)c2cc1OC,CHEMBL6161949,False,9.08,,1
IKZPPFXCBWIVPC-UHFFFAOYSA-N,COc1cc2ncnc(Nc3ccc(F)c(O)c3)c2cc1OC,CHEMBL3775879,False,8.59,,1
WZGZVHMLXIWLRW-QFAIHCCHSA-N,CCC(C(=O)N1CCCCC1C(=O)O[C@H](CCc1ccc(OC)c(OC)c1)c1cccc(OCC(=O)NCCC(=O)N2CCN(CCCOc3cc4c(Nc5ccc(F)c(Cl)c5)ncnc4cc3OC)CC2)c1)c1cc(OC)c(OC)c(OC)c1,CHEMBL6133741,False,7.89,,1
PRWLJVUZPGQTGF-UHFFFAOYSA-N,COc1cc(Nc2ncnc3cc(OC)c(OC)cc23)c(Cl)cc1Cl,CHEMBL129123,False,7.21,,1
VHIURPPQVMMUFQ-UHFFFAOYSA-N,C=CC(=O)N1CCC(Nc2cncc(-c3cnc(Oc4cccc(Cl)c4)nc3)n2)CC1,CHEMBL5991347,True,6.68,,1
WQIVPDKBAHQPEF-LQKURTRISA-N,CN(C)c1ccc(/C=N/NC(=O)Cn2nc(Cc3ccc(Cl)cc3)c3ccccc3c2=O)cc1,CHEMBL5189340,False,9.35,,1
VLLCUXODGXHFNG-UHFFFAOYSA-N,COc1cc2c(Oc3ccc(C4SCC(=O)N4NC(=O)Nc4cc(F)cc(F)c4)cc3)ccnc2cc1OCCCN1CCOCC1,CHEMBL4445015,False,5.32,,1
FDTGYJGRULJHQZ-UHFFFAOYSA-N,C=CC(=O)Nc1cc(Nc2ncc(C(=O)OC(C)C)c(-c3cn(CC)c4ccccc34)n2)c(OC)cc1N(C)CCN(C)C,CHEMBL5266798,True,7.62,,1
WGYUCQBGAJNBHJ-UHFFFAOYSA-N,CN1CCN(c2ccc(Nc3ncc(Br)c(Nc4ccc5[nH]c(Cc6cccc(F)c6)cc5c4)n3)cc2)CC1,CHEMBL5288264,False,6.49,,1
DHLPFNUQGIEEHA-UHFFFAOYSA-N,CCC(=O)Nc1cc(Nc2ncc(Br)c(Nc3ccc4cc[nH]c4c3)n2)c(OC)cc1N1CCN(C)CC1,CHEMBL5291434,False,7.04,,1
GWACGSDFEQNCCR-UHFFFAOYSA-N,C=CC(=O)Nc1cc(Nc2ncc(Br)c(Nc3ccc4c(c3)CCC4)n2)ccc1N1CCN(C)CC1,CHEMBL5265870,True,6.33,,1
PAGLOCXKPUTYNO-UHFFFAOYSA-N,CCC(=O)Nc1cccc(-c2c(-c3ccc(N4CCN(C)CC4)cc3)[nH]c3ncn(C4CCCCC4)c(=O)c23)c1,CHEMBL5218797,False,9.4,,1
XLCUIHVQDBWQHU-UHFFFAOYSA-N,CCc1cc(Nc2ncc(C(F)(F)F)c(Nc3ccc4nccnc4c3P(C)(C)=O)n2)c(OC)cc1N1CCC(N2CC(N(C)C)C2)CC1,CHEMBL5425947,False,6.17,,1
QZXJHIFAIHZYBG-FSJBWODESA-N,N#Cc1ccc(-c2cn3c(CC(=O)N/N=C/c4ccccc4)csc3n2)cc1,CHEMBL5612882,False,4.31,,1
CRGMPDDTRQBINV-UHFFFAOYSA-N,COc1cc2ncnc(Nc3ccc(OCCn4ccnc4[N+](=O)[O-])c(Cl)c3)c2cc1OCCCN1CCOCC1,CHEMBL5270419,False,6.92,,1
NXVJACSNCQKDTE-UHFFFAOYSA-N,CCCN(c1ccc(F)c(Cl)c1)c1ncnc2cc(OC)c(OCCCN3CCOCC3)cc12,CHEMBL5286575,False,7.67,,1
LJCOMUJFBZZKDP-UHFFFAOYSA-N,Cc1ccc(NC(=O)CSc2nc3cc4ccccc4cc3c(=O)n2-c2ccc(S(N)(=O)=O)cc2)cc1C,CHEMBL5286730,False,5.41,,1
CJYGTSPFGMKIEK-UHFFFAOYSA-N,C=CC(=O)Nc1cc(Nc2ncc(C(=O)OC(C)C)c(-c3cn(C4CC4)c4ccccc34)n2)c(OC)cc1N(C)CCN(C)C,CHEMBL5281203,True,6.65,,1
MILBIPKHYWBIPY-QFIPXVFZSA-N,C=CC(=O)Nc1cc(Nc2ncc(C(=O)OC(C)C)c(-c3cn(C)c4ccccc34)n2)c(OC)cc1N(C)C[C@@H]1CCCN1C,CHEMBL5270335,True,7.24,,1
LVOBTCONHRNJJA-UHFFFAOYSA-N,COc1cc(-c2nn(C(C)C)c3ncnc(N)c23)ccc1NC(=O)OC(C)(C)C,CHEMBL1241481,False,6.77,,1
ZLMVXCGWUJXFNP-UHFFFAOYSA-N,CC(C)n1nc(-c2ccc(Br)c(O)c2)c2c(N)ncnc21,CHEMBL1241578,False,6.26,,1
QADSHCCFJGIUCT-UHFFFAOYSA-N,O=c1c2ccc(Cl)cc2nc(-c2ccccc2)n1-c1nnc(-c2ccccc2C2CC2)o1,CHEMBL5291481,False,6.99,,1
BAWMJDAKJNNOCE-DHZHZOJOSA-N,O=C(/C=C/c1ccc(F)cc1)c1cc(Br)cc2cc(-c3ccccc3)oc12,CHEMBL5276251,False,7.05,,1
DYMMGCVPVWRVOU-UHFFFAOYSA-N,COc1cc(C(=NC#N)c2csc(-c3ccccc3)n2)cc(OC)c1OC,CHEMBL5279914,False,7.7,,1
PXGDIYNZVLBJPI-UHFFFAOYSA-N,COc1cc2ncnc(Nc3ccc(OCc4cccc(F)c4)c(Cl)c3)c2cc1OCCCN1CCNCCNCCNCC1,CHEMBL4522240,False,8.85,0.0,2
FCENINCJNPAQOK-UHFFFAOYSA-N,O=C1N=C(NN2Cc3ccccc3N=C2c2ccccc2)SC1=Cc1ccc(O)cc1O,CHEMBL4877452,True,6.75,,1
GVBXPKCAHFAKIP-UHFFFAOYSA-N,CN1CCN(CCC(=O)N2CCOc3c2ccc2ncnc(Nc4ccc(F)c(Cl)c4)c32)CC1,CHEMBL5286368,False,7.59,,1
PKVCAQKGXZUIDA-CWFIWJMMSA-N,COc1ccc(/C=C/C(=O)Nc2cc3c(Nc4ccc(F)c(Cl)c4)ncnc3cc2O[C@@H]2CCOC2)cc1,CHEMBL4439680,True,8.05,,1
XUAVCXINBQWRAV-YZIPPPLESA-N,N#C/C(=C/C(=O)N1CCC[C@@H](n2nc(-c3cnc4[nH]ccc4c3)c3c(N)ncnc32)C1)C1CC1,CHEMBL5268867,True,7.89,,1
WQICYPQWAYIFTN-UHFFFAOYSA-N,N#Cc1cccc(Nc2ncnc3cc4c(cc23)OCCO4)c1F,CHEMBL4743464,False,7.605,0.07778174593052013,2
PRCMEBOIYCUAHP-UHFFFAOYSA-N,CCc1c2cc(C(F)(F)F)ccc2n2cc(Cc3ccccc3)[nH]c(=O)c12,CHEMBL4213146,False,5.41,,1
JWMBDFBXVNJSMO-OWOJBTEDSA-N,O=C(/C=C/CN1CCOCC1)N1CCOc2cc3ncnc(Nc4ccc(F)c(Cl)c4)c3cc21,CHEMBL2441561,True,7.495,0.9263098833543776,2
UBWVFAXLFXHINF-OAQYLSRUSA-N,CN(C)C(=O)N[C@@H]1CCCN(c2cnc(C(N)=O)c(Nc3ccc(C4CCN(C5CC5)CC4)cc3)n2)C1,CHEMBL5776801,False,6.26,,1
KRBQVVJHGYWGFT-HSZRJFAPSA-N,CC(C)N1CCC(C)(c2ccc(Nc3nc(N4CCC[C@@H](N5CCN(C)C5=O)C4)cnc3C(N)=O)cc2)CC1,CHEMBL6033572,False,5.26,,1
ZZHGYQVOTUDVEE-UHFFFAOYSA-N,C=CC(=O)Nc1cccc(-n2c(=O)c(=O)n(C)c3cnc(Nc4ccc(N5CCN(C)CC5)cc4OC)nc32)c1,CHEMBL4276842,True,6.32,,1
PSKGKFLVQJOKPI-CQSZACIVSA-N,C[C@@H](Nc1ncnc2[nH]c(-c3ccc(NS(C)(=O)=O)cc3)cc12)c1ccccc1,CHEMBL4743998,False,9.52,,1
NUUYIUFDSIHSCZ-UHFFFAOYSA-N,C=CC(=O)Nc1cc(Nc2cc(-n3c(SC)nnc3-c3ccc(F)cc3)ccn2)ccc1N(C)CCN(C)C,CHEMBL4798480,True,6.81,,1
GGYGQBGDYKSWQF-UHFFFAOYSA-N,C=CC(=O)Nc1cc(Nc2nccc(-c3cnc4c(OC)cccn34)n2)c(OC)cc1N(C)CCN(C)C,CHEMBL5630609,True,7.79,,1
ZWQQWVVEDSCTSX-UHFFFAOYSA-N,CC#CC(=O)Nc1cc(Nc2nccc(-c3cnc4c(C)cccn34)n2)c(OC)cc1N(C)CCN(C)C,CHEMBL5625055,False,7.19,,1
CFYABQJYUMOOIP-UHFFFAOYSA-N,CN1CCN(c2ccc(Nc3ncc(Cl)c(Nc4ccccc4P(C)(C)=O)n3)c(Br)c2)CC1,CHEMBL5630690,False,6.82,,1
CXPJUIJCTVGIEZ-UHFFFAOYSA-N,CCCNc1nc2oc(C)c(C(=O)NNC(=O)c3cc4ccccc4oc3=O)c2c(=O)n1-c1ccccc1,CHEMBL5569412,False,5.82,,1
KHKMOASTPGELOE-UHFFFAOYSA-N,CCCCNc1nc2oc(C)c(C(=O)NNC(=O)c3cc4ccccc4oc3=O)c2c(=O)n1-c1ccccc1,CHEMBL5590915,False,5.51,,1
BXWMNAUZBDLJAC-OAHLLOKOSA-N,C[C@H](c1ccccc1)N(C)c1ncnc2[nH]c(-c3ccc(CO)cc3)cc12,CHEMBL5440766,False,7.66,,1
JLWNHWBYVLABOU-UHFFFAOYSA-N,C=CC(=O)Nc1cc2c(Nc3ccc(Br)cc3F)ncnc2cc1OCC(=O)NCCN(CC)CC,CHEMBL3671537,True,6.19,0.0,2
POKBBAAURWHIIV-UHFFFAOYSA-N,C=C=CC(=O)Nc1cc(Nc2ncc(C)c(-c3cn(C)c4ccccc34)n2)c(OC)cc1N(C)CCN(C)C,CHEMBL4290568,True,8.28,,1
WAKHXUADXXTOJR-UHFFFAOYSA-N,C=C=CC(=O)Nc1cc(Nc2nccc(-c3cn(C)c4ccccc34)n2)c(OC)cc1N1CCC(N(C)C)C1,CHEMBL4279057,True,7.72,,1
YWNSSPVFNHFVBC-UHFFFAOYSA-N,C=CC(=O)Nc1cccc(Oc2nc(Nc3ccc(N4CCOCC4)cc3)nc3[nH]cc(-c4ccncc4)c23)c1,CHEMBL4464404,True,8.64,,1
WRMKQFSFTFAZFP-UHFFFAOYSA-N,CN(C(=O)NCCCl)c1ccc2ncnc(Nc3cccc(Cl)c3)c2c1,CHEMBL4857477,False,7.09,,1
XQCILAPTRWINLK-RCCKNPSSSA-N,O=C1N=C(NN2Cc3ccccc3N=C2c2ccccc2)S/C1=C/c1ccccc1,CHEMBL4866476,True,7.18,,1
IKMGVUYZBWHRNX-UHFFFAOYSA-N,N#Cc1cnc2c(Cl)cc(NCc3c[nH]nn3)cc2c1Nc1ccc(F)c(Cl)c1,CHEMBL496388,False,6.0,,1
MBTQEKOQTVSXTJ-UHFFFAOYSA-N,C=CC(=O)N1CCC(n2nc(C(=O)Nc3nc4cc(F)ccc4o3)c3c(N)ncnc32)C1,CHEMBL6041084,True,7.4,,1
JGSKJUYVTDKFKT-UHFFFAOYSA-N,C=CC(=O)Nc1cc2c(Nc3ccc(F)c(Cl)c3)ncnc2cc1OCC1COC2(CCN(C)CC2)C1,CHEMBL5806859,True,9.0,0.0,2
UXZFQZANDVDGMM-UHFFFAOYSA-N,Oc1c(I)cc(I)c2cccnc12,CHEMBL86754,False,5.72,,1
QYNJVRUBTKSLBX-UHFFFAOYSA-N,C=CC(=O)Nc1cc2c(Nc3cccc(Cl)c3F)ncnc2cc1OCc1cn(CCCC(O)=NO)nn1,CHEMBL4794998,True,9.44,,1
SQFDBQCBXUWICP-UHFFFAOYSA-N,N#CN1CCCC(n2nc(-c3ccc(Oc4ccc(F)cc4F)cc3)c(C(N)=O)c2N)C1,CHEMBL6047250,False,4.78,0.0,2
ROYVFCZNWLKEOZ-UHFFFAOYSA-N,COCCOc1cc2ncnc(Nc3cccc(C=O)c3)c2cc1OCCOC,CHEMBL5631426,False,7.46,,1
VDTSETQUTFVUDZ-UHFFFAOYSA-N,C=CC(=O)Nc1cc2c(Nc3ccc(Br)cc3F)ncnc2cc1OCCCC(=O)CN(C)C,CHEMBL4547332,True,8.7,,1
MIEFOWWVTPYZSU-UHFFFAOYSA-N,COc1cc2c(Nc3ccc(C)c(Br)c3)ncnc2cc1OCCOCCOCCNC(=O)Cn1cnc([N+](=O)[O-])n1,CHEMBL4532084,False,8.21,,1
AOWZBQWLYJFXSG-UHFFFAOYSA-N,COc1ccc(C2N=C(C(N)=O)c3ncn(-c4ccc(F)cc4)c3N2)cc1OC,CHEMBL4793639,False,6.21,,1
UYJNQQDJUOUFQJ-UHFFFAOYSA-N,CNC(=O)c1ccccc1Nc1nc(Nc2ccc(N3CCOCC3)cc2OC)ncc1Cl,CHEMBL458997,False,6.26,,1
UBAALXRHTDKGDF-UHFFFAOYSA-N,C=CC(=O)Nc1cc(-c2c(-c3ccccc3)oc3ncnc(NC4CCCC4)c23)ccc1N(C)CCN(C)C,CHEMBL5432280,True,7.5,,1
ZDTQFKXHUGREPC-UHFFFAOYSA-N,COc1cc(Nc2ncnc3cc(-c4ccc(Cl)cc4)sc23)cc(OC)c1OC,CHEMBL4552482,False,6.56,,1
QXMGDURKHOLKQW-QKDODKLFSA-N,O=C1CCc2c(Oc3ccc4c(c3)[C@H]3[C@H](NC(=O)c5ccc(CN6CCn7c(nnc7C(F)(F)F)C6)c(C(F)(F)F)c5)[C@H]3O4)ccnc2N1,CHEMBL5746879,False,8.29,0.553805019840015,3
ZOGXKBMPGKLMPO-UHFFFAOYSA-N,Clc1ccc(COC(c2cccs2)c2cc3ccccc3nc2Cl)cc1,CHEMBL4470431,False,5.44,,1
VNXHLXXQPIDCEK-MAQKOMCASA-N,C/C(=N\Nc1ncc(Cl)c(Nc2cccc(NC(=O)/C=C/CN(C)C)c2)n1)c1ccc(F)cc1,CHEMBL3740102,True,4.82,,1
IHPLZLMGSYGDMA-UHFFFAOYSA-N,COc1ccc(-c2cc(=O)oc3c(O)c(O)ccc23)cc1O,CHEMBL5282499,False,5.31,,1
ZQQZSFIPDUAFMC-UHFFFAOYSA-N,Cc1ccc(O)cc1-n1c(=O)c2c(c3c(N)ncnc31)CCCC2,CHEMBL2152704,False,5.79,,1
QYARHCHQXFUEMO-UHFFFAOYSA-N,O=C1COc2cc3ncnc(Nc4ccc(F)c(Cl)c4)c3cc2N1CCCN1CCCCC1,CHEMBL3775046,False,6.86,,1
CVIZQBPTEOBVGM-QGZVFWFLSA-N,OC[C@@H](Nc1ncnc2[nH]c(-c3cccnc3)cc12)c1ccccc1,CHEMBL4789312,False,8.66,,1
WDFJVNDHNAPLGF-UHFFFAOYSA-N,COc1cc2c(Nc3ccc(NC(=O)c4ccc(C)cc4)cc3)ncnc2cc1OCCCN1CCN(C)CC1,CHEMBL3758585,False,6.16,,1
BJPTWWXRRXRJMX-UHFFFAOYSA-N,COc1cc2c(Nc3ccc(NC(=O)c4cccc(Cl)c4)cc3)ncnc2cc1OCCCN1CCN(C)CC1,CHEMBL3758749,False,6.82,,1
ODNMSCZTRWQCLL-UHFFFAOYSA-N,COc1cc2c(Nc3ccc(NC(=O)c4ccccc4)cc3)ncnc2cc1OCCCN1CCN(C)CC1,CHEMBL3759127,False,6.89,,1
YVRBCSSSEJGXIE-UHFFFAOYSA-N,COc1cc2c(Oc3ccc(C4SCC(=O)N4NC(=O)Nc4ccccc4F)cc3)ccnc2cc1OCCCN1CCOCC1,CHEMBL4170935,False,5.39,,1
KZMQPYCXSAGLTB-ZWUNQBBJSA-N,CC(C)(C)/C=C(\C#N)C(=O)N1CCC[C@@H](n2nc(-c3ccc(Oc4ccccc4)cc3F)c3c(N)ncnc32)C1,CHEMBL4114766,True,6.43,,1
DZXXXQKZTOTKNJ-UHFFFAOYSA-N,NS(=O)(=O)c1ccc(NC(=S)Nc2ccc3ncnc(Nc4cccc(C(F)(F)F)c4)c3c2)cc1,CHEMBL4846607,False,7.29,,1
ZMQPQWKIGYUXJH-UHFFFAOYSA-N,CCOc1cc2ncnc(Nc3ccc(F)c(Cl)c3)c2cc1OC(=O)CSc1ccccn1,CHEMBL4521214,False,7.16,,1
QFQSZXPWOWHXEP-UHFFFAOYSA-N,CCOc1cc2ncnc(Nc3ccc(F)c(Cl)c3)c2cc1NC(=O)COC(=O)c1ccccc1,CHEMBL4437599,False,7.6,,1
QLOZCEXTSVOFQC-UHFFFAOYSA-N,COc1cc(C2CCNCC2)c(C)cc1Nc1ncc(Cl)c(Nc2ccccc2NS(C)(=O)=O)n1,CHEMBL5962278,False,7.92,1.0296115772464878,4
RHEYEGYRLXRYEZ-UHFFFAOYSA-N,COc1cc(C2CCNCC2)ccc1Nc1ncc(C(F)(F)F)c(Nc2ccccc2NS(C)(=O)=O)n1,CHEMBL5959742,False,7.665,1.1992879832078138,4
FFTIEELEPXKKMG-UHFFFAOYSA-N,COc1cc2ncnc(Nc3ccc(Cl)c(C(F)(F)F)c3)c2cc1OCCCCC(=O)Nc1ccc(S(N)(=O)=O)cc1,CHEMBL4861346,False,7.86,,1
QCLXGIHGLMUNKG-UHFFFAOYSA-N,C=c1[nH]c2[nH]c(O)c(Cc3ccc4ccccc4n3)c2c(=C)c1=O,CHEMBL5409736,True,4.73,,1
QYCGSVUGPNGYQQ-GQZPPLQUSA-N,CC(C)=CC[C@@H](OC(=O)/C=C\C(=O)c1ccc(C)cc1)C1=CC(=O)c2c(O)ccc(O)c2C1=O,CHEMBL4557993,False,7.34,,1
RIRTYAAQUXGTMC-UHFFFAOYSA-N,C=CC(=O)Nc1cc(Nc2ncc(Cl)c(-c3cn(C4COC4)c4ccccc34)n2)c(OC)cc1N(C)CCN(C)C,CHEMBL5583656,True,8.59,,1
JCGXVYWABUYORV-HXUWFJFHSA-N,CN1CCN([C@@H]2CCCN(c3cnc(C(N)=O)c(Nc4ccc(C5CCNCC5)cc4)n3)C2)C1=O,CHEMBL5835276,False,6.26,,1
UYLYEFFJOOWKHR-UHFFFAOYSA-N,COc1ccccc1C(=O)NCc1ccc(-c2nn(C3CCCC3)c3ncnc(N)c23)c(C)c1,CHEMBL5885691,False,5.26,0.0,2
LBSCIFOFCMWXSU-UHFFFAOYSA-N,Cc1nn(-c2ccc(F)cc2)c2c(Nc3ccc(F)c(Cl)c3)ncnc12,CHEMBL5187375,False,6.75,,1
KWSKFQACJLAHKS-UHFFFAOYSA-N,Fc1cccc(COc2ccc(Nc3ncnc4sc5c(c34)CCCC5)cc2Cl)c1,CHEMBL5206805,False,6.7,,1
JFUDQORFBVGLMB-UHFFFAOYSA-N,C=CC(=O)Nc1cc2c(Nc3ccc(F)c(Cl)c3)ncnc2cc1OCC1CCC2(CCN(C)CC2)O1,CHEMBL5949054,True,9.03,0.0,2
QZGGDCZHEKHFRZ-UHFFFAOYSA-N,C=CCCN(C)CCN(C)c1cc(OC)c(Nc2nccc(Nc3cn(C)c4ccccc34)n2)cc1NC(=O)C=C,CHEMBL5093402,True,7.37,,1
VILCJZQENJKTHC-UHFFFAOYSA-N,C=CC(=O)Nc1cc(Nc2nccc(-c3cn4c5c(cccc35)OCC4)n2)c(OC)cc1N(C)CCN(C)C,CHEMBL5291010,True,6.68,,1
UVAQIYRGODMQEF-UHFFFAOYSA-N,C#Cc1cnc(Nc2cc(NC(=O)C=C)c(N(C)CCN(C)C)cc2OC)nc1-c1cn2c3c(cccc13)CCC2,CHEMBL5279491,True,7.38,,1
GFKQINRAIVSLMU-UHFFFAOYSA-N,C=CC(=O)Nc1cc(Nc2ncc(C(=O)OCC)c(-c3cn4c5c(cccc35)CCC4)n2)c(OC)cc1N(C)CCN(C)C,CHEMBL5275712,True,7.5,,1
VISFMAFQFDLJME-UHFFFAOYSA-N,C=CC(=O)Nc1cc(Nc2ncc(-c3nnco3)c(-c3cn4c5c(cccc35)CCC4)n2)c(OC)cc1N(C)CCN(C)C,CHEMBL5270000,True,7.82,,1
ZDZWQTFXFLWLKT-UHFFFAOYSA-N,C=CC(=O)Nc1cc(Nc2ncc(-c3cnn(C)c3)c(-c3cn4c5c(cccc35)CCC4)n2)c(OC)cc1N(C)CCN(C)C,CHEMBL5291353,True,7.82,,1
FCZMHSXKERLEIN-UHFFFAOYSA-N,C=CC(=O)Nc1cc(Nc2ncc(C(=O)OCC)c(-c3cn(C)c4ccccc34)n2)c(OC)cc1N(C)CCN(C)C,CHEMBL5268143,True,7.72,,1
MXDOLPJSGCLVEB-AWEZNQCLSA-N,CC[C@H](C)Nc1cc(Nc2ccnc(-c3cnn(S(=O)(=O)C4CC4)c3)n2)ncc1C(=O)NCCC(F)F,CHEMBL5405222,False,7.22,,1
JHWZPTAZWZKCEQ-UHFFFAOYSA-N,CCN(CC)CCNC(=O)c1c(C)[nH]c(C=C2CNc3ccc(F)cc32)c1C,CHEMBL5405436,False,5.23,,1
XAHNKMWYZJATAR-OBPLTNGCSA-N,COC[C@@H]1CCN1C/C=C/C(=O)Nc1cc2c(Nc3ccc(F)c(Cl)c3)ncnc2cc1OC[C@H]1[C@@H]2COC[C@@H]21,CHEMBL5981673,True,7.65,,1
NMXUEXOFKJGGCC-UHFFFAOYSA-N,Cc1cc(N2Cc3ccccc3C2)nc2ccc(Cl)cc12,CHEMBL5631207,False,8.12,,1
HBSBXUHFMSIYDK-BEQMOXJMSA-N,COc1cc(/C=C2\CCC/C(=C\c3cccc(Br)c3)C2=O)cc(OC)c1,CHEMBL2316145,False,5.16,,1
LWIXMILEZATMDL-UHFFFAOYSA-N,C=CC(=O)N1CCC(n2nc(C(=O)Nc3nc4ccccc4o3)c3c(N)ncnc32)C1,CHEMBL5827300,True,7.96,,1
OCAUCUKBWLZLDT-UHFFFAOYSA-N,c1ccc(-c2cc(N3Cc4ccccc4C3)nc3ccccc23)cc1,CHEMBL5630852,False,8.1,,1
JTMWQUYZSGIWPE-DBWMJRBXSA-N,CCN(CC)C/C=C/C(=O)N1CCC[C@@H](n2nc(C(=O)Nc3nc4cc(Cl)ccc4o3)c3c(N)ncnc32)C1,CHEMBL5838174,True,6.8,,1
JMYYVBHVFUGNNN-GFCCVEGCSA-N,C=CC(=O)N1CC[C@@H](n2nc(C(=O)Nc3nc4cc(C#N)ccc4o3)c3c(N)ncnc32)C1,CHEMBL5971352,True,7.43,,1
FWCMAZYUSLLCTJ-BWAMLYQTSA-N,CC(C)N(C)C/C=C/C(=O)N1CC[C@@H](n2cc(C(=O)Nc3nc4cc(-c5ccccc5)ccc4o3)c3c(N)ncnc32)C1,CHEMBL6021002,True,7.79,,1
LSCBIFHNPDMWIW-CSPWOOARSA-N,CN(C)C/C=C/C(=O)N1CCC[C@@H](n2nc(C(=O)Nc3nc4cc(Cl)ccc4o3)c3c(N)ncnc32)C1,CHEMBL5937803,True,6.84,,1
CLBMDOIIODQDOI-SBLNNXNXSA-N,CN(C)C/C=C/C(=O)N1CCC[C@@H](n2nc(C(=O)Nc3nc4cc(-c5cccs5)ccc4o3)c3c(N)ncnc32)C1,CHEMBL6026303,True,6.83,,1
CBLPAYJPHRMLON-CYBMUJFWSA-N,CC(C)=CC(=O)N1CC[C@@H](n2nc(C(=O)Nc3nc4cc(Cl)ccc4o3)c3c(N)ncnc32)C1,CHEMBL5892248,True,6.19,,1
KWZZYAKRBYRQTG-UHFFFAOYSA-N,OCc1ccc(-c2ccc3ncnc(Nc4ccc(OCc5cccc(F)c5)c(Cl)c4)c3c2)o1,CHEMBL3542268,False,8.3,,1
XEDJNMORJJJSML-UHFFFAOYSA-N,CC(=O)N1CCOc2c1ccc1ncnc(Nc3cccc(C(F)(F)F)c3)c21,CHEMBL5267140,False,6.27,,1
GOAJIFLFYKGQGD-UHFFFAOYSA-N,C=CC(=O)Nc1cccc(-c2c[nH]c3ncnc(Nc4ccc(OCc5ccccn5)c(Cl)c4)c23)c1,CHEMBL4787483,True,10.1,,1
ZVCRDGKVDBJYMB-UHFFFAOYSA-N,C=CC(=O)Nc1cc(-c2c[nH]c3ncnc(Nc4ccc5c(cnn5Cc5ccccc5)c4)c23)ccc1OCCO,CHEMBL4756368,True,10.15,,1
VHSIAYLBCLUAFT-UHFFFAOYSA-N,CC(=O)Nc1c(C(C)=O)c(=O)n(C)c2nc(-c3ccc(Cl)cc3Cl)c(-c3ccc(Cl)cc3)cc12,CHEMBL204232,False,5.49,,1
NEZONWMXZKDMKF-SNVBAGLBSA-N,CC(C)=CC[C@@H](O)C1=CC(=O)c2c(O)ccc(O)c2C1=O,CHEMBL9470,False,6.86,,1
DMZTWOCJNVKCBW-UHFFFAOYSA-N,c1ccc(-c2c(-c3ccc(OCCN4CCCC4)cc3)oc3ncnc(NCCN4CCNCC4)c23)cc1,CHEMBL247468,False,6.4,,1
WUMMDJMYFAWMBN-GFCCVEGCSA-N,C=CC(=O)N1CCC[C@@H](n2nc(C(=O)Nc3nc4ccccc4o3)c3c(N)ncnc32)C1,CHEMBL6024312,True,7.654999999999999,0.1626345596729059,2
DLGLFSDRZNEFAE-ZABGRMTBSA-N,C/C=C/C(=O)N1CCC[C@@H](n2nc(C(=O)Nc3nc4ccccc4o3)c3c(N)ncnc32)C1,CHEMBL6026502,True,6.89,,1
NUJHFBUUXCSHKT-PMACEKPBSA-N,CCO[C@H]1C=C[C@H](n2nc(-c3ccc(CNC(=O)c4ccccc4OC)cc3)c3c(N)ncnc32)C1,CHEMBL5977258,False,5.26,0.0,2
QORYTMWENRBSQT-UHFFFAOYSA-N,COc1ccc2nc(Cl)c(C3CC(c4ccc(C)cc4)=NN3c3nc(-c4ccc(F)cc4)cs3)cc2c1,CHEMBL5273741,False,7.5,,1
AARRKLWESWJSEE-UHFFFAOYSA-N,COc1cc2ncnc(Sc3cccc(NC(=S)Nc4ccc(Br)c(C(F)(F)F)c4)c3)c2cc1OC,CHEMBL5218990,False,8.0,,1
OEOCKHFVALTDJZ-QHCPKHFHSA-N,C=CC(=O)N1CC[C@H](n2cc(-c3ccncc3)c(-c3cc(OCc4ccc5c(c4)CN(C)C5=O)ccc3F)n2)C1,CHEMBL5512556,True,5.36,,1
HAZUTWBOECECLJ-UHFFFAOYSA-N,C=CC(=O)N1CC(n2cc(-c3ccncc3)c(-c3cccc(NC(=O)c4cn(C5CC5)cn4)c3)n2)C1,CHEMBL5560711,True,5.66,,1
QAOIGWCWWITZTC-JWQCQUIFSA-N,O=C(O[C@H]1CN[C@H](C#Cc2cc3ncnc(Nc4ccc(Cc5ccccc5)cc4)c3s2)C1)N1CCOCC1,CHEMBL455434,False,6.62,,1
CLGWUCNXOBLWFM-UHFFFAOYSA-N,COc1cc(N2CCOCC2)ccc1Nc1ncc(Cl)c(Nc2ccccc2NS(C)(=O)=O)n1,CHEMBL4303382,False,7.324999999999999,1.1156014820116849,4
DCXDPULBNSHOAG-UHFFFAOYSA-N,COc1cc(N2CCC(NCCO)CC2)ccc1Nc1ncc(Cl)c(Nc2ccccc2NS(C)(=O)=O)n1,CHEMBL5887896,False,9.7,,1
AHPPMJNZFROCCT-UHFFFAOYSA-N,COc1cc2ncnc(Nc3ccc(F)c(Cl)c3)c2cc1OC1CCN(C)CC1,CHEMBL276154,False,8.0,,1
HBTRDSONVLGOKS-UHFFFAOYSA-N,CN1CCC(Oc2cccc3ncnc(Nc4ccc(OCc5cscn5)c(Cl)c4)c23)CC1,CHEMBL195204,False,6.16,,1
YCOYDOIWSSHVCK-UHFFFAOYSA-N,Clc1ccc(Nc2nnc(Cc3ccncc3)c3ccccc23)cc1,CHEMBL101253,False,6.34,,1
DCVODVBLQRXBMG-UHFFFAOYSA-N,CCOC(=O)c1cn2ncnc(Nc3ccc(F)c(Cl)c3)c2c1CC,CHEMBL196018,False,7.05,,1
UMFUSRXYNCISOO-UHFFFAOYSA-N,CCc1c(C(N)=O)cn2ncnc(Nc3ccc4c(cnn4Cc4ccccc4)c3)c12,CHEMBL194958,False,6.92,,1
XSUGKVVBKGFATM-UHFFFAOYSA-N,CCc1c(C(=O)NC)cn2ncnc(Nc3ccc4c(cnn4Cc4ccccc4)c3)c12,CHEMBL197689,False,7.16,,1
FAFIJKWOYIPTEN-UHFFFAOYSA-N,CCc1c(C(=O)N(C)C)cn2ncnc(Nc3ccc4c(cnn4Cc4ccccc4)c3)c12,CHEMBL372293,False,6.7,,1
DTMXBBULHBXQBG-UHFFFAOYSA-N,CC(C)(O)Cn1c(NC(=O)c2ccnc(-c3cccnc3)c2)nc2cc(CC(=O)N3CCCCC3)ccc21,CHEMBL5750984,False,6.75,,1
RBQMARBJOGTOGM-HDICACEKSA-N,O=C(Nc1nc2ccccc2n1[C@H]1CC[C@@H](O)CC1)c1ccnc(-c2cccn3ncnc23)c1,CHEMBL6017480,False,6.455,1.435426765808691,2
BARRZGQMKZYTJV-UHFFFAOYSA-N,CCN1CCN(CCNc2nccc(-c3c(-c4ccc(F)c(O)c4)nc4sccn34)n2)S1(=O)=O,CHEMBL5993587,False,8.11,,1
WCXATFLTLQAGFM-HDICACEKSA-N,O=C(Nc1nc2ccccc2n1[C@H]1CC[C@@H](O)CC1)c1ccnc(-c2ccccc2F)c1,CHEMBL5838821,False,7.6049999999999995,1.5485638507985389,2
BUNVZNMOFRWGMI-BDUNBXCCSA-N,COC/C=C/C(=O)N[C@@H](C)c1nc(-c2ccc(C(=O)Nc3ccc(C)cn3)cc2)c2c(N)nccn12,CHEMBL6000385,True,6.44,,1
YYTGTXOKGCFTBC-UHFFFAOYSA-N,C=CC(=O)N1CCC(Oc2cc3c(Nc4ccc(Cl)c(-c5cnco5)c4)ncnc3cc2OC)C1,CHEMBL6011290,True,6.195,0.458824585217488,6
XOWGESNQLHDSON-UHFFFAOYSA-N,Clc1cccc(Nc2ncnc3[nH]c4ccccc4c23)c1,CHEMBL306315,False,8.22,,1
KYGIXCUKHGMVPX-UHFFFAOYSA-N,C=CC(=O)N1CC(Oc2cc3c(Nc4cccc5cnn(C)c45)ncnc3cn2)C1,CHEMBL5818193,True,4.885,0.24308777564218778,4
IYBCSQNVVICLIT-UHFFFAOYSA-N,ON=C(O)CCCCCCn1cc(-c2ccc3ncnc(Nc4ccc(Br)cc4F)c3c2)nn1,CHEMBL4863294,False,7.99,,1
OPLVDNJKCTYKES-UHFFFAOYSA-N,Cn1cc(-c2cc(C(=O)Nc3nc4ccccc4n3C3CCCCC3)ccn2)cn1,CHEMBL5825830,False,7.98,1.0006397953309667,5
FEFINBMHJQGFOG-UHFFFAOYSA-N,C=CC(=O)Nc1cccc(-c2cccc3cnc(Nc4ccc(OCCO)cc4)nc23)c1,CHEMBL5850442,True,6.52,,1
VZHHJJKQKXWPGR-DLBZAZTESA-N,Cn1cc(-c2cc(C(=O)Nc3nc4ccccc4n3[C@H]3CC[C@@H](O)C3)ccn2)cn1,CHEMBL5762347,False,6.74,1.253913872640382,3
QXBIJLLPORMKGP-CYBMUJFWSA-N,C[C@@H](Nc1ncnc2sc(-c3cccc(C(=O)O)c3)cc12)c1ccccc1,CHEMBL3759356,False,8.1,,1
NPJSPPFBZCSOGW-UHFFFAOYSA-N,C#Cc1cccc(Nc2ncnc3sc(-c4ccc(CO)cc4OC)cc23)c1,CHEMBL3758802,False,8.3,,1
GPBSHHPSHXCRCQ-UHFFFAOYSA-N,O=C(Nc1cc(-c2cccnc2)cc(C(F)(F)F)c1)Nc1nccs1,CHEMBL3753142,False,7.11,,1
YEHNXJMBZMNSPI-UHFFFAOYSA-N,O=C(Nc1cc(-c2cncnc2)cc(C(F)(F)F)c1)Nc1nccs1,CHEMBL3754556,False,7.14,,1
DTZKMEPLXTWROE-UHFFFAOYSA-N,COc1cc(C2CCN(C3CCNCC3)CC2)ccc1Nc1ncc(Cl)c(Nc2ccccc2NS(C)(=O)=O)n1,CHEMBL5801199,False,6.915,1.0670988707706517,4
PQQGPGAQPJEOIN-UHFFFAOYSA-N,C=CC(=O)Nc1cc(Nc2ncc(Cl)c(-c3cn(C4CC4)c4ccccc34)n2)c(OC)cc1N(C)CCN(C)C,CHEMBL5592873,True,7.3,,1
APIPFXZYOMIJQG-UHFFFAOYSA-N,O=c1c2cccc(O)c2oc2cccc(O)c12,CHEMBL185686,False,6.05,,1
SPBBVFQOXOQDHG-UHFFFAOYSA-N,C=CC(=O)N1CCC(Oc2cc3c(Nc4ccc(OC(F)(F)F)c(Cl)c4)ncnc3cc2OC)CC1,CHEMBL5981483,True,6.71,0.19462785001124577,6
RYFXIVWGWQHMSC-UHFFFAOYSA-N,Cn1cc(-c2cc(C(=O)Nc3nc4ccccc4n3C3CCCS(=O)(=O)C3)ccn2)cn1,CHEMBL6060232,False,7.55,1.4849242404917495,2
ZTZMTFFPFILZLL-UHFFFAOYSA-N,Cc1cc(C(=O)Nc2nc3ccc(CN4CCOCC4)cc3n2CC(C)(C)O)cc(-c2cnn(C)c2)n1,CHEMBL5821463,False,7.27,,1
RATDPSGRLABQHT-QGZVFWFLSA-N,C=CC(=O)Nc1cccc(-c2noc3ncnc(N[C@H](CO)c4ccccc4)c23)c1,CHEMBL4447289,True,6.38,,1
JVUBERRMWLPOID-VLRJHWBUSA-N,CC(C)=CC[C@@H](OC(=O)/C=C\C(=O)c1cc(F)ccc1C)C1=CC(=O)c2c(O)ccc(O)c2C1=O,CHEMBL4452957,False,7.63,,1
KTWACFZAOOTWDE-UHFFFAOYSA-N,CN1CCC(c2ccc3c(c2)nc(NC(=O)c2ccnc(-n4cnc5cccc(F)c54)c2)n3CC(C)(C)O)CC1,CHEMBL5809520,False,7.59,1.4098699703636979,3
NDPDENJSSNGRDR-UHFFFAOYSA-N,COc1cc2ncnc(Nc3cccc(Cl)c3F)c2cc1N1CC2(CCN(C)CC2)OC1=O,CHEMBL5997498,False,10.35,0.49497474683058273,2
BXSXHHQKQNFGSU-UHFFFAOYSA-N,O=C(CSc1nc2ccccc2c(=O)n1Cc1ccc2c(c1)OCO2)Nc1ccc(I)cc1,CHEMBL4855312,False,6.12,,1
ASJKJRLGRZGMDR-GQCTYLIASA-N,COCCCOc1cc2ncnc(Nc3ccc(F)c(Cl)c3)c2cc1NC(=O)/C=C/CN(C)C,CHEMBL4474073,True,9.12,0.0,2
NAJORFDAFHFDAE-UHFFFAOYSA-N,COc1cc(N2CCC(N(C)C)CC2)ccc1Nc1ncc(Cl)c(Nc2ccccc2NS(C)(=O)=O)n1,CHEMBL5842694,False,8.165,0.8813011214486601,4
HAHYBCMZKYAKPL-UHFFFAOYSA-N,COc1cc(C2CCN(CCO)CC2)ccc1Nc1ncc(Cl)c(Nc2ccccc2NS(C)(=O)=O)n1,CHEMBL5982869,False,7.04,0.9655525188547057,4
WIIOTLRKRPDWPS-UHFFFAOYSA-N,C#Cc1cccc(Nc2ncnc3cc(OC)c(OCCCCCCCN=C(N=c4cc[nH]cc4)NC#N)cc23)c1,CHEMBL4868614,False,9.32,,1
WOJBINTWQYFXRK-UHFFFAOYSA-N,Cn1cc(-c2cc(C(=O)Nc3nc4ccccc4n3CCC(C)(C)O)ccn2)cn1,CHEMBL5945119,False,7.31,0.7636753236814714,2
JKDABXUTIXXERX-UHFFFAOYSA-N,C=CC(=O)N1CCCC(Nc2nc(Nc3ccc(OCCOC)cc3)c3c(c2F)CNC3=O)C1,CHEMBL6030490,True,5.79,,1
SDGVNVNNERJFQZ-UHFFFAOYSA-N,C=CC(=O)N1CCCC(Nc2nc(Nc3ccc(N4CCN(C)CC4)nc3)c3c(c2F)CNC3=O)C1,CHEMBL5982923,True,5.79,,1
LSCFTWTZKJBLNC-UHFFFAOYSA-N,C=CC(=O)N1CCCC(Nc2nc(Nc3ccc(N4CCC(O)C(C)(C)C4)cn3)c3c(c2F)CNC3=O)C1,CHEMBL5873347,True,5.08,,1
AEVLWBNAYZFMNY-UHFFFAOYSA-N,CN1CCC(c2ccc3c(c2)nc(NC(=O)c2ccnc(-c4cnn5cccnc45)c2)n3CC(C)(C)O)CC1,CHEMBL5994478,False,8.52,1.4459598887936003,3
LBHJIGUWWMPNNW-NKEDHYFDSA-N,NC(=O)c1c(-c2ccc(Oc3ccc(F)cc3F)cc2)nn([C@@H]2CCCN(C(=O)/C=C/CO)C2)c1N,CHEMBL4440096,True,4.92,,1
FQZHOFGGGRJGJS-ROUUACIJSA-N,COc1ccccc1C(=O)NCc1ccc(-c2nn([C@H]3C=C[C@H](F)C3)c3ncnc(N)c23)cc1,CHEMBL5888373,False,5.26,0.0,2
HSRPPABOWUCHNI-UHFFFAOYSA-N,CCS(=O)(=O)n1cc(-c2ccnc(Nc3ccc4c(ccn4CCN(C)C)c3)n2)c2ccccc21,CHEMBL5418390,False,5.84,,1
ZSYAODJTOSWJMK-UHFFFAOYSA-N,CN(CCO)c1ccc2ncnc(Nc3cccc(Br)c3)c2c1,CHEMBL4646415,False,6.84,,1
BZHKEGOROQPSFP-UHFFFAOYSA-N,Oc1ccc(-c2nc(-c3ccc(F)cc3)c(-c3ccnc4c3CC(c3ccccc3)N4)[nH]2)cc1,CHEMBL5218780,False,7.31,,1
JTIGKVIOEQASGT-UHFFFAOYSA-N,Cc1ccc2c(-c3ccccc3)nc(=O)n(C(C)C)c2c1,CHEMBL268501,False,8.7,,1
LBQIDXXDCFMBTI-UHFFFAOYSA-N,COc1cc2ncnc(Nc3ccc(OCc4cccc(F)c4)c(Cl)c3)c2cc1NC(=O)C(CSC(N)=O)CSC(N)=O,CHEMBL5923332,False,7.3,0.0,2
FTUBJFSTQHOKJF-UHFFFAOYSA-N,C=CC(=O)Nc1cc(Nc2ncc(Br)c(Nc3ccc4cc[nH]c4c3)n2)ccc1N1CCN(C)CC1,CHEMBL5286092,True,6.63,,1
JFFNMSINEFWPKX-CQSZACIVSA-N,C[C@@H](Nc1ncnc2[nH]c(-c3ccc(CO)cc3)cc12)c1ccccc1,CHEMBL5403510,False,9.52,,1
NEWANAUWTDNRAU-UHFFFAOYSA-N,C=CC(=O)Nc1ccccc1Nc1ncnc2cc(OC)c(OCCN3CCOCC3)cc12,CHEMBL5283875,True,7.61,,1
FTGOBMVLOCMMQZ-UHFFFAOYSA-N,CCS(=O)(=O)n1cc(-c2nc(Nc3ccc4c(ccn4CCN(C)C)c3)ncc2Cl)c2ccccc21,CHEMBL5435225,False,5.61,,1
BEJMCFWWVSSWOF-UNOMPAQXSA-N,Cc1cc(N=C2NC(=O)/C(=C/c3c4ccccc4cc4ccccc34)S2)no1,CHEMBL5272853,True,7.35,,1
KWZZARXTPZZKNX-KOKWJLLBSA-N,CC(=O)O[C@H]1CC[C@]2(C)[C@H]3CC=C4[C@@H]5CC(C)(C)CC[C@]5(C(=O)OCCCC[N+](=O)[O-])CC[C@@]4(C)[C@]3(C)CC[C@H]2C1(C)CO,CHEMBL5287477,False,8.0,,1
SUZAKYRBQSZOPB-UHFFFAOYSA-N,O=[N+]([O-])OCCCOc1ccc(Nc2ncnc3c2cnn3-c2ccc(Br)cc2)cc1,CHEMBL4072410,False,5.52,,1
VODHFVQXNNHRCV-UHFFFAOYSA-N,Cc1ccc(C2=NN(c3nc(-c4ccc(Cl)cc4)cs3)C(c3ccc(F)cc3)C2)cc1C,CHEMBL1821869,False,7.22,,1
FUCZYDBKFNOERW-UHFFFAOYSA-N,C#Cc1cccc(Nc2cccc3cc(OC)c(OCCCCCCC(O)=NO)cc23)c1,CHEMBL4637274,False,8.62,,1
VMEZDLSYOUBJIQ-HWKANZROSA-N,O=C(/C=C/CN1CCCC1)N1CCCOc2cc3ncnc(Nc4ccc(F)c(Cl)c4)c3cc21,CHEMBL4435619,True,6.05,,1
WDTAMNNOFPGTMG-UHFFFAOYSA-N,O=C(Nc1nc2ccccc2n1C1CCCC1)c1ccnc(-c2cccnc2)c1,CHEMBL5960825,False,7.17,1.37485756838057,3
SPRNOUZYTNVENY-UHFFFAOYSA-N,C=CC(=O)N1CCC(Oc2cc3c(Nc4cccc5cnn(C)c45)c(C#N)cnc3cc2OC)CC1,CHEMBL5907728,True,5.58,0.10425929215182698,5
OBFCDCRYRFGYEN-UHFFFAOYSA-N,C=CC(=O)N1CCC(Oc2cc3c(Nc4cccc(-c5cnco5)c4)c(C#N)cnc3cc2OC)CC1,CHEMBL5970341,True,6.4,0.5958858951175131,5
XTJRMGQWMYCVDN-UHFFFAOYSA-N,CC(C)CC(NC(=O)OC(C)(C)C)C(=O)Nc1ccc2ncnc(Nc3ccc(F)c(Cl)c3)c2c1,CHEMBL4087241,False,6.85,,1
VMBRRMNXXVZGCB-UHFFFAOYSA-N,Cc1cccc(CN(C)c2ncnc3[nH]c(-c4ccc(O)cc4)cc23)c1,CHEMBL5397490,False,6.13,,1
BPTUCHARDQHTEK-UHFFFAOYSA-N,N#Cc1ccc(O)c(-c2nc(NCc3cccnc3)c3ccccc3n2)c1,CHEMBL4207984,False,4.3,,1
WUIRYYSEWMNWIP-MDWZMJQESA-N,COc1cc(/C=C/C(=O)c2ccc(OCCCCCC(O)=NO)cc2)cc(OC)c1OC,CHEMBL5618083,False,7.2,,1
JHVNLLGIMZKVOV-UHFFFAOYSA-N,Cn1cc(-c2ccnc(Nc3cccc(OCCCCn4ccnc4[N+](=O)[O-])c3)n2)c2ccccc21,CHEMBL5436634,False,5.45,,1
ZNMPUYQFHCLTEB-UHFFFAOYSA-N,C=CC(=O)Nc1cccc(Nc2nc(Nc3ccc(OCCOC)cc3)c3c(c2F)C(C)NC3=O)c1,CHEMBL5986062,True,5.03,,1
OXNWNATZJPNFRL-UHFFFAOYSA-N,C=CC(=O)N1CC(Oc2cc3c(Nc4cccc(CO)c4)ncnc3cc2OC)C1,CHEMBL5977597,True,5.3149999999999995,0.5065734563384332,6
TWDYINDEKINRQQ-UHFFFAOYSA-N,O=C(NCCN1CCOCC1)Nc1ccc(-c2cc3c(Nc4ccc(Oc5cccc(C(F)(F)F)c5)c(Cl)c4)ncnc3s2)cc1,CHEMBL4288374,False,7.04,,1
RENFOOCUNGUUHO-UHFFFAOYSA-N,CS(=O)(=O)CC(N)c1ccc(-c2ccc3ncnc(Nc4ccc(OCc5cccc(F)c5)c(Cl)c4)c3c2)o1,CHEMBL3344209,False,7.75,,1
SAQOITOVKAFOSW-UHFFFAOYSA-N,COc1cc2nc(C)nc(NNC(=O)c3ccccc3)c2cc1OC,CHEMBL6192749,False,9.21,,1
VXFBSHSVVJWVCB-UHFFFAOYSA-N,CCOC(=O)C1C(C)=NC(Nc2nc(C)nc3cc(OC)c(OC)cc23)=NC1c1ccc(Cl)cc1,CHEMBL6193697,False,9.5,,1
TZVJCWOLQMYNMO-UHFFFAOYSA-N,COc1cc(N2CCC(N(C)C)CC2)ccc1Nc1ncc(C(=O)OC(C)C)c(-c2cn(C)c3ccccc23)n1,CHEMBL5280082,False,9.4,,1
DHKJMXHLKKNTKJ-UHFFFAOYSA-N,COc1cccc(-c2cn(-c3cccc(CO)c3)c3ncnc(N)c23)c1,CHEMBL176815,False,6.1,,1
ACYJDUIZLTVDAK-UHFFFAOYSA-N,C=CC(=O)Nc1cccc(Nc2nc(Nc3ccc4[nH]c(=O)oc4c3)ncc2Cl)c1,CHEMBL6144365,True,7.2,,1
CKRSIKFGIKDHLV-UHFFFAOYSA-N,C=CC(=O)Nc1cccc(Nc2nc(Nc3ccc4c(C)n(C)nc4c3)ncc2Cl)c1,CHEMBL6149588,True,7.01,,1
MXTQMPMIHSVRCG-UHFFFAOYSA-N,CC(=O)N1CCc2ccc(Nc3nc(Nc4ccc(N5CCN(C)CC5)cc4)ncc3Br)cc21,CHEMBL5275932,False,5.24,,1
GCCWPAARIVMAAH-NTFDOXNWSA-N,COc1ccccc1C(=O)NCc1ccc(-c2nn([C@@H]3C[C@@H](O)C4CC43)c3ncnc(N)c23)cc1,CHEMBL5879924,False,6.26,0.0,2
AQJDDFRQEZZVKP-UHFFFAOYSA-N,Cc1cc(Nc2ncnc3cc(OC4CCOC4)cc(OC4CCN(C)CC4(F)F)c23)ccc1Oc1ccn2ncnc2c1,CHEMBL5861126,False,6.29,,1
ONTOVZMNQUSYCR-UHFFFAOYSA-N,CCCOc1ccccc1C(=O)NCc1ccc(-c2nn(C3CCCC3)c3ncnc(N)c23)cc1,CHEMBL5812080,False,5.26,,1
LLRUOFRCNQYKAO-LJQANCHMSA-N,C=CC(=O)N1CCC[C@@H](n2nc(-c3ccc(Oc4cccc(OC)c4F)cc3)c3cncc(OC)c32)C1,CHEMBL4215275,True,6.26,,1
ABRYZACBGXFEHT-UHFFFAOYSA-N,CN1CCN(c2ccc3c(c2)nc(NC(=O)c2ccnc(-c4cnn(C)c4)c2)n3CC(C)(C)O)CC1,CHEMBL6048747,False,6.77,1.0283968105745949,3
FYMLJLBVLXOQGV-UHFFFAOYSA-N,COc1ccccc1-c1cc(C(=O)Nc2nc3cc(CN4CCOCC4)ccc3n2CC(C)(C)O)ccn1,CHEMBL5788210,False,8.165,1.3930003589374984,2
IHIKUBRENCCKOI-BGYRXZFFSA-N,O=C(Nc1nc2ccccc2n1[C@H]1CC[C@@H](O)CC1)c1ccnc(-c2cccc(F)c2)c1,CHEMBL5918591,False,6.470000000000001,1.3859292911256333,2
DZHGHOYCGHZFFE-UHFFFAOYSA-N,COc1cc2ncnc(Nc3cccc(Cl)c3F)c2cc1N1CC2(CN(C)C2)OC1=O,CHEMBL5790648,False,10.54,0.3676955262170063,2
GBWRYYKSRSTZJC-NSHDSACASA-N,COC[C@@H]1CN(c2cc3c(Nc4cccc(Cl)c4F)ncnc3cc2OC)C(=O)O1,CHEMBL5993268,False,10.094999999999999,0.45961940777125554,2
VKLJPCKYIPLXHW-UHFFFAOYSA-N,CCOC(=O)C1CCC(n2nc(-c3ccc(CNC(=O)c4ccccc4OC)cc3)c3c(N)ncnc32)CC1,CHEMBL5920911,False,6.26,0.0,2
KEVGNTLGNXQCTI-IBGZPJMESA-N,C=CC(=O)N1CCC[C@H]1c1nc(-c2ccc(Oc3cccc(F)c3F)cc2)c2cnccn12,CHEMBL5929019,True,5.26,0.0,2
LAVICBXNQHDFND-NRFANRHFSA-N,C=CC(=O)N1CCCC[C@H]1c1nc(-c2ccc(Oc3cccc(OC)c3F)cc2)c2c(C)nccn12,CHEMBL5922580,True,6.26,0.0,2
BAWGWCRHRFHTAJ-PMACEKPBSA-N,COc1ccccc1C(=O)NCc1ccc(-c2nn([C@H]3C=C[C@H](n4ccnn4)C3)c3ncnc(N)c23)cc1,CHEMBL5864041,False,5.26,0.0,2
QTCLLFURTBBXDG-PXLXIMEGSA-N,COc1ccc(/C=C2/SC(=NN3Cc4ccccc4N=C3c3ccccc3)NC2=O)cc1,CHEMBL4849859,True,6.87,,1
NHACTKLHFBISNC-UHFFFAOYSA-N,CNc1cncc(-c2c[nH]c3nc(Nc4ccc(N5CCN(C(C)=O)CC5)cc4)nc(OC4CCOCC4)c23)n1,CHEMBL4562744,False,6.03,,1
VFTQZQGHFFDMQS-WUIIMLTRSA-N,C[C@@H]1[C@@H]2CN(c3nc(Nc4cnn(C)c4)ncc3F)C[C@]12NC(=O)C1CC1(F)F,CHEMBL4635625,False,5.39,,1
NGZPCPROZUYFJJ-INIZCTEOSA-N,CC#CC(=O)N[C@@H](C)c1nc(-c2ccc(C(=O)Nc3ccc(C)cn3)cc2)c2c(N)nccn12,CHEMBL5760493,False,6.26,,1
OYEFDVSXHMROFG-UHFFFAOYSA-N,C=CC(=O)N1CCCC(Nc2nc(Nc3cnn(C4CCOCC4)c3)c3c(c2F)CNC3=O)C1,CHEMBL5991264,True,5.76,,1
QAMJIUCWNKXTSS-UHFFFAOYSA-N,C=CC(=O)N1CC(Nc2cncc(-c3cnc(Nc4ccccc4OC(F)(F)F)nc3)n2)C1,CHEMBL5945723,True,6.17,,1
KRAPLJIKFOBMGL-UHFFFAOYSA-N,Cn1cc(-c2cc(C(=O)Nc3nc4ccccc4n3CC(C)(C)CO)ccn2)cn1,CHEMBL5853395,False,6.63,1.7327531080143337,3
VGMRMLVVWNRUOM-UHFFFAOYSA-N,CN1CCC(c2ccc3c(c2)nc(NC(=O)c2ccnc(-c4cnn(C)c4)c2)n3C2CCCC2)CC1,CHEMBL5902827,False,7.76,1.6966535690391635,3
HXIBTMBLEACAOZ-UHFFFAOYSA-N,COc1ccncc1-c1cc(C(=O)Nc2nc3cc(C4CCN(C(C)=O)CC4)ccc3n2CC(C)(C)O)ccn1,CHEMBL6055515,False,8.52,1.2060403531115085,3
NRPVPHHUWGNPLP-ZEQRLZLVSA-N,COc1ccccc1-c1cc(C(=O)Nc2nc3cc(CN4CCOCC4)ccc3n2[C@H]2CCC[C@H](O)C2)ccn1,CHEMBL6057006,False,8.14,0.8909545442950504,2
ZCKGARDCKJFLRH-UHFFFAOYSA-N,CCOC(=O)c1cn2ncnc(Nc3cccc(Br)c3)c2c1CC,CHEMBL370934,False,7.22,,1
DLQGOUYSCARQKO-UHFFFAOYSA-N,CCOC(=O)c1cn2ncnc(Nc3ccc4c(cnn4Cc4ccccc4)c3)c2c1CC,CHEMBL196925,False,6.92,,1
GPXPDUOFHSGRBJ-UHFFFAOYSA-N,CCOC(=O)c1cn2ncnc(Nc3ccc4c(cnn4Cc4ccccc4)c3)c2c1C,CHEMBL196738,False,6.7,,1
MHHWMILMVAWLOJ-UHFFFAOYSA-N,CCc1c(NC(=O)OCc2ccccc2)cn2ncnc(Nc3ccc4c(cnn4Cc4ccccc4)c3)c12,CHEMBL372523,False,6.68,,1
AERGSELXAOHCKG-UHFFFAOYSA-N,CS(=O)(=O)CCNCc1ccc(-c2ccc3ncnc(Nc4ccc(OCc5cccc(C(F)(F)F)c5)cc4)c3c2)o1,CHEMBL214419,False,7.04,,1
SONXKFRJLOFCTO-UHFFFAOYSA-N,COCCOc1cc2ncnc(Nc3ccc(NC(=O)C45CC6CC(CC(C6)C4)C5)cc3C)c2cc1OCCOC,CHEMBL3764312,False,8.35,,1
ZCCCRESXCWSEMU-UHFFFAOYSA-N,COc1cc2ncnc(Nc3cc(C(=O)NC45CC6CC(CC(C6)C4)C5)ccc3C)c2cc1OCCCN1CCOCC1,CHEMBL3763701,False,7.81,,1
XXHWNVXLWADDQU-UHFFFAOYSA-N,CC(C)n1nc(N2CCOCC2)c2cnc(Nc3ccnc(-c4cnn(S(=O)(=O)C5CC5)c4)n3)cc21,CHEMBL5273791,False,6.07,,1
DZXPRNPGMAUEQJ-UHFFFAOYSA-N,Cc1oc2ncnc(Nc3cccc(Cl)c3)c2c1C(=O)NCCO,CHEMBL4292715,False,5.57,,1
SYFFKWAKQHJCOM-RMKNXTFCSA-N,CN(C)C/C=C/C(=O)NC1CCC(n2nc(-c3ccc(Oc4ccccc4)cc3)c3c(N)ncnc32)CC1,CHEMBL3980550,True,7.65,,1
FDQUFLLOIZQETM-UHFFFAOYSA-N,CCC(=O)N1CCOc2c1ccc1ncnc(Nc3ccc(F)c(Cl)c3)c21,CHEMBL5278452,False,7.15,,1
YUPIIDJKIACQNI-UHFFFAOYSA-N,O=C(CSc1nc2ccccc2c(=O)n1CCc1ccccc1)Nc1ccc(S(=O)(=O)Nc2ccc(Cl)nn2)cc1,CHEMBL5398753,False,7.01,,1
FSNXDZZUWFZSPA-FCDRMGDPSA-N,COc1cc2c(Nc3ccc(F)cc3)ncnc2cc1O[C@@H]1CO[C@@H]2[C@H]1OC[C@H]2F,CHEMBL5824767,False,6.28,,1
BJMXICGJKUALLN-SFHVURJKSA-N,C=CC(=O)N1CCC[C@H](n2nc(-c3ccc(Oc4ccccc4)cc3C)c3c(N)ncnc32)C1,CHEMBL5271284,True,6.71,,1
FMBMGMFEIOWCQX-UHFFFAOYSA-N,C=CC(=O)Nc1cc(Nc2ncc(Br)c(Nc3ccc4ccn(C)c4c3)n2)ccc1N1CCN(C)CC1,CHEMBL5272858,True,6.38,,1
PGQUACUIHXEISL-UHFFFAOYSA-N,CCc1cc(Nc2ncc(Cl)c(-c3cn(S(=O)(=O)CC)c4ccccc34)n2)c(OC)cc1N1CCC(N2CCN(C)CC2)CC1,CHEMBL5172251,False,6.58,,1
SILNPGWUEYVWOG-CJFMBICVSA-N,C[C@@H]1[C@H](NC(=O)N(C)C)CCCN1c1cnc(C(N)=O)c(Nc2ccc(C3CCN(C4CCCC4)CC3)cc2)n1,CHEMBL5740635,False,6.26,,1
HIHJOMKUCBPNFS-UHFFFAOYSA-N,N#CC(=Cc1ccc(O)c([N+](=O)[O-])c1)C(=N)C(C#N)C#N,CHEMBL309625,False,4.22,,1
QNCPHGDKTOGERW-UHFFFAOYSA-N,C#Cc1cccc(Nc2ncnc3[nH]c(O)c(C=c4[nH]c(C(=O)NCCN5CCOCC5)cc4=C)c23)c1,CHEMBL69966,True,7.75,,1
SGGZDKRHWPACSX-UHFFFAOYSA-N,C=CC(=O)N1CCCC(Nc2nc(Nc3ccc(OCCOC)cc3)c3c(c2F)CNC3=O)CC1,CHEMBL5817581,True,5.62,,1
MMMBEHBXZRNCDU-UHFFFAOYSA-N,C=CC(=O)N1CCCC(Nc2nc(Nc3cnn(C4CCS(=O)(=O)CC4)c3)c3c(c2F)CNC3=O)C1,CHEMBL6039889,True,5.8,,1
FMETVQKSDIOGPX-UHFFFAOYSA-N,Nc1ncnc2c1c(-c1ccc(Oc3ccccc3)cc1)cn2C1CCCC1,CHEMBL47940,False,5.5,,1
FGYHOZIXSUEJDM-UHFFFAOYSA-N,C=CC(=O)Nc1cc2c(Nc3ccc(F)c(Cl)c3)ncnc2cc1OCCC1C2CCC1CN(C)C2,CHEMBL5879850,True,9.1,0.0,2
AOLILVLGLDVJFD-UHFFFAOYSA-N,C=CC(=O)Nc1cccc(Nc2nc3c(c(Nc4ccccc4)n2)C(=O)NC3)c1,CHEMBL5857086,True,5.52,,1
YUQKNZJQFUMMII-UHFFFAOYSA-N,COc1cc(N2CCC(N3CCN(C(C)=O)CC3)CC2)c(C)cc1Nc1ncc(Br)c(Nc2ccc3nccnc3c2P(C)(C)=O)n1,CHEMBL5422588,False,6.3,,1
IHMZTBYJICUOCQ-UHFFFAOYSA-N,COc1cc(N2CCC3(CC2)CN(C)C3)c(C)cc1Nc1ncc(Cl)c(Nc2ccc3sccc3c2P(C)(C)=O)n1,CHEMBL5928819,False,9.21,,1
HJQPWLHAZVCLRH-JAIQZWGSSA-N,COc1ccc(/C=N\Nc2nc(-c3nc4ccccc4n3C)cs2)cc1,CHEMBL4794131,False,6.51,,1
PGVGTJDOYNQGLQ-QFIPXVFZSA-N,C=CC(=O)N1CCC[C@H]1c1nc(-c2ccc(Oc3cccc(OC)c3)cc2)c2cnccn12,CHEMBL6019588,True,5.26,0.0,2
ROBBBICPCFFJRN-UHFFFAOYSA-N,Nc1cc(-c2c[nH]c3ccccc23)nn1-c1nc(Nc2ccc(Cl)cc2)nc(N2CCOCC2)n1,CHEMBL6171172,False,7.47,,1
FUHUKPVSBLOKHW-DAFODLJHSA-N,NC(=O)c1c(-c2ccc(Oc3ccc(F)cc3F)cc2)nn(C2CCCN(C(=O)/C=C/CF)C2)c1N,CHEMBL5969574,True,5.66,,1
OCGGJNKPTJNJDM-UHFFFAOYSA-N,COc1cc(N2CCNCC2)ccc1Nc1ncc(Br)c(Nc2ccccc2NS(N)(=O)=O)n1,CHEMBL5758432,False,7.545,1.15697882435246,4
GBZJWIWJKOKRGY-RUZDIDTESA-N,NC(=O)c1ncc(N2CCCC[C@@H](NC(=O)C3CC3)C2)nc1Nc1ccc(C2CCN(C3CCCC3)CC2)cc1,CHEMBL6043125,False,6.26,,1
FOECKIWHCOYYFL-UHFFFAOYSA-N,O=C(O)c1cc(-c2ccc(C3CCNCC3)cc2)c2ccc(-c3ccc(C(F)(F)F)cc3)cc2c1,CHEMBL1800685,False,5.34,,1
IBBDJASTLYREBW-LJQANCHMSA-N,CN(C)C(=O)N[C@@H]1CCCN(c2cnc(C(N)=O)c(Nc3ccc(C4(CN)CCCC4)cc3)n2)C1,CHEMBL6036005,False,5.26,,1
YOEHLDPKOMCUHS-UHFFFAOYSA-N,ON=C(O)CCCOc1cc2ncnc(Nc3cccc(F)c3)c2c2c1OCCO2,CHEMBL6188499,False,7.12,,1
UFFFDUINWKEBCZ-UHFFFAOYSA-N,COc1cc2c(Oc3ccc(NS(=O)(=O)c4cc(F)ccc4F)cc3F)ccnc2cc1OCCCN1CCCC(C)C1,CHEMBL4457733,False,5.95,,1
NLMPMSGAMOENLO-KDURUIRLSA-N,Cn1cc(-c2cc(C(=O)Nc3nc4ccccc4n3[C@H]3CC[C@@H](O)CC3)cc(CF)n2)cn1,CHEMBL5870000,False,6.83,1.7819090885900994,2
GSVSRJBZRJBGOQ-UHFFFAOYSA-N,c1ccc(COc2ccc(Nc3ncnc4[nH]ccc34)cc2)cc1,CHEMBL5200160,False,4.34,,1
UJPBOUWNIKXHIJ-UHFFFAOYSA-N,COc1cc2ncnc(Nc3cccc(Cl)c3OC)c2cc1N1CC2(CCN(C)CC2)OC1=O,CHEMBL5921815,False,7.39,0.1838477631085022,2
ILMKWFDHOGPKAB-LBPRGKRZSA-N,COc1cc2ncnc(Nc3cccc(Cl)c3F)c2cc1N1C[C@H](CN(C)C)OC1=O,CHEMBL5915655,False,10.3,,1
JSEXADIMPQQDMW-UHFFFAOYSA-N,Cc1c(C(=O)NCCc2ccc(N3CCOCC3)cc2)[nH]c2ccc(Cl)cc12,CHEMBL5281464,False,7.05,,1
OHRPGHNXVUJEEF-BRJLIKDPSA-N,N#Cc1ccc(/C=N/NC(=O)Cc2csc3nc(-c4ccc(C#N)cc4)cn23)cc1,CHEMBL5612418,False,4.64,,1
RMZISWVBRKVMOJ-UHFFFAOYSA-N,C=CC(=O)Nc1cc2c(cc1OCCNC(=O)CN(C)C)NCN=C2Nc1ccc(Br)cc1F,CHEMBL5193247,True,8.7,,1
UULBQMUKTJCSOZ-XNTDXEJSSA-N,CCOc1cc2ncc(C#N)c(Nc3ccc(OCc4ccccc4)cc3)c2cc1NC(=O)/C=C/c1cccnc1,CHEMBL5188857,True,6.22,,1
ISBDGKGTFDHHAX-UHFFFAOYSA-N,CCOc1cc2ncc(C#N)c(Nc3ccc(F)c(Cl)c3)c2cc1NC(=O)C(CSC(C)=O)CSC(C)=O,CHEMBL4546553,False,6.26,,1
XYFPWWZEPKGCCK-UHFFFAOYSA-N,C=CC(=O)N1CCCC(n2nc(-c3ccc(Oc4ccccc4)cc3)c3c(N)ncnc32)C1,CHEMBL3182647,True,8.89,,1
ZUMVIVDTGQWDNG-UHFFFAOYSA-N,CCOC(=O)C1CCCN1CC(=O)NNC(=O)COc1ccc(-c2nc3ccccc3s2)cc1OC,CHEMBL5201110,False,6.96,,1
KJJWOVIQRJNQJI-UHFFFAOYSA-N,C=CC(=O)Nc1cccc(Nc2nc(Nc3ccc(N4CCN(C(=O)CCCCCC(=O)Nc5cccc6c5C(=O)N(C5CCC(=O)NC5=O)C6=O)CC4)cc3OC)ncc2C(F)(F)F)c1,CHEMBL5201794,True,6.19,,1
OWOZUFOTJMDPGJ-UHFFFAOYSA-N,C=CC(=O)N1CCCC(Nc2nc(Nc3ccc(N4CCOCC4=O)cc3)c3c(c2F)CNC3=O)C1,CHEMBL5979689,True,5.82,,1
LBHJIGUWWMPNNW-DUXPYHPUSA-N,NC(=O)c1c(-c2ccc(Oc3ccc(F)cc3F)cc2)nn(C2CCCN(C(=O)/C=C/CO)C2)c1N,CHEMBL6010524,True,4.92,,1
LSNDVHVDRRLDIE-QPJJXVBHSA-N,CN(C)C/C=C/C(=O)N1CCC(Nc2cncc(-c3cnc(Nc4cccc(Cl)c4)nc3)c2)CC1,CHEMBL5886152,True,4.58,,1
KJBQRYAZTDIVJN-UHFFFAOYSA-N,C=CC(=O)N1CC(Nc2nc(Nc3ccc(N4CCOCC4)c(Cl)c3)c3c(c2F)CNC3=O)CCC1C,CHEMBL5825503,True,5.2,,1
DGPCRFSWSZSJKP-UHFFFAOYSA-N,C=CC(=O)N1CCCC(N(C)c2nc(Nc3cc(C)ns3)c3c(c2F)CNC3=O)C1,CHEMBL5889345,True,5.78,,1
WJSCDYSIDGEWEB-UHFFFAOYSA-N,Nc1ncnc2c1c(-c1cccc(O)c1)cn2C1CCN(CCO)CC1,CHEMBL169780,False,5.59,,1
CXHZBOWLLILCRJ-AREMUKBSSA-N,NC(=O)c1ncc(N2CCC[C@@H](NC(=O)c3cncc(F)c3)C2)nc1Nc1ccc(C2CCN(C3CCCC3)CC2)cc1,CHEMBL5840304,False,6.26,,1
PRINOBSDVUFWNK-UHFFFAOYSA-N,COc1cc(C=C(C#N)C(=N)C(C#N)C#N)cc(O)c1O,CHEMBL80745,False,5.92,,1
FAGAHRRIHCAACY-UHFFFAOYSA-N,COc1cc2ncnc(Nc3ccc(Oc4ccc(C)nc4)c(C)c3)c2cc1NC(=O)CC1CCSS1,CHEMBL4519470,False,6.779999999999999,0.7353910524340092,2
ZYOALBIUUJHNBJ-UHFFFAOYSA-N,C=CC(=O)N1CCC(Oc2cc3c(Nc4ccc(C(F)(F)F)cc4)c(C#N)cnc3cc2OC)CC1,CHEMBL5855579,True,5.435,1.1808683245815343,2
CNTYSAQKPONNER-UHFFFAOYSA-N,CCOc1cc2ncc(C#N)c(Nc3ccc(F)c(Cl)c3)c2cc1NC(=O)C1CSSC1,CHEMBL4576802,False,6.26,0.0,2
JRFNNCFUXZAXOL-DIUUEDGKSA-N,COc1cc2c(Nc3ccc(F)c(Cl)c3F)ncnc2cc1OCC1CO[C@@H]2[C@@H](OC)CO[C@H]12,CHEMBL5910492,False,6.28,,1
ASOPRZPYNIPJKT-UHFFFAOYSA-N,COCCOc1cc2ncnc(NC3=CC(=O)C(OCc4cccc(OC)c4)=CC3=O)c2cc1OC,CHEMBL242349,False,5.11,,1
ZYJLAQVQJOOMEW-UHFFFAOYSA-N,COc1cc2c(Nc3ccc(F)cc3)ncnc2cc1OCCOCCNC(=O)Cn1cnc([N+](=O)[O-])n1,CHEMBL4460151,False,7.78,,1
PGEAFIMKDCMISW-UHFFFAOYSA-N,COc1cc2c(Nc3ccc(F)cc3Cl)ncnc2cc1OCCNC(=O)Cn1cnc([N+](=O)[O-])n1,CHEMBL4535949,False,7.32,,1
RHNCTEJANSMRNV-UHFFFAOYSA-N,C#CC(=O)Nc1ccc2ncnc(Nc3cccc(Br)c3)c2c1,CHEMBL202360,False,8.8,,1
PXBVPDIMCOILPS-UHFFFAOYSA-N,CN1CCN(CCC#CC(=O)Nc2cc3c(Nc4ccc(F)c(Br)c4)ncnc3cn2)CC1,CHEMBL437890,False,8.96,,1
VIANWBJPMVJZPN-UHFFFAOYSA-N,CN1CCN(CCC#CC(=O)Nc2cc3c(Nc4ccc(F)c(Cl)c4)ncnc3cn2)CC1,CHEMBL203599,False,9.3,,1
GHQPLJWMCNPRIH-UHFFFAOYSA-N,CCCCN(CC#CC(=O)Nc1cc2c(Nc3ccc(F)c(Cl)c3)ncnc2cn1)CCCC,CHEMBL202421,False,7.77,,1
MCIZZPUSTVXXPG-UHFFFAOYSA-N,CCN(CC)CC#CC(=O)Nc1cc2c(Nc3ccc(F)c(Cl)c3)ncnc2cn1,CHEMBL202425,False,7.82,,1
PEOYVSCYYMEJBB-UHFFFAOYSA-N,CCCCC#CC(=O)Nc1cc2c(Nc3ccc(F)c(Cl)c3)ncnc2cn1,CHEMBL202424,False,7.82,,1
ISEHGRGNSOYPTL-UHFFFAOYSA-N,CCCC#CC(=O)Nc1cc2c(Nc3ccc(F)c(Cl)c3)ncnc2cn1,CHEMBL203645,False,8.77,,1
PKKRQPPSMXAKFM-UHFFFAOYSA-N,CCN(CC)CCC#CC(=O)Nc1ccc2ncnc(Nc3ccc(F)c(Cl)c3)c2c1,CHEMBL382073,False,8.74,,1
IKXPVMNZZLUFCI-UHFFFAOYSA-N,COCCN1CC(C(N)=O)(N(C)Cc2cc3c(Nc4cccc(Cl)c4F)ncnc3cc2OC)C1,CHEMBL207815,False,8.22,,1
XRUQVQJWTQESAB-UHFFFAOYSA-N,COc1cc2ncnc(Nc3cccc(Cl)c3F)c2cc1CN(C)C1(C(N)=O)CCN(C)CC1,CHEMBL207130,False,8.05,,1
ZZBAYSXOXCZQAE-UHFFFAOYSA-N,COc1cc2ncnc(Nc3cccc(Cl)c3F)c2cc1CN1CCCC1C(=O)N(C)C,CHEMBL382822,False,6.35,,1
QMGNNNRCEMYKNG-UHFFFAOYSA-N,CNC(=O)C1CCCN1Cc1cc2c(Nc3cccc(Cl)c3F)ncnc2cc1OC,CHEMBL383760,False,7.3,,1
KPLGROMQFNWKJK-QPJJXVBHSA-N,CN(C)C/C=C/C(=O)N1CCOc2cc3ncnc(Nc4ccc(OCc5cccc(F)c5)c(Cl)c4)c3cc21,CHEMBL2441567,True,6.9,,1
ICXFEWDEHIEFSJ-UHFFFAOYSA-N,C=CC(=O)N1CCCC(Nc2nc(-c3cnn(C4CC4)c3)c3c(c2F)CNC3=O)C1,CHEMBL5843489,True,5.08,,1
CSEMRVKTZOXWSI-UHFFFAOYSA-N,C=CC(=O)N1CCCC(Nc2nc(-c3cnc(C)s3)c3c(c2F)CNC3=O)C1,CHEMBL6042351,True,5.13,,1
UTXQAHOGWAENMR-UHFFFAOYSA-N,C=CC(=O)N1CCCC(Nc2nc(Nc3ccc(N4CCN(C5COC5)CC4C)cn3)c3c(c2F)CNC3=O)C1,CHEMBL5874587,True,5.04,,1
RLLQRRPRCRZXAM-UHFFFAOYSA-N,C=CC(=O)N1CC(Nc2nc(Nc3ccc(N4CCOCC4)cc3)c3c(c2F)CNC3=O)CCC1C,CHEMBL5957373,True,5.64,,1
HKHJHRUYPCHLAP-UHFFFAOYSA-N,C=CC(=O)Nc1cc(Nc2cc(-n3c(SC)nnc3-c3ccc(F)cc3)ccn2)c(OC)cc1N1CCCN(C)CC1,CHEMBL4786701,True,6.48,,1
FJMLHLTVDMXQCW-UHFFFAOYSA-N,COc1cc(C2CCNCC2)ccc1Nc1ncc(Cl)c(Nc2ccccc2NS(C)(=O)=O)n1,CHEMBL5597916,False,7.75,1.0479821881437996,4
OJWPRERQKVQUMR-CYBMUJFWSA-N,C=C(C)C(=O)N1CCC[C@@H](n2nc(C(=O)Nc3nc4cc(F)ccc4o3)c3c(N)ncnc32)C1,CHEMBL5845962,True,5.89,,1
WRQVNXDOWPRYHH-UHFFFAOYSA-N,N#CCc1c(SSc2[nH]c3ccccc3c2CC#N)[nH]c2ccccc12,CHEMBL348116,False,4.5,,1
ZWOJEBVNAWIFMO-UHFFFAOYSA-N,COc1cccc(-c2cn(C3CCN(CC(N)=O)CC3)c3ncnc(N)c23)c1,CHEMBL169064,False,6.46,,1
PVEBIJXRHMABKT-KDURUIRLSA-N,Cc1ccc2c(c1)nc(NC(=O)c1ccnc(-c3cnn4cccnc34)c1)n2[C@H]1CC[C@@H](O)CC1,CHEMBL5984171,False,6.895,2.1708178182427007,2
CTRBFTADHVIKJN-UHFFFAOYSA-N,C=CC(=O)Nc1cccc(-n2c(=O)c(C(C)C)nc3cnc(Nc4ccc(OCCOC)cc4)nc32)c1,CHEMBL5077901,True,6.42,,1
VSGQCGRYAAEEEL-UHFFFAOYSA-N,Cc1cccc2c(CCC(=O)O)c(SSc3[nH]c4c(C)cccc4c3CCC(=O)O)[nH]c12,CHEMBL81664,False,5.82,,1
NBQRNBQWWDPYMC-UHFFFAOYSA-N,c1nc(Nc2ccc3[nH]ccc3c2)c2sccc2n1,CHEMBL442749,False,6.22,,1
BAKVORHGXRCQBT-UHFFFAOYSA-N,C=CC(=O)N1CCC(Oc2cc3c(Nc4cccc(-c5cnco5)c4)ncnc3cc2OC)C1,CHEMBL6064016,True,6.29,0.5961096096077185,6
GFXBLHRLLKARCC-UHFFFAOYSA-N,COc1cc(C2CCN(C(C)=O)CC2)ccc1Nc1ncc(Cl)c(Nc2ccccc2NS(C)(=O)=O)n1,CHEMBL5844317,False,6.48,,1
MILJJZIZPZIWLT-UHFFFAOYSA-N,Cn1cc(-c2ccnc(Nc3cccc(OCCCCn4cnc([N+](=O)[O-])c4)c3)n2)c2ccccc21,CHEMBL5441026,False,5.72,,1
IHWOEGMUGLEFAS-UHFFFAOYSA-N,O=C1N=c2ccc(I)cc2=C1Cc1cc(Br)c(O)c(Br)c1,CHEMBL1880739,True,8.59,,1
SXEYAAMYAQFZGM-UHFFFAOYSA-N,C=CC(=O)Nc1cc(Nc2ncc(F)c(Nc3ccccc3P(C)(C)=O)n2)c(OC)cc1N(C)CCN(C)C,CHEMBL4558227,True,6.97,,1
BPGJJKMCXBBEBI-UHFFFAOYSA-N,C=CC(=O)Nc1cc(Nc2ncc(I)c(Nc3ccccc3P(C)(C)=O)n2)c(OC)cc1N(C)CCN(C)C,CHEMBL4581316,True,7.27,,1
VNEUERRAUAGHGO-UHFFFAOYSA-N,CCC(=O)NNC(=O)c1csc2ncc(-c3ccc(C)cc3)n12,CHEMBL5176561,False,6.35,,1
ZMTRLEKKTLEDTH-MQNAVGNWSA-N,COc1ccccc1-c1cc(C(=O)Nc2nc3ccccc3n2[C@@H]2CC[C@H](O)[C@H](O)C2)ccn1,CHEMBL5772876,False,7.5600000000000005,0.8485281374238568,2
JVXJXEQODBSJPK-PSWAGMNNSA-N,Cn1cc(-c2cc(C(=O)Nc3nc4cc(CN5CCOCC5)ccc4n3[C@H]3CC[C@@H](O)CC3)cc(C#N)n2)cn1,CHEMBL5749996,False,7.585,1.675843071412117,2
GCKTWBJEXJWFHY-UHFFFAOYSA-N,COc1ccc(N(C)c2nc(C)nc3c(Cc4ccccc4)cn(C)c23)cc1,CHEMBL4116552,False,8.64,,1
YMIHTKVOPSNFJN-UHFFFAOYSA-N,C=CC(=O)N1CCC(Oc2cc3c(Nc4cccc5cnn(C)c45)ncnc3cc2OC)C1,CHEMBL5915453,True,5.41,0.5248174285723878,3
NYBCBVIHRAIDGA-NNZMDNLPSA-N,Cn1cc(-c2cc(C(=O)Nc3nc4ccccc4n3[C@H]3C[C@H](O)C[C@H](O)C3)ccn2)cn1,CHEMBL5770970,False,7.395,1.590990257669732,2
ZTQLMGBKQNFQRU-UHFFFAOYSA-N,C=CC(=O)N1CCC(Oc2cc3c(Nc4ccc(Cl)c(Cl)c4)ncnc3cc2OC)CC1,CHEMBL3896969,True,8.0,0.32950973683135143,6
AURZPIANIDXZEM-UHFFFAOYSA-N,C=CC(=O)N1CCC(Oc2cc3c(Nc4cccc(-c5cnco5)c4)ncnc3cc2OC)CC1,CHEMBL6008669,True,6.26,0.8070790956694804,6
QTNYJAYRFJQSTE-FNORWQNLSA-N,CCN(CC)C/C=C/C(=O)N1CCCOc2cc3ncnc(Nc4ccc(F)c(Cl)c4)c3cc21,CHEMBL4527630,True,6.0,,1
YNQNWDKJHQAQNE-UHFFFAOYSA-N,Cc1ccc2cccc(Oc3ccc(Nc4ncnc5ccc(NC(=O)C6CCCC6)cc45)cc3C)c2n1,CHEMBL6150301,False,5.7,,1
IDQNCHCNBVCUHC-UHFFFAOYSA-N,COc1cc(OC2CCN(C)CC2(F)F)c2c(Nc3ccc(Oc4ccn5ncnc5c4)c(C)c3)ncnc2c1,CHEMBL6006814,False,5.29,,1
GXDALQBWZGODGZ-UHFFFAOYSA-N,COc1ccc(CCN2CCC(Nc3nc4ccccc4n3Cc3ccc(F)cc3)CC2)cc1,CHEMBL296419,False,5.22,,1
PJYYQTWKVBLVSS-JOCHJYFZSA-N,CC(C)N1CCC(c2ccc(Nc3nc(N4CCC[C@@H](NC(=O)N(C)C)C4)cnc3C(N)=O)cc2)CC1,CHEMBL5800035,False,5.26,,1
WWFQRNJUOGZJQS-HSZRJFAPSA-N,CN(C)C(=O)N[C@@H]1CCCN(c2cnc(C(N)=O)c(Nc3ccc(C4CCN(C5CCCC5)CC4)cc3)n2)C1,CHEMBL5943220,False,5.26,,1
SCQLYOZUYSYZHC-CXLRFSCWSA-N,C/C=C/C(=O)N1CCC[C@@H](n2nc(C(=O)Nc3nc4cc(Cl)ccc4o3)c3c(N)ncnc32)C1,CHEMBL6062319,True,6.62,,1
SZYMZZMXAVELOS-LAQIPUCWSA-N,Nc1ncnc2c1c(C(=O)Nc1nc3cc(Cl)ccc3o1)nn2[C@@H]1CCN(C(=O)/C=C/CN2CCCCC2)C1,CHEMBL5899620,True,7.15,,1
LLUKGAWEUSVECT-HHHXNRCGSA-N,NC(=O)c1ncc(N2CCC[C@@H](NC(=O)c3ccccc3)C2)nc1Nc1ccc(C2CCN(C3CCCC3)CC2)cc1,CHEMBL5876937,False,6.26,,1
KVMBBUXCOHWOBJ-WTQRLHSKSA-N,N#Cc1cnc2cc(OC[C@H](O)CO)c(NC(=O)CC3CCSS3)cc2c1Nc1ccc(OCc2cccc(F)c2)c(Cl)c1,CHEMBL5992872,False,6.779999999999999,0.7353910524340098,2
KVMBBUXCOHWOBJ-XZOQPEGZSA-N,N#Cc1cnc2cc(OC[C@@H](O)CO)c(NC(=O)C[C@H]3CCSS3)cc2c1Nc1ccc(OCc2cccc(F)c2)c(Cl)c1,CHEMBL5849328,False,6.779999999999999,0.7353910524340098,2
HFPZHQLESGVWLH-UHFFFAOYSA-N,O=S(=O)(Nc1ccc(Nc2ncnc3[nH]ccc23)cc1)c1ccccc1,CHEMBL5633661,False,4.81,,1
HXUMFEVSZUTRGW-UHFFFAOYSA-N,C=CC(=O)Nc1cc(Nc2nccc(-c3ncc4c(C)cccn34)n2)c(OC)cc1N(C)CCN(C)C,CHEMBL5630267,True,8.23,,1
QPMMQSSAKXPPSO-UHFFFAOYSA-N,C=CC(=O)Nc1cc(Nc2nccc(-c3ncn4c(C)cccc34)n2)c(OC)cc1N(C)CCN(C)C,CHEMBL5630498,True,6.02,,1
LZZNLUAFEBWFSS-UHFFFAOYSA-N,O=C(Nc1cncnc1Oc1cccc(C(F)(F)F)c1)c1ccc(F)cc1,CHEMBL4878790,False,5.53,,1
UXDKWMOSJYFNNQ-UHFFFAOYSA-N,COc1ccc(-c2c3c4cc(OC)c(OC)cc4[nH]c(=O)c3n3ccc4cc(O)c(OC)cc4c23)cc1O,CHEMBL4792673,False,6.59,,1
IYXJXFBKVKQMBJ-ROVVAWJSSA-N,NC(=O)c1c(-c2ccc(Oc3ccc(Cl)cc3)cc2)nn([C@@H]2CCCN(C(=O)/C=C/CO)C2)c1N,CHEMBL4437721,True,5.66,,1
TXVGFVZTROUDRA-UHFFFAOYSA-N,O=C(Nc1cc(N2CCOCC2)ncn1)c1ccc(F)cc1,CHEMBL1379917,False,6.88,,1
GSFNVLNOUTVLFC-UHFFFAOYSA-N,COc1cc2c(Nc3ccc(Cl)cc3F)ncnc2cc1OCCN1CCN(C)CC1,CHEMBL283088,False,6.7,,1
RHBWAFDCVFMIFK-PZFYLCKJSA-N,CO[C@H]1[C@@H](N(C)C(=O)c2ccc(Cl)cc2)C[C@@H]2O[C@@]1(C)n1c3ccccc3c3c4c(c5c6ccccc6n2c5c31)C(=O)NC4,CHEMBL131715,False,5.16,,1
PTUBVGVSLKBGFB-UHFFFAOYSA-N,C=CC(=O)Nc1cccc(-n2c(=O)c(CC)nc3cnc(Nc4ccc(OCCOC)cc4)nc32)c1,CHEMBL5077665,True,6.55,,1
IRALRETVHOBPON-UHFFFAOYSA-N,C=CC(=O)Nc1cccc(-n2c(=O)c(C3CCCCC3)nc3cnc(Nc4cccc(OCC(C)=O)c4)nc32)c1,CHEMBL5080260,True,7.47,,1
LRBIUVIHDLIKSO-UHFFFAOYSA-N,O=C(Nc1ccccc1)c1cc2ccc(O)c(O)c2cn1,CHEMBL48650,False,5.11,,1
WJIJTAXDEGINAG-AQDCRGGLSA-N,CN(C)C/C=C/C(=O)N1CC[C@@H](n2nc(C(=O)Nc3nc4cc(-c5ccccc5)ccc4o3)c3c(N)ncnc32)C1,CHEMBL5785458,True,7.71,,1
SYACMYUIHQGCPO-RDFMZFSFSA-N,CN(C)C/C=C/C(=O)N1CC[C@@H](n2nc(C(=O)Nc3nc4cc(C(F)(F)F)ccc4o3)c3c(N)ncnc32)C1,CHEMBL5998298,True,7.77,,1
ANQSRGWBVINOHT-DAFODLJHSA-N,NC(=O)c1c(-c2ccc(Oc3ncc(Cl)cc3F)cc2)nn(C2CCCN(C(=O)/C=C/CF)C2)c1N,CHEMBL5764550,True,6.42,,1
YQUQOLJFVODMTO-UHFFFAOYSA-N,N#CN1CCCC(n2nc(-c3ccc(Oc4ccc(Cl)cc4)cc3)c(C(N)=O)c2N)C1,CHEMBL6031063,False,5.41,,1
LEZWWPYKPKIXLL-UHFFFAOYSA-N,Clc1ccc(COC(Cn2ccnc2)c2ccc(Cl)cc2Cl)cc1,CHEMBL808,False,4.49,,1
IHNURZMDRUOYKZ-NKVSQWTQSA-N,Cn1c(-c2csc(N/N=C\c3ccc(Cl)cc3Cl)n2)nc2ccccc21,CHEMBL4762604,False,6.29,,1
YKPCBCRAIPSEPN-UHFFFAOYSA-N,C=CC(=O)Nc1cccc(-n2c(=O)c(C3CCCCC3)nc3cnc(Nc4cccc(OCC(N)=O)c4)nc32)c1,CHEMBL5081433,True,7.08,,1
UWXPWGQSXVNVTA-UHFFFAOYSA-N,NP(=O)(OCCCOc1ccc2ncnc(Nc3ccc(OCc4cccc(F)c4)c(Cl)c3)c2c1)N(CCCl)CCCl,CHEMBL4097216,False,7.12,,1
HQEKPBMLTLWKBA-UHFFFAOYSA-N,C=CS(=O)(=O)Nc1cccc(Nc2ncnc3cc(OCCOC)c(OCCOC)cc23)c1,CHEMBL5632295,False,6.57,,1
VKRGQCXTMSMEDA-UHFFFAOYSA-N,COCCOc1cc2ncnc(Nc3ccc(C)c(C=O)c3)c2cc1OCCOC,CHEMBL5631782,False,6.91,,1
YQUQOLJFVODMTO-MRXNPFEDSA-N,N#CN1CCC[C@@H](n2nc(-c3ccc(Oc4ccc(Cl)cc4)cc3)c(C(N)=O)c2N)C1,CHEMBL4456283,False,5.41,,1
HOUMQZGBNXSVNG-UHFFFAOYSA-N,C=CC(=O)N1CCCC(n2nc(-c3ccc(Oc4ccc(Cl)cc4)cc3)c(C(N)=O)c2N)C1,CHEMBL5781756,True,8.1,,1
OKYSKNYGOHCCIR-UHFFFAOYSA-N,N#CC(=Cc1cc(O)ccc1O)C(=O)O,CHEMBL76642,False,4.12,,1
GRYNKDXTDXAKEL-UHFFFAOYSA-N,Cn1cc(-c2ccnc(Nc3ccc(OCCOCCn4ccnc4[N+](=O)[O-])cc3)n2)c2ccccc21,CHEMBL5421809,False,5.03,,1
KAUYVUREAPHUSF-UHFFFAOYSA-N,Nc1ncnc2c1c(-c1ccc(O)cc1)cn2C1CCC1,CHEMBL166765,False,6.22,,1
UTVGMDHMDAFOBZ-UHFFFAOYSA-N,CCOc1cc2ncc(C#N)c(Nc3ccc(OCc4cccc(F)c4)c(Cl)c3)c2cc1NC(=O)C1CSSC1,CHEMBL4456266,False,6.779999999999999,0.7353910524340092,2
QCVAULIYZATFDX-UHFFFAOYSA-N,CCOc1cc2ncc(C#N)c(Nc3ccc(OCc4cccc(F)c4)c(Cl)c3)c2cc1NC(=O)CC1CCSS1,CHEMBL4457447,False,6.779999999999999,0.7353910524340098,2
VMFMUJZRXZXYAH-UHFFFAOYSA-N,C=CC(=O)Nc1cc(Nc2ncc(Cl)c(Nc3ccccc3C(=O)C(=O)N(C)C)n2)c(OC)cc1N1CCN(C)CC1,CHEMBL5910757,True,6.29,,1
TUGBVZCJQUNZOM-UHFFFAOYSA-N,c1ccc(NCCN(c2cc3ncnc(Nc4ccc5[nH]ccc5c4)c3s2)n2cccc2)cc1,CHEMBL79215,False,9.0,,1
PZWSKESWDIFAFK-MUKMJDFVSA-N,C=CC(=O)N1CCC([C@@H]2CCNC3C(C(N)=O)C(c4ccc(Oc5ccccc5)cc4)=NN32)CC1,CHEMBL5193128,True,7.68,,1
RJNAOACZXFPIEL-MSOLQXFVSA-N,Cn1cc(-c2cc(C(=O)Nc3nc4ccccc4n3[C@@H]3CCC[C@H](O)C3)ccn2)cn1,CHEMBL5894059,False,7.175000000000001,1.7324116139070418,2
NYHCGCDSBXKURV-SBPBPJATSA-N,O=C(/C=C/CN1CCC1CO)Nc1cc2c(Nc3ccc(F)c(Cl)c3)ncnc2cc1O[C@H]1CCOC1,CHEMBL6020835,True,8.41,,1
KOKYNLBDBNLOPA-UHFFFAOYSA-N,OCc1ccc(C#Cc2cncnc2Nc2ccc(OCc3cccc(F)c3)c(Cl)c2)o1,CHEMBL204467,False,7.48,,1
XCIKLSSUHGYTCI-UHFFFAOYSA-N,Fc1cccc(COc2ccc(Nc3ncncc3C#Cc3ccccn3)cc2Cl)c1,CHEMBL205045,False,7.77,,1
SMSOSQRBSNFBDH-UHFFFAOYSA-N,COC(=O)CCCC(=O)Nc1cccc(C#Cc2cncnc2Nc2ccc(OCc3cccc(F)c3)c(Cl)c2)c1,CHEMBL206782,False,7.51,,1
WGQDOBCUOUOGBM-UHFFFAOYSA-N,C=CC(=O)Nc1cccc(Nc2nc3c(c(Nc4cnn(C)c4)n2)C(=O)NC3)c1,CHEMBL5937225,True,5.19,,1
RPJSHDHOWUBWNN-CALCHBBNSA-N,O=C(Nc1nc2ccccc2n1[C@H]1CC[C@@H](O)CC1)c1ccnc(-c2cccnc2F)c1,CHEMBL5870210,False,6.859999999999999,1.1879393923933999,2
ABTHBGGHEGAVLT-UHFFFAOYSA-N,Cn1cc(-c2cc(C(=O)Nc3nc4cc(CC#N)ccc4n3CC(C)(C)O)ccn2)cn1,CHEMBL5864012,False,6.995,1.6617009357883865,2
NRPVPHHUWGNPLP-BJKOFHAPSA-N,COc1ccccc1-c1cc(C(=O)Nc2nc3cc(CN4CCOCC4)ccc3n2[C@H]2CCC[C@@H](O)C2)ccn1,CHEMBL5998521,False,7.795,0.9687362902255698,2
SXKQCOANBPFCHG-UHFFFAOYSA-N,C=CC(=O)N1CCC(C2CCNc3c(C(N)=O)c(-c4cc(Cl)c(Br)c(Cl)c4)nn32)CC1,CHEMBL5283553,True,6.22,,1
SRXKFAPDNBKKAP-UHFFFAOYSA-N,C=CC(=O)N1CCC(C2CCNc3c(C(N)=O)c(-c4cc(OC)c(Br)c(OC)c4)nn32)CC1,CHEMBL5286702,True,5.7,,1
BCPNJXKITYKKCV-UHFFFAOYSA-N,C=CC(=O)N1CCC(C2CCNc3c(C(N)=O)c(-c4cc(OC)c(Cl)c(OC)c4)nn32)CC1,CHEMBL5289250,True,5.75,,1
HJAUUHMYFPHMCT-QHCPKHFHSA-N,CC#CC(=O)N1CCC([C@@H]2CCNc3c(C(N)=O)c(-c4ccc(Oc5ccccc5)cc4)nn32)CC1,CHEMBL3932338,False,5.58,,1
OHEXVCGIWQTXCY-CYBMUJFWSA-N,C[C@@H](Nc1ncnc2[nH]c(-c3ccc(S(N)(=O)=O)cc3)cc12)c1ccccc1,CHEMBL4751641,False,9.15,,1
VFAKGHOLLNEFMN-QGZVFWFLSA-N,COc1cnccc1-c1cc2c(N[C@H](CO)c3ccccc3)ncnc2[nH]1,CHEMBL4749862,False,9.22,,1
FNUNYGJGIQGHMS-JOCHJYFZSA-N,COc1cc(CNCCS(C)(=O)=O)ccc1-c1cc2c(N[C@H](CO)c3ccccc3)ncnc2[nH]1,CHEMBL4784777,False,9.4,,1
GQQCYRVXQYWWSS-HXUWFJFHSA-N,COC[C@@H](Nc1ncnc2[nH]c(-c3ccc(CO)cc3OC)cc12)c1ccccc1,CHEMBL4792577,False,9.3,,1
DIHLBDNDIMPVOG-HDICACEKSA-N,O=C(Nc1nc2ccccc2n1[C@H]1CC[C@@H](O)CC1)c1ccnc(-c2ccccc2OC(F)F)c1,CHEMBL5758176,False,7.470000000000001,0.7212489168102785,2
JEVFWSOCCOXKIF-KDURUIRLSA-N,COc1ccncc1-c1cc(C(=O)Nc2nc3ccccc3n2[C@H]2CC[C@@H](O)CC2)cc(C#N)n1,CHEMBL5956362,False,7.17,1.654629867976521,2
IRLOMICYHIARJL-UHFFFAOYSA-N,Cc1cccc(-n2ncc3c(NCc4ccc5c(c4)OCO5)ncnc32)c1,CHEMBL206483,False,4.82,,1
VAHPHFUKSVSWLN-RDFMZFSFSA-N,CN(C)C/C=C/C(=O)N1CC[C@@H](n2nc(C(=O)Nc3nc4cc(Cl)ccc4o3)c3c(N)ncnc32)C1,CHEMBL6002110,True,7.37,,1
FJVKODKEQGFLPU-UHFFFAOYSA-N,CCOc1cccc(Oc2ccc(C(O)c3cncc(F)c3Cl)cc2)c1F,CHEMBL5920179,False,6.26,,1
NNMVDGFJIPMXNA-UHFFFAOYSA-N,CN(Cc1ccccc1)c1ncnc2[nH]c(-c3ccc(CO)cc3)nc12,CHEMBL5413223,False,6.96,,1
YNQQKXBDJBCZBR-UHFFFAOYSA-N,COc1ccc(OCCNCc2cccnc2)cc1Nc1ncc(Cl)c(Nc2ccc3ccccc3c2P(C)(C)=O)n1,CHEMBL5777319,False,7.89,,1
MBTQEKOQTVSXTJ-LLVKDONJSA-N,C=CC(=O)N1CC[C@@H](n2nc(C(=O)Nc3nc4cc(F)ccc4o3)c3c(N)ncnc32)C1,CHEMBL5805659,True,7.67,,1
LIOWLWMKSLYHKL-UHFFFAOYSA-N,Cc1nn(C)cc1-c1cc(C(=O)Nc2nc3ccccc3n2C2CCCC2)ccn1,CHEMBL5861020,False,6.98,0.6281984824347583,3
DRKJNFJYPPZWNF-UHFFFAOYSA-N,CC(=O)N1CCC(c2ccc3c(c2)nc(NC(=O)c2ccnc(-c4cccnc4)c2)n3C2CCCC2)CC1,CHEMBL5963945,False,7.58,0.7919595949289339,2
ICVFAOVNIKFBIS-UHFFFAOYSA-N,CCCn1c(NC(=O)c2ccnc(-c3cnn(C)c3)c2)nc2ccccc21,CHEMBL5834325,False,7.074999999999999,0.3323401871576768,2
QAAXIZKWMLUAJJ-UHFFFAOYSA-N,COC(=O)Cc1ccc2c(c1)nc(NC(=O)c1ccnc(-c3cccnc3)c1)n2CC(C)(C)O,CHEMBL5832255,False,6.98,2.186572660580938,3
OMVTXSSFFONIAW-UHFFFAOYSA-N,CC(C)(O)Cn1c(NC(=O)c2ccnc(-c3cccnc3)c2)nc2cc(CCO)ccc21,CHEMBL5787183,False,6.93,,1
RWYATQTVZFBUFU-OYRHEFFESA-N,Cc1ccc2c(c1)nc(NC(=O)c1ccnc(-c3ccccc3)c1)n2[C@H]1CC[C@@H](O)CC1,CHEMBL5954592,False,7.46,,1
ZMTRLEKKTLEDTH-VSDWSMLSSA-N,COc1ccccc1-c1cc(C(=O)Nc2nc3ccccc3n2[C@@H]2CC[C@H](O)[C@@H](O)C2)ccn1,CHEMBL5965573,False,7.609999999999999,0.7071067811865472,2
NJEOVELELZRZAG-UHFFFAOYSA-N,COc1cc(N2CCC(NCCN(C)C)CC2)ccc1Nc1ncc(Cl)c(Nc2ccccc2NS(C)(=O)=O)n1,CHEMBL5846820,False,9.22,,1
LDFKKQRRCNWVQN-UHFFFAOYSA-N,COc1cc(N2CCN(C3CCN(C)CC3)CC2)ccc1Nc1ncc(Cl)c(Nc2ccccc2NS(C)(=O)=O)n1,CHEMBL5975224,False,7.9,1.3096182649917492,4
RBNXRNXSQJWDFU-UHFFFAOYSA-N,Cn1cc(-c2cc(C(=O)Nc3nc4ccccc4n3CC(C)(C)O)ccn2)cn1,CHEMBL4525935,False,6.71,1.0638922251180647,4
LSHKYBXWQOUKBK-UHFFFAOYSA-N,CC(C)(O)Cn1c(NC(=O)c2ccnc(-c3cnn4ccccc34)c2)nc2ccccc21,CHEMBL6015235,False,7.609999999999999,0.7071067811865466,2
NVPGZKGNEXSMEF-UHFFFAOYSA-N,COc1cc(N2CCC3(CC2)CN(C)C3)c(C)cc1Nc1ncc(Cl)c(Nc2ccc3cnn(C)c3c2P(C)(C)=O)n1,CHEMBL6011218,False,8.24,,1
YMFKLMVUBGVUPG-UHFFFAOYSA-N,C=CC(=O)N1CCCC(n2nc(-c3ccc(Oc4ncc(Cl)cc4F)cc3)c(C(N)=O)c2N)C1,CHEMBL6062851,True,8.54,,1
OUKIICLWCIXIIL-UHFFFAOYSA-N,C=CC(=O)N1CCCC(n2nc(-c3ccc(Oc4ccc(Cl)cn4)cc3)c(C(N)=O)c2N)C1,CHEMBL5984480,True,7.53,,1
IQMVMHITWPJRIL-UHFFFAOYSA-N,COC(=O)CN1CCC(n2cc(-c3cccc(OC)c3)c3c(N)ncnc32)CC1,CHEMBL169065,False,5.83,,1
KXUBSQUYDKKQTR-UHFFFAOYSA-N,C=CC(=O)N1CCN(c2ncc3ncnc(Nc4ccc(Oc5ccn6ncnc6c5)c(C)c4)c3n2)CC1,CHEMBL6133515,True,5.66,,1
GDXKSJLZRKBLKA-UHFFFAOYSA-N,C=CC(=O)NC1CN(c2nc(Nc3ccc(N4CCOCC4)cc3)c3c(c2F)CNC3=O)CC1F,CHEMBL5958444,True,5.93,,1
CBPWMIKXGMEPQD-UHFFFAOYSA-N,C=CC(=O)Nc1cccc(Nc2nc3c(c(Nc4cnn(CCOC)c4)n2)C(=O)NC3)c1,CHEMBL6017936,True,5.57,,1
QOZYZBRNUYGQNF-UHFFFAOYSA-N,Nc1ncnc2c1ncn2-c1ccccc1,CHEMBL62756,False,4.82,,1
OEMKNTRZINNBSM-UHFFFAOYSA-N,C=CC(=O)Nc1cccc(-c2c(-c3ccccc3)oc3ncnc(NC)c23)c1,CHEMBL5432017,True,6.62,,1
NMHYHKXVWLIPKH-UHFFFAOYSA-N,C=CC(=O)Nc1cccc(-c2c(-c3ccccc3)oc3ncnc(NC4CC4)c23)c1,CHEMBL5394139,True,7.41,,1
COULJTAEODXAIT-UHFFFAOYSA-N,C=CC(=O)Nc1cccc(-c2c(-c3ccccc3)oc3ncnc(NC4CCC4)c23)c1,CHEMBL5423938,True,6.21,,1
UIFQNGDKAKLZMC-UHFFFAOYSA-N,C=CC(=O)Nc1cc(-c2c(-c3ccccc3)oc3ncnc(NC4CCCC4)c23)ccc1OC1CCN(C)CC1,CHEMBL5435372,True,6.47,,1
BPVRJVWBRXKZBB-UHFFFAOYSA-N,COC(=O)CCc1nc2ccc(Br)cc2[nH]c1=O,CHEMBL5208825,False,6.02,,1
JKNFLEXBZJAWNH-UHFFFAOYSA-N,C=CC(=O)N1CC(Nc2nc(Nc3ccc(N4CCN(C5COC5)CC4C)cc3)c3c(c2F)CNC3=O)CCC1C,CHEMBL5764610,True,5.5,,1
LPJIZDSOUGHTNB-CQSZACIVSA-N,C[C@@H](Nc1ncnc2ccc(-c3cnc(Cl)c(NS(C)(=O)=O)c3)cc12)c1ccccc1,CHEMBL6043318,False,7.96,,1
JHALKKQEOZXQLC-UHFFFAOYSA-N,CCOc1cc2ncc(C#N)c(Nc3ccc(OCc4cccc(F)c4)c(Cl)c3)c2cc1NC(=O)CCCCC1CCSS1,CHEMBL4547475,False,7.3,,1
JNJBOJPGRIKBHB-UHFFFAOYSA-N,C=CC(=O)N1CCC(Oc2cc3c(Nc4cccc5cnn(C)c45)ncnc3cc2OC)CC1,CHEMBL5840233,True,4.8,0.5644761583391577,3
FMSWKKXFYMHGSZ-UHFFFAOYSA-N,C=CC(=O)N1CC(Nc2nc(Nc3ccc(OCCOC)cc3)c3c(c2F)CNC3=O)C1,CHEMBL5784215,True,5.72,,1
PMUOPDUCKDBXJL-UHFFFAOYSA-N,C=CC(=O)N1CC(Nc2nc(Nc3ccc(N4CCOCC4C)c(F)c3)c3c(c2F)CNC3=O)CCC1C,CHEMBL5778388,True,5.29,,1
RRLVWYDNIVCNDY-UHFFFAOYSA-N,C=CC(=O)N1Cc2nc(-c3cc(Oc4cc(Cl)ccn4)c(F)cc3F)n(-c3ccncn3)c2C1,CHEMBL6172443,True,6.5,,1
DBXICEUNVAWDED-UHFFFAOYSA-N,C=CC(=O)N1CCC(Oc2cc3c(Nc4cccc5cnn(C)c45)ncnc3cn2)CC1,CHEMBL5863176,True,4.609999999999999,0.09899494936611612,2
YGSAZOCXJDIJLN-UHFFFAOYSA-N,O=C(c1cc2ccccc2[nH]1)c1cc2c(Nc3cccc(Cl)c3)ncnc2s1,CHEMBL1928309,False,7.78,,1
DARQQPVKBKZIBJ-UHFFFAOYSA-N,C=CC(=O)Nc1cccc(Nc2nc3c(c(Nc4ccc(OCCOC)cc4)n2)C(=O)NC3)c1,CHEMBL5976557,True,5.33,,1
FEDXNZYLVHXHJJ-UHFFFAOYSA-N,Cc1oc2ncnc(Nc3cccc(Cl)c3)c2c1C(=O)O,CHEMBL4290375,False,6.04,,1
PHANONSBZLOGQM-UHFFFAOYSA-N,C=CC(=O)N1CC(Nc2cncc(-c3cnc(Nc4ccc(F)c(Cl)c4)nc3)n2)C1,CHEMBL5975268,True,7.43,,1
FMFYSVFDXLEMDW-UHFFFAOYSA-N,C=CC(=O)Nc1cccc(Nc2nc3c(c(Nc4cnn(C5CCOCC5)c4)n2)C(=O)NC3)c1,CHEMBL5900120,True,5.16,,1
ZVAUQFPCSPQPRD-UHFFFAOYSA-N,C=CC(=O)Nc1cccc(Nc2nc3c(c(Nc4ccc(N5CCOCC5)cc4)n2)C(=O)NC3)c1,CHEMBL5756516,True,5.37,,1
OEQIQXGSMMGWQH-UHFFFAOYSA-N,ON=C(O)CCCOc1cc2ncnc(Nc3cccc(C(F)(F)F)c3)c2c2c1OCCO2,CHEMBL6193560,False,7.34,,1
UULQZGZMEOIOFK-UHFFFAOYSA-N,C=CC(=O)N1CCC(Oc2cc3c(Nc4ccc(Cl)cc4Cl)ncnc3cn2)CC1,CHEMBL5846553,True,5.16,0.7915806970865317,4
NRDSSAWSCIPETB-SZPZYZBQSA-N,Cn1cc(-c2cc(C(=O)Nc3nc4cc(CN5CCOCC5)ccc4n3[C@H]3CC[C@@H](O)CC3)cc(F)n2)cn1,CHEMBL6027769,False,7.875,1.732411613907041,2
AAXFDDOSGVAGJZ-UHFFFAOYSA-N,C=CC(=O)N1CCC2CN(c3nc(Nc4cnn(C)c4)c4c(c3F)CNC4=O)CC21,CHEMBL5761246,True,5.83,,1
KETAVEZWZJDUFR-UHFFFAOYSA-N,C=CC(=O)N(C)C1CCN(c2nc(Nc3cnn(C)c3)c3c(c2F)CNC3=O)C1,CHEMBL5755043,True,5.98,,1
XZDYNRBAYXOTPM-UHFFFAOYSA-N,C=CC(=O)N1CCC(Nc2cncc(-c3cnc(Oc4cccc(OC(F)F)c4)nc3)n2)CC1,CHEMBL5837535,True,6.04,,1
PSIBRANOSXUZQT-UHFFFAOYSA-N,C=CC(=O)N1CC(Nc2cncc(-c3cnc(Oc4cccc(OC)c4)nc3)n2)C1,CHEMBL5972631,True,5.55,,1
DLXKCONAVDJVEC-UHFFFAOYSA-N,CCC(C)n1c(NC(=O)c2ccnc(-c3cnn(C)c3)c2)nc2ccccc21,CHEMBL5784511,False,6.89,0.9874715185766122,3
LIPSIDLSBZXGTC-GXDHUFHOSA-N,COc1ccc(/C=C/C(=O)Nc2cccc(Oc3cc(Nc4ccc(OCc5cccc(F)c5)c(Cl)c4)ncn3)c2)cc1OC,CHEMBL1928958,True,6.28,,1
QUPHPZFADGYXCT-UHFFFAOYSA-N,CCOc1nc(-c2cccc(NC(=O)c3cccc(O)c3CN3Cc4ccccc4C3=O)c2)c(-c2ccnc(Nc3ccccc3)c2)[nH]1,CHEMBL6102895,False,7.09,,1
BKYDUWBNJIRNBO-UHFFFAOYSA-N,CCC(=O)Nc1ccc(OC)c(Nc2cc(-c3[nH]c(SC)nc3-c3cccc(NC(=O)c4cccc(O)c4CN4Cc5ccccc5C4=O)c3)ccn2)c1,CHEMBL6146123,False,7.54,,1
RWQKSUOPEQLGEH-UHFFFAOYSA-N,COc1cc2nc(C)nc(NNC(=O)c3cc(OC)c(OC)c(OC)c3)c2cc1OC,CHEMBL6191031,False,9.02,,1
LGQLVMJZHRUEQK-UHFFFAOYSA-N,CCOC(=O)C1C(C)=NC(Nc2nc(C)nc3cc(OC)c(OC)cc23)=NC1c1ccccc1,CHEMBL6192033,False,8.94,,1
FPYQTPHESIDNIX-SNAWJCMRSA-N,Cc1cc(Nc2ncnc3ccc4c(c23)OCCN4C(=O)/C=C/CN(C)C)ccc1Oc1ccn2ncnc2c1,CHEMBL6022727,True,6.56,,1
HBRVHZFDUUXRBK-UHFFFAOYSA-N,C#CC(=O)N1CCCC(N(C)c2nc(-c3cnn(C)c3)c3c(c2F)CNC3=O)C1,CHEMBL5962946,False,6.0,,1
YHWBXXDXRARKGF-UHFFFAOYSA-N,O=C(O)CCCC(=O)Nc1cc(Nc2cccc(Br)c2)ncn1,CHEMBL4286263,False,7.16,,1
XTTKZZZHMAQHQG-UHFFFAOYSA-N,C=CC(=O)N1CCCCC(Nc2nc(Nc3ccc(OCCOC)cc3)c3c(c2F)CNC3=O)C1,CHEMBL5822835,True,5.64,,1
KZZLHIQRHCJDBY-UHFFFAOYSA-N,COc1cc(N2CCC(N3CCN(C(=O)OC(C)(C)C)CC3)CC2)ccc1Nc1ncc(Cl)c(Nc2ccccc2NS(C)(=O)=O)n1,CHEMBL6046040,False,6.52,,1
SCMOENFDSIRADA-UHFFFAOYSA-N,C=CC(=O)N1CCCC(Nc2nc(Nc3ccc(N4CCN(C)CC4)cn3)c3c(c2F)CNC3=O)C1,CHEMBL5801676,True,5.41,,1
XHPSSVBVQIPLRK-UHFFFAOYSA-N,C=CC(=O)N1CC(Nc2nc(Nc3cccc(N4CCOCC4)c3)c3c(c2F)CNC3=O)CCC1C,CHEMBL5946793,True,5.41,,1
SMOZKXAPCDJQAN-FZMZJTMJSA-N,C=CC(=O)N1CCC[C@H](Nc2nc(-c3cnn(C)c3)c3c(c2F)CNC3=O)[C@@H]1C,CHEMBL5739782,True,5.17,,1
YSTIYYBNZLZTRL-VMPITWQZSA-N,CC(Oc1ccc(Nc2ncnc3ccc4c(c23)OCCN4C(=O)/C=C/CN(C)C)cc1)c1cccc(F)c1,CHEMBL5751436,True,6.56,,1
JWSPAXKLFBECIB-ZZXKWVIFSA-N,CN(C/C=C/C(=O)N1CCOc2c1ccc1ncnc(Nc3ccc(Oc4ccn5ncnc5c4)c(Cl)c3)c21)C1CCC1,CHEMBL5984886,True,6.56,,1
GPKVLATXQYKKRW-OYRHEFFESA-N,Cc1cccc(-c2cc(C(=O)Nc3nc4ccccc4n3[C@H]3CC[C@@H](O)CC3)ccn2)c1,CHEMBL5996878,False,7.654999999999999,1.3647160876900362,2
XUKXPFDPYPAWOT-IAGOWNOFSA-N,Cn1cc(-c2cc(C(=O)Nc3nc4ccccc4n3[C@H]3COC[C@H](O)C3)ccn2)cn1,CHEMBL5912587,False,7.095000000000001,1.7041273426595804,2
YESNFWRNMLAXJB-UHFFFAOYSA-N,N#CC(=Cc1ccc(O)c(O)c1)C(=O)NCC1CCCC(CNC(=O)C(C#N)=Cc2ccc(O)c(O)c2)C1,CHEMBL357161,True,5.75,,1
YGWRYBIHTVQJHO-UHFFFAOYSA-N,C=CC(=O)Nc1cccc(Nc2nc3c(c(Nc4cnn(C5CC5)c4)n2)C(=O)NC3)c1,CHEMBL5835212,True,5.51,,1
LGOMBBAFPRPJKB-UHFFFAOYSA-N,C=CC(=O)N1CCCC(N(C)c2nc3c(c(Nc4cnn(C)c4)n2)C(=O)NC3)C1,CHEMBL5808074,True,5.79,,1
ZDNMTYMNWKRHQA-UHFFFAOYSA-N,Nc1ncnc2[nH]nc(Nc3cccc(Cl)c3)c12,CHEMBL121190,False,6.8,,1
QROZNTBKLCEHDK-UHFFFAOYSA-N,COC(=O)c1c(OCCCN(C)C)c2ccccc2c2oc3c(c12)C(=O)c1ccccc1C3=O,CHEMBL383030,False,4.87,,1
JWXHBFDMXKXVLZ-UHFFFAOYSA-N,COc1cc(N2CCN(C)CC2)ccc1Nc1ncc(C(=O)Oc2ccccc2)c(-c2cn(C)c3ccccc23)n1,CHEMBL5284924,False,10.29,0.014142135623732533,2
JQSKKDIBQSNQHY-HXUWFJFHSA-N,CC(C)Oc1cc(Nc2ccnc(-c3cnn(S(=O)(=O)C4CC4)c3)n2)ncc1-c1cnn([C@@H]2CCN(C)C2)c1,CHEMBL6169318,False,8.01,,1
FSHGFKIFDIGOSA-UHFFFAOYSA-N,C=CC(=O)N1CCC(Nc2cncc(-c3cnc(Nc4cccc(Cl)c4)nc3)c2)CC1,CHEMBL5880574,True,6.28,,1
JNHPDWDVTMVYTI-INIZCTEOSA-N,C=CC(=O)N1CC[C@H](Nc2cncc(-c3cnc(Nc4cccc(OC(F)(F)F)c4)nc3)n2)C1,CHEMBL5894318,True,4.65,,1
VDXWCMJZUWYLLP-UHFFFAOYSA-N,C=CC(=O)N1CC(Nc2cncc(-c3cnc(Nc4cccc(OC(F)(F)F)c4)nc3)n2)C1,CHEMBL5893059,True,6.51,,1
YJPDSCHNEKNQAA-UHFFFAOYSA-N,Cc1cccc(Nc2ncnc3ccc(NC(=O)N(C)CCCl)cc23)c1,CHEMBL208849,False,5.77,,1
MMOYRTXNKSHSMZ-UQBWLURTSA-N,[2H]c1nccc(-n2c(-c3cc(Oc4nc(F)ccc4F)ccc3F)nc3c2CN(C(=O)C=C)C3)n1,CHEMBL6170829,True,6.7,,1
PFMSFEQGLHGUNF-UHFFFAOYSA-N,COc1cc2ncnc(Nc3cccc(Cl)c3F)c2cc1CN(C)C(CO)C(N)=O,CHEMBL208286,False,7.7,,1
KVCGGLLCKZTAGE-RBUKOAKNSA-N,COc1ccccc1-c1cc(C(=O)Nc2nc3ccccc3n2[C@H]2CCC[C@@H](O)C2)ccn1,CHEMBL5756022,False,8.305,1.1950104602052651,2
YNECADZSNDKLQG-UHFFFAOYSA-N,C=CC(=O)Nc1cccc(Nc2nc(Nc3ccc(N4CCN(C(C)=O)CC4)cc3OC)ncc2Cl)c1,CHEMBL3699586,True,7.06,,1
ZLKQIOPKHPXAFO-UHFFFAOYSA-N,COc1cc(-c2ccc3ncnc(NC(C)c4ccccc4)c3c2)cnc1OC,CHEMBL6060963,False,7.96,,1
WCUUFHJKEGGOFK-UHFFFAOYSA-N,CS(=O)(=O)Nc1cncc(-c2ccc3ncnc(NCc4ccccc4)c3c2)c1,CHEMBL5870984,False,6.96,,1
ZQIZIQCVVBLCLT-UHFFFAOYSA-N,Cc1cc(C(=O)Nc2nc3ccccc3n2C2CCCS(=O)(=O)C2)cc(-c2cnn(C)c2)n1,CHEMBL5740342,False,7.48,,1
FJFLDIDNFBUPIV-PLQXJYEYSA-N,CC(=O)N1CCC(c2ccc3c(c2)nc(NC(=O)c2ccnc(-c4cnn(C)c4)c2)n3[C@H]2CC[C@@H](O)CC2)CC1,CHEMBL5755058,False,9.4,1.2546048514705073,3
IXOXJULSHXHZMY-GQCTYLIASA-N,CN(C)C/C=C/C(=O)N1CCOc2c1ccc1ncnc(Nc3ccc(Oc4cccnc4)cc3)c21,CHEMBL5898434,True,5.56,,1
LEVDKHIBYIKALJ-INIZCTEOSA-N,C=CC(=O)N1CC[C@H](Nc2cncc(-c3cnc(Nc4cccc(OC(F)F)c4)nc3)n2)C1,CHEMBL5814182,True,5.84,,1
VAOSZZBCLYZQTC-IBGZPJMESA-N,C=CC(=O)N1CC[C@H](Nc2cncc(-c3cnc(Nc4cccc(Cl)c4)nc3)c2)C1,CHEMBL5837411,True,5.86,,1
DQNFUZAEGXQVTR-SFHVURJKSA-N,C=CC(=O)N1CC[C@H](Nc2cncc(-c3cnc(Nc4cccc(OC(F)F)c4)nc3)c2)C1,CHEMBL5853424,True,5.06,,1
ACBZKZLKNFTGLR-UHFFFAOYSA-N,C=CC(=O)N1CCC(Nc2cncc(-c3cnc(Nc4ccccn4)nc3)c2)CC1,CHEMBL5993343,True,5.47,,1
JWJLAGXOPRXLFE-UHFFFAOYSA-N,COc1cc(N2CCC(N(C)C)CC2)ccc1Nc1ncc(Cl)c(Nc2ccccc2NS(N)(=O)=O)n1,CHEMBL5917624,False,9.52,,1
RQRVKICMUGOFNF-CYBMUJFWSA-N,C=CC(=O)N1CCC[C@@H](N(C)c2nc(-c3cnn(C)c3)c3c(c2F)CNC3=O)C1,CHEMBL5822544,True,5.21,,1
RVJQOFCBWHRKTA-UHFFFAOYSA-N,C#Cc1cc(Nc2ncnc3cc(OCCOC)c(OCCOC)cc23)ccc1C=O,CHEMBL6149601,False,7.32,,1
NKPCMNDXYJEXQJ-UHFFFAOYSA-N,C=CC(=O)N1CCC(Oc2cc3c(Nc4ccc(OC(F)(F)F)c(Cl)c4)c(C#N)cnc3cc2OC)CC1,CHEMBL5773834,True,7.02,0.13503086067019407,3
ZAEOWMHRXVNUHG-UHFFFAOYSA-N,C=CC(=O)N1Cc2nc(-c3ccc(F)c(Oc4cccc(F)n4)c3)n(-c3ccncc3)c2C1,CHEMBL6166002,True,6.6,,1
HJYOEUOFKSMGGW-UHFFFAOYSA-N,C=CC(=O)N1Cc2nc(-c3ccc(F)c(Oc4cccc(F)n4)c3)n(-c3ccncn3)c2C1,CHEMBL6161374,True,6.3,,1
XJXIKJBYNWXJQP-UHFFFAOYSA-N,C=CC(=O)N1Cc2nc(-c3cc(F)c(F)c(Oc4cccc(F)n4)c3)n(-c3ccncn3)c2C1,CHEMBL6172692,True,6.2,,1
NEDSLDQORYULFI-UHFFFAOYSA-N,C=CC(=O)N1Cc2nc(-c3cccc(Oc4ccc(Cl)cn4)c3)n(-c3ccncn3)c2C1,CHEMBL6167445,True,6.7,,1
XBHWMWVUZMCDFX-UHFFFAOYSA-N,C=CC(=O)N1Cc2nc(-c3cc(Oc4cc(Cl)c(F)cn4)c(F)cc3F)n(-c3ccncn3)c2C1,CHEMBL6170042,True,6.2,,1
DRXIRBQDBFODMM-UHFFFAOYSA-N,COc1ccc(OCCN2CCNC(=O)C2)cc1Nc1ncc(Cl)c(Nc2ccc3ccccc3c2P(C)(C)=O)n1,CHEMBL5779580,False,6.73,,1
UIKKXSCDOUHLKV-LDADJPATSA-N,CCOc1ccc(/C=C2/C(=O)N(c3ccc(Cl)cc3)N=C2C)cc1,CHEMBL6170958,True,9.92,,1
ZXCOGFIILJJHFQ-UHFFFAOYSA-N,C=CC(=O)N1CCC(Nc2cncc(-c3cnc(Oc4cccc(Cl)c4)nc3)c2)CC1,CHEMBL5802555,True,6.33,,1
FGETUARTQMINCJ-SFHVURJKSA-N,C=CC(=O)N1CC[C@H](Nc2cncc(-c3cnc(Nc4cccc(C)n4)nc3)c2)C1,CHEMBL5896779,True,4.79,,1
QEAKGLKCIUKCNZ-UHFFFAOYSA-N,C=CC(=O)N1CC(Nc2cncc(-c3cnc(Nc4cccc(C(F)(F)F)c4)nc3)c2)C1,CHEMBL5807788,True,6.61,,1
AVCICDUXGRYQAB-UHFFFAOYSA-N,C=CC(=O)N1CC(Nc2cncc(-c3cnc(Oc4cccc(C#N)c4)nc3)c2)C1,CHEMBL6004044,True,5.19,,1
IKUUMNBCVJKRAN-UHFFFAOYSA-N,C=CC(=O)N1CC(Nc2cncc(-c3cnc(Oc4cccc(OC(F)F)c4)nc3)c2)C1,CHEMBL5909490,True,6.06,,1
VLHFOKDPBILTQA-UHFFFAOYSA-N,C=CC(=O)N1CCC(Nc2cncc(-c3cnc(Nc4cccc(C)n4)nc3)c2)CC1,CHEMBL5961157,True,5.65,,1
XVQURGRVZBOMCU-RGVLZGJSSA-N,COc1ccc(/C=N/Nc2nc(C)nc3cc(OC)c(OC)cc23)cc1,CHEMBL6189718,False,8.1,,1
UALUIVHEQPEZAH-UHFFFAOYSA-N,COc1ccc(NC(=O)CNNc2nc(C)nc3cc(OC)c(OC)cc23)cc1,CHEMBL6191708,False,9.28,,1
HGSJQOUQNLIDFP-UHFFFAOYSA-N,COc1cc(N2CCOCC2)c2cc1Nc1ncc(C)c(n1)Nc1ccc(cc1P(C)(C)=O)OCCCn1cc-2cn1,CHEMBL6162695,False,7.7,,1
YPLTXPUCWWZIEY-QGZVFWFLSA-N,C=CS(=O)(=O)N1CCC[C@@H](Nc2nc(N)nc(Nc3cccc(Oc4ccccc4)c3)n2)C1,CHEMBL6177465,False,6.33,,1
OLJNDDYDTNSFHD-UHFFFAOYSA-N,O=c1sc(O)cn1-c1nc(Nc2cccc(Cl)c2)nc(Nc2cccc(Cl)c2)n1,CHEMBL5612976,False,5.59,,1
WIFZCGXKYZPZSV-UHFFFAOYSA-N,Cc1nc2cc(Br)c(Br)cc2c(=O)n1-c1ccc(Nc2nc(N3CCCCC3)nc(N3CCOCC3)n2)cc1,CHEMBL5612851,False,7.43,,1
OWKMADPLKSKQMY-UHFFFAOYSA-N,C=CC(=O)Nc1cnn(-c2ccnc(Nc3cc(C)c(N4CCC(N5CCN(C)CC5)CC4)cc3OC)n2)c1,CHEMBL6190423,True,6.31,,1
GFSSNWKIMMHRSL-UHFFFAOYSA-N,COc1cc(N(C)CCN(C)C)c2cc1Nc1ncc(F)c(n1)Nc1ccc(cc1P(C)(C)=O)OCCCCC(=O)N2,CHEMBL6159678,False,6.11,,1
IGQFHTNUNBWONR-SNAWJCMRSA-N,O=C(/C=C/CN1CCCCC1)N1CCOc2c1ccc1ncnc(Nc3ccc(Oc4ccn5ncnc5c4)c(Cl)c3)c21,CHEMBL5764117,True,6.56,,1
RCOIDSYWOGWACZ-UHFFFAOYSA-N,CN1CCC(c2ccc3c(c2)nc(NC(=O)c2ccnc(-c4cnn(C)c4)c2)n3CC(C)(C)O)CC1=O,CHEMBL5865007,False,7.1,1.5510104233477393,3
DELRIWVNEPSUES-UHFFFAOYSA-N,C=CC(=O)N1CC(C)(Nc2cncc(-c3cnc(Oc4cccc(Cl)c4)nc3)n2)C1,CHEMBL5946595,True,5.46,,1
PZZLNYBCLHIHEG-UHFFFAOYSA-N,C=CC(=O)N1CC(Nc2cncc(-c3cnc(Oc4cc(F)cc(F)c4)nc3)n2)C1,CHEMBL5879065,True,5.97,,1
UZUWMPNBECRTLN-UHFFFAOYSA-N,C=CC(=O)N1Cc2nc(-c3cc(-c4c(Cl)ccc(C(F)F)c4F)c(F)cn3)n(-c3ccncn3)c2C1,CHEMBL6145691,True,6.3,,1
ZBGLOPWKCBEHRQ-UHFFFAOYSA-N,C=CC(=O)N1CC(Nc2cncc(-c3cnc(Oc4ccc(F)c(OC(F)F)c4)nc3)c2)C1,CHEMBL5928199,True,5.42,,1
OMWOFOWGFSPDJY-YBFXNURJSA-N,COc1cc2nc(C)nc(N/N=C/c3ccccc3)c2cc1OC,CHEMBL6190750,False,9.59,,1
KSHXQZFYYXEKFF-UHFFFAOYSA-N,COc1cc(N2CCC3(CC2)CN(CC(F)(F)F)C3)c(C)cc1Nc1ncc(Cl)c(Nc2ccc3ccccc3c2P(C)(C)=O)n1,CHEMBL5952451,False,7.51,,1
FZXGJYGIEBKARR-HPRDVNIFSA-N,[2H]C([2H])([2H])n1cc(-c2ccnc(Nc3cc(NC(=O)C=C)c(N4CCC(C)(N)CC4)cc3OC)n2)c2ccccc21,CHEMBL6144466,True,6.1,,1
ADONFSUERUXDSG-UHFFFAOYSA-N,COc1cc2ncnc(Nc3ccc(Oc4cccc5ccc(C)nc45)c(C)c3)c2cc1OC,CHEMBL6141653,False,7.96,,1
LGBGWMQSKQHDJO-MRXNPFEDSA-N,CN(C)C(=O)N[C@@H]1CCCN(c2cnc(C(N)=O)c(Nc3ccc(C(=O)N(C)C)cc3)n2)C1,CHEMBL5797137,False,5.26,,1
GNZZRXISPUNKBY-UHFFFAOYSA-N,COc1cc(N2CCC3(CC2)CN(C)C3)c(C)cc1Nc1ncc(C#N)c(Nc2ccc3ccccc3c2P(C)(C)=O)n1,CHEMBL6058695,False,9.17,,1
MUIIXDBTKRZEGJ-UHFFFAOYSA-N,COc1cc(N2CCC3(CC2)CN(C)C3)ccc1Nc1ncc(Cl)c(Nc2ccc3ccccc3c2P(C)(C)=O)n1,CHEMBL5986535,False,8.79,,1
MIDMTKDDJJSFAV-UHFFFAOYSA-N,CCC(=O)Nc1cccc(Nc2nc(Nc3ccc(N4CCN(C(C)=O)CC4)cc3OC)ncc2Cl)c1,CHEMBL6146213,False,7.2,,1
XSJRZSVAMQBQHP-UHFFFAOYSA-N,C=CC(=O)Nc1cccc(Nc2nc(Nc3cnn(C)c3)ncc2Cl)c1,CHEMBL6168241,True,6.76,,1
SCCUMWCAEMCRED-UHFFFAOYSA-N,C=CC(=O)N1Cc2nc(-c3cc(Oc4cccc(F)n4)c(F)cc3F)n(-c3ccncn3)c2C1,CHEMBL6146853,True,6.7,,1
MMOYRTXNKSHSMZ-UHFFFAOYSA-N,C=CC(=O)N1Cc2nc(-c3cc(Oc4nc(F)ccc4F)ccc3F)n(-c3ccncn3)c2C1,CHEMBL6166976,True,6.9,,1
LMRXDFVMFDWTAC-UHFFFAOYSA-N,C=CC(=O)N1Cc2nc(-c3cc(-c4ccccc4F)c(F)cn3)n(-c3ccncc3)c2C1,CHEMBL6151150,True,6.9,,1
PBGNQIMKKZKQNT-UHFFFAOYSA-N,C=CC(=O)N1Cc2nc(-c3cc(-c4ccccc4F)c(F)cn3)n(-c3ccncn3)c2C1,CHEMBL6171149,True,7.0,,1
FVOTWZNJZSJLNP-UHFFFAOYSA-N,C=C(F)C(=O)N1Cc2nc(-c3cc(-c4c(F)cccc4F)c(F)cn3)n(-c3ccncn3)c2C1,CHEMBL6165733,True,6.5,,1
SIDBAOLMXBTQNX-UHFFFAOYSA-N,C=CC(=O)N1Cc2nc(-c3cc(-c4ccccc4F)c(F)cc3F)n(-c3ccncn3)c2C1,CHEMBL6161899,True,7.0,,1
XTBIVQMVABXOGP-UHFFFAOYSA-N,C=CC(=O)N1Cc2nc(-c3cc(-c4ccc(-n5cccn5)cc4F)c(F)cn3)n(-c3ccncn3)c2C1,CHEMBL6172878,True,6.1,,1
BYUAVKASDSNNLI-UHFFFAOYSA-N,C=CC(=O)N1Cc2nc(-c3cc(-c4c(F)cccc4C(F)F)c(F)cn3)n(-c3ccncn3)c2C1,CHEMBL6151115,True,6.6,,1
BIXQNBSJUQXNEO-ZDUSSCGKSA-N,CC[C@H](C)Nc1cc(Nc2ccnc(-c3cnn(S(=O)(=O)C4CC4)c3)n2)ncc1-c1nnc(C)o1,CHEMBL6159859,False,6.67,,1
XWCHKZCLCJMANA-UHFFFAOYSA-N,CC(C)Oc1cc(Nc2ccnc(-c3cnn(S(=O)(=O)C4CC4)c3)n2)ncc1-c1cnn(C2CCN(C)CC2)c1,CHEMBL6164847,False,8.07,,1
BWVIGNSTXBATFK-UHFFFAOYSA-N,COc1ccc(Nc2ncnc3cc(OCCCC(O)=NO)c4c(c23)OCCO4)cc1,CHEMBL6189102,False,6.05,,1
CWPUAFQLQXQIQS-UHFFFAOYSA-N,ON=C(O)CCCCCOc1cc2ncnc(Nc3ccccc3Cl)c2c2c1OCCO2,CHEMBL6192203,False,6.89,,1
KOTNEADOEAFILF-UHFFFAOYSA-N,C=CC(=O)N1CC(Nc2cncc(-c3cnc(Oc4ccc(Cl)cc4)nc3)n2)C1,CHEMBL6027785,True,5.68,,1
MYFQUCRQGGLWJM-UHFFFAOYSA-N,COc1cc2nc(C)nc(NNC(=O)c3ccc([N+](=O)[O-])cc3[N+](=O)[O-])c2cc1OC,CHEMBL6190636,False,9.28,,1
XNMPSWKRCXDQGI-UHFFFAOYSA-N,CC(Nc1ncnc2ccc(-c3cnc(N)nc3)cc12)c1ccc(F)cc1,CHEMBL5896403,False,7.96,,1
GXGAUJUPMXPSDV-TYOLEZHBSA-N,Cc1cc(Nc2ncnc3ccc(NC(=O)/C=C/[C@H]4CCCN4C)cc23)ccc1Oc1cc2ncnn2cn1,CHEMBL6102825,True,8.92,,1
OSAIELIBVSOHIJ-UHFFFAOYSA-N,COc1cc2ncnc(Nc3ccc(OCc4ccccn4)c(Cl)c3)c2cc1OCCCCn1ccnc1[N+](=O)[O-],CHEMBL6162126,False,8.74,,1
PTKRHBXNNDLRPO-OAQYLSRUSA-N,COc1ccc2ncnc(Nc3ccc(Oc4cc5ncnn5cn4)c(C)c3)c2c1O[C@@H]1CCN(C)CC1(F)F,CHEMBL6150652,False,4.92,,1
AFWNSBPSWKYNBY-UHFFFAOYSA-N,C=CC(=O)N1CC(Nc2cncc(-c3cnc(Oc4cccc(F)c4)nc3)c2)C1,CHEMBL5834450,True,6.19,,1
ZNCXWADVRHNBFT-SCLBCKFNSA-N,C=CC(=O)N1C[C@@H](Nc2cncc(-c3cnc(Oc4cccc(Cl)c4)nc3)n2)[C@@H]1C,CHEMBL5830622,True,6.71,,1
MFAZKYLAQVEQCU-HNNXBMFYSA-N,C=CC(=O)N1CC[C@H](Nc2cncc(-c3cnc(Nc4ccccc4OC(F)(F)F)nc3)n2)C1,CHEMBL6012149,True,4.82,,1
UIXUAKVMQUZXGY-UHFFFAOYSA-N,ON=C(O)CCCCCCn1cc(-c2ccc3ncnc(Nc4ccc(F)c(Cl)c4)c3c2)nn1,CHEMBL3957055,False,9.16,,1
ASXISRXJLHLKLD-ONEGZZNKSA-N,CN(C)C/C=C/C(=O)N1CCOc2c1ccc1ncnc(Nc3ccc(Oc4cc(F)ccc4F)cc3)c21,CHEMBL5747733,True,6.56,,1
UNBCBZVWKQVJMR-SNAWJCMRSA-N,CC(C)N(C)C/C=C/C(=O)N1CCOc2c1ccc1ncnc(Nc3ccc(Oc4ccn5ncnc5c4)c(Cl)c3)c21,CHEMBL5813164,True,6.56,,1
STKCTXOVMCUJSB-BHGWPJFGSA-N,CC(C)S(=O)(=O)c1ccccc1Nc1nc(N/N=C/c2ccc(F)cc2)ncc1Cl,CHEMBL3921664,False,6.24,,1
NHEOMGKMIVQQIX-LUOAPIJWSA-N,CC(C)S(=O)(=O)c1ccccc1Nc1nc(N/N=C/c2cccc(C(F)(F)F)c2)ncc1Cl,CHEMBL3934594,False,6.34,,1
MTLUFWWVOINWEL-UHFFFAOYSA-N,Fc1c(Br)cccc1Nc1ncnc2cc3c(cc12)OCCO3,CHEMBL4743220,False,8.5,0.141421356237309,2
NBVCDRMVPULLHO-UHFFFAOYSA-N,C=CC(=O)N1Cc2nc(-c3cc(-c4cnn(C(F)F)c4C)c(F)cc3F)n(-c3ccncn3)c2C1,CHEMBL6134453,True,6.4,,1
GTFSJMZEXMPUJA-UHFFFAOYSA-N,COc1cc2nc(-c3ccc(C(F)(F)F)cc3)cc(OCCCNC3CCN(C)CC3)c2cc1OC,CHEMBL6078426,False,7.7,0.0,2
HXPQMNQSHPIRDI-UHFFFAOYSA-N,C=CC(=O)N1Cc2nc(-c3cc(Oc4cccc(F)n4)cc(F)c3F)n(-c3ccncn3)c2C1,CHEMBL6173252,True,6.7,,1
ZUXUUGQNZNFDHM-UHFFFAOYSA-N,C=CC(=O)N1Cc2nc(-c3cc(Oc4cccc(F)n4)c(F)cc3F)n(-c3ccncc3)c2C1,CHEMBL6169114,True,6.4,,1
DAKSKDDMGAYWNV-GORDUTHDSA-N,O=C(/C=C/CF)N1Cc2nc(-c3cc(-c4c(F)cccc4F)c(F)cn3)n(-c3ccncn3)c2C1,CHEMBL6171907,True,6.7,,1
QACXPUBRCKCUFK-GQCTYLIASA-N,O=C(/C=C/C(F)(F)F)N1Cc2nc(-c3cc(-c4c(F)cccc4F)c(F)cn3)n(-c3ccncn3)c2C1,CHEMBL6166185,True,5.9,,1
QTWKCJAINLFWKV-ZMQOCNJZSA-N,COc1cc2c(Nc3ccc(Br)c(Cl)c3Cl)ncnc2cc1OC[C@@H]1CO[C@H]2[C@@H]1OC[C@@H]2OC,CHEMBL3934134,False,6.28,,1
XIRPRIIMUGKGHD-UHFFFAOYSA-N,Cc1cc(C)cc(NNC(=O)C2CCCN2C(=O)Nc2ccc(Cl)cc2)c1,CHEMBL6163941,False,7.02,,1
OFHIQAGXFNXUJX-UHFFFAOYSA-N,COc1cc(-c2nc3ccccc3s2)ccc1OCC(=O)N(C(=O)C(C)(C)C)C(=O)C(C)(C)C,CHEMBL6161041,False,7.05,,1
JOSISWVZUZWBEX-UHFFFAOYSA-N,Cc1c(-c2n[nH]c(=S)n2N=Cc2ccc(N(C)C)cc2)cnn1-c1ccccc1,CHEMBL6161294,False,6.37,,1
JQSKKDIBQSNQHY-FQEVSTJZSA-N,CC(C)Oc1cc(Nc2ccnc(-c3cnn(S(=O)(=O)C4CC4)c3)n2)ncc1-c1cnn([C@H]2CCN(C)C2)c1,CHEMBL6165382,False,8.01,,1
OEQYTISTWVIAIS-UHFFFAOYSA-N,Cc1cc(C(=O)Nc2nc3ccc(CN4CCN(C)CC4)cc3n2CC(C)(C)O)cc(-c2cnn(C)c2)n1,CHEMBL5849722,False,6.505,2.114249275747777,2
IYNIAIYSFSLBHP-UHFFFAOYSA-N,COCCCc1nc(-c2ccc(F)cc2)c(-c2ccnc3[nH]c(-c4ccccc4)cc23)[nH]1,CHEMBL6141553,False,8.22,,1
SGUQSUILSYWLIQ-UHFFFAOYSA-N,COc1cc(C2CCNCC2)ccc1Nc1ncc(C)c(Nc2ccccc2NS(C)(=O)=O)n1,CHEMBL6061692,False,6.44,,1
WRXVQCLYNNRXNO-UHFFFAOYSA-N,COc1cc(C2CCNCC2)ccc1Nc1nccc(Nc2ccccc2NS(C)(=O)=O)n1,CHEMBL5874088,False,7.03,,1
UTGQBDAGXBVMDH-XMMPIXPASA-N,CC#CC(=O)Nc1cccc(-c2c(-c3ccccc3)oc3ncnc(N[C@H](CO)c4ccccc4)c23)c1,CHEMBL4456359,False,7.19,,1
XKIBBVPONFQQMG-QGZVFWFLSA-N,C=CC(=O)Nc1cccc(-c2c(Cl)sc3ncnc(N[C@H](CO)c4ccccc4)c23)c1,CHEMBL4475546,True,7.09,,1
VYAONVKVKKSFER-UHFFFAOYSA-N,CS(=O)(=O)Nc1cc(-c2ccc3ncnc(NCc4ccccc4)c3c2)cnc1Cl,CHEMBL5970630,False,6.96,,1
UQTJNUFTALPBOP-UHFFFAOYSA-N,CC(Nc1c(C#N)cnc2ccc(-c3cnc(N)nc3)cc12)c1ccccc1,CHEMBL5918098,False,7.96,,1
UQTJNUFTALPBOP-CQSZACIVSA-N,C[C@@H](Nc1c(C#N)cnc2ccc(-c3cnc(N)nc3)cc12)c1ccccc1,CHEMBL5971875,False,7.96,,1
DUYJMQONPNNFPI-VPYROQPTSA-N,[2H]C([2H])([2H])n1cc(-c2ccnc(Nc3cc(NC(=O)C=C)c(N(C)CCN(C)C)cc3OC)n2)c2ccccc21,CHEMBL6068008,True,7.46,,1
CGEHUXBQFPWUIL-OALUTQOASA-N,Cc1cc(C(=O)Nc2nc3ccccc3n2[C@H]2CCC[C@H](O)C2)cc(-c2cnn(C)c2)n1,CHEMBL5745328,False,6.305,1.8031222920256964,2
CSNMSJUMKCEYEY-CALCHBBNSA-N,Cn1cc(-c2cc(C(=O)Nc3nc4ccccc4n3[C@H]3CC[C@@H](O)CC3)cc(N)n2)cn1,CHEMBL5832595,False,8.059999999999999,2.064751801064718,2
PASXRDJMRHULRX-UHFFFAOYSA-N,C=CC(=O)N1Cc2nc(-c3cccc(-c4ccccc4)c3)n(-c3ccncc3)c2C1,CHEMBL6167047,True,6.5,,1
FTNSMOKGFFLCIJ-UHFFFAOYSA-N,C=CC(=O)N1Cc2nc(-c3cc(Oc4nc(F)ccc4F)c(F)cc3F)n(-c3ccncn3)c2C1,CHEMBL6152342,True,6.6,,1
MMOYRTXNKSHSMZ-ZJLBQXIZSA-N,[2H]c1cc(-n2c(-c3cc(Oc4nc(F)ccc4F)ccc3F)nc3c2CN(C(=O)C=C)C3)nc([2H])n1,CHEMBL6168774,True,6.8,,1
YLUDEXOYZZSKIW-UHFFFAOYSA-N,C=CC(=O)N1Cc2nc(-c3cc(-c4c(F)cccc4F)c(F)cn3)n(-c3ccncn3)c2C1,CHEMBL6167119,True,7.0,,1
KLUDUHJOAZPCNE-ZZXKWVIFSA-N,CN(C)C/C=C/C(=O)N1CCOc2c1ccc1ncnc(Nc3ccc(OCc4cccs4)cc3)c21,CHEMBL5976760,True,6.56,,1
XERWVXIUIQMWJW-BMSJAHLVSA-N,[2H]C([2H])([2H])n1cc(-c2ccnc(Nc3cc(NC(=O)C=C)c(N4CCN(C5CCCCC5)CC4)cc3OC)n2)c2ccccc21,CHEMBL6172339,True,6.24,,1
OMFCTCUDUFCXGV-UHFFFAOYSA-N,O=C(c1ccc2ccccc2c1)c1cn(-c2ccccc2)nc1C1=Nn2cnnc2SC1,CHEMBL6169708,False,7.19,,1
WDSUGGDPRMUCSL-UHFFFAOYSA-N,COc1cc(N2CCN(C(C)=O)CC2)ccc1Nc1ncc(Cl)c(Nc2cccc(NC(=O)CCl)c2)n1,CHEMBL4865792,False,7.65,,1
RALQJONJWZPQKG-UHFFFAOYSA-N,CCC(=O)Nc1cccc(Nc2nc(Nc3ccc(N4CCN(C(C)=O)CC4)cc3)ncc2Cl)c1,CHEMBL6163008,False,7.18,,1
RRAIWEYJTHPLGL-UHFFFAOYSA-N,CCC(=O)Nc1cccc(Nc2nc(Nc3cnn(C)c3)ncc2Cl)c1,CHEMBL6150187,False,7.46,,1
OTFNWGLCOQEKPI-UHFFFAOYSA-N,Cc1c2ccc(Nc3ncc(Cl)c(Nc4cccc(NC(=O)CCl)c4)n3)cc2nn1C,CHEMBL6165980,False,7.1,,1
AQWJLXJKEKRTQM-CVKSISIWSA-N,COc1ccc(N/N=C/c2ccc(Oc3nc(C)nc4cc(OC)c(OC)cc34)cc2)cc1,CHEMBL6191894,False,8.54,,1
QJQFWXRUJUNRHW-UHFFFAOYSA-N,Clc1ccc(-c2cn3cccc(COc4nnc5ccc(Cl)nn45)c3n2)c(Cl)c1,CHEMBL5285586,False,4.81,,1
VWLARPQJDBXNHQ-UHFFFAOYSA-N,Clc1ccc(Cl)c(-c2cn3cccc(COc4nnc5ccc(Cl)nn45)c3n2)c1,CHEMBL6173757,False,4.85,,1
XKFYHMXKVAOKIU-UHFFFAOYSA-N,COc1cc2ncnc(Nc3ccc4scnc4c3)c2cc1OC,CHEMBL6161589,False,7.44,,1
YSHJPHUCWMNDKH-GQCTYLIASA-N,CN(C)C/C=C/C(=O)N1CCOc2c1ccc1ncnc(Nc3ccc(OCc4cccnc4)cc3)c21,CHEMBL6045276,True,5.56,,1
KMISITGFADPGRX-UHFFFAOYSA-N,C=CC(=O)N1Cc2nc(-c3cccc(C#Cc4ccccc4)c3)n(-c3ccncc3)c2C1,CHEMBL6167713,True,6.3,,1
JKQJNAFELHJQFV-UHFFFAOYSA-N,COc1cc(N2CCC(N3CCN(C)CC3)CC2)c2cc1Nc1ncc(C)c(n1)Nc1ccc(cc1P(C)(C)=O)OCCCn1cc-2cn1,CHEMBL6170225,False,7.52,,1
ABEFFRUFIXRFOH-SNAWJCMRSA-N,COCCN(C)C/C=C/C(=O)N1CCOc2c1ccc1ncnc(Nc3ccc(Oc4ccn5ncnc5c4)c(C)c3)c21,CHEMBL6000322,True,6.56,,1
OILRGDZJDQYCIJ-UHFFFAOYSA-N,COc1cc(N2CCC3(CC2)CN(C)C3)c(C)cc1Nc1ncc(OC(=O)N(C)C)c(Nc2ccc3ccccc3c2P(C)(C)=O)n1,CHEMBL5999274,False,6.07,,1
ZOERASLGTMZKQL-UHFFFAOYSA-N,COc1cc(N2CCC3(CC2)CN(C)C3)c(C)cc1Nc1ncc(Br)c(Nc2ccc3ccccc3c2P(C)(C)=O)n1,CHEMBL5811442,False,10.28,,1
QOXFMUBWQHGRRX-BIENSFFJSA-N,CN(C)C/C=C/C(=O)N1CCC[C@@H](Nc2nnc(C(N)=O)c(Nc3ccc(S(C)(=O)=O)cc3)n2)C1,CHEMBL5906808,True,6.26,,1
AFUSPINMWPWALI-UHFFFAOYSA-N,COc1cc(N2CCC3(CC2)CN(C)C3)c(C)cc1Nc1ncc(Cl)c(Nc2ccc3ccccc3c2P(C)(C)=O)n1,CHEMBL5860281,False,9.31,,1
QGKYLVXGKVNUEN-UHFFFAOYSA-N,Cc1ccc(S(=O)(=O)c2ccc(C3C(C(=O)c4ccccc4)C(=N)N=C4CC(C)(C)CC(=O)C43)cc2)cc1,CHEMBL5977738,False,9.85,,1
MORSDOBCVPZTJS-UHFFFAOYSA-N,C=CC(=O)N1CC(Nc2cncc(-c3cnc(Oc4cccc(Cl)c4)nc3)c2)C1,CHEMBL5960937,True,6.89,,1
ZNOQPCJDZQZAIC-UHFFFAOYSA-N,COc1cc(C2CCNCC2)ccc1Nc1ncc(OC)c(Nc2ccccc2NS(C)(=O)=O)n1,CHEMBL6025577,False,6.14,,1
JUKDKHCLRAFWPD-UHFFFAOYSA-N,CCc1nc(-c2cccc(NC(=O)c3ccccc3CN3Cc4ccc(-c5ccc(N6CCNCC6)cc5)cc4C3=O)c2)c(-c2ccnc(NC(C)=O)c2)[nH]1,CHEMBL6133859,False,6.25,,1
MHGAVSNHIOBKAM-AATRIKPKSA-N,Cc1cc(Nc2ncnc3ccc4c(c23)OCCN4C(=O)/C=C/CN2CCCCC2)ccc1Oc1ccn2ncnc2c1,CHEMBL6043736,True,6.56,,1
GHNTXLFHYOQFPU-KRWDZBQOSA-N,C=CC(=O)N1CC[C@H](Nc2cncc(-c3cnc(Oc4cccc(OC(F)F)c4)nc3)c2)C1,CHEMBL5918833,True,4.54,,1
YNFGDZWGNIBUTN-UHFFFAOYSA-N,COc1cc(N2CCC3(CCN(C)CC3)CC2)c(Cl)cc1Nc1ncc(Cl)c(Nc2ccc3sccc3c2P(C)(C)=O)n1,CHEMBL5767132,False,8.58,,1
YLNLBAKIYXCWBQ-UHFFFAOYSA-N,COc1cc(N2CCC(N3CCN(C)CC3)CC2)ccc1Nc1ncc(Cl)c(Nc2ccc3ccccc3c2P(C)(C)=O)n1,CHEMBL5815244,False,8.6,,1
NLONNAFGYCXCKP-UHFFFAOYSA-N,COc1cc(N2CCC3(CC2)CN(C)C3)c(C)cc1Nc1ncc(Cl)c(Nc2ccc3nccnc3c2P(C)(C)=O)n1,CHEMBL6043358,False,9.1,,1
FQCLNUWLGGCBFN-UHFFFAOYSA-N,C=CC(=O)Nc1cccc(-c2cccc3cnc(Nc4ccc(OC5CCN(C)CC5F)cc4)nc23)c1,CHEMBL5846040,True,6.52,,1
AHHFCWONYXUYRV-UHFFFAOYSA-N,COc1cc(N2CCC(N3CCN(C)CC3)CC2)c(C)cc1Nc1nccc(-n2cc(NC(=O)C=C(C)C)cn2)n1,CHEMBL6191345,True,6.42,,1
VYXRTRPWYIWDFN-UHFFFAOYSA-N,COc1cc(N2CCC(N3CCN(C)CC3)CC2)c(C)cc1Nc1nccc(-n2cc(NS(=O)(=O)C3CC3)cn2)n1,CHEMBL6190638,False,6.8,,1
OPTGFNLPUATFDK-WMPKNSHKSA-N,CC(=O)N1CCC(c2ccc3c(c2)nc(NC(=O)c2cc(C)nc(-c4cnn(C)c4)c2)n3[C@H]2CC[C@@H](O)CC2)CC1,CHEMBL6001037,False,7.135,1.8455486988968888,2
PQHBTLFVLADREW-UHFFFAOYSA-N,COc1cc2ncnc(Nc3ccc(F)c(Cl)c3)c2cc1N1CC2(CCN(C)CC2)OC1=O,CHEMBL5765056,False,7.550000000000001,0.32526911934581215,2
PZYWOGPJGHUXFZ-UHFFFAOYSA-N,COc1cc2ncnc(Nc3ccc(Cl)c(Cl)c3F)c2cc1N1CC2(CCN(C)CC2)OC1=O,CHEMBL5874605,False,10.15,,1
NPLFWTJSPSGQTK-CYBMUJFWSA-N,C[C@@H](Nc1ncnc2ccc(-c3cnc(Cl)c(NS(C)(=O)=O)c3)cc12)c1ccc(F)cc1,CHEMBL6063877,False,6.96,,1
BAFUFCIHPPFMHP-RUZDIDTESA-N,NC(=O)c1nnc(N2CCC[C@@H](NC(=O)N3CCCCC3)C2)nc1Nc1ccc(C2CCN(C3CCCC3)CC2)cc1,CHEMBL5796215,False,6.26,,1
QQCIEUDKVLVHCV-JOCHJYFZSA-N,NC(=O)c1nnc(N2CCC[C@@H](NC(=O)N3CCCCC3)C2)nc1Nc1ccc(C2CCN(C=O)CC2)cc1,CHEMBL5862663,False,5.26,,1
WAFJUCWERCAHHY-BMSJAHLVSA-N,[2H]C([2H])([2H])n1cc(-c2ccnc(Nc3cc(NC(=O)C=C)c(N4CCC(CN)CC4)cc3OC)n2)c2ccccc21,CHEMBL6146360,True,6.55,,1
MMTJMDKKUIMADW-UHFFFAOYSA-N,C=CC(=O)Nc1ccc(OC)c(Nc2cc(-c3[nH]c(CCCO)nc3-c3ccc(F)cc3)ccn2)c1,CHEMBL4100860,True,8.1,,1
LXFJECVGTWZFRX-UHFFFAOYSA-N,COc1cc2nc(C)nc(NN=Cc3cc(CN4CCOCC4)c(O)c(OC)c3)c2cc1OC,CHEMBL6191315,False,9.4,,1
IVWJZINWGOSNLM-UHFFFAOYSA-N,Cc1cc(C)cc(NNC(=O)C2CCCN2C(=O)Nc2ccc(C(F)(F)F)cc2)c1,CHEMBL6168381,False,7.06,,1
AIUJERHBSMXYED-UHFFFAOYSA-N,CCOc1ccc(C2C(C#N)C(=N)OC3C2C(C)=NN3c2ccc(Cl)cc2)cc1,CHEMBL6152892,False,9.68,,1
OTSRQSOGRGDRHA-UHFFFAOYSA-N,COc1cc2nc(C)nc(NNCC(=O)Nc3ccc(Cl)cc3)c2cc1OC,CHEMBL6192974,False,9.71,,1
QDLRNFIEZGTHRW-UHFFFAOYSA-N,CCOC(=O)C1=C(C(F)(F)F)N=C2CC(C)(C)CC(=O)C2C1c1ccc(S(=O)(=O)c2ccccc2)cc1,CHEMBL5881155,False,9.66,,1
XAFOOAMKAWDIFD-UHFFFAOYSA-N,COc1cc2nc(-c3ccc(C(F)(F)F)cc3)cc(OCCCN3CCN(C)CC3)c2cc1OC,CHEMBL6147474,False,7.59,,1
BSTIRUVXMILTHF-UHFFFAOYSA-N,COc1cc2nc(-c3ccc(C(F)(F)F)cc3)cc(OCCCNCC3CCCO3)c2cc1OC,CHEMBL6103034,False,7.65,,1
PUDMEKVVWIDFJI-UHFFFAOYSA-N,C=CC(=O)N1CC(C)(Nc2cncc(-c3cnc(Oc4cccc(Cl)c4)nc3)c2)C1,CHEMBL6014610,True,6.29,,1
AMRBFFLHYWROLQ-UHFFFAOYSA-N,C=CC(=O)N1CC(Nc2cncc(-c3cnc(Oc4cccc(C(F)(F)F)c4)nc3)n2)C1,CHEMBL5836257,True,5.39,,1
CSCGAIJXCGLBBM-FNORWQNLSA-N,CN(C)C/C=C/C(=O)N1CCOc2c1ccc1ncnc(Nc3ccc(Oc4ccccn4)cc3)c21,CHEMBL6035028,True,5.56,,1
CSRNKRHVIIQUIB-QPJJXVBHSA-N,CN(C)C/C=C/C(=O)N1CCC(Nc2cncc(-c3cnc(Oc4cccc(Cl)c4)nc3)n2)CC1,CHEMBL5972541,True,4.28,,1
HTAMCULFUCGZAM-FKYOTISTSA-N,CCOc1cc2ncnc(Nc3ccc(Oc4ccn5ncnc5c4)c(C)c3)c2cc1NC(=O)/C(F)=C/[C@H]1CCCN1C,CHEMBL6068562,True,8.09,,1
DHCDOUVUGIVKRJ-UHFFFAOYSA-N,COCCOc1cc2ncnc(Nc3ccc(Oc4cccc5ccc(C)nc45)c(C)c3)c2cc1OCCOC,CHEMBL6144232,False,7.92,,1
YSGNGFPNTLERCR-UHFFFAOYSA-N,C=CC(=O)NC1CCN(c2ncc3ncnc(Nc4ccc(Oc5ccc6c(c5)ncn6C)c(C)c4)c3n2)CC1,CHEMBL5314498,True,6.24,,1
ARFRDHRNFVIREW-HSRJRILOSA-N,CN1CCC[C@H]1/C=C/C(=O)Nc1ccc2ncnc3c2c1CCN3c1ccc(OCc2ccccn2)c(Cl)c1,CHEMBL6142761,True,8.65,,1
VLZMXJWNVDPMPQ-UHFFFAOYSA-N,COc1cc(N2CCC(N3CCN(CC4CCN(c5ccc6c(c5)CN(C5CCC(=O)NC5=O)C6=O)CC4)CC3)CC2)ccc1Nc1ncc(Cl)c(Nc2ccccc2P(C)(C)=O)n1,CHEMBL6165880,False,7.16,,1
QLSMLJNFYPHELT-UHFFFAOYSA-N,C=CC(=O)N1CC(Nc2cncc(-c3cnc(Oc4cccc(Cl)c4)nc3)n2)C1,CHEMBL5941317,True,6.44,,1
ZXZUTCWGEKUAAA-ONEGZZNKSA-N,Cc1cc(Nc2ncnc3ccc4c(c23)OCCN4C(=O)/C=C/CN2CCN(C)CC2)ccc1Oc1ccn2ncnc2c1,CHEMBL5962521,True,6.56,,1
NPZRSECAABLJCZ-HXUWFJFHSA-N,C=CC(=O)N1CCC[C@@H](n2nc(-c3ccc(OCc4cccc(C)n4)cc3)c3c(N)ncnc32)C1,CHEMBL6146573,True,9.92,,1
KZOCKWZAZKJUKF-ONEGZZNKSA-N,CN(C)C/C=C/C(=O)N1CCOc2c1ccc1ncnc(Nc3ccc(OCc4ccncc4)cc3)c21,CHEMBL5876064,True,5.56,,1
IHKYIAFPNRTVSU-UHFFFAOYSA-N,Clc1ccc(-c2cc(OCCCN3CCOCC3)c3cc(-c4ccco4)ccc3n2)cc1,CHEMBL6141734,False,7.61,,1
IRCOFDTXYDJGQU-ONEGZZNKSA-N,CN(C)C/C=C/C(=O)N1CCOc2c1ccc1ncnc(Nc3ccc(Oc4nccs4)cc3)c21,CHEMBL6040638,True,6.56,,1
IJHDKFWTGBCIIJ-HNNXBMFYSA-N,CC[C@H](C)Nc1cc(Nc2ccnc(-c3cnn(S(=O)(=O)C4CC4)c3)n2)ncc1-c1cnn(C)c1,CHEMBL6162629,False,6.56,,1
CGHOGBDIPXGGDV-UHFFFAOYSA-N,O=C(CSc1nnc(Nc2ccccc2)s1)N1N=C(c2ccccc2)CC1c1ccc([N+](=O)[O-])cc1,CHEMBL6132839,False,8.7,,1
BIQYIRGPUSVBLY-UHFFFAOYSA-N,C=CC(=O)N1CCCC(Nc2nc(Nc3ccc(OCCO)cc3)c3c(c2F)CNC3=O)C1,CHEMBL5797573,True,5.56,,1
ITBDCDSJOWNJQS-UHFFFAOYSA-N,C=CC(=O)NC1CN(c2nc(Nc3cnn(C)c3)c3c(c2F)CNC3=O)C1,CHEMBL5809223,True,5.95,,1
NXORMUJXJIKJBQ-QGZVFWFLSA-N,CN(C)Cc1ccc(Nc2nc(N3CCC[C@@H](NC(=O)N(C)C)C3)cnc2C(N)=O)cc1,CHEMBL5925537,False,5.26,,1
ILQZUHJBPQMRAN-UHFFFAOYSA-N,C=CC(=O)Nc1cccc(Nc2nc(Nc3ccc(OCCOC)cc3)c3c(c2F)C(C)(C)NC3=O)c1,CHEMBL6062321,True,5.11,,1
BQYKZLKROGIWLI-UHFFFAOYSA-N,C=CC(=O)Nc1cccc(Nc2nc3c(c(Nc4cnn(CC(C)(C)O)c4)n2)C(=O)NC3)c1,CHEMBL5774147,True,5.3,,1
OUKIICLWCIXIIL-MRXNPFEDSA-N,C=CC(=O)N1CCC[C@@H](n2nc(-c3ccc(Oc4ccc(Cl)cn4)cc3)c(C(N)=O)c2N)C1,CHEMBL5903044,True,7.53,,1
YJZNDQMSXXSTQC-UHFFFAOYSA-N,CC(Nc1c(C#N)cnc2ccc(-c3cnc4[nH]ncc4c3)cc12)c1ccccc1,CHEMBL5982623,False,7.96,,1
LHTOPXIXDAUXST-UHFFFAOYSA-N,CC(Nc1c(C#N)cnc2ccc(-c3cncc(-c4n[nH]c(=O)o4)c3)cc12)c1ccccc1,CHEMBL5872960,False,7.96,,1
PQDFZBCELUQPNT-UHFFFAOYSA-N,COc1cc(N2CCN(C)CC2)c2cc1Nc1ncc(C)c(n1)Nc1ccc(cc1P(C)(C)=O)OCCCn1cc-2cn1,CHEMBL6163318,False,8.32,,1
KLKRXEIEAJFYAC-ONEGZZNKSA-N,CN(C)C/C=C/C(=O)N1CCOc2c1ccc1ncnc(Nc3ccc(Oc4ccn5ncnc5c4)c(Cl)c3)c21,CHEMBL6011191,True,6.56,,1
NAVQBDBGARXVDO-AATRIKPKSA-N,CCN(CC)C/C=C/C(=O)N1CCOc2c1ccc1ncnc(Nc3ccc(Oc4ccn5ncnc5c4)c(Cl)c3)c21,CHEMBL5932064,True,6.56,,1
UUMUXRZPWBYSIT-QPJJXVBHSA-N,Cc1cc(Nc2ncnc3ccc4c(c23)OCCN4C(=O)/C=C/CN(C)C2CCC2)ccc1Oc1ccn2ncnc2c1,CHEMBL5890241,True,6.56,,1
KVHGAEBTDZLAAL-UHFFFAOYSA-N,Cc1ccc2nc(NC(=O)CSc3nc(-c4coc5ccccc5c4=O)c(C#N)c(=O)[nH]3)sc2c1,CHEMBL6167751,False,6.69,,1
PMDWPJOPSUKYLI-UHFFFAOYSA-N,COc1cc(N2CCN(C(C)=O)CC2)ccc1Nc1nccc(Nc2ccc(Nc3ccc(S(=O)(=O)F)cc3)cc2)n1,CHEMBL6151501,False,6.68,,1
DDRIFTNGNPGFOY-UHFFFAOYSA-N,COc1cc(N(C)CCN(C)C)c2cc1Nc1ncc(C)c(n1)Nc1ccc(cc1P(C)(C)=O)OCCCn1cc-2cn1,CHEMBL6165953,False,7.19,,1
QLENRCRZGOEIEX-UHFFFAOYSA-N,C=CC(=O)N1Cc2nc(-c3cccc(Oc4ccccc4)c3)n(-c3ccncc3)c2C1,CHEMBL6171408,True,6.4,,1
VILOXSWJSVEEHP-UHFFFAOYSA-N,C=CC(=O)N1Cc2nc(-c3cc(Oc4nccc(Cl)c4F)c(F)cc3F)n(-c3ccncn3)c2C1,CHEMBL6159535,True,6.5,,1
ADUDQDFGPPCSSS-UHFFFAOYSA-N,C=CC(=O)N1Cc2nc(-c3ccc(F)c(-c4ccccc4F)c3)n(-c3ccncc3)c2C1,CHEMBL6159648,True,6.7,,1
IODHFJUHYZGGAO-UHFFFAOYSA-N,C=CC(=O)N1Cc2nc(-c3cc(-c4cccc5ocnc45)c(F)cc3F)n(-c3ccncn3)c2C1,CHEMBL6174259,True,6.3,,1
CGHQENYAEAQDIE-UHFFFAOYSA-N,C=CC(=O)N1Cc2nc(-c3cc(-c4c(C(F)F)ccnc4F)c(F)cc3F)n(-c3ccncn3)c2C1,CHEMBL6172972,True,6.2,,1
HUNMSOUQNGRQCY-UHFFFAOYSA-N,C=CC(=O)N1Cc2nc(-c3cc(-c4c(Cl)ccnc4Cl)c(F)cc3F)n(-c3ccncn3)c2C1,CHEMBL6174690,True,6.0,,1
POZWMDOSIHTIBR-RMKNXTFCSA-N,COCCCCNC/C=C/C(=O)N1CCOc2c1ccc1ncnc(Nc3ccc(Oc4ccccc4F)cc3)c21,CHEMBL5961174,True,6.56,,1
PTQTXSUYGYJJKM-UHFFFAOYSA-N,COc1cc(N2CCC(N(C)C)CC2)ccc1Nc1ncc(C(=O)Oc2ccccc2)c(-c2c[nH]c3ccccc23)n1,CHEMBL5270693,False,11.0,,1
SPYAYWWOKLZCMM-UHFFFAOYSA-N,C=CC(=O)N1CCCC(Nc2nc(Nc3ccc(N4CCOCC4)cc3)c3c(c2F)CNC3=O)C1,CHEMBL5972778,True,5.38,,1
FGBWCLGDBMLTGJ-UHFFFAOYSA-N,C=CC(=O)N1CC(Nc2nc(Nc3ccc(N4CCOCC4)cc3F)c3c(c2F)CNC3=O)CCC1C,CHEMBL6050060,True,5.1,,1
VDAIGVWCFOOAOP-UHFFFAOYSA-N,C=CC(=O)N1CC(Nc2nc(Nc3ccc(N4CCOCC4C)cc3)c3c(c2F)CNC3=O)CCC1C,CHEMBL5948245,True,5.27,,1
NDSSBAMQZYYTFG-UHFFFAOYSA-N,C=CC(=O)N1CCC(Oc2cc3c(Nc4cccc5cnn(C)c45)ncnc3cn2)C1,CHEMBL5875009,True,4.699999999999999,0.14142135623730995,2
NOAKEPSAUGTBDH-GOSISDBHSA-N,C=CC(=O)Nc1cccc(Nc2nc3c(c(Nc4ccc(N5CCN(C6COC6)C[C@H]5C)cc4)n2)C(=O)NC3)c1,CHEMBL5993827,True,5.25,,1
YKFGSKLVRWIGJK-UHFFFAOYSA-N,C=CC(=O)N1Cc2nc(-c3cc(Oc4cccc(F)n4)ccc3F)n(-c3ccncn3)c2C1,CHEMBL6165639,True,6.9,,1
IOUMQXFGLGXGQF-UHFFFAOYSA-N,COc1cc2nc(C)nc(NNC(=O)c3ccccc3Cl)c2cc1OC,CHEMBL6193138,False,9.25,,1
BRZAKKLIBFJRFV-HPRDVNIFSA-N,[2H]C([2H])([2H])n1cc(-c2ccnc(Nc3cc(NC(=O)C=C)c(N4CCC(N5CCN(C)CC5)CC4)cc3OC)n2)c2ccccc21,CHEMBL6152761,True,6.65,,1
OLXWHWPKDFEMIC-UHFFFAOYSA-N,C=CC(=O)N1Cc2nc(-c3cc(-c4ccc(-c5cocn5)cc4F)c(F)cn3)n(-c3ccncn3)c2C1,CHEMBL6163241,True,6.1,,1
LVTJJXAFDZFYTI-UHFFFAOYSA-N,COc1cc2nc(C)nc(NNCC(=O)Nc3ccccc3)c2cc1OC,CHEMBL6192121,False,8.78,,1
PAMIJJJGXKQWTO-UHFFFAOYSA-N,CCC(=O)Nc1cccc(Nc2nc(Nc3ccc4[nH]c(=O)oc4c3)ncc2Cl)c1,CHEMBL6160060,False,6.94,,1
XFCIYWMYCTXKFP-UHFFFAOYSA-N,O=C(CCl)Nc1cccc(Nc2nc(Nc3ccc4[nH]c(=O)oc4c3)ncc2Cl)c1,CHEMBL6149229,False,7.37,,1
DOAJPDFNJLUDQG-UHFFFAOYSA-N,CCC(=O)Nc1cccc(Nc2nc(Nc3ccc4c(C)n(C)nc4c3)ncc2Cl)c1,CHEMBL6144434,False,7.23,,1
PSQLOLZMAPCJTI-UHFFFAOYSA-N,CCCC(=O)Nc1ccc2ncnc(Nc3cccc(Br)c3)c2c1,CHEMBL6134567,False,9.43,,1
MXDOLPJSGCLVEB-CQSZACIVSA-N,CC[C@@H](C)Nc1cc(Nc2ccnc(-c3cnn(S(=O)(=O)C4CC4)c3)n2)ncc1C(=O)NCCC(F)F,CHEMBL6144799,False,8.19,,1
LJKHVTUWGNPBJV-QFIPXVFZSA-N,CC#CC(=O)N1CCCC[C@H]1c1nc(-c2ccc(Oc3cccc(OC)c3F)cc2)c2c(C)nccn12,CHEMBL6062944,False,6.26,,1
WPCYUFLUANHPEH-BETUJISGSA-N,C=CC(=O)N[C@H]1CC[C@@H](n2nc(C(=O)Nc3nc4cc(F)ccc4o3)c3c(N)ncnc32)CC1,CHEMBL5755118,True,6.69,,1
QXVOJOYROFSKCH-UHFFFAOYSA-N,C=CC(=O)N1CCCC(N(C)c2nc(Nc3ccc(N4CCOCC4)cc3)c3c(c2F)CNC3=O)C1,CHEMBL5807627,True,5.8,,1
WDZGPEAXLWZUHU-UHFFFAOYSA-N,O=C(c1ccc2ccccc2c1)c1cn(-c2ccccc2)nc1C1=Nn2c(Cc3nnc4n3N=C(c3nn(-c5ccccc5)cc3C(=O)c3ccc5ccccc5c3)CS4)nnc2SC1,CHEMBL6176188,False,7.71,,1
YQQXRICUYUENNK-UHFFFAOYSA-N,ON=C(O)CCCCCOc1cc2ncnc(Nc3cccc(Cl)c3)c2c2c1OCCO2,CHEMBL6191199,False,8.32,,1
ZWILIMHRYVJSKC-UHFFFAOYSA-N,ON=C(O)CCCOc1cc2ncnc(Nc3ccc(Cl)cc3)c2c2c1OCCO2,CHEMBL6193344,False,7.32,,1
FQNKTWBZKPJETL-HNNXBMFYSA-N,CC[C@H](C)Oc1cc(Nc2ccnc(-c3cnn(S(=O)(=O)C4CC4)c3)n2)ncc1-c1cnn(C)c1,CHEMBL6134098,False,7.66,,1
XGMVZQXAYCWSTR-UHFFFAOYSA-N,Nc1cc(-c2c[nH]c3ccccc23)nn1-c1nc(Nc2ccc(Br)cc2)nc(N2CCOCC2)n1,CHEMBL6166339,False,7.17,,1
CFMWWZHVBLVEMM-UHFFFAOYSA-N,COc1cccc(Sc2sc3nc(N)nc(N)c3c2C)c1,CHEMBL5767398,False,4.98,,1
KQOZKLKHXCKFQV-SDNWHVSQSA-N,COc1cc(N2CCN(C(C)=O)CC2)ccc1Nc1ncc(Cl)c(Nc2cccc(NC(=O)/C=C/c3ccccc3)c2)n1,CHEMBL6162282,True,7.24,,1
IRHOVBVGSKCASR-UHFFFAOYSA-N,C=CC(=O)N1CC(Nc2cncc(-c3cnc(Oc4cccc(OC(F)(F)F)c4)nc3)n2)C1,CHEMBL5759181,True,4.98,,1
SYBOFLWPHDKJNS-ONEGZZNKSA-N,COCCN(C)C/C=C/C(=O)N1CCOc2c1ccc1ncnc(Nc3ccc(Oc4ccn5ncnc5c4)c(Cl)c3)c21,CHEMBL5892454,True,6.56,,1
AYPNBOUOJGDTNT-AATRIKPKSA-N,Cc1cc(Nc2ncnc3ccc4c(c23)OCCN4C(=O)/C=C/CN(C)C(C)C)ccc1Oc1ccn2ncnc2c1,CHEMBL5764214,True,5.56,,1
MCDWJFWHHOALTM-VOTSOKGWSA-N,CCN(CC)C/C=C/C(=O)N1CCOc2c1ccc1ncnc(Nc3ccc(Oc4ccn5ncnc5c4)c(C)c3)c21,CHEMBL5739918,True,5.56,,1
FMOZGOXTCMTIIC-UHFFFAOYSA-N,ON=C(O)CCCOc1cc2ncnc(Nc3ccc(F)cc3)c2c2c1OCCO2,CHEMBL6192501,False,6.93,,1
XMMAAAKXMPJCAP-UHFFFAOYSA-N,Cc1c(NC(=O)Nc2ccc(OC(F)(F)F)cc2)sc2ccccc12,CHEMBL6188294,False,7.33,,1
OZGYJYPOMUDFCI-UHFFFAOYSA-N,C=CC(=O)Nc1cccc(Nc2nc3c(c(Oc4ccc(OCCOC)cc4)n2)C(=O)NC3)c1,CHEMBL6055068,True,5.82,,1
RQUAEMCWWIFVCJ-OAHLLOKOSA-N,C[C@@H](Nc1c(C#N)cnc2ccc(-c3cnc(Cl)c(NS(C)(=O)=O)c3)cc12)c1ccccc1,CHEMBL6002036,False,7.96,,1
GYJPCEDNEKOEBM-MFKUBSTISA-N,COc1cc2nc(C)nc(Oc3ccc(/C=N/Nc4ccccc4)cc3)c2cc1OC,CHEMBL6188493,False,9.84,,1
VDOANEFFLXZNJT-VULFUBBASA-N,COc1cc2nc(C)nc(Oc3ccc(/C=N/Nc4ccc(S(N)(=O)=O)cc4)cc3)c2cc1OC,CHEMBL6189765,False,8.78,,1
KFILXBRRHVRDKN-UHFFFAOYSA-N,C=CC(=O)N1CCCC(Nc2nc(Nc3cc(C)ns3)c3c(c2F)CNC3=O)C1,CHEMBL5907553,True,5.75,,1
FOUFNRLRAFTOGE-UHFFFAOYSA-N,C=CC(=O)N1CCCC(Nc2nc(Nc3cnn(C)c3)c3c(c2F)CNC3=O)C1,CHEMBL5926581,True,5.96,,1
PIRNNDWBWNIVRD-UHFFFAOYSA-N,COc1cc(N(C)CCN(C)C)c2cc1Nc1ncc(Cl)c(n1)Nc1ccc(cc1P(C)(C)=O)OCCCCC(=O)N2,CHEMBL6167748,False,6.88,,1
OUGKCMGCCIOZFC-UHFFFAOYSA-N,COc1cc(-c2nc3ccccc3s2)ccc1OCC(=O)N1C(=O)C=CC1=O,CHEMBL6171440,True,6.92,,1
VENHPOQTVRCHJV-JXBRRONGSA-N,COc1cc2c(Nc3ccc(Cl)c(Cl)c3)ncnc2cc1OC[C@@H]1CO[C@H]2[C@@H]1OC[C@@H]2OC,CHEMBL3893416,False,6.28,,1
DYKNNJZYGQFDGJ-UHFFFAOYSA-N,COc1cc(N2CCC3(CC2)CN(C)C3)c(C)cc1Nc1ncc(Cl)c(Nc2ccc3c(c2P(C)(C)=O)CCC3)n1,CHEMBL5831921,False,9.31,,1
YZNAGMGNIDPCHZ-UHFFFAOYSA-N,COc1ccc(OCCNCc2cnccn2)cc1Nc1ncc(Cl)c(Nc2ccc3ccccc3c2P(C)(C)=O)n1,CHEMBL5833522,False,7.6,,1
SPYAYWWOKLZCMM-KRWDZBQOSA-N,C=CC(=O)N1CCC[C@H](Nc2nc(Nc3ccc(N4CCOCC4)cc3)c3c(c2F)CNC3=O)C1,CHEMBL5922999,True,5.38,,1
YAOFVMMROZDLAV-UHFFFAOYSA-N,COc1cc(-c2nc3sccn3c2-c2ccnc(NCCCNS(=O)(=O)c3ccc(F)cc3)n2)ccc1F,CHEMBL5878812,False,7.86,,1
WTDALULULPRQED-UHFFFAOYSA-N,Cc1ccc2cccc(Oc3ccc(Nc4ncnc5ccc(NC6CCCC6)cc45)cc3C)c2n1,CHEMBL6147822,False,6.81,,1
CYAHHXIYCQHQCD-UHFFFAOYSA-N,COc1cccc(C2=NN(c3ccc(-c4ccccc4)nn3)C(c3ccc(F)c(OC)c3)C2)c1,CHEMBL6168898,False,6.19,,1
NOOCJUPDDCNYKL-UHFFFAOYSA-N,C=CC(=O)N1Cc2nc(-c3cccc(Oc4nc(F)ccc4Cl)c3)n(-c3ccncn3)c2C1,CHEMBL6161185,True,6.4,,1
IYISNTMVQGXBCP-UHFFFAOYSA-N,C=CC(=O)N1Cc2nc(-c3cccc(Oc4nccc(Cl)c4F)c3)n(-c3ccncn3)c2C1,CHEMBL6133016,True,6.9,,1
FPFZHFXCUOLMCZ-KEBDBYFISA-N,COc1cc2nc(C)nc(N/N=C/c3ccc(Cl)cc3)c2cc1OC,CHEMBL6192047,False,8.77,,1
GZCBIPJVWDLPTE-UHFFFAOYSA-N,C=C(Cl)C(=O)N1Cc2nc(-c3cc(-c4c(F)cccc4F)c(F)cn3)n(-c3ccncn3)c2C1,CHEMBL6161196,True,6.7,,1
QQHSTNZKSXNHSM-UHFFFAOYSA-N,C=CC(=O)N1Cc2nc(-c3cc(-c4cc(Cl)cnc4Cl)c(F)cc3F)n(-c3ccncn3)c2C1,CHEMBL6173653,True,6.1,,1
KYQBEVVZKXTVQO-UHFFFAOYSA-N,CC(C)Oc1cc(Nc2ccnc(-c3cnn(S(=O)(=O)C4CC4)c3)n2)ncc1-c1cnn(-c2ccncc2)c1,CHEMBL6173823,False,6.62,,1
XNHAKFSEAJWLKD-ZRZAMGCNSA-N,CN(C)Cc1cccc(-c2cc(C(=O)Nc3nc4ccccc4n3[C@H]3CC[C@@H](O)CC3)ccn2)c1,CHEMBL6021978,False,6.455,1.8031222920256966,2
FTWIIJWBFUCCPT-GKOSEXJESA-N,[2H]C([2H])([2H])n1cc(-c2ccnc(Nc3cc(NC(=O)C=C)c(N4CCC(N(C)C)CC4)cc3OC)n2)c2ccccc21,CHEMBL6169503,True,6.44,,1
ILPNDOMCPRLAEQ-UHFFFAOYSA-N,COc1cc(N2CCC3(CC2)CN(C)C3)c(C)cc1Nc1ncc(C2CC2)c(Nc2ccc3ccccc3c2P(C)(C)=O)n1,CHEMBL5947282,False,8.75,,1
CRXQWZGZEIJLQQ-UHFFFAOYSA-N,Oc1ccccc1-c1nc(NCN2CCOCC2)c2ccccc2n1,CHEMBL6102249,False,4.43,,1
GUYKCXXNIKKSBC-UHFFFAOYSA-N,CS(=O)(=O)Nc1cc(-c2ccc3ncnc(Nc4ccc(F)c(Cl)c4)c3c2)cnc1Cl,CHEMBL5893022,False,7.96,,1
PUTNNEOXTSLZAS-UHFFFAOYSA-N,C=CC(=O)N1CC(Nc2cncc(-c3cnc(Oc4cccc(OC(F)F)c4)nc3)n2)C1,CHEMBL5971967,True,5.98,,1
SWZXXWQFZZMZIC-UHFFFAOYSA-N,C=CC(=O)N1CCCCC(Nc2nc(Nc3ccc(N4CCOCC4)cc3)c3c(c2F)CNC3=O)C1,CHEMBL5765198,True,5.43,,1
RMXXQIGYECFNBS-UHFFFAOYSA-N,C=CC(=O)N1CCN(c2ncc3ncnc(Nc4ccc(Oc5ccccc5)c(C)c4)c3n2)CC1,CHEMBL6147473,True,6.7,,1
LIMFPAAAIVQRRD-UHFFFAOYSA-N,COC1CCN(c2nccc(Nc3cc4c(C(C)C)ccc(N5CC(CS(C)(=O)=O)C5C)c4cn3)n2)CC1F,CHEMBL6102399,False,6.17,,1
VAKBGQIMILIXPA-UHFFFAOYSA-N,CC(C)Oc1cc(Nc2ccnc(-c3cnn(S(=O)(=O)C4CC4)c3)n2)ncc1-c1cn(C2CCN(C)CC2)nc1OC(F)F,CHEMBL6171197,False,8.22,,1
GWAOULQEDOVPRJ-UHFFFAOYSA-N,C=CC(=O)N1CC(Nc2cncc(-c3cnc(Oc4cccc(Cl)c4F)nc3)c2)C1,CHEMBL6062282,True,6.92,,1
ARPBYMHOJGFOME-UHFFFAOYSA-N,CC(=O)N1CCN(c2ccc(Nc3ncc(Cl)c(Nc4cccc(NC(=O)CCl)c4)n3)cc2)CC1,CHEMBL6147522,False,6.94,,1
VGQUMZFLTMXSON-ZHACJKMWSA-N,Cn1cc(Nc2ncc(Cl)c(Nc3cccc(NC(=O)/C=C/c4ccccc4)c3)n2)cn1,CHEMBL6134398,True,7.35,,1
FWJHTEUHBFZVLC-SDNWHVSQSA-N,Cc1c2ccc(Nc3ncc(Cl)c(Nc4cccc(NC(=O)/C=C/c5ccccc5)c4)n3)cc2nn1C,CHEMBL6169682,True,7.18,,1
KMBMYNDPNVGEFI-UHFFFAOYSA-N,CC(C)n1c2cc(Nc3ccnc(-c4cnn(S(=O)(=O)C5CC5)c4)n3)ncc2c2c(OCC(F)(F)F)cc(N3CCN(C)CC3)cc21,CHEMBL5624606,False,9.04,,1
CGIFIRFCWNVWER-UHFFFAOYSA-N,C=CC(=O)N1Cc2nc(-c3cc(-c4cccc5ccnn45)c(F)cn3)n(-c3ccncn3)c2C1,CHEMBL6164231,True,6.4,,1
OUMHUCCOWUCJTH-SFHVURJKSA-N,C=CC(=O)N1CC[C@H](Nc2cncc(-c3cnc(Oc4cccc(Cl)c4)nc3)c2)C1,CHEMBL6020006,True,5.29,,1
ZGXUOZCFNSILNT-UHFFFAOYSA-N,C=CC(=O)N1CC(Nc2cncc(-c3cnc(Oc4cccc(C(F)(F)F)c4)nc3)c2)C1,CHEMBL5997770,True,6.14,,1
ATMFHXVIDXPYGK-UHFFFAOYSA-N,C=CC(=O)N1CCC(Nc2cncc(-c3cnc(Nc4cccc(Cl)c4)nc3)c2)CC1C,CHEMBL6011609,True,5.21,,1
SLLTYDHMZCFPRI-RXVVDRJESA-N,Cc1nn([C@H]2C[C@H](C)N(C)C2)cc1-c1cnc(Nc2ccnc(-c3cnn(S(=O)(=O)C4CC4)c3)n2)cc1OC(C)C,CHEMBL6162316,False,7.18,,1
VHGJTSQWVHFZSO-ICSRJNTNSA-N,COc1nn([C@H]2C[C@H](C)N(C)C2)cc1-c1cnc(Nc2ccnc(-c3cnn(S(=O)(=O)C4CC4)c3)n2)cc1OC(C)C,CHEMBL6146199,False,8.29,,1
XDNPUFDCARJLLA-FNORWQNLSA-N,CN(C)C/C=C/C(=O)N1CCOc2c1ccc1ncnc(Nc3ccc(OCc4ccccn4)cc3)c21,CHEMBL6004850,True,6.56,,1
XBVQISMCXPSCBG-UAJIRTNRSA-N,[2H]C([2H])([2H])n1cc(-c2ccnc(Nc3cc(NC(=O)C=C)c(N4CC[C@@H](N(C)C)C4)cc3OC)n2)c2ccccc21,CHEMBL6169362,True,6.57,,1
HVAPPUHMKITFPM-UHFFFAOYSA-N,CSc1nc(-c2cccc(NC(=O)c3ccccc3CN3C(=O)c4ccccc4C3=O)c2)c(-c2ccnc(NC(C)=O)c2)[nH]1,CHEMBL6120367,False,6.54,,1
BKTKZXBXXLITMY-SOFGYWHQSA-N,CC(Oc1ccc(Nc2ncnc3ccc4c(c23)OCCN4C(=O)/C=C/CN(C)C)cc1)c1ccccn1,CHEMBL6058403,True,6.56,,1
QYNQZLINUDXIKI-UHFFFAOYSA-N,COc1c(Cl)cc(-c2noc(-c3cn(Cc4cc(-c5cc(Cl)cc(Cl)c5)no4)c4ccccc34)n2)cc1Cl,CHEMBL6162243,False,6.7,,1
RCXHJJGBHUSRPD-UHFFFAOYSA-N,C=CC(=O)Nc1cccc(Nc2nc(Nc3ccc(N4CCN(C(C)=O)CC4)cc3)ncc2Cl)c1,CHEMBL6142527,True,7.36,,1
UYODTNGFLNOJIT-XNTDXEJSSA-N,CC(=O)N1CCN(c2ccc(Nc3ncc(Cl)c(Nc4cccc(NC(=O)/C=C/c5ccccc5)c4)n3)cc2)CC1,CHEMBL6163246,True,7.06,,1
PWOZDVFDDDVXCC-UHFFFAOYSA-N,Cn1cc(Nc2ncc(Cl)c(Nc3cccc(NC(=O)CCl)c3)n2)cn1,CHEMBL6168204,False,7.38,,1
RMAWTLGYTCCDFL-UHFFFAOYSA-N,Nc1cc(-c2nc3sccn3c2-c2ccnc(NCCCNS(=O)(=O)c3ccc(F)cc3)n2)ccc1F,CHEMBL5754849,False,8.27,,1
PBZDGAXQEUUOPY-UHFFFAOYSA-N,C=CC(=O)N1CC(Nc2cncc(-c3cnc(Oc4cccc(F)c4)nc3)n2)C1,CHEMBL5924732,True,5.8,,1
ITANVFBIHKSQLZ-UHFFFAOYSA-N,C=CC(=O)N1CC(Nc2cncc(-c3cnc(Oc4ccccc4)nc3)n2)C1,CHEMBL6002318,True,5.83,,1
YWQINTHYXIHZNV-KRWDZBQOSA-N,C=CC(=O)N1CC[C@H](Nc2cncc(-c3cnc(Nc4cccc(Cl)c4)nc3)n2)C1,CHEMBL5799378,True,6.19,,1
QEQNNNIWUVRTRZ-UHFFFAOYSA-N,C=CC(=O)N1CC(Nc2cncc(-c3cnc(Nc4cccc(C)n4)nc3)n2)C1,CHEMBL6013340,True,7.26,,1
MEKPYYSXKWGWRX-UHFFFAOYSA-N,O=C(c1ccc2ccccc2c1)c1cn(-c2ccccc2)nc1C1=Nn2c(n[nH]c2=S)SC1,CHEMBL6169985,False,6.78,,1
VFXQKKYHNBUZIV-UHFFFAOYSA-N,CCOC(=O)C1C(C)=NC(Nc2nc(C)nc3cc(OC)c(OC)cc23)=NC1c1ccc(OC)cc1,CHEMBL6190024,False,8.67,,1
VMDFEPMUSRJVPV-UHFFFAOYSA-N,Nc1cc(-c2c[nH]c3ccccc23)nn1-c1nc(Nc2ccccc2)nc(N2CCOCC2)n1,CHEMBL6172853,False,7.19,,1
ZQLAWIAOQVARHW-DHRITJCHSA-N,COc1cc2nc(C)nc(Oc3ccc(/C=N/Nc4ccc([N+](=O)[O-])cc4[N+](=O)[O-])cc3)c2cc1OC,CHEMBL6192014,False,9.17,,1
RKBATUDSEJAPRN-UHFFFAOYSA-N,COc1cc(N2CCC(N3CCN(C)CC3)CC2)c(C)cc1Nc1nccc(-n2cc(NC(=O)C3CC3)cn2)n1,CHEMBL6191781,False,6.47,,1
XPYMPMCHKMTXSB-UHFFFAOYSA-N,CN1CCN(CCNc2nccc(-c3c(-c4cccc(O)c4)nc4occn34)n2)S1(=O)=O,CHEMBL5920948,False,8.53,,1
XAHPALMHNPFXGR-HPRDVNIFSA-N,[2H]C([2H])([2H])n1cc(-c2ccnc(Nc3cc(NC(=O)C=C)c(N4CCN(C)CC4)cc3OC)n2)c2ccccc21,CHEMBL6170292,True,6.05,,1
JCCIICHPRAAMGK-GOSISDBHSA-N,C=CC(=O)N1CCC[C@@H](n2nc(C(=O)Nc3ccc(CC(=O)N(C)C)c(C)c3C)c3c(N)ncnc32)C1,CHEMBL5303395,True,7.19,,1
CFSUJZFJYGEJGU-UHFFFAOYSA-N,COCCOc1ccc2ncnc(Nc3ccc(Oc4cccc5ccc(C)nc45)c(C)c3)c2c1,CHEMBL6144363,False,6.84,,1
WSYMEEKOLSKCCU-DQACCSDVSA-N,CCOc1cc2ncnc(Nc3ccc(Oc4ccn5ncnc5c4)c(C)c3)c2cc1NC(=O)/C=C/[C@H]1CCCN1C,CHEMBL6142551,True,8.87,,1
GLCCKEYXLMDTHH-UHFFFAOYSA-N,COc1ccc2c(Nc3ccc(Oc4cccc5ccc(C)nc45)c(C)c3)ncnc2c1,CHEMBL6148974,False,6.78,,1
KULJNKHAGBWRBU-UHFFFAOYSA-N,COc1ccc(OCCNS(C)(=O)=O)cc1Nc1ncc(Cl)c(Nc2ccc3ccccc3c2P(C)(C)=O)n1,CHEMBL6026402,False,7.17,,1
